Date/Time,5867_O_SHAD,4647_O_BLPK,5108_O_BLPK,5926_O_MERK,1125_O_WMIF,8445_O_LNPL,1266_O_WLKG,1275_O_MTLE,5184_O_ROSS,4938_O_MTLE,7919_O_MTLE
2026-07-10 10:45:00,14.0,,,,,,,,,,
2026-07-10 12:30:00,,,,,,71.4285714285714,,,,,
2026-07-10 12:45:00,,,,,,73.2666666666667,,,,,
2026-07-10 13:00:00,,,,,,74.2666666666667,,,,,
2026-07-10 13:15:00,,,,,,75.3333333333333,,,,,
2026-07-10 13:30:00,,,,,,67.0666666666667,,,,,
2026-07-10 13:45:00,,,,,,126.0,,,,,
2026-07-10 14:00:00,,,,,,133.133333333333,,,,,
2026-07-10 14:15:00,,,,,,75.2,,,,,
2026-07-10 14:30:00,,,,,,64.2666666666667,,,,,
2026-07-10 14:45:00,,,,,,41.6,,,,,
2026-07-10 15:00:00,,,,,,48.8,,,,,
2026-07-10 15:15:00,,,,,,51.0,,,,,
2026-07-10 15:30:00,,,,,,51.4,,,,,
2026-07-10 15:45:00,,,,,,43.8666666666667,,,,,
2026-07-10 16:00:00,,,,,,23.6,,,,,
2026-07-10 16:15:00,,,,,,25.3333333333333,,,,,
2026-07-10 16:30:00,,,,,,25.1333333333333,,,,,
2026-07-10 16:45:00,,,,,,35.7333333333333,,,,,
2026-07-10 17:00:00,,,,,,35.3333333333333,,,,,
2026-07-10 17:15:00,,,,,,38.6,,,,,
2026-07-10 17:30:00,,,,,,43.4,,,,,
2026-07-10 17:45:00,,,,,,44.4,,,,,
2026-07-10 18:00:00,,,,,,43.2,,,,,
2026-07-10 18:15:00,,,,,,48.3333333333333,,,,,
2026-07-10 18:30:00,,,,,,61.0,,,,,
2026-07-10 18:45:00,,,,,,69.6,,,,,
2026-07-10 19:00:00,,,,,,85.2,,,,,
2026-07-10 19:15:00,,,,,,74.8666666666667,,,,,
2026-07-10 19:30:00,,,,,,87.6666666666667,,,,,
2026-07-10 19:45:00,,,,,,78.0666666666667,,,,,
2026-07-10 20:00:00,,,,,,71.2666666666667,,,,,
2026-07-10 20:15:00,,,,,,77.9333333333333,,,,,
2026-07-10 20:30:00,,,,,,86.2,,,,,
2026-07-10 20:45:00,,,,,,101.466666666667,,,,,
2026-07-10 21:00:00,,,,,,105.733333333333,,,,,
2026-07-10 21:15:00,,,,,,107.333333333333,,,,,
2026-07-10 21:30:00,,,,,,106.533333333333,,,,,
2026-07-10 21:45:00,,,,,,109.933333333333,,,,,
2026-07-10 22:00:00,,,,,,99.6,,,,,
2026-07-10 22:15:00,,,,,,93.2,,,,,
2026-07-10 22:30:00,,,,,,92.0,,,,,
2026-07-10 22:45:00,,,,,,84.2,,,,,
2026-07-10 23:00:00,,,,,,83.4,,,,,
2026-07-10 23:15:00,,,,,,93.5333333333333,,,,,
2026-07-10 23:30:00,,,,,,86.7333333333333,,,,,
2026-07-10 23:45:00,,,,,,98.6,,,,,
2026-07-11 00:00:00,,,,,,99.2,,,,,
2026-07-11 00:15:00,,,,,,87.0666666666667,,,,,
2026-07-11 00:30:00,,,,,,63.2666666666667,,,,,
2026-07-11 00:45:00,,,,,,64.6666666666667,,,,,
2026-07-11 01:00:00,,,,,,75.1333333333333,,,,,
2026-07-11 01:15:00,,,,,,90.4,,,,,
2026-07-11 01:30:00,,,,,,137.333333333333,,,,,
2026-07-11 01:45:00,,,,,,115.866666666667,,,,,
2026-07-11 02:00:00,,,,,,136.0,,,,,
2026-07-11 02:15:00,,,,,,141.133333333333,,,,,
2026-07-11 02:30:00,,,,,,141.533333333333,,,,,
2026-07-11 02:45:00,,,,,,137.933333333333,,,,,
2026-07-11 03:00:00,,,,,,128.933333333333,,,,,
2026-07-11 03:15:00,,,,,,125.066666666667,,,,,
2026-07-11 03:30:00,,,,,,148.2,,,,,
2026-07-11 03:45:00,,,,,,147.6,,,,,
2026-07-11 04:00:00,,,,,,144.133333333333,,,,,
2026-07-11 04:15:00,,,,,,126.6,,,,,
2026-07-11 04:30:00,,,,,,108.8,,,,,
2026-07-11 04:45:00,,,,,,105.933333333333,,,,,
2026-07-11 05:00:00,,,,,,126.6,,,,,
2026-07-11 05:15:00,,,,,,123.2,,,,,
2026-07-11 05:30:00,,,,,,113.066666666667,,,,,
2026-07-11 05:45:00,,,,,,126.266666666667,,,,,
2026-07-11 06:00:00,,,,,,115.0,,,,,
2026-07-11 06:15:00,,,,,,112.866666666667,,,,,
2026-07-11 06:30:00,,,,,,116.266666666667,,,,,
2026-07-11 06:45:00,,,,,,131.866666666667,,,,,
2026-07-11 07:00:00,,,,,,129.733333333333,,,,,
2026-07-11 07:15:00,,,,,,107.466666666667,,,,,
2026-07-11 07:30:00,,,,,,113.933333333333,,,,,
2026-07-11 07:45:00,,,,,,114.266666666667,,,,,
2026-07-11 08:00:00,,,,,,93.0,,,,,
2026-07-11 08:15:00,,,,,,100.133333333333,,,,,
2026-07-11 08:30:00,,,,,,113.0,,,,,
2026-07-11 08:45:00,,,,,,112.733333333333,,,,,
2026-07-11 09:00:00,,,,,,104.6,,,,,
2026-07-11 09:15:00,,,,,,103.133333333333,,,,,
2026-07-11 09:30:00,,,,,,89.0666666666667,,,,,
2026-07-11 09:45:00,,,,,,80.1333333333333,,,,,
2026-07-11 10:00:00,,,,,,81.2,,,,,
2026-07-11 10:15:00,,,,,,87.2,,,,,
2026-07-11 10:30:00,,,,,,91.6,,,,,
2026-07-11 10:45:00,,,,,,95.4,,,,,
2026-07-11 11:00:00,,,,,,100.0,,,,,
2026-07-11 11:15:00,,,,,,91.2666666666667,,,,,
2026-07-11 11:30:00,,,,,,76.9333333333333,,,,,
2026-07-11 11:45:00,,,,,,83.5333333333333,,,,,
2026-07-11 12:00:00,,,,,,72.7333333333333,,,,,
2026-07-11 12:15:00,,,,,,60.5333333333333,,,,,
2026-07-11 12:30:00,,,,,,58.6666666666667,,,,,
2026-07-11 12:45:00,,,,,,52.7333333333333,,,,,
2026-07-11 13:00:00,,,,,,44.9333333333333,,,,,
2026-07-11 13:15:00,,,,,,39.6,,,,,
2026-07-11 13:30:00,,,,,,38.7333333333333,,,,,
2026-07-11 13:45:00,,,,,,36.7333333333333,,,,,
2026-07-11 14:00:00,,,,,,34.4,,,,,
2026-07-11 14:15:00,,,,,,29.8666666666667,,,,,
2026-07-11 14:30:00,,,,,,28.6,,,,,
2026-07-11 14:45:00,,,,,,26.2,,,,,
2026-07-11 15:00:00,,,,,,26.2,,,,,
2026-07-11 15:15:00,,,,,,23.6,,,,,
2026-07-11 15:30:00,,,,,,25.1333333333333,,,,,
2026-07-11 15:45:00,,,,,,29.8666666666667,,,,,
2026-07-11 16:00:00,,,,,,29.5333333333333,,,,,
2026-07-11 16:15:00,,,,,,28.3333333333333,,,,,
2026-07-11 16:30:00,,,,,,27.0666666666667,,,,,
2026-07-11 16:45:00,,,,,,26.2666666666667,,,,,
2026-07-11 17:00:00,,,,,,25.0666666666667,,,,,
2026-07-11 17:15:00,,,,,,26.2666666666667,,,,,
2026-07-11 17:30:00,,,,,,25.8666666666667,,,,,
2026-07-11 17:45:00,,,,,,27.0,,,,,
2026-07-11 18:00:00,,,,,,28.9333333333333,,,,,
2026-07-11 18:15:00,,,,,,30.4666666666667,,,,,
2026-07-11 18:30:00,,,,,,26.7333333333333,,,,,
2026-07-11 18:45:00,,,,,,28.8666666666667,,,,,
2026-07-11 19:00:00,,,,,,33.3333333333333,,,,,
2026-07-11 19:15:00,,,,,,39.0666666666667,,,,,
2026-07-11 19:30:00,,,,,,30.0666666666667,,,,,
2026-07-11 19:45:00,,,,,,27.9333333333333,,,,,
2026-07-11 20:00:00,,,,,,29.1333333333333,,,,,
2026-07-11 20:15:00,,,,,,35.0666666666667,,,,,
2026-07-11 20:30:00,,,,,,36.2,,,,,
2026-07-11 20:45:00,,,,,,36.6,,,,,
2026-07-11 21:00:00,,,,,,40.3333333333333,,,,,
2026-07-11 21:15:00,,,,,,38.3333333333333,,,,,
2026-07-11 21:30:00,,,,,,40.4,,,,,
2026-07-11 21:45:00,,,,,,43.4666666666667,,,,,
2026-07-11 22:00:00,,,,,,64.8,,,,,
2026-07-11 22:15:00,,,,,,73.2,,,,,
2026-07-11 22:30:00,,,,,,55.1333333333333,,,,,
2026-07-11 22:45:00,,,,,,52.4,,,,,
2026-07-11 23:00:00,,,,,,63.2,,,,,
2026-07-11 23:15:00,,,,,,69.4666666666667,,,,,
2026-07-11 23:30:00,,,,,,80.8666666666667,,,,,
2026-07-11 23:45:00,,,,,,80.6,,,,,
2026-07-12 00:00:00,,,,,,69.8,,,,,
2026-07-12 00:15:00,,,,,,65.7333333333333,,,,,
2026-07-12 00:30:00,,,,,,79.0666666666667,,,,,
2026-07-12 00:45:00,,,,,,82.2,,,,,
2026-07-12 01:00:00,,,,,,106.8,,,,,
2026-07-12 01:15:00,,,,,,147.066666666667,,,,,
2026-07-12 01:30:00,,,,,,168.933333333333,,,,,
2026-07-12 01:45:00,,,,,,184.866666666667,,,,,
2026-07-12 02:00:00,,,,,,214.2,,,,,
2026-07-12 02:15:00,,,,,,199.533333333333,,,,,
2026-07-12 02:30:00,,,,,,187.333333333333,,,,,
2026-07-12 02:45:00,,,,,,178.133333333333,,,,,
2026-07-12 03:00:00,,,,,,134.2,,,,,
2026-07-12 03:15:00,,,,,,118.066666666667,,,,,
2026-07-12 03:30:00,,,,,,95.2666666666667,,,,,
2026-07-12 03:45:00,,,,,,92.2666666666667,,,,,
2026-07-12 04:00:00,,,,,,128.333333333333,,,,,
2026-07-12 04:15:00,,,,,,131.133333333333,,,,,
2026-07-12 04:30:00,,,,,,110.2,,,,,
2026-07-12 04:45:00,,,,,,107.8,,,,,
2026-07-12 05:00:00,,,,,,106.333333333333,,,,,
2026-07-12 05:15:00,,,,,,106.533333333333,,,,,
2026-07-12 05:30:00,,,,,,106.6,,,,,
2026-07-12 05:45:00,,,,,,109.733333333333,,,,,
2026-07-12 06:00:00,,,,,,109.866666666667,,,,,
2026-07-12 06:15:00,,,,,,115.6,,,,,
2026-07-12 06:30:00,,,,,,108.266666666667,,,,,
2026-07-12 06:45:00,,,,,,110.2,,,,,
2026-07-12 07:00:00,,,,,,120.333333333333,,,,,
2026-07-12 07:15:00,,,,,,115.933333333333,,,,,
2026-07-12 07:30:00,,,,,,104.0,,,,,
2026-07-12 07:45:00,,,,,,110.266666666667,,,,,
2026-07-12 08:00:00,,,,,,110.4,,,,,
2026-07-12 08:15:00,,,,,,105.0,,,,,
2026-07-12 08:30:00,,,,,,107.066666666667,,,,,
2026-07-12 08:45:00,,,,,,98.6,,,,,
2026-07-12 09:00:00,,,,,,93.2,,,,,
2026-07-12 09:15:00,,,,,,84.8666666666667,,,,,
2026-07-12 09:30:00,,,,,,69.6,,,,,
2026-07-12 09:45:00,,,,,,61.4666666666667,,,,,
2026-07-12 10:00:00,,,,,,56.0,,,,,
2026-07-12 10:15:00,,,,,,64.4,,,,,
2026-07-12 10:30:00,,,,,,64.6,,,,,
2026-07-12 10:45:00,,,,,,64.2666666666667,,,,,
2026-07-12 11:00:00,,,,,,78.0666666666667,,,,,
2026-07-12 11:15:00,,,,,,55.0,,,,,
2026-07-12 11:30:00,,,,,,47.7333333333333,,,,,
2026-07-12 11:45:00,,,,,,40.4666666666667,,,,,
2026-07-12 12:00:00,,,,,,40.2666666666667,,,,,
2026-07-12 12:15:00,,,,,,36.8,,,,,
2026-07-12 12:30:00,,,,,,36.5333333333333,,,,,
2026-07-12 12:45:00,,,,,,34.8666666666667,,,,,
2026-07-12 13:00:00,,,,,,33.6,,,,,
2026-07-12 13:15:00,,,,,,34.8,,,,,
2026-07-12 13:30:00,,,,,,36.2666666666667,,,,,
2026-07-12 13:45:00,,,,,,32.7333333333333,,,,,
2026-07-12 14:00:00,,,,,,29.3333333333333,,,,,
2026-07-12 14:15:00,,,,,,30.4666666666667,,,,,
2026-07-12 14:30:00,,,,,,25.7333333333333,,,,,
2026-07-12 14:45:00,,,,,,28.5333333333333,,,,,
2026-07-12 15:00:00,,,,,,26.6,,,,,
2026-07-12 15:15:00,,,,,,26.0,,,,,
2026-07-12 15:30:00,,,,,,25.8,,,,,
2026-07-12 15:45:00,,,,,,26.5333333333333,73.5,,,,
2026-07-12 16:00:00,,,,,,24.4666666666667,20.0666666666667,,,,
2026-07-12 16:15:00,,,,,,23.1333333333333,28.0666666666667,,,,
2026-07-12 16:30:00,,,,,,26.5333333333333,27.5333333333333,,,,
2026-07-12 16:45:00,,,,,,21.1333333333333,23.6666666666667,,,,
2026-07-12 17:00:00,,,,,,21.6,28.5333333333333,,,,
2026-07-12 17:15:00,,,,,,20.8,22.3333333333333,,,,
2026-07-12 17:30:00,,,,,,21.4,26.7333333333333,,,,
2026-07-12 17:45:00,,,,,,20.9333333333333,28.4,,,,
2026-07-12 18:00:00,,,,,,22.5333333333333,37.5333333333333,,,,
2026-07-12 18:15:00,,,,,,22.4666666666667,22.4666666666667,,,,
2026-07-12 18:30:00,,,,,,20.6666666666667,25.2,,,,
2026-07-12 18:45:00,,,,,,18.4,25.6666666666667,,,,
2026-07-12 19:00:00,,,,,,22.4,28.7333333333333,,,,
2026-07-12 19:15:00,,,,,,20.6,28.0,,,,
2026-07-12 19:30:00,,,,,,22.2,27.8,,,,
2026-07-12 19:45:00,,,,,,23.0666666666667,30.6666666666667,,,,
2026-07-12 20:00:00,,,,,,24.2666666666667,32.4666666666667,,,,
2026-07-12 20:15:00,,,,,,28.4,34.0,,,,
2026-07-12 20:30:00,,,,,,31.6,52.2666666666667,,,,
2026-07-12 20:45:00,,,,,,33.6,88.8666666666667,,,,
2026-07-12 21:00:00,,,,,,36.6,111.333333333333,,,,
2026-07-12 21:15:00,,,,,,36.6666666666667,117.8,,,,
2026-07-12 21:30:00,,,,,,38.3333333333333,120.4,,,,
2026-07-12 21:45:00,,,,,,39.3333333333333,133.4,,,,
2026-07-12 22:00:00,,,,,,38.4666666666667,133.666666666667,,,,
2026-07-12 22:15:00,,,,,,36.8666666666667,148.333333333333,,,,
2026-07-12 22:30:00,,,,,,40.4,146.533333333333,,,,
2026-07-12 22:45:00,,,,,,45.9333333333333,150.4,,,,
2026-07-12 23:00:00,,,,,,41.8,154.133333333333,,,,
2026-07-12 23:15:00,,,,,,42.8666666666667,161.133333333333,,,,
2026-07-12 23:30:00,,,,,,41.1333333333333,161.466666666667,,,,
2026-07-12 23:45:00,,,,,,45.1333333333333,178.666666666667,,,,
2026-07-13 00:00:00,,,,,,45.5333333333333,172.266666666667,,,,
2026-07-13 00:15:00,,,,,,47.4,180.466666666667,,,,
2026-07-13 00:30:00,,,,,,53.4666666666667,173.2,,,,
2026-07-13 00:45:00,,,,,,52.9333333333333,192.6,,,,
2026-07-13 01:00:00,,,,,,57.0,189.066666666667,,,,
2026-07-13 01:15:00,,,,,,59.0,204.733333333333,,,,
2026-07-13 01:30:00,,,,,,61.4,225.466666666667,,,,
2026-07-13 01:45:00,,,,,,65.2666666666667,212.533333333333,,,,
2026-07-13 02:00:00,,,,,,71.4,201.2,,,,
2026-07-13 02:15:00,,,,,,78.5333333333333,242.6,,,,
2026-07-13 02:30:00,,,,,,79.5333333333333,225.466666666667,,,,
2026-07-13 02:45:00,,,,,,79.8666666666667,208.866666666667,,,,
2026-07-13 03:00:00,,,,,,80.1333333333333,230.2,,,,
2026-07-13 03:15:00,,,,,,81.4,205.4,,,,
2026-07-13 03:30:00,,,,,,78.8,231.533333333333,,,,
2026-07-13 03:45:00,,,,,,78.2,201.266666666667,,,,
2026-07-13 04:00:00,,,,,,76.6666666666667,228.666666666667,,,,
2026-07-13 04:15:00,,,,,,74.1333333333333,228.866666666667,,,,
2026-07-13 04:30:00,,,,,,75.6666666666667,251.533333333333,,,,
2026-07-13 04:45:00,,,,,,72.0666666666667,234.866666666667,,,,
2026-07-13 05:00:00,,,,,,72.5333333333333,209.8,,,,
2026-07-13 05:15:00,,,,,,75.0,218.0,,,,
2026-07-13 05:30:00,,,,,,72.4666666666667,238.4,,,,
2026-07-13 05:45:00,,,,,,74.8666666666667,210.466666666667,,,,
2026-07-13 06:00:00,,,,,,69.7333333333333,243.933333333333,,,,
2026-07-13 06:15:00,,,,,,70.0666666666667,184.8,,,,
2026-07-13 06:30:00,,,,,,70.1333333333333,202.0,,,,
2026-07-13 06:45:00,,,,,,79.2666666666667,186.666666666667,,,,
2026-07-13 07:00:00,,,,,,82.7333333333333,175.666666666667,,,,
2026-07-13 07:15:00,,,,,,70.2,194.466666666667,,,,
2026-07-13 07:30:00,,,,,,77.3333333333333,145.0,,,,
2026-07-13 07:45:00,,,,,,86.4666666666667,127.466666666667,,,,
2026-07-13 08:00:00,,,,,,90.3333333333333,109.733333333333,,,,
2026-07-13 08:15:00,,,,,,93.8666666666667,101.666666666667,,,,
2026-07-13 08:30:00,,,,,,92.3333333333333,70.2666666666667,,,,
2026-07-13 08:45:00,,,,,,92.8,63.2666666666667,,,,
2026-07-13 09:00:00,,,,,,93.9333333333333,54.2,,,,
2026-07-13 09:15:00,,,,,,96.1333333333333,43.2666666666667,,,,
2026-07-13 09:30:00,,,,,,92.2666666666667,41.0666666666667,,,,
2026-07-13 09:45:00,,,,,,102.8,39.1333333333333,,,,
2026-07-13 10:00:00,,,,,,89.9333333333333,37.6,,,,
2026-07-13 10:15:00,,,,,,98.0,35.2666666666667,,,,
2026-07-13 10:30:00,,,,,,77.3333333333333,33.8666666666667,,,,
2026-07-13 10:45:00,,,,,,93.0,26.7333333333333,,,,
2026-07-13 11:00:00,,,,,,146.4,27.6,,,,
2026-07-13 11:15:00,,,,,,75.5384615384615,27.2,,,,
2026-07-13 11:30:00,,,,,,106.466666666667,28.4666666666667,,,,
2026-07-13 11:45:00,,,,,,56.2,33.5333333333333,,,,
2026-07-13 12:00:00,,,,,,58.7333333333333,25.8,,,,
2026-07-13 12:15:00,,,,,,45.8666666666667,38.8,,,,
2026-07-13 12:30:00,,,,,,42.0666666666667,25.7333333333333,,,,
2026-07-13 12:45:00,,,,,,34.3333333333333,20.8666666666667,,,,
2026-07-13 13:00:00,,,,,,32.9333333333333,21.6,,,,
2026-07-13 13:15:00,,,,,,29.8,21.5333333333333,,,,
2026-07-13 13:30:00,,,,,,27.8,26.8666666666667,,,,
2026-07-13 13:45:00,,,,,,22.6,27.5333333333333,,,,
2026-07-13 14:00:00,,,,,,26.4,22.3333333333333,,,,
2026-07-13 14:15:00,,,,,,24.2666666666667,28.0,,,,
2026-07-13 14:30:00,,,,,,25.1333333333333,18.9333333333333,,,,
2026-07-13 14:45:00,,,,,,24.0,20.7333333333333,,,,
2026-07-13 15:00:00,,,,,,22.4666666666667,22.2,,,,
2026-07-13 15:15:00,,,,,,24.2666666666667,22.1333333333333,,,,
2026-07-13 15:30:00,,,,,,23.6,17.9333333333333,,,,
2026-07-13 15:45:00,,,,,,68.2666666666667,59.3333333333333,,,,
2026-07-13 16:00:00,,,,,,22.1333333333333,24.8666666666667,,,,
2026-07-13 16:15:00,,,,,,25.4666666666667,32.4,,,,
2026-07-13 16:30:00,,,,,,26.2666666666667,21.1333333333333,,,,
2026-07-13 16:45:00,,,,,,23.2666666666667,18.5333333333333,,,,
2026-07-13 17:00:00,,,,,,25.0666666666667,20.7333333333333,,,,
2026-07-13 17:15:00,,,,,,25.4,21.8,,,,
2026-07-13 17:30:00,,,,,,24.0666666666667,19.0,,,,
2026-07-13 17:45:00,,,,,,77.0666666666667,21.0666666666667,,,,
2026-07-13 18:00:00,,,,,,22.2666666666667,23.5333333333333,,,,
2026-07-13 18:15:00,,,,,,23.0,23.0,,,,
2026-07-13 18:30:00,,,,,,23.8,31.4666666666667,,,,
2026-07-13 18:45:00,,,,,,23.2666666666667,32.1333333333333,,,,
2026-07-13 19:00:00,,,,,,25.5333333333333,31.6,,,,
2026-07-13 19:15:00,,,,,,26.6,37.2666666666667,,,,
2026-07-13 19:30:00,,,,,,27.4,68.6,,,,
2026-07-13 19:45:00,,,,,,31.2,45.7333333333333,,,,
2026-07-13 20:00:00,,,,,,36.3333333333333,46.8666666666667,,,,
2026-07-13 20:15:00,,,,,,39.8,53.1333333333333,,,,
2026-07-13 20:30:00,,,,,,42.1333333333333,67.0666666666667,,,,
2026-07-13 20:45:00,,,,,,46.0666666666667,82.3333333333333,,,,
2026-07-13 21:00:00,,,,,,42.7333333333333,72.4,,,,
2026-07-13 21:15:00,,,,,,49.7333333333333,80.3333333333333,,,,
2026-07-13 21:30:00,,,,,,53.7333333333333,90.6666666666667,,,,
2026-07-13 21:45:00,,,,,,50.3333333333333,99.0,,,,
2026-07-13 22:00:00,,,,,,51.0,126.333333333333,,,,
2026-07-13 22:15:00,,,,,,56.4,116.066666666667,,,,
2026-07-13 22:30:00,,,,,,56.3333333333333,119.8,,,,
2026-07-13 22:45:00,,,,,,66.0666666666667,132.266666666667,,,,
2026-07-13 23:00:00,,,,,,72.6,134.866666666667,,,,
2026-07-13 23:15:00,,,,,,73.9333333333333,116.133333333333,,,,
2026-07-13 23:30:00,,,,,,71.8666666666667,134.6,,,,
2026-07-13 23:45:00,,,,,,68.8,132.733333333333,,,,
2026-07-14 00:00:00,,,,,,78.8,150.466666666667,,,,
2026-07-14 00:15:00,,,,,,71.0,156.933333333333,,,,
2026-07-14 00:30:00,,,,,,78.4666666666667,163.066666666667,,,,
2026-07-14 00:45:00,,,,,,83.2666666666667,164.0,,,,
2026-07-14 01:00:00,,,,,,68.1333333333333,161.133333333333,,,,
2026-07-14 01:15:00,,,,,,63.8,170.066666666667,,,,
2026-07-14 01:30:00,,,,,,59.2666666666667,170.333333333333,,,,
2026-07-14 01:45:00,,,,,,61.6666666666667,172.333333333333,,,,
2026-07-14 02:00:00,,,,,,64.5333333333333,167.266666666667,,,,
2026-07-14 02:15:00,,,,,,61.2,170.333333333333,,,,
2026-07-14 02:30:00,,,,,,57.8666666666667,161.866666666667,,,,
2026-07-14 02:45:00,,,,,,60.4,165.066666666667,,,,
2026-07-14 03:00:00,,,,,,60.4666666666667,162.066666666667,,,,
2026-07-14 03:15:00,,,,,,60.8,169.2,,,,
2026-07-14 03:30:00,,,,,,64.2,175.733333333333,,,,
2026-07-14 03:45:00,,,,,,65.0,168.933333333333,,,,
2026-07-14 04:00:00,,,,,,63.7333333333333,161.933333333333,,,,
2026-07-14 04:15:00,,,,,,64.6,179.0,,,,
2026-07-14 04:30:00,,,,,,71.0,197.733333333333,,,,
2026-07-14 04:45:00,,,,,,72.2,182.0,,,,
2026-07-14 05:00:00,,,,,,85.8,183.133333333333,,,,
2026-07-14 05:15:00,,,,,,108.466666666667,167.933333333333,,,,
2026-07-14 05:30:00,,,,,,160.466666666667,187.933333333333,,,,
2026-07-14 05:45:00,,,,,,142.266666666667,177.466666666667,,,,
2026-07-14 06:00:00,,,,,,131.0,189.6,,,,
2026-07-14 06:15:00,,,,,,111.533333333333,188.0,,,,
2026-07-14 06:30:00,,,,,,118.266666666667,182.933333333333,,,,
2026-07-14 06:45:00,,,,,,129.733333333333,167.6,,,,
2026-07-14 07:00:00,,,,,,138.0,199.533333333333,,,,
2026-07-14 07:15:00,,,,,,142.8,176.2,,,,
2026-07-14 07:30:00,,,,,,121.133333333333,159.066666666667,,,,
2026-07-14 07:45:00,,,,,,93.2,144.333333333333,,,,
2026-07-14 08:00:00,,,,,,80.6,137.666666666667,,,,
2026-07-14 08:15:00,,,,,,80.4666666666667,124.733333333333,,,,
2026-07-14 08:30:00,,,,,,69.6,108.333333333333,,,,
2026-07-14 08:45:00,,,,,,62.9333333333333,107.2,,,,
2026-07-14 09:00:00,,,,,,62.5333333333333,93.1333333333333,,,,
2026-07-14 09:15:00,,,,,,58.1333333333333,83.6,,,,
2026-07-14 09:30:00,,,,,,57.0,80.6,,,,
2026-07-14 09:45:00,,,,,,58.6666666666667,80.5333333333333,,,,
2026-07-14 10:00:00,,,,,,62.6666666666667,102.466666666667,,,,
2026-07-14 10:15:00,,,,,,59.4,66.4,,,,
2026-07-14 10:30:00,,,,,,56.2666666666667,67.4,,,,
2026-07-14 10:45:00,,,,,,59.1333333333333,55.4666666666667,,,,
2026-07-14 11:00:00,,,,,,53.1333333333333,55.4,,,,
2026-07-14 11:15:00,,,,,,52.6,50.3333333333333,,,,
2026-07-14 11:30:00,,,,,,54.0,53.8,,,,
2026-07-14 11:45:00,,,,,,53.2666666666667,65.4666666666667,,,,
2026-07-14 12:00:00,,,,,,52.0,53.9333333333333,,,,
2026-07-14 12:15:00,,,,,,48.7333333333333,48.8666666666667,,,,
2026-07-14 12:30:00,,,,,,43.5333333333333,41.6,,,,
2026-07-14 12:45:00,,,,,,38.2666666666667,46.1333333333333,,,,
2026-07-14 13:00:00,,,,,,46.9333333333333,40.2,,,,
2026-07-14 13:15:00,,,,,,54.2666666666667,41.2666666666667,,,,
2026-07-14 13:30:00,,,,,,38.3333333333333,44.2666666666667,,,,
2026-07-14 13:45:00,,,,,,37.9333333333333,41.4,,,,
2026-07-14 14:00:00,,,,,,41.4666666666667,46.2666666666667,,,,
2026-07-14 14:15:00,,,,,,43.9333333333333,38.0666666666667,,,,
2026-07-14 14:30:00,,,,,,48.3333333333333,38.6,,,,
2026-07-14 14:45:00,,,,,,44.9333333333333,37.5333333333333,,,,
2026-07-14 15:00:00,,,,,,40.0666666666667,39.4666666666667,,,,
2026-07-14 15:15:00,,,,,,43.0,31.1333333333333,,,,
2026-07-14 15:30:00,,,,,,42.2,49.9333333333333,,,,
2026-07-14 15:45:00,,,,,,40.8,44.0,,,,
2026-07-14 16:00:00,,,,,,42.0,52.8666666666667,,,,
2026-07-14 16:15:00,,,,,,42.5333333333333,38.6666666666667,,,,
2026-07-14 16:30:00,,,,,,40.9333333333333,43.2,,,,
2026-07-14 16:45:00,,,,,,38.7333333333333,43.6,,,,
2026-07-14 17:00:00,,,,,,39.0666666666667,38.4666666666667,,,,
2026-07-14 17:15:00,,,,,,36.4666666666667,76.0,,,,
2026-07-14 17:30:00,,,,,,33.2666666666667,255.6,,,,
2026-07-14 17:45:00,,,,,,36.2,40.2666666666667,,,,
2026-07-14 18:00:00,,,,,,34.0,41.2666666666667,,,,
2026-07-14 18:15:00,,,,,,36.4,91.5333333333333,,,,
2026-07-14 18:30:00,,,,,,34.5333333333333,55.8,,,,
2026-07-14 18:45:00,,,,,,36.2666666666667,42.7333333333333,,,,
2026-07-14 19:00:00,,,,,,37.6666666666667,51.4,,,,
2026-07-14 19:15:00,,,,,,39.4,90.6,,,,
2026-07-14 19:30:00,,,,,,42.2,77.5333333333333,,,,
2026-07-14 19:45:00,,,,,,42.8,70.7333333333333,,,,
2026-07-14 20:00:00,,,,,,46.7333333333333,71.5333333333333,,,,
2026-07-14 20:15:00,,,,,,46.6666666666667,63.4666666666667,,,,
2026-07-14 20:30:00,,,,,,45.9333333333333,70.2666666666667,,,,
2026-07-14 20:45:00,,,,,,47.6666666666667,71.4,,,,
2026-07-14 21:00:00,,,,,,52.4666666666667,86.6,,,,
2026-07-14 21:15:00,,,,,,44.0666666666667,107.4,,,,
2026-07-14 21:30:00,,,,,,44.4,102.0,,,,
2026-07-14 21:45:00,,,,,,46.2666666666667,92.7333333333333,,,,
2026-07-14 22:00:00,,,,,,46.4,119.066666666667,,,,
2026-07-14 22:15:00,,,,,,49.1333333333333,119.6,,,,
2026-07-14 22:30:00,,,,,,47.7333333333333,131.133333333333,,,,
2026-07-14 22:45:00,,,,,,46.8,133.0,,,,
2026-07-14 23:00:00,,,,,,50.5333333333333,114.266666666667,,,,
2026-07-14 23:15:00,,,,,,52.4,131.266666666667,,,,
2026-07-14 23:30:00,,,,,,54.9333333333333,144.666666666667,,,,
2026-07-14 23:45:00,,,,,,53.9333333333333,139.266666666667,,,,
2026-07-15 00:00:00,,,,,,54.7333333333333,156.8,,,,
2026-07-15 00:15:00,,,,,,55.8,138.733333333333,,,,
2026-07-15 00:30:00,,,,,,57.2666666666667,156.4,,,,
2026-07-15 00:45:00,,,,,,57.9333333333333,154.733333333333,,,,
2026-07-15 01:00:00,,,,,,63.6,158.933333333333,,,,
2026-07-15 01:15:00,,,,,,65.8666666666667,162.333333333333,,,,
2026-07-15 01:30:00,,,,,,67.0,243.333333333333,,,,
2026-07-15 01:45:00,,,,,,67.8,199.133333333333,,,,
2026-07-15 02:00:00,,,,,,68.8666666666667,136.2,,,,
2026-07-15 02:15:00,,,,,,72.1333333333333,127.666666666667,,,,
2026-07-15 02:30:00,,,,,,70.0666666666667,136.733333333333,,,,
2026-07-15 02:45:00,,,,,,69.7333333333333,154.2,,,,
2026-07-15 03:00:00,,,,,,72.6,145.666666666667,,,,
2026-07-15 03:15:00,,,,,,74.7333333333333,128.333333333333,,,,
2026-07-15 03:30:00,,,,,,74.8,109.333333333333,,,,
2026-07-15 03:45:00,,,,,,79.0666666666667,126.133333333333,,,,
2026-07-15 04:00:00,,,,,,76.8,177.333333333333,,,,
2026-07-15 04:15:00,,,,,,78.2,112.066666666667,,,,
2026-07-15 04:30:00,,,,,,74.0666666666667,99.5333333333333,,,,
2026-07-15 04:45:00,,,,,,77.8,121.866666666667,,,,
2026-07-15 05:00:00,,,,,,72.9333333333333,125.2,,,,
2026-07-15 05:15:00,,,,,,70.8666666666667,112.533333333333,,,,
2026-07-15 05:30:00,,,,,,79.4666666666667,113.8,,,,
2026-07-15 05:45:00,,,,,,81.8,108.733333333333,,,,
2026-07-15 06:00:00,,,,,,87.0666666666667,129.8,,,,
2026-07-15 06:15:00,,,,,,105.133333333333,103.8,,,,
2026-07-15 06:30:00,,,,,,111.933333333333,125.6,,,,
2026-07-15 06:45:00,,,,,,106.2,117.066666666667,,,,
2026-07-15 07:00:00,,,,,,92.0666666666667,108.733333333333,,,,
2026-07-15 07:15:00,,,,,,85.8666666666667,119.466666666667,,,,
2026-07-15 07:30:00,,,,,,81.9333333333333,108.4,,,,
2026-07-15 07:45:00,,,,,,83.2,103.133333333333,,,,
2026-07-15 08:00:00,,,,,,83.4,99.6666666666667,,,,
2026-07-15 08:15:00,,,,,,86.4,101.266666666667,,,,
2026-07-15 08:30:00,,,,,,79.6666666666667,81.2,,,,
2026-07-15 08:45:00,,,,,,76.7333333333333,78.7333333333333,,,,
2026-07-15 09:00:00,,,,,,74.5333333333333,64.8666666666667,,,,
2026-07-15 09:15:00,,,,,,72.4,60.0,,,,
2026-07-15 09:30:00,,,,,,74.5333333333333,71.7333333333333,,,,
2026-07-15 09:45:00,,,,,,75.4,68.2,,,,
2026-07-15 10:00:00,,,,,,74.0,69.8,,,,
2026-07-15 10:15:00,,,,,,69.7333333333333,66.6,,,,
2026-07-15 10:30:00,,,,,,68.2,61.2666666666667,,,,
2026-07-15 10:45:00,,,,,,70.1333333333333,65.1333333333333,,,,
2026-07-15 11:00:00,,,,,,66.4666666666667,60.9333333333333,,,,
2026-07-15 11:15:00,,,,,,62.3333333333333,61.4666666666667,,,,
2026-07-15 11:30:00,,,,,,67.6666666666667,67.8666666666667,,,,
2026-07-15 11:45:00,,,,,,67.6666666666667,66.1333333333333,,,,
2026-07-15 12:00:00,,,,,,66.8,63.6,,,,
2026-07-15 12:15:00,,,,,,59.4666666666667,57.3333333333333,,,,
2026-07-15 12:30:00,,,,,,62.6666666666667,60.6,,,,
2026-07-15 12:45:00,,,,,,60.1333333333333,55.6666666666667,,,,
2026-07-15 13:00:00,,,,,,59.7333333333333,54.1333333333333,,,,
2026-07-15 13:15:00,,,,,,58.0666666666667,51.6,,,,
2026-07-15 13:30:00,,,,,,54.3333333333333,53.3333333333333,,,,
2026-07-15 13:45:00,,,,,,55.8,47.0666666666667,,,,
2026-07-15 14:00:00,,,,,,54.5333333333333,46.0,,,,
2026-07-15 14:15:00,,,,,,54.4666666666667,45.5333333333333,,,,
2026-07-15 14:30:00,,,,,,50.5333333333333,46.6,,,,
2026-07-15 14:45:00,,,,,,52.6,56.2666666666667,,,,
2026-07-15 15:00:00,,,,,,50.6,55.6666666666667,,,,
2026-07-15 15:15:00,,,,,,54.1333333333333,65.3333333333333,,,,
2026-07-15 15:30:00,,,,,,57.1333333333333,55.4666666666667,,,,
2026-07-15 15:45:00,,,,,,55.6666666666667,66.8666666666667,,,,
2026-07-15 16:00:00,,,,,,55.5333333333333,59.1333333333333,,,,
2026-07-15 16:15:00,,,,,,56.6,48.0,,,,
2026-07-15 16:30:00,,,,,,60.4,46.3333333333333,,,,
2026-07-15 16:45:00,,,,,,58.4666666666667,53.4,,,,
2026-07-15 17:00:00,,,,,,59.0,228.533333333333,,,,
2026-07-15 17:15:00,,,,,,85.5333333333333,63.4,,,,
2026-07-15 17:30:00,,,,,,59.6,48.0666666666667,,,,
2026-07-15 17:45:00,,,,,,61.8666666666667,53.0666666666667,,,,
2026-07-15 18:00:00,,,,,,59.4666666666667,55.0666666666667,,,,
2026-07-15 18:15:00,,,,,,62.8666666666667,51.4666666666667,,,,
2026-07-15 18:30:00,,,,,,60.2,53.2,,,,
2026-07-15 18:45:00,,,,,,62.5333333333333,60.4666666666667,,,,
2026-07-15 19:00:00,,,,,,65.8,56.3333333333333,,,,
2026-07-15 19:15:00,,,,,,69.0666666666667,60.0666666666667,,,,
2026-07-15 19:30:00,,,,,,69.6,54.8,,,,
2026-07-15 19:45:00,,,,,,71.0666666666667,61.3333333333333,,,,
2026-07-15 20:00:00,,,,,,69.1333333333333,55.2,,,,
2026-07-15 20:15:00,,,,,,68.9333333333333,64.4,,,,
2026-07-15 20:30:00,,,,,,69.4666666666667,60.2666666666667,,,,
2026-07-15 20:45:00,,,,,,61.6,60.7333333333333,,,,
2026-07-15 21:00:00,,,,,,63.8666666666667,64.9333333333333,,,,
2026-07-15 21:15:00,,,,,,63.4,71.5333333333333,,,,
2026-07-15 21:30:00,,,,,,61.8666666666667,73.7333333333333,,,,
2026-07-15 21:45:00,,,,,,67.8,86.4,,,,
2026-07-15 22:00:00,,,,,,61.8666666666667,96.8,,,,
2026-07-15 22:15:00,,,,,,61.0,90.4,,,,
2026-07-15 22:30:00,,,,,,61.0666666666667,93.4,57.25,,,
2026-07-15 22:45:00,,,,,,68.4,91.9333333333333,51.4666666666667,,,
2026-07-15 23:00:00,,,,,,61.1333333333333,102.8,47.8666666666667,,,
2026-07-15 23:15:00,,,,,,62.1333333333333,106.666666666667,47.1333333333333,,,
2026-07-15 23:30:00,,,,,,60.0,93.6,47.1333333333333,,,
2026-07-15 23:45:00,,,,,,62.8,95.4666666666667,46.7333333333333,,,
2026-07-16 00:00:00,,,,,,62.4666666666667,83.4,46.5333333333333,,,
2026-07-16 00:15:00,,,,,,61.1333333333333,75.1333333333333,47.8666666666667,,,
2026-07-16 00:30:00,,,,,,62.0666666666667,80.4,46.3333333333333,,,
2026-07-16 00:45:00,,,,,,60.3333333333333,86.1333333333333,47.6,,,
2026-07-16 01:00:00,,,,,,61.3333333333333,91.8,47.0,,,
2026-07-16 01:15:00,,,,,,59.3333333333333,90.2666666666667,50.4,,,
2026-07-16 01:30:00,,,,,,63.3333333333333,98.0,46.6,,,
2026-07-16 01:45:00,,,,,,63.0666666666667,92.8,47.6666666666667,,,
2026-07-16 02:00:00,,,,,,63.5333333333333,113.266666666667,51.1333333333333,,,
2026-07-16 02:15:00,,,,,,64.2666666666667,83.4666666666667,47.4666666666667,,,
2026-07-16 02:30:00,,,,,,64.9333333333333,93.6,49.5333333333333,,,
2026-07-16 02:45:00,,,,,,62.1333333333333,95.0666666666667,47.0,,,
2026-07-16 03:00:00,,,,,,65.8666666666667,117.133333333333,49.6666666666667,,,
2026-07-16 03:15:00,,,,,,65.4666666666667,102.866666666667,46.6666666666667,,,
2026-07-16 03:30:00,,,,,,60.5333333333333,123.733333333333,47.0666666666667,,,
2026-07-16 03:45:00,,,,,,62.4,119.333333333333,47.4666666666667,,,
2026-07-16 04:00:00,,,,,,63.6666666666667,139.133333333333,50.7333333333333,,,
2026-07-16 04:15:00,,,,,,62.3333333333333,130.733333333333,47.8666666666667,,,
2026-07-16 04:30:00,,,,,,65.0666666666667,144.8,50.7333333333333,,,
2026-07-16 04:45:00,,,,,,67.2,158.733333333333,53.6666666666667,,,
2026-07-16 05:00:00,,,,,,68.5333333333333,144.8,50.0666666666667,,,
2026-07-16 05:15:00,,,,,,69.6666666666667,138.133333333333,50.2666666666667,,,
2026-07-16 05:30:00,,,,,,86.6,140.733333333333,50.1333333333333,,,
2026-07-16 05:45:00,,,,,,95.8,134.4,51.3333333333333,,,
2026-07-16 06:00:00,,,,,,85.5333333333333,137.066666666667,52.8666666666667,,,
2026-07-16 06:15:00,,,,,,88.0666666666667,138.466666666667,51.9333333333333,,,
2026-07-16 06:30:00,,,,,,87.5333333333333,112.466666666667,53.2666666666667,,,
2026-07-16 06:45:00,,,,,,100.133333333333,116.133333333333,55.0666666666667,,,
2026-07-16 07:00:00,,,,,,96.2,135.066666666667,53.5333333333333,,,
2026-07-16 07:15:00,55.2,,,,,86.5333333333333,113.4,54.4,,,
2026-07-16 07:30:00,54.3333333333333,,,,,81.2,107.866666666667,59.6,,,
2026-07-16 07:45:00,55.6666666666667,,,,,78.0666666666667,77.6,62.4666666666667,,,
2026-07-16 08:00:00,53.0666666666667,,,,,80.4,77.4666666666667,63.1333333333333,,,
2026-07-16 08:15:00,54.0,,,,,83.4,72.8,67.0666666666667,,,
2026-07-16 08:30:00,59.6666666666667,,,,,89.9333333333333,68.5333333333333,76.1333333333333,,,
2026-07-16 08:45:00,53.1333333333333,,,,,87.9333333333333,63.7333333333333,86.1333333333333,,,
2026-07-16 09:00:00,51.1333333333333,,,,,88.8666666666667,64.0,87.9333333333333,,,
2026-07-16 09:15:00,50.6,,,,,97.2666666666667,65.4666666666667,84.4666666666667,,,
2026-07-16 09:30:00,54.8,,,,,90.8,66.4666666666667,90.1333333333333,,,
2026-07-16 09:45:00,49.9333333333333,,,,,90.0666666666667,71.2666666666667,93.3333333333333,,,
2026-07-16 10:00:00,54.1333333333333,,,,,91.4666666666667,72.8666666666667,84.7333333333333,,,
2026-07-16 10:15:00,59.6666666666667,,,,,94.0666666666667,73.2,90.7333333333333,,,
2026-07-16 10:30:00,59.5333333333333,,,,,98.2666666666667,68.3333333333333,83.2,,,
2026-07-16 10:45:00,58.0666666666667,,,,,100.266666666667,88.0666666666667,80.4,,,
2026-07-16 11:00:00,58.9333333333333,,,,,98.8,70.8666666666667,78.6666666666667,,,
2026-07-16 11:15:00,61.7333333333333,,,,,94.4666666666667,68.2,84.6666666666667,,,
2026-07-16 11:30:00,66.6,,,,,98.0,94.4666666666667,88.9333333333333,,,
2026-07-16 11:45:00,65.8,,,,,94.5333333333333,68.0,85.4,,,
2026-07-16 12:00:00,65.8,,,,,96.8666666666667,66.0,81.6,,,
2026-07-16 12:15:00,69.4,,,,,96.0,66.5333333333333,84.7333333333333,,,
2026-07-16 12:30:00,82.4666666666667,,,,,96.6666666666667,65.1333333333333,80.9333333333333,,,
2026-07-16 12:45:00,84.8,,,,,100.8,66.3333333333333,82.4,,,
2026-07-16 13:00:00,88.6666666666667,,,,,108.4,69.8,87.8666666666667,,,
2026-07-16 13:15:00,98.0666666666667,,,,,109.2,68.5333333333333,94.7333333333333,,,
2026-07-16 13:30:00,109.0,,,,,113.0,76.4666666666667,89.9333333333333,,,
2026-07-16 13:45:00,106.933333333333,,,,,112.8,80.7333333333333,96.8,,,
2026-07-16 14:00:00,112.8,,,,,113.6,76.2666666666667,96.1333333333333,,,
2026-07-16 14:15:00,122.733333333333,,,,,117.6,80.0666666666667,97.2,,,
2026-07-16 14:30:00,135.866666666667,,,,,123.133333333333,79.7333333333333,100.6,,,
2026-07-16 14:45:00,144.133333333333,,,,,122.533333333333,71.5333333333333,98.8,,,
2026-07-16 15:00:00,162.066666666667,,,,,123.866666666667,83.8,103.266666666667,,,
2026-07-16 15:15:00,172.266666666667,,,,,124.6,77.2,98.8,,,
2026-07-16 15:30:00,189.533333333333,,,,,123.266666666667,76.5333333333333,107.2,,,
2026-07-16 15:45:00,203.6,,,,,145.533333333333,71.6666666666667,98.8,,,
2026-07-16 16:00:00,222.466666666667,,,,,145.866666666667,75.3333333333333,100.266666666667,,,
2026-07-16 16:15:00,218.466666666667,,,,,158.733333333333,79.2,99.4666666666667,,,
2026-07-16 16:30:00,196.733333333333,,,,,156.133333333333,75.8666666666667,97.4,,,
2026-07-16 16:45:00,180.8,,,,,150.8,88.0,109.666666666667,,,
2026-07-16 17:00:00,191.133333333333,,,,,152.666666666667,95.2,119.666666666667,,,
2026-07-16 17:15:00,194.333333333333,,,,,156.8,79.1333333333333,120.866666666667,,,
2026-07-16 17:30:00,191.8,,,,,157.4,85.4,115.066666666667,,,
2026-07-16 17:45:00,184.4,,,,,159.466666666667,86.2666666666667,129.266666666667,,,
2026-07-16 18:00:00,192.133333333333,,,,,149.866666666667,81.0666666666667,126.4,,,
2026-07-16 18:15:00,196.4,,,,,154.533333333333,79.4,129.733333333333,,,
2026-07-16 18:30:00,209.733333333333,,,,,148.266666666667,72.8666666666667,136.133333333333,,,
2026-07-16 18:45:00,217.466666666667,,,,,159.333333333333,76.2,140.066666666667,,,
2026-07-16 19:00:00,228.8,,,,,172.666666666667,75.6,145.0,,,
2026-07-16 19:15:00,235.733333333333,,,,26.0,175.8,83.8666666666667,154.8,,,
2026-07-16 19:30:00,241.333333333333,,,,186.75,184.866666666667,81.4666666666667,155.466666666667,,,
2026-07-16 19:45:00,251.2,,,,160.333333333333,192.4,80.7333333333333,159.666666666667,,,
2026-07-16 20:00:00,270.066666666667,,,,159.066666666667,195.333333333333,84.8666666666667,157.6,,,
2026-07-16 20:15:00,303.933333333333,,,,160.466666666667,197.0,104.266666666667,163.133333333333,,,
2026-07-16 20:30:00,318.066666666667,,,,170.6,214.133333333333,87.8666666666667,165.666666666667,,,
2026-07-16 20:45:00,378.8,,,,180.2,226.4,86.7333333333333,190.333333333333,,,
2026-07-16 21:00:00,380.133333333333,,,,220.533333333333,233.933333333333,101.6,196.066666666667,,,
2026-07-16 21:15:00,352.733333333333,,,,226.2,262.466666666667,105.933333333333,200.133333333333,,,
2026-07-16 21:30:00,338.666666666667,,,,226.933333333333,262.933333333333,114.2,188.6,,,
2026-07-16 21:45:00,302.6,,,,224.4,247.666666666667,131.333333333333,183.0,,,
2026-07-16 22:00:00,282.0,,,,214.333333333333,244.2,148.2,181.8,,,
2026-07-16 22:15:00,278.2,,,,205.133333333333,227.933333333333,171.133333333333,167.0,,,
2026-07-16 22:30:00,293.066666666667,,,,200.133333333333,203.733333333333,177.6,148.266666666667,,,
2026-07-16 22:45:00,289.4,,,,204.133333333333,196.933333333333,183.533333333333,141.933333333333,,,
2026-07-16 23:00:00,292.133333333333,,,,211.2,205.2,180.2,138.066666666667,,,
2026-07-16 23:15:00,291.466666666667,,,,208.133333333333,213.0,193.733333333333,134.0,,,
2026-07-16 23:30:00,298.266666666667,,,,199.6,219.0,196.733333333333,132.133333333333,,,
2026-07-16 23:45:00,303.666666666667,,,,199.2,220.733333333333,230.066666666667,127.333333333333,,,
2026-07-17 00:00:00,298.066666666667,,,,196.466666666667,221.666666666667,240.266666666667,134.6,,,
2026-07-17 00:15:00,295.133333333333,,,,193.0,223.0,261.733333333333,134.533333333333,,,
2026-07-17 00:30:00,296.533333333333,,,,186.6,221.933333333333,254.8,136.6,,,
2026-07-17 00:45:00,314.333333333333,,,,188.4,224.6,254.0,137.533333333333,,,
2026-07-17 01:00:00,328.533333333333,,,,185.266666666667,223.866666666667,268.6,139.333333333333,,,
2026-07-17 01:15:00,354.6,,,,197.066666666667,220.2,275.333333333333,148.466666666667,,,
2026-07-17 01:30:00,358.133333333333,,,,188.133333333333,218.0,288.733333333333,146.933333333333,,,
2026-07-17 01:45:00,348.4,,,,188.8,216.8,294.6,150.066666666667,,,
2026-07-17 02:00:00,349.2,,,,192.0,220.933333333333,302.533333333333,166.6,,,
2026-07-17 02:15:00,345.4,,,,196.933333333333,219.733333333333,315.6,161.2,,,
2026-07-17 02:30:00,354.0,,,,211.333333333333,223.933333333333,328.0,178.666666666667,,,
2026-07-17 02:45:00,351.266666666667,,,,217.533333333333,228.666666666667,317.533333333333,174.4,,,
2026-07-17 03:00:00,384.2,,,,231.933333333333,230.4,325.933333333333,172.066666666667,,,
2026-07-17 03:15:00,400.066666666667,,,,240.733333333333,235.533333333333,349.6,157.8,,,
2026-07-17 03:30:00,405.066666666667,,,,232.933333333333,244.6,338.866666666667,158.133333333333,,,
2026-07-17 03:45:00,422.6,,,,217.0,236.933333333333,343.933333333333,164.666666666667,,,
2026-07-17 04:00:00,482.733333333333,,,,213.4,244.133333333333,350.066666666667,169.8,,,
2026-07-17 04:15:00,387.4,,,,217.533333333333,249.0,337.8,189.333333333333,,,
2026-07-17 04:30:00,383.0,,,,210.6,248.533333333333,368.666666666667,187.933333333333,,,
2026-07-17 04:45:00,400.6,,,,229.266666666667,249.066666666667,352.866666666667,177.333333333333,,,
2026-07-17 05:00:00,411.2,,,,256.266666666667,267.4,351.066666666667,175.333333333333,,,
2026-07-17 05:15:00,433.133333333333,,,,287.8,270.266666666667,362.733333333333,179.266666666667,,,
2026-07-17 05:30:00,441.266666666667,,,,279.0,266.066666666667,343.733333333333,181.066666666667,,,
2026-07-17 05:45:00,453.6,,,,267.066666666667,274.866666666667,351.733333333333,189.2,,,
2026-07-17 06:00:00,473.466666666667,,,,266.333333333333,260.133333333333,352.133333333333,184.733333333333,,,
2026-07-17 06:15:00,446.0,,,,248.933333333333,257.066666666667,346.533333333333,193.133333333333,,,
2026-07-17 06:30:00,430.333333333333,,,,262.266666666667,257.466666666667,341.133333333333,186.2,,,
2026-07-17 06:45:00,427.6,,,,281.733333333333,255.2,329.066666666667,182.266666666667,,,
2026-07-17 07:00:00,450.0,,,,243.733333333333,265.066666666667,340.066666666667,184.666666666667,,,
2026-07-17 07:15:00,425.333333333333,,,,255.8,267.466666666667,321.266666666667,190.2,,,
2026-07-17 07:30:00,417.066666666667,,,,234.333333333333,272.333333333333,331.066666666667,227.466666666667,,,
2026-07-17 07:45:00,410.0,,,,262.933333333333,297.733333333333,302.0,265.933333333333,,,
2026-07-17 08:00:00,401.933333333333,,,,283.666666666667,301.133333333333,287.733333333333,259.333333333333,,,
2026-07-17 08:15:00,394.333333333333,,,,274.466666666667,313.266666666667,298.466666666667,252.733333333333,,,
2026-07-17 08:30:00,443.533333333333,,,,314.733333333333,450.8,266.933333333333,237.666666666667,,,
2026-07-17 08:45:00,490.266666666667,,,,315.8,421.666666666667,235.733333333333,245.466666666667,,,
2026-07-17 09:00:00,563.6,,,,302.933333333333,464.6,248.733333333333,237.533333333333,,,
2026-07-17 09:15:00,489.466666666667,,,,386.266666666667,349.0,210.733333333333,250.533333333333,,,
2026-07-17 09:30:00,488.733333333333,,,,465.2,414.066666666667,195.266666666667,252.266666666667,,,
2026-07-17 09:45:00,509.933333333333,,,,407.866666666667,411.6,202.533333333333,255.466666666667,,,
2026-07-17 10:00:00,475.8,,,,364.266666666667,423.866666666667,196.6,272.733333333333,,,
2026-07-17 10:15:00,457.0,,,,364.333333333333,425.0,193.866666666667,296.2,,,
2026-07-17 10:30:00,432.933333333333,,,,353.733333333333,426.133333333333,207.466666666667,299.533333333333,,,
2026-07-17 10:45:00,381.866666666667,,,,350.733333333333,418.866666666667,234.866666666667,311.933333333333,,,
2026-07-17 11:00:00,380.733333333333,,,,345.2,414.133333333333,230.333333333333,295.333333333333,,,
2026-07-17 11:15:00,384.0,,,,354.266666666667,410.0,216.733333333333,287.2,,,
2026-07-17 11:30:00,394.4,,,,365.6,410.333333333333,189.0,288.066666666667,,,
2026-07-17 11:45:00,386.133333333333,,,,354.666666666667,380.4,166.6,273.066666666667,,,
2026-07-17 12:00:00,384.533333333333,,,,342.2,372.133333333333,153.0,250.6,,,
2026-07-17 12:15:00,403.733333333333,,,,318.866666666667,358.666666666667,169.466666666667,240.2,,,
2026-07-17 12:30:00,388.133333333333,,,,288.0,300.666666666667,170.866666666667,227.8,,,
2026-07-17 12:45:00,369.866666666667,,,,299.066666666667,226.533333333333,165.666666666667,227.4,,,
2026-07-17 13:00:00,361.933333333333,,,,238.2,197.666666666667,164.466666666667,195.066666666667,,,
2026-07-17 13:15:00,343.933333333333,,,,238.8,245.266666666667,162.6,192.333333333333,,,
2026-07-17 13:30:00,401.266666666667,,,,243.6,258.333333333333,166.866666666667,169.066666666667,,,
2026-07-17 13:45:00,345.8,,,,239.266666666667,240.066666666667,170.733333333333,194.071428571429,,,
2026-07-17 14:00:00,300.0,,,,231.2,231.266666666667,174.8,187.266666666667,,,
2026-07-17 14:15:00,275.933333333333,,,,224.533333333333,212.933333333333,168.2,180.133333333333,,,
2026-07-17 14:30:00,250.866666666667,521.0,,,211.0,208.533333333333,172.866666666667,168.6,,,
2026-07-17 14:45:00,221.0,,,,210.533333333333,198.733333333333,176.933333333333,148.533333333333,,,
2026-07-17 15:00:00,282.133333333333,,,,197.866666666667,192.466666666667,175.8,158.333333333333,,,
2026-07-17 15:15:00,287.866666666667,,,,182.4,168.466666666667,179.6,141.6,,,202.0
2026-07-17 15:30:00,298.4,,,,172.133333333333,158.266666666667,171.533333333333,137.533333333333,,,126.333333333333
2026-07-17 15:45:00,297.266666666667,,,,167.2,158.666666666667,178.6,142.4,,,117.2
2026-07-17 16:00:00,295.733333333333,,,,170.533333333333,155.533333333333,186.466666666667,145.333333333333,,,113.0
2026-07-17 16:15:00,299.533333333333,,,,164.533333333333,154.066666666667,185.133333333333,159.0,,,115.466666666667
2026-07-17 16:30:00,285.333333333333,,,,153.4,161.333333333333,179.866666666667,151.933333333333,,,135.866666666667
2026-07-17 16:45:00,288.333333333333,,,,151.133333333333,157.466666666667,192.2,150.666666666667,,,132.6
2026-07-17 17:00:00,277.466666666667,,,,149.533333333333,172.2,186.333333333333,151.066666666667,,238.454545454545,135.0
2026-07-17 17:15:00,283.6,314.5,,,151.866666666667,169.266666666667,184.133333333333,151.4,,142.333333333333,121.133333333333
2026-07-17 17:30:00,281.8,218.25,,,146.933333333333,171.4,189.2,151.666666666667,,145.266666666667,122.266666666667
2026-07-17 17:45:00,259.066666666667,,,,144.6,166.6,194.133333333333,148.666666666667,,141.0,123.866666666667
2026-07-17 18:00:00,271.066666666667,,,,155.0,165.8,201.733333333333,145.4,,158.066666666667,129.933333333333
2026-07-17 18:15:00,277.4,264.333333333333,,,157.466666666667,166.0,208.866666666667,146.466666666667,,140.266666666667,132.2
2026-07-17 18:30:00,283.0,,,,156.466666666667,161.333333333333,204.266666666667,140.933333333333,,143.0,134.0
2026-07-17 18:45:00,287.733333333333,,,,160.8,161.666666666667,209.733333333333,142.533333333333,,144.4,137.8
2026-07-17 19:00:00,285.733333333333,,,,158.733333333333,171.6,210.4,146.6,,144.666666666667,149.4
2026-07-17 19:15:00,297.066666666667,,,,158.533333333333,175.2,217.6,149.866666666667,,145.866666666667,147.4
2026-07-17 19:30:00,303.2,,,,160.2,182.2,214.6,152.133333333333,,150.466666666667,147.8
2026-07-17 19:45:00,309.066666666667,,,,176.2,196.875,208.866666666667,160.533333333333,,145.533333333333,146.866666666667
2026-07-17 20:00:00,303.666666666667,,,,193.333333333333,,204.0,147.0,,145.533333333333,153.666666666667
2026-07-17 20:15:00,312.733333333333,,,,190.533333333333,,197.133333333333,150.133333333333,,143.6,171.0
2026-07-17 20:30:00,323.533333333333,,,,191.2,307.375,209.266666666667,147.066666666667,,145.933333333333,162.866666666667
2026-07-17 20:45:00,350.066666666667,,,,188.2,257.866666666667,217.8,147.733333333333,,147.866666666667,163.2
2026-07-17 21:00:00,384.933333333333,,,,186.2,250.933333333333,209.066666666667,147.466666666667,,150.266666666667,169.266666666667
2026-07-17 21:15:00,394.2,,,,187.2,250.2,220.266666666667,154.466666666667,,156.933333333333,175.2
2026-07-17 21:30:00,393.666666666667,,,,188.333333333333,244.2,217.333333333333,147.6,,161.933333333333,174.6
2026-07-17 21:45:00,395.066666666667,,,,192.6,252.466666666667,216.133333333333,149.866666666667,,166.0,171.4
2026-07-17 22:00:00,396.2,,,,185.133333333333,247.133333333333,221.466666666667,150.533333333333,,166.333333333333,178.6
2026-07-17 22:15:00,396.066666666667,,,,185.8,239.066666666667,217.6,150.133333333333,,163.733333333333,172.6
2026-07-17 22:30:00,395.0,,,,195.666666666667,235.066666666667,227.666666666667,148.333333333333,,167.4,171.666666666667
2026-07-17 22:45:00,372.866666666667,,,,188.8,230.6,227.066666666667,152.266666666667,,186.466666666667,176.533333333333
2026-07-17 23:00:00,363.666666666667,,,,181.266666666667,232.2,236.4,146.666666666667,,158.6,176.466666666667
2026-07-17 23:15:00,398.666666666667,,,,175.2,236.066666666667,229.866666666667,146.266666666667,,155.066666666667,179.933333333333
2026-07-17 23:30:00,376.866666666667,,,,178.6,233.866666666667,232.666666666667,149.533333333333,,183.066666666667,176.933333333333
2026-07-17 23:45:00,330.866666666667,,,,180.6,230.066666666667,241.866666666667,144.4,,146.8,181.266666666667
2026-07-18 00:00:00,323.0,,,,185.6,239.733333333333,238.066666666667,138.733333333333,,141.333333333333,171.0
2026-07-18 00:15:00,328.133333333333,,,,183.0,237.266666666667,233.533333333333,138.2,,142.8,178.4
2026-07-18 00:30:00,339.8,,,,185.4,239.066666666667,239.0,141.333333333333,,141.133333333333,166.133333333333
2026-07-18 00:45:00,357.8,,,,183.2,248.8,240.666666666667,140.066666666667,,132.733333333333,167.8
2026-07-18 01:00:00,377.2,,,,179.266666666667,243.733333333333,217.533333333333,135.133333333333,,142.866666666667,162.066666666667
2026-07-18 01:15:00,385.666666666667,,,,183.666666666667,249.666666666667,235.6,138.866666666667,,144.133333333333,164.066666666667
2026-07-18 01:30:00,366.666666666667,,,,186.8,245.333333333333,248.933333333333,142.933333333333,,149.533333333333,162.6
2026-07-18 01:45:00,386.333333333333,,,,184.466666666667,257.333333333333,244.666666666667,142.533333333333,,157.333333333333,179.6
2026-07-18 02:00:00,380.8,,,,185.0,297.666666666667,239.333333333333,140.466666666667,,169.2,163.466666666667
2026-07-18 02:15:00,353.266666666667,,,,186.933333333333,304.466666666667,243.466666666667,138.6,,155.866666666667,169.466666666667
2026-07-18 02:30:00,358.6,,,,199.0,268.533333333333,252.533333333333,141.4,,158.733333333333,164.066666666667
2026-07-18 02:45:00,360.533333333333,,,,202.4,251.4,253.133333333333,155.6,,151.866666666667,172.266666666667
2026-07-18 03:00:00,385.6,,,,191.2,246.933333333333,243.266666666667,168.4,,160.6,182.933333333333
2026-07-18 03:15:00,416.733333333333,,,,196.466666666667,248.0,249.2,177.066666666667,,174.733333333333,197.933333333333
2026-07-18 03:30:00,401.466666666667,,,,196.533333333333,271.266666666667,245.6,171.666666666667,,174.466666666667,197.133333333333
2026-07-18 03:45:00,380.666666666667,,,,204.2,275.933333333333,247.333333333333,166.533333333333,,170.866666666667,175.133333333333
2026-07-18 04:00:00,399.0,,,,201.466666666667,279.8,248.333333333333,182.933333333333,,167.6,189.133333333333
2026-07-18 04:15:00,393.933333333333,,,,200.733333333333,285.933333333333,236.4,174.866666666667,,163.066666666667,177.0
2026-07-18 04:30:00,401.8,,,,201.0,289.066666666667,240.0,176.933333333333,,158.0,174.666666666667
2026-07-18 04:45:00,431.933333333333,,,,196.466666666667,286.0,238.866666666667,184.8,,158.466666666667,183.266666666667
2026-07-18 05:00:00,432.666666666667,,,,188.933333333333,286.466666666667,248.066666666667,182.8,,165.866666666667,183.333333333333
2026-07-18 05:15:00,446.8,,,,198.466666666667,291.6,241.933333333333,185.466666666667,,182.2,179.266666666667
2026-07-18 05:30:00,424.0,,,,194.933333333333,322.533333333333,241.733333333333,210.8,,247.466666666667,240.133333333333
2026-07-18 05:45:00,471.333333333333,,,,258.6,333.333333333333,239.266666666667,291.0,,273.6,341.133333333333
2026-07-18 06:00:00,648.666666666667,,,,328.733333333333,456.733333333333,241.6,234.333333333333,,175.0,316.2
2026-07-18 06:15:00,766.866666666667,,,,362.266666666667,364.4,240.733333333333,209.2,,185.933333333333,312.4
2026-07-18 06:30:00,665.933333333333,,,,316.0,362.666666666667,238.866666666667,216.8,,169.533333333333,276.533333333333
2026-07-18 06:45:00,608.066666666667,,,,286.6,345.933333333333,200.866666666667,191.066666666667,,181.6,273.933333333333
2026-07-18 07:00:00,542.933333333333,,,,283.4,334.333333333333,165.6,181.266666666667,,195.2,274.4
2026-07-18 07:15:00,500.933333333333,,,,269.533333333333,304.466666666667,165.333333333333,189.333333333333,,199.266666666667,247.6
2026-07-18 07:30:00,523.533333333333,,,,256.933333333333,279.466666666667,143.6,186.466666666667,,193.933333333333,237.2
2026-07-18 07:45:00,539.666666666667,,,,283.2,289.266666666667,137.666666666667,184.4,,178.266666666667,215.466666666667
2026-07-18 08:00:00,504.333333333333,,,,251.866666666667,287.6,114.866666666667,179.866666666667,,157.466666666667,192.066666666667
2026-07-18 08:15:00,441.4,,,,226.4,268.133333333333,99.2,180.266666666667,,149.8,188.133333333333
2026-07-18 08:30:00,384.2,,,,202.333333333333,271.866666666667,92.6,164.466666666667,,159.866666666667,175.733333333333
2026-07-18 08:45:00,366.2,,,,198.866666666667,267.733333333333,81.4,162.066666666667,,156.2,179.533333333333
2026-07-18 09:00:00,342.866666666667,,,,192.133333333333,264.8,86.0,150.4,,118.666666666667,168.466666666667
2026-07-18 09:15:00,270.6,,,,193.066666666667,257.666666666667,62.9333333333333,129.666666666667,,105.4,156.933333333333
2026-07-18 09:30:00,255.266666666667,,,,182.533333333333,231.533333333333,65.3333333333333,101.2,,105.333333333333,143.933333333333
2026-07-18 09:45:00,231.666666666667,,,,161.8,201.933333333333,68.2666666666667,83.4666666666667,,98.3333333333333,119.6
2026-07-18 10:00:00,190.2,82.2222222222222,,,145.733333333333,197.466666666667,62.1333333333333,79.2,,83.0,115.666666666667
2026-07-18 10:15:00,124.866666666667,121.266666666667,,,137.866666666667,151.266666666667,55.4,74.8,,68.5333333333333,113.866666666667
2026-07-18 10:30:00,73.0666666666667,122.933333333333,,,121.0,109.133333333333,53.8666666666667,64.6,,71.6,133.333333333333
2026-07-18 10:45:00,57.1333333333333,90.8,,,118.866666666667,100.066666666667,46.7333333333333,57.7333333333333,,58.1333333333333,68.4666666666667
2026-07-18 11:00:00,62.4,81.9333333333333,,,92.0666666666667,83.6666666666667,47.1333333333333,56.2,,51.4,60.6666666666667
2026-07-18 11:15:00,60.0,73.5333333333333,,,86.8666666666667,72.9333333333333,48.0666666666667,57.2,,47.2,55.5333333333333
2026-07-18 11:30:00,52.2666666666667,45.2666666666667,,,78.5333333333333,86.6666666666667,39.8666666666667,54.7333333333333,,47.7333333333333,66.8
2026-07-18 11:45:00,46.8666666666667,39.0,,,61.5333333333333,79.7333333333333,71.0666666666667,52.7333333333333,,42.6,48.0
2026-07-18 12:00:00,40.0666666666667,,,,46.6666666666667,61.7333333333333,44.4666666666667,47.5333333333333,,43.6,49.8666666666667
2026-07-18 12:15:00,35.0666666666667,,,,45.8666666666667,55.4666666666667,40.4,46.2,,43.8,56.6
2026-07-18 12:30:00,47.6666666666667,,,,43.0,54.6,38.8,43.4,,63.8666666666667,45.2666666666667
2026-07-18 12:45:00,54.1333333333333,,,,40.5333333333333,51.6,43.8666666666667,41.4666666666667,,44.2,44.4
2026-07-18 13:00:00,43.2666666666667,,,,40.0666666666667,49.8,81.3333333333333,50.2666666666667,,63.4,42.8666666666667
2026-07-18 13:15:00,34.6,,,,38.8,50.4,62.2,43.3333333333333,,58.9333333333333,45.8666666666667
2026-07-18 13:30:00,36.2,,,,42.0,50.6,72.1333333333333,45.5333333333333,,46.4666666666667,43.3333333333333
2026-07-18 13:45:00,34.4,,,,41.2,52.6,109.333333333333,42.8666666666667,,42.8666666666667,36.6
2026-07-18 14:00:00,35.3333333333333,,,,41.2666666666667,49.8666666666667,87.4666666666667,38.9333333333333,,37.6666666666667,32.8666666666667
2026-07-18 14:15:00,33.3333333333333,,,,36.2,48.0666666666667,54.2,38.2,,35.2666666666667,36.3333333333333
2026-07-18 14:30:00,30.0,,,,33.3333333333333,43.9333333333333,44.3333333333333,36.5333333333333,,35.1333333333333,32.7333333333333
2026-07-18 14:45:00,30.5333333333333,,,,27.4,38.5333333333333,27.8666666666667,36.6666666666667,,34.4,29.1333333333333
2026-07-18 15:00:00,41.3333333333333,,,,23.2,33.8,30.3333333333333,31.7333333333333,,30.0666666666667,26.0666666666667
2026-07-18 15:15:00,32.0,,,,23.0666666666667,32.2,25.9333333333333,28.8,,29.8,25.8666666666667
2026-07-18 15:30:00,29.3333333333333,,,,23.5333333333333,30.9333333333333,35.1333333333333,29.0666666666667,,38.2666666666667,25.2666666666667
2026-07-18 15:45:00,33.0666666666667,,,,24.0666666666667,33.4666666666667,33.2,28.7333333333333,,44.0,28.7333333333333
2026-07-18 16:00:00,28.4666666666667,,,,26.8666666666667,31.3333333333333,40.6,34.5333333333333,,29.9333333333333,50.9333333333333
2026-07-18 16:15:00,30.9333333333333,,,,29.4666666666667,34.4666666666667,46.0666666666667,35.0666666666667,,32.9333333333333,55.4
2026-07-18 16:30:00,27.8666666666667,,,,31.8,40.6666666666667,49.3333333333333,35.6666666666667,,40.8,59.6666666666667
2026-07-18 16:45:00,29.0666666666667,,,,36.3333333333333,40.4666666666667,45.6666666666667,35.8,,38.5333333333333,46.7333333333333
2026-07-18 17:00:00,28.7333333333333,,,,39.1333333333333,47.0,35.4,36.9333333333333,,36.3333333333333,38.6666666666667
2026-07-18 17:15:00,29.7333333333333,,,,33.4666666666667,46.5333333333333,42.2666666666667,35.5333333333333,,34.5333333333333,34.6666666666667
2026-07-18 17:30:00,28.9333333333333,,,,29.1333333333333,37.7333333333333,96.7333333333333,28.4666666666667,,30.4,27.6
2026-07-18 17:45:00,27.4666666666667,,,,25.1333333333333,35.7333333333333,69.4,30.4666666666667,,31.8666666666667,27.4
2026-07-18 18:00:00,23.8,,,,24.6,33.6666666666667,54.0666666666667,29.8,,30.6,30.1333333333333
2026-07-18 18:15:00,28.0666666666667,,,,24.9333333333333,35.8,47.6,32.1333333333333,,32.1333333333333,31.1333333333333
2026-07-18 18:30:00,27.0,,,,25.0666666666667,35.9333333333333,45.6666666666667,33.1333333333333,,33.5333333333333,31.1333333333333
2026-07-18 18:45:00,28.8,,,,28.0666666666667,37.0666666666667,42.2,37.1333333333333,,35.8,36.7333333333333
2026-07-18 19:00:00,31.3333333333333,,,,32.5333333333333,40.4666666666667,41.1333333333333,41.4,,38.9333333333333,35.4
2026-07-18 19:15:00,34.8,,,,35.3333333333333,47.2666666666667,39.4666666666667,45.4,,45.2,43.4666666666667
2026-07-18 19:30:00,42.0666666666667,,,,43.1333333333333,55.4,45.0,45.3333333333333,,55.5333333333333,90.0
2026-07-18 19:45:00,37.8666666666667,,,,43.0666666666667,53.0666666666667,46.9333333333333,48.6,,45.5333333333333,63.0
2026-07-18 20:00:00,34.1333333333333,,,,34.6,47.0666666666667,46.8666666666667,49.3333333333333,,46.2666666666667,77.0
2026-07-18 20:15:00,33.0666666666667,,,,32.7333333333333,39.7333333333333,55.0666666666667,45.0,,44.4666666666667,75.2666666666667
2026-07-18 20:30:00,37.2,,,,30.6,38.9333333333333,74.1333333333333,45.8666666666667,,41.4666666666667,95.0666666666667
2026-07-18 20:45:00,36.7333333333333,,,,32.7333333333333,44.0666666666667,87.1333333333333,42.9333333333333,,45.9333333333333,87.6666666666667
2026-07-18 21:00:00,38.8,,,,33.8,45.8,99.4,44.5333333333333,,48.9333333333333,94.9333333333333
2026-07-18 21:15:00,35.4,,,,37.4,49.0,90.5333333333333,44.8666666666667,,49.4,98.2666666666667
2026-07-18 21:30:00,37.9333333333333,,,,39.5333333333333,48.8666666666667,84.0,46.8666666666667,,51.3333333333333,86.2
2026-07-18 21:45:00,37.2666666666667,,,,35.7333333333333,52.8666666666667,71.2666666666667,43.4666666666667,,52.0666666666667,78.4666666666667
2026-07-18 22:00:00,42.3333333333333,,,,38.1333333333333,53.4666666666667,66.6,48.0,,53.0666666666667,56.2
2026-07-18 22:15:00,45.4666666666667,,,,40.6,61.0,71.6,49.1333333333333,,57.0,83.8666666666667
2026-07-18 22:30:00,44.9333333333333,,,,43.0666666666667,60.2,75.6,54.2666666666667,,57.4666666666667,85.5333333333333
2026-07-18 22:45:00,41.0666666666667,63.6666666666667,,,44.3333333333333,65.4,81.7333333333333,54.6666666666667,,53.8,78.8666666666667
2026-07-18 23:00:00,40.9333333333333,68.8,,,41.8,60.8666666666667,79.5333333333333,56.4,,54.3333333333333,68.8666666666667
2026-07-18 23:15:00,41.2,76.8666666666667,,,42.4,62.2666666666667,84.6,60.3333333333333,,63.7333333333333,99.1333333333333
2026-07-18 23:30:00,45.6,74.0,,,42.2666666666667,68.6,87.8,66.8666666666667,,58.2,95.6666666666667
2026-07-18 23:45:00,45.7333333333333,,,,43.4666666666667,68.3333333333333,94.6666666666667,60.2,,62.6666666666667,110.533333333333
2026-07-19 00:00:00,50.2,,,,60.5333333333333,72.6,92.8,68.0666666666667,,62.6666666666667,104.8
2026-07-19 00:15:00,54.2,,,,74.0,75.0666666666667,95.2666666666667,73.7333333333333,,65.9333333333333,137.666666666667
2026-07-19 00:30:00,56.6666666666667,,,,62.4666666666667,81.8,95.3333333333333,80.4,,70.2,130.066666666667
2026-07-19 00:45:00,55.3333333333333,,,,67.4,84.4,91.6666666666667,84.7333333333333,,79.6666666666667,163.266666666667
2026-07-19 01:00:00,55.8666666666667,,,,65.4,86.8666666666667,107.6,92.4666666666667,,89.1333333333333,159.933333333333
2026-07-19 01:15:00,59.8666666666667,,106.666666666667,,64.3333333333333,92.7333333333333,106.066666666667,100.333333333333,,93.4,165.0
2026-07-19 01:30:00,62.7333333333333,,110.333333333333,,69.8666666666667,97.0666666666667,109.533333333333,105.8,,98.8666666666667,175.4
2026-07-19 01:45:00,79.2666666666667,,115.333333333333,,75.4,102.066666666667,101.2,111.133333333333,,101.133333333333,183.6
2026-07-19 02:00:00,121.066666666667,,130.133333333333,,77.2,122.333333333333,107.0,117.866666666667,,106.8,197.133333333333
2026-07-19 02:15:00,193.733333333333,,136.8,,87.6,134.266666666667,115.666666666667,130.466666666667,,116.8,216.733333333333
2026-07-19 02:30:00,276.933333333333,,143.266666666667,,101.933333333333,161.133333333333,130.0,140.333333333333,,122.0,239.0
2026-07-19 02:45:00,316.0,,157.733333333333,,138.333333333333,189.6,135.2,157.866666666667,,133.333333333333,190.0
2026-07-19 03:00:00,313.6,,174.2,,176.8,208.6,144.866666666667,164.2,,127.866666666667,224.333333333333
2026-07-19 03:15:00,312.466666666667,,175.8,,197.8,202.0,158.8,167.333333333333,,140.733333333333,260.0
2026-07-19 03:30:00,304.533333333333,,177.866666666667,,212.066666666667,199.266666666667,174.8,176.133333333333,,144.933333333333,273.466666666667
2026-07-19 03:45:00,296.0,,186.666666666667,,205.533333333333,198.4,178.466666666667,173.866666666667,,155.0,280.6
2026-07-19 04:00:00,298.666666666667,,187.533333333333,,213.0,195.733333333333,174.4,170.8,,150.133333333333,263.6
2026-07-19 04:15:00,294.8,,186.133333333333,,203.333333333333,199.2,178.4,166.933333333333,,135.0,253.333333333333
2026-07-19 04:30:00,294.266666666667,,184.266666666667,,199.533333333333,187.666666666667,190.466666666667,161.733333333333,,125.4,261.4
2026-07-19 04:45:00,290.8,,180.533333333333,,188.866666666667,179.266666666667,190.266666666667,169.733333333333,,133.866666666667,264.466666666667
2026-07-19 05:00:00,275.466666666667,,200.6,,177.533333333333,174.266666666667,207.133333333333,173.266666666667,,147.866666666667,256.866666666667
2026-07-19 05:15:00,267.733333333333,,205.733333333333,,172.266666666667,170.066666666667,216.133333333333,172.666666666667,,153.466666666667,255.533333333333
2026-07-19 05:30:00,251.666666666667,,185.133333333333,,181.066666666667,162.933333333333,227.8,146.466666666667,,132.6,219.933333333333
2026-07-19 05:45:00,235.266666666667,,178.133333333333,,174.333333333333,151.866666666667,245.133333333333,129.666666666667,,118.466666666667,220.266666666667
2026-07-19 06:00:00,234.266666666667,,173.0,,163.066666666667,143.533333333333,254.333333333333,125.466666666667,,126.066666666667,218.466666666667
2026-07-19 06:15:00,226.466666666667,,155.533333333333,,160.4,133.466666666667,249.2,128.0,,125.666666666667,213.666666666667
2026-07-19 06:30:00,224.266666666667,,149.533333333333,,156.466666666667,136.333333333333,206.2,125.666666666667,,119.533333333333,180.533333333333
2026-07-19 06:45:00,208.866666666667,,144.8,,148.733333333333,134.0,203.4,125.133333333333,,121.066666666667,190.4
2026-07-19 07:00:00,199.2,,141.2,,148.133333333333,129.733333333333,204.066666666667,125.533333333333,,115.4,186.466666666667
2026-07-19 07:15:00,172.666666666667,,142.6,,143.733333333333,117.266666666667,195.333333333333,127.533333333333,,119.6,171.133333333333
2026-07-19 07:30:00,154.4,,136.866666666667,,133.466666666667,106.466666666667,190.0,117.466666666667,,109.133333333333,134.6
2026-07-19 07:45:00,152.733333333333,,137.6,,121.6,100.466666666667,168.133333333333,106.866666666667,,88.5333333333333,111.466666666667
2026-07-19 08:00:00,145.933333333333,,121.333333333333,,110.866666666667,100.066666666667,159.2,97.7333333333333,,81.1333333333333,96.9333333333333
2026-07-19 08:15:00,130.133333333333,,101.933333333333,,101.266666666667,93.0,192.066666666667,90.4666666666667,,79.6,97.6666666666667
2026-07-19 08:30:00,131.333333333333,,83.9333333333333,,96.4666666666667,86.7333333333333,186.8,88.0,,66.0,76.7333333333333
2026-07-19 08:45:00,133.8,,73.9333333333333,,85.0666666666667,80.6666666666667,123.933333333333,78.9333333333333,,51.2,76.2
2026-07-19 09:00:00,132.333333333333,,72.0,,73.4666666666667,75.1333333333333,108.333333333333,75.9333333333333,,53.6666666666667,71.8
2026-07-19 09:15:00,114.466666666667,,70.1333333333333,,73.6,71.8,105.266666666667,82.9333333333333,,54.6666666666667,72.3333333333333
2026-07-19 09:30:00,106.666666666667,,71.1333333333333,,70.8,70.0666666666667,97.6,76.2666666666667,,53.0,68.0
2026-07-19 09:45:00,103.533333333333,78.7272727272727,60.8,,71.8,66.2,88.2,71.3333333333333,,50.5333333333333,63.6666666666667
2026-07-19 10:00:00,95.7333333333333,68.8666666666667,61.6,,60.1333333333333,65.4,83.1333333333333,90.0666666666667,,49.4666666666667,63.4666666666667
2026-07-19 10:15:00,95.2,70.4666666666667,59.5333333333333,,62.1333333333333,62.8666666666667,63.8666666666667,67.8,,46.1333333333333,58.4666666666667
2026-07-19 10:30:00,94.8666666666667,70.0909090909091,52.8666666666667,,61.5333333333333,61.6666666666667,61.0666666666667,64.8,,41.0,54.0666666666667
2026-07-19 10:45:00,78.0,,54.8666666666667,,55.8,58.0,59.4,64.8,,41.7333333333333,50.9333333333333
2026-07-19 11:00:00,66.8,,51.3333333333333,,53.0,85.3333333333333,54.6,47.2666666666667,,35.2,45.7333333333333
2026-07-19 11:15:00,69.2,,47.0,,55.0,47.2,61.9333333333333,45.4,,33.6,35.8
2026-07-19 11:30:00,64.6666666666667,,47.9333333333333,,52.5333333333333,50.4666666666667,66.4666666666667,42.2666666666667,,36.4666666666667,38.2666666666667
2026-07-19 11:45:00,58.8,,38.8666666666667,,47.6666666666667,52.8666666666667,44.4666666666667,40.2666666666667,,30.4,36.8666666666667
2026-07-19 12:00:00,54.6666666666667,,40.4666666666667,,42.1333333333333,45.5333333333333,43.5333333333333,37.6,,28.4,35.1333333333333
2026-07-19 12:15:00,51.4666666666667,,48.6666666666667,,38.2666666666667,39.5333333333333,46.6,38.2,,27.5333333333333,31.6666666666667
2026-07-19 12:30:00,57.6,,33.4666666666667,,38.3333333333333,35.2666666666667,45.8,34.1333333333333,,32.4,29.4
2026-07-19 12:45:00,54.0666666666667,,34.6,,33.7333333333333,35.0666666666667,52.0666666666667,32.4,,28.4666666666667,28.2666666666667
2026-07-19 13:00:00,48.3333333333333,,31.8666666666667,,35.0666666666667,33.8,52.0,32.9333333333333,,35.9333333333333,26.5333333333333
2026-07-19 13:15:00,47.0666666666667,,31.7333333333333,,31.3333333333333,35.3333333333333,42.6,33.0666666666667,,23.2,25.9333333333333
2026-07-19 13:30:00,42.1333333333333,,29.8,,32.2,32.6666666666667,57.2,30.2,,41.2,23.5333333333333
2026-07-19 13:45:00,37.6666666666667,,27.0666666666667,,29.8,31.6,53.2666666666667,60.4666666666667,,36.1333333333333,21.1333333333333
2026-07-19 14:00:00,36.0666666666667,,27.4666666666667,,27.3333333333333,34.5333333333333,43.2666666666667,266.266666666667,,31.7333333333333,21.8666666666667
2026-07-19 14:15:00,36.6666666666667,,25.1333333333333,,27.4,29.4,46.5333333333333,25.8,,27.4666666666667,20.0666666666667
2026-07-19 14:30:00,39.6666666666667,,25.8,,25.6666666666667,29.6666666666667,40.4,28.0,,22.0666666666667,20.0666666666667
2026-07-19 14:45:00,33.8666666666667,,25.6,,24.9333333333333,27.6666666666667,34.5333333333333,26.5333333333333,,20.4666666666667,21.2
2026-07-19 15:00:00,33.2666666666667,,24.0,,23.2,26.4,32.8,25.8,,19.8666666666667,23.2666666666667
2026-07-19 15:15:00,33.6,,23.0,,22.8666666666667,27.0,44.6,33.3333333333333,,18.9333333333333,26.6
2026-07-19 15:30:00,39.4666666666667,,22.0666666666667,,21.4666666666667,28.0666666666667,44.2666666666667,22.3333333333333,,17.6,25.1333333333333
2026-07-19 15:45:00,32.9333333333333,,21.4,,21.8,25.6666666666667,42.7333333333333,22.7333333333333,,18.4,20.6666666666667
2026-07-19 16:00:00,34.4,,22.4,,21.8,25.5333333333333,67.2666666666667,22.8,,18.8666666666667,22.3333333333333
2026-07-19 16:15:00,31.0,,21.3333333333333,,22.6,25.5333333333333,40.2,23.2,,19.3333333333333,17.9333333333333
2026-07-19 16:30:00,31.5333333333333,,20.8,,22.7333333333333,26.2666666666667,40.3333333333333,24.9333333333333,,20.8666666666667,20.8
2026-07-19 16:45:00,32.6666666666667,,19.9333333333333,,21.8666666666667,25.9333333333333,36.8666666666667,24.3333333333333,,20.6,18.5333333333333
2026-07-19 17:00:00,32.0,,20.9333333333333,,22.0666666666667,26.0,40.2,23.4,,20.6666666666667,19.8
2026-07-19 17:15:00,34.6666666666667,,22.1333333333333,,21.6,24.4666666666667,30.7333333333333,25.1333333333333,,18.7333333333333,22.4666666666667
2026-07-19 17:30:00,30.5333333333333,,20.3333333333333,,24.7333333333333,22.8,32.6,25.4,,18.9333333333333,19.1333333333333
2026-07-19 17:45:00,35.9333333333333,,19.9333333333333,,24.0666666666667,39.3333333333333,35.2,26.4666666666667,,19.0,21.3333333333333
2026-07-19 18:00:00,34.6666666666667,,20.3333333333333,,23.8666666666667,33.3333333333333,36.6,28.0666666666667,,19.7333333333333,25.7333333333333
2026-07-19 18:15:00,44.2666666666667,,21.6666666666667,,25.2666666666667,98.1333333333333,36.7333333333333,42.0,,21.3333333333333,41.4666666666667
2026-07-19 18:30:00,42.8,,22.0666666666667,,24.7333333333333,71.8666666666667,30.6666666666667,29.3333333333333,,24.1333333333333,43.8666666666667
2026-07-19 18:45:00,52.2666666666667,,23.4666666666667,,31.4666666666667,164.733333333333,29.4,29.7333333333333,,24.5333333333333,92.6
2026-07-19 19:00:00,55.4,,23.3333333333333,,25.9333333333333,29.8666666666667,32.8666666666667,27.7333333333333,,25.2666666666667,107.933333333333
2026-07-19 19:15:00,52.9333333333333,,24.8666666666667,,29.4,30.5333333333333,31.3333333333333,30.0,,26.2,36.3333333333333
2026-07-19 19:30:00,51.3333333333333,,24.8,,29.0666666666667,32.1333333333333,35.8,31.4666666666667,,31.2,36.4
2026-07-19 19:45:00,57.4666666666667,,26.8,,32.5333333333333,35.2,32.8666666666667,32.0666666666667,,56.3333333333333,38.4666666666667
2026-07-19 20:00:00,59.4666666666667,,28.9333333333333,,33.5333333333333,40.1333333333333,31.9333333333333,35.1333333333333,,29.9333333333333,40.8
2026-07-19 20:15:00,65.5333333333333,,28.1333333333333,,34.6,41.2666666666667,46.0666666666667,37.7333333333333,,30.8,40.8666666666667
2026-07-19 20:30:00,70.1333333333333,,29.2,,37.2,44.8666666666667,63.2666666666667,38.5333333333333,,32.4,48.7333333333333
2026-07-19 20:45:00,67.9333333333333,,37.4,,38.9333333333333,47.0666666666667,61.2,38.0,,32.4666666666667,52.8666666666667
2026-07-19 21:00:00,67.8,,37.0,,41.6,45.4,67.8666666666667,38.4,,34.4,55.5333333333333
2026-07-19 21:15:00,65.4,,36.1333333333333,,41.2,47.0666666666667,64.9333333333333,36.7333333333333,,35.0,56.0666666666667
2026-07-19 21:30:00,63.6666666666667,,37.7333333333333,,41.1333333333333,48.4,68.0,38.8,,39.4,60.9333333333333
2026-07-19 21:45:00,68.8,,38.1333333333333,,41.4666666666667,48.8666666666667,69.0,42.0,,38.8666666666667,61.1333333333333
2026-07-19 22:00:00,71.1333333333333,,40.2666666666667,,40.4666666666667,50.6,73.7333333333333,39.8,,36.0,66.4666666666667
2026-07-19 22:15:00,69.1333333333333,69.0909090909091,41.7333333333333,,43.2666666666667,51.9333333333333,73.0666666666667,39.2,,37.8666666666667,65.4
2026-07-19 22:30:00,68.9333333333333,69.3333333333333,43.9333333333333,,40.4,51.2666666666667,72.5333333333333,40.0,,35.9333333333333,70.2
2026-07-19 22:45:00,71.9333333333333,79.5333333333333,45.9333333333333,,41.7333333333333,50.2,74.4666666666667,44.2666666666667,,45.2,63.3333333333333
2026-07-19 23:00:00,67.6666666666667,70.7,39.0666666666667,,46.6,48.4666666666667,75.6,35.6,,34.7333333333333,71.9333333333333
2026-07-19 23:15:00,73.4,,40.4666666666667,,48.4,48.6,73.7333333333333,35.1333333333333,,33.0666666666667,71.8
2026-07-19 23:30:00,78.0666666666667,,44.0666666666667,,54.7333333333333,50.0666666666667,85.7333333333333,31.6666666666667,,36.0,67.6666666666667
2026-07-19 23:45:00,77.4666666666667,,38.2666666666667,,52.4666666666667,50.6666666666667,89.0666666666667,34.4666666666667,,35.6666666666667,69.5333333333333
2026-07-20 00:00:00,79.3333333333333,,39.2,,49.9333333333333,49.8666666666667,82.9333333333333,32.5333333333333,,34.4,71.8666666666667
2026-07-20 00:15:00,75.5333333333333,,39.7333333333333,,47.3333333333333,51.8,77.2666666666667,37.8666666666667,,33.9333333333333,72.8
2026-07-20 00:30:00,84.8666666666667,,42.9333333333333,,48.0,53.5333333333333,91.1333333333333,46.2666666666667,,34.9333333333333,70.8
2026-07-20 00:45:00,86.7333333333333,,42.8666666666667,,53.9333333333333,52.9333333333333,98.8666666666667,43.0666666666667,,37.6666666666667,72.1333333333333
2026-07-20 01:00:00,86.9333333333333,,44.2,,54.4666666666667,55.0666666666667,97.3333333333333,45.0,,36.0,72.0666666666667
2026-07-20 01:15:00,87.6,,39.8666666666667,,57.1333333333333,55.8,92.7333333333333,48.1333333333333,,40.0,74.2
2026-07-20 01:30:00,85.8,,42.8,,62.8,55.2,90.9333333333333,44.6,,39.9333333333333,72.4
2026-07-20 01:45:00,86.2666666666667,,42.0666666666667,,81.8666666666667,55.0,93.0,51.7333333333333,,43.8,73.2
2026-07-20 02:00:00,90.0,,43.6,,184.466666666667,57.1333333333333,101.2,50.5333333333333,,40.4,72.7333333333333
2026-07-20 02:15:00,97.4666666666667,,43.6,,231.0,60.0666666666667,111.8,59.0666666666667,,43.5333333333333,74.4
2026-07-20 02:30:00,111.6,,45.2,,228.4,61.4666666666667,120.466666666667,54.2,,41.5333333333333,70.4666666666667
2026-07-20 02:45:00,108.466666666667,,41.6666666666667,,192.533333333333,62.4666666666667,108.466666666667,56.1333333333333,,44.9333333333333,69.1333333333333
2026-07-20 03:00:00,114.466666666667,,40.8,,90.5333333333333,63.4,104.533333333333,54.8,,47.7333333333333,71.1333333333333
2026-07-20 03:15:00,114.466666666667,,49.6666666666667,,72.3333333333333,65.2666666666667,71.0666666666667,59.8666666666667,,43.5333333333333,71.8
2026-07-20 03:30:00,131.4,,64.3333333333333,,67.5333333333333,61.8,99.4666666666667,53.0666666666667,,47.7333333333333,71.9333333333333
2026-07-20 03:45:00,163.6,,56.8,,65.7333333333333,65.2,114.8,54.4,,62.5333333333333,75.2666666666667
2026-07-20 04:00:00,148.266666666667,,58.2666666666667,,69.5333333333333,69.2,117.733333333333,53.2,,51.4,70.5333333333333
2026-07-20 04:15:00,139.066666666667,,55.2666666666667,,71.2666666666667,78.7333333333333,89.6666666666667,53.2666666666667,,47.2666666666667,69.9333333333333
2026-07-20 04:30:00,132.466666666667,,67.2,,89.0666666666667,86.2,84.1333333333333,49.6666666666667,,49.4,72.4
2026-07-20 04:45:00,135.533333333333,,57.6,,82.6,78.9333333333333,93.7333333333333,50.3333333333333,,46.0666666666667,71.4666666666667
2026-07-20 05:00:00,138.533333333333,,51.8666666666667,,76.1333333333333,77.4,91.1333333333333,56.0666666666667,,46.3333333333333,68.4666666666667
2026-07-20 05:15:00,147.333333333333,,54.0666666666667,,75.0666666666667,79.4,68.4,51.6,,42.7333333333333,74.9333333333333
2026-07-20 05:30:00,151.066666666667,,61.6,,85.7333333333333,78.0666666666667,82.8666666666667,54.0,,44.8666666666667,73.9333333333333
2026-07-20 05:45:00,155.0,,58.4,,87.6666666666667,81.4666666666667,97.2,56.7333333333333,,51.1333333333333,73.1333333333333
2026-07-20 06:00:00,163.8,,59.7333333333333,,106.266666666667,84.5333333333333,78.8666666666667,60.6666666666667,,57.7333333333333,71.2
2026-07-20 06:15:00,169.466666666667,,67.0,,147.066666666667,90.4,72.3333333333333,57.5333333333333,,54.6666666666667,74.8
2026-07-20 06:30:00,157.466666666667,117.625,66.6,,119.8,94.7333333333333,66.6666666666667,55.6666666666667,,55.6,74.0
2026-07-20 06:45:00,146.0,90.25,63.1333333333333,,107.0,97.2666666666667,57.2666666666667,57.9333333333333,,57.6,79.0666666666667
2026-07-20 07:00:00,144.866666666667,,59.6666666666667,,98.9333333333333,100.2,74.4666666666667,58.7333333333333,,73.6,75.4666666666667
2026-07-20 07:15:00,124.466666666667,,56.6,,99.5333333333333,99.8666666666667,104.4,63.8,,85.8666666666667,78.2666666666667
2026-07-20 07:30:00,115.133333333333,,59.1333333333333,,113.266666666667,100.666666666667,115.0,67.5333333333333,,73.2666666666667,77.5333333333333
2026-07-20 07:45:00,98.2,,63.1333333333333,,106.0,110.2,109.333333333333,71.2,,56.7333333333333,92.4666666666667
2026-07-20 08:00:00,89.9333333333333,,65.1333333333333,,103.466666666667,117.6,101.4,70.1333333333333,,57.1333333333333,91.9333333333333
2026-07-20 08:15:00,78.0666666666667,,64.0666666666667,,132.333333333333,108.8,96.8666666666667,69.8,,67.7333333333333,88.8
2026-07-20 08:30:00,72.0666666666667,,63.2666666666667,,166.133333333333,112.133333333333,91.1333333333333,68.8,,66.0666666666667,106.733333333333
2026-07-20 08:45:00,58.8,,58.2,,162.4,118.066666666667,78.0,59.9333333333333,,64.2666666666667,101.0
2026-07-20 09:00:00,44.6,,49.4666666666667,,126.066666666667,128.0,71.8666666666667,54.5333333333333,,53.9333333333333,62.4666666666667
2026-07-20 09:15:00,42.6666666666667,,46.7333333333333,,108.733333333333,109.0,66.0666666666667,41.0,,48.1333333333333,41.5333333333333
2026-07-20 09:30:00,48.8666666666667,,38.8666666666667,,78.8666666666667,99.5333333333333,58.4,41.7333333333333,,41.0666666666667,38.2666666666667
2026-07-20 09:45:00,30.7333333333333,,40.2,,71.4,100.266666666667,59.8666666666667,34.2666666666667,,40.1333333333333,35.2
2026-07-20 10:00:00,29.4,,41.4,,54.2,100.066666666667,55.6,35.1333333333333,,34.6666666666667,38.0666666666667
2026-07-20 10:15:00,28.0666666666667,,39.0666666666667,,50.5333333333333,105.8,54.8,36.3333333333333,30.875,28.5333333333333,35.0666666666667
2026-07-20 10:30:00,19.5333333333333,,39.5333333333333,,40.4,79.7333333333333,49.1333333333333,71.8666666666667,28.5333333333333,30.6666666666667,33.2666666666667
2026-07-20 10:45:00,28.2,,40.2666666666667,,39.0,58.4,80.8,38.6,30.3333333333333,28.9333333333333,34.9333333333333
2026-07-20 11:00:00,24.5333333333333,,33.5333333333333,,36.4,92.5333333333333,47.9333333333333,34.8666666666667,28.8,34.0,38.6666666666667
2026-07-20 11:15:00,32.6,,30.1333333333333,,38.8,64.7333333333333,64.4,43.1333333333333,10.75,29.1333333333333,41.5333333333333
2026-07-20 11:30:00,35.8,,31.0666666666667,,44.7333333333333,82.6,174.6,50.6666666666667,31.75,29.3333333333333,48.3333333333333
2026-07-20 11:45:00,46.4666666666667,,30.6666666666667,,43.9333333333333,72.3333333333333,38.5333333333333,53.0666666666667,31.2,38.2666666666667,43.6666666666667
2026-07-20 12:00:00,43.9333333333333,,28.6666666666667,,42.2,86.6,35.2666666666667,42.6,30.5333333333333,33.0,40.8
2026-07-20 12:15:00,42.9333333333333,,30.8,,45.0,76.3333333333333,30.2666666666667,40.8666666666667,31.8,35.6666666666667,38.4
2026-07-20 12:30:00,43.8666666666667,,30.6,,38.0,74.7333333333333,31.4,41.5333333333333,31.6,36.8,34.4
2026-07-20 12:45:00,45.1333333333333,,30.0,,38.7333333333333,65.9333333333333,32.6,37.6666666666667,30.4,37.1333333333333,33.0666666666667
2026-07-20 13:00:00,47.5333333333333,,29.9333333333333,,42.8666666666667,61.4666666666667,35.1333333333333,33.8,33.2666666666667,39.7333333333333,32.0666666666667
2026-07-20 13:15:00,51.4,,29.5333333333333,,40.3333333333333,67.5333333333333,33.6666666666667,32.4,33.5333333333333,36.0,32.5333333333333
2026-07-20 13:30:00,56.2,,29.4,,42.8666666666667,73.6,31.4666666666667,32.7333333333333,35.8666666666667,34.0666666666667,25.2
2026-07-20 13:45:00,58.4666666666667,,28.4666666666667,,39.6666666666667,73.1333333333333,84.3333333333333,30.2,36.8666666666667,29.8,26.4666666666667
2026-07-20 14:00:00,58.0666666666667,,29.9333333333333,,32.6,52.5333333333333,36.4,31.4666666666667,36.7333333333333,28.6666666666667,26.4
2026-07-20 14:15:00,50.5333333333333,,31.6,,33.0,51.2,37.2,27.4,36.0666666666667,29.1333333333333,24.9333333333333
2026-07-20 14:30:00,51.5333333333333,,29.8666666666667,,35.8,45.7333333333333,28.4285714285714,29.0666666666667,37.2,27.2,25.0666666666667
2026-07-20 14:45:00,50.6666666666667,,32.0666666666667,,34.8,49.7333333333333,,28.0666666666667,36.8,26.4,25.2666666666667
2026-07-20 15:00:00,51.6,,31.3333333333333,,31.9333333333333,46.8,,28.3333333333333,37.4666666666667,27.3333333333333,28.1333333333333
2026-07-20 15:15:00,51.2666666666667,,29.9333333333333,,29.9333333333333,49.8666666666667,,29.4,34.7333333333333,26.5333333333333,30.4666666666667
2026-07-20 15:30:00,43.6666666666667,,33.0,,29.0,43.9333333333333,,30.7333333333333,35.2,26.8,28.8666666666667
2026-07-20 15:45:00,42.5333333333333,,29.2,,25.3333333333333,50.6,,32.3333333333333,33.1333333333333,27.8666666666667,27.8666666666667
2026-07-20 16:00:00,40.0,,30.6,,24.4,40.8,,31.4666666666667,31.4666666666667,27.6,30.7333333333333
2026-07-20 16:15:00,36.3333333333333,,25.6,,26.5333333333333,39.4666666666667,,32.4,29.8666666666667,27.2666666666667,32.0666666666667
2026-07-20 16:30:00,39.0,,25.7333333333333,,26.6,36.4,,33.4,30.0,27.5333333333333,28.6666666666667
2026-07-20 16:45:00,37.8,,25.6666666666667,,26.9333333333333,38.8666666666667,,32.3333333333333,47.4,29.1333333333333,28.8666666666667
2026-07-20 17:00:00,36.9333333333333,,27.2,,24.0,34.6666666666667,,32.2666666666667,25.8,27.9333333333333,27.4666666666667
2026-07-20 17:15:00,37.2666666666667,,27.3333333333333,,26.6,33.4666666666667,,36.3333333333333,23.9333333333333,26.1333333333333,28.9333333333333
2026-07-20 17:30:00,36.8666666666667,,27.2,,26.9333333333333,32.4666666666667,,77.6,26.3333333333333,28.6666666666667,28.7333333333333
2026-07-20 17:45:00,37.0,,26.6,,31.2,44.2,,41.2,25.7333333333333,26.7333333333333,29.9333333333333
2026-07-20 18:00:00,37.2666666666667,,26.0,,32.5333333333333,36.2,,30.4666666666667,27.7333333333333,27.6666666666667,31.8
2026-07-20 18:15:00,35.0666666666667,,26.8666666666667,,34.2,36.6,126.166666666667,29.2666666666667,27.4,27.2666666666667,126.333333333333
2026-07-20 18:30:00,37.0666666666667,,26.8,,34.0,39.9333333333333,28.6,31.3333333333333,29.1333333333333,26.0666666666667,60.1333333333333
2026-07-20 18:45:00,34.8666666666667,,30.6,,35.8,71.8,37.1333333333333,28.7333333333333,29.5333333333333,24.4666666666667,31.0666666666667
2026-07-20 19:00:00,38.5333333333333,,29.8666666666667,,32.0,36.8,32.8666666666667,26.9333333333333,29.4,25.7333333333333,37.8666666666667
2026-07-20 19:15:00,39.4666666666667,,30.4666666666667,,29.4666666666667,45.5333333333333,45.5333333333333,28.1333333333333,28.0666666666667,25.4666666666667,32.6666666666667
2026-07-20 19:30:00,36.5333333333333,,38.3333333333333,,34.0,38.9333333333333,33.8,28.8,28.6666666666667,24.3333333333333,41.4
2026-07-20 19:45:00,36.8,,31.2666666666667,,44.0,41.3333333333333,44.8,27.8,32.8666666666667,26.6,36.8666666666667
2026-07-20 20:00:00,38.6,,32.6,,41.4,42.5333333333333,38.3333333333333,30.2666666666667,32.6666666666667,29.4666666666667,43.9333333333333
2026-07-20 20:15:00,40.0666666666667,,35.8666666666667,,42.3333333333333,47.2666666666667,39.6666666666667,35.4666666666667,36.1333333333333,26.4666666666667,42.3333333333333
2026-07-20 20:30:00,40.8666666666667,,36.0666666666667,,41.0,46.2666666666667,44.4,33.0,35.1333333333333,27.4666666666667,46.2
2026-07-20 20:45:00,41.1333333333333,,37.2666666666667,,37.2666666666667,43.9333333333333,53.8666666666667,32.4,32.8666666666667,28.2666666666667,49.8666666666667
2026-07-20 21:00:00,45.0,,37.2,,39.0,47.0666666666667,56.1333333333333,35.8666666666667,33.0666666666667,29.8666666666667,55.6
2026-07-20 21:15:00,45.5333333333333,,35.4,,51.6666666666667,50.6666666666667,62.1333333333333,39.2,37.0666666666667,30.8666666666667,47.3333333333333
2026-07-20 21:30:00,46.6666666666667,,35.4,,45.1333333333333,65.0666666666667,69.0,45.2666666666667,40.7333333333333,29.5333333333333,48.4
2026-07-20 21:45:00,48.5333333333333,69.5555555555556,36.4666666666667,,44.6666666666667,66.1333333333333,63.9333333333333,44.0,40.3333333333333,31.3333333333333,47.5333333333333
2026-07-20 22:00:00,47.6,68.2666666666667,35.0,,49.6,57.5333333333333,69.6,40.4666666666667,42.2,33.3333333333333,59.8666666666667
2026-07-20 22:15:00,51.0666666666667,66.7333333333333,36.7333333333333,,49.2666666666667,60.3333333333333,69.2,36.4666666666667,77.2666666666667,32.4666666666667,55.0666666666667
2026-07-20 22:30:00,54.1333333333333,66.1333333333333,38.4666666666667,,44.2666666666667,62.2,66.8,46.0666666666667,45.4666666666667,33.6,54.2666666666667
2026-07-20 22:45:00,65.8,69.0,36.0666666666667,,47.9333333333333,68.0666666666667,72.1333333333333,38.3333333333333,53.9333333333333,39.3333333333333,57.3333333333333
2026-07-20 23:00:00,57.1333333333333,69.5333333333333,38.0,,44.6666666666667,78.4,70.5333333333333,41.6,59.2,37.6,48.9333333333333
2026-07-20 23:15:00,61.4,82.0666666666667,40.1333333333333,,48.3333333333333,95.0666666666667,71.0666666666667,52.9333333333333,61.3333333333333,34.6666666666667,46.0666666666667
2026-07-20 23:30:00,80.2666666666667,80.4,41.8666666666667,,56.2,100.333333333333,72.2666666666667,45.2,58.3333333333333,34.3333333333333,47.7333333333333
2026-07-20 23:45:00,88.8666666666667,74.9333333333333,40.7333333333333,,51.0666666666667,142.866666666667,73.8666666666667,51.1333333333333,48.5333333333333,33.6666666666667,50.0666666666667
2026-07-21 00:00:00,110.8,76.0,44.0666666666667,,49.2,144.533333333333,67.7333333333333,38.2666666666667,74.4,42.3333333333333,56.9333333333333
2026-07-21 00:15:00,110.466666666667,73.3333333333333,42.4,,47.7333333333333,191.866666666667,79.4,38.9333333333333,58.8666666666667,51.2,62.7333333333333
2026-07-21 00:30:00,98.9333333333333,75.9333333333333,43.4666666666667,,54.4,166.133333333333,74.2,43.6666666666667,64.5333333333333,50.1333333333333,55.0
2026-07-21 00:45:00,117.4,78.2666666666667,48.4666666666667,,54.8666666666667,129.4,84.8666666666667,44.6,63.8666666666667,45.4666666666667,56.2
2026-07-21 01:00:00,131.333333333333,76.0,44.8,,56.7333333333333,144.866666666667,86.3333333333333,45.1333333333333,68.3333333333333,44.6,59.0666666666667
2026-07-21 01:15:00,133.0,74.2,44.6,,64.6,129.533333333333,79.6666666666667,53.2666666666667,68.0,39.0666666666667,51.8666666666667
2026-07-21 01:30:00,126.866666666667,82.9333333333333,44.8666666666667,,62.4,124.533333333333,81.6666666666667,44.8,66.4,35.4,56.2
2026-07-21 01:45:00,122.666666666667,85.4666666666667,45.0666666666667,,58.8,114.666666666667,85.5333333333333,49.8666666666667,60.8,33.5333333333333,60.2666666666667
2026-07-21 02:00:00,120.2,80.6,47.4,,59.8,105.333333333333,89.5333333333333,43.9333333333333,65.6,33.6666666666667,61.3333333333333
2026-07-21 02:15:00,122.466666666667,79.0,46.2,,63.4,107.866666666667,94.4,49.6666666666667,76.1333333333333,33.0,57.4666666666667
2026-07-21 02:30:00,124.333333333333,86.4666666666667,48.9333333333333,,62.8666666666667,114.333333333333,105.533333333333,46.4666666666667,77.3333333333333,41.8,60.2
2026-07-21 02:45:00,125.6,85.0666666666667,49.2666666666667,,62.1333333333333,127.4,96.1333333333333,46.9333333333333,66.4666666666667,41.7333333333333,59.6
2026-07-21 03:00:00,148.066666666667,84.9333333333333,53.0666666666667,,73.4666666666667,134.933333333333,94.6,51.4,71.0666666666667,41.3333333333333,55.6666666666667
2026-07-21 03:15:00,152.6,85.2,52.2666666666667,,69.0666666666667,151.533333333333,94.4,49.0666666666667,95.0,40.0,53.4
2026-07-21 03:30:00,131.6,85.9333333333333,48.4,,65.9333333333333,148.733333333333,100.933333333333,48.9333333333333,75.0,37.0666666666667,50.8666666666667
2026-07-21 03:45:00,127.6,85.9333333333333,48.9333333333333,,67.5333333333333,144.266666666667,113.533333333333,52.6666666666667,79.6,36.0,52.8
2026-07-21 04:00:00,180.8,92.9333333333333,48.9333333333333,,68.4666666666667,138.0,104.333333333333,50.4,76.4,38.4,50.9333333333333
2026-07-21 04:15:00,185.466666666667,94.2666666666667,51.7333333333333,,68.3333333333333,131.333333333333,107.533333333333,57.8,84.5333333333333,37.7333333333333,50.9333333333333
2026-07-21 04:30:00,176.8,98.4,58.7333333333333,,68.0,139.0,115.8,60.4,86.1333333333333,38.0,57.8
2026-07-21 04:45:00,163.133333333333,95.2666666666667,63.2,,68.0666666666667,172.466666666667,107.733333333333,52.8,94.2666666666667,37.2,56.8666666666667
2026-07-21 05:00:00,146.4,94.3333333333333,64.9333333333333,,67.6666666666667,190.333333333333,113.6,56.2,91.4666666666667,45.6666666666667,58.2666666666667
2026-07-21 05:15:00,129.4,103.266666666667,64.5333333333333,,70.3333333333333,173.266666666667,112.133333333333,61.7333333333333,85.4666666666667,48.7333333333333,62.9333333333333
2026-07-21 05:30:00,122.533333333333,104.066666666667,73.8666666666667,,73.1333333333333,154.666666666667,115.933333333333,61.0,86.0,45.8,66.0666666666667
2026-07-21 05:45:00,134.0,103.866666666667,75.0666666666667,,74.4666666666667,107.866666666667,119.866666666667,62.6666666666667,99.2,48.4666666666667,66.9333333333333
2026-07-21 06:00:00,139.733333333333,102.2,74.8666666666667,,143.666666666667,100.933333333333,114.8,65.2666666666667,84.8666666666667,51.5333333333333,70.8
2026-07-21 06:15:00,142.533333333333,91.7333333333333,74.6666666666667,,177.4,117.4,117.066666666667,64.8,94.3333333333333,55.4,76.0666666666667
2026-07-21 06:30:00,142.666666666667,89.6,74.4,,140.2,120.066666666667,114.8,65.0,101.066666666667,65.4666666666667,72.5333333333333
2026-07-21 06:45:00,112.533333333333,83.4666666666667,74.5333333333333,,130.4,110.4,114.733333333333,66.8666666666667,101.4,58.3333333333333,70.8666666666667
2026-07-21 07:00:00,92.7333333333333,77.3333333333333,77.7333333333333,,123.533333333333,112.333333333333,115.666666666667,66.7333333333333,93.2666666666667,63.4,69.4666666666667
2026-07-21 07:15:00,94.9333333333333,80.0,78.0666666666667,,111.666666666667,109.0,109.066666666667,69.2,82.0,66.8666666666667,72.7333333333333
2026-07-21 07:30:00,114.866666666667,79.2666666666667,76.6,,99.4666666666667,128.6,98.7333333333333,68.9333333333333,77.7333333333333,75.9333333333333,76.0666666666667
2026-07-21 07:45:00,83.4666666666667,74.1333333333333,76.0666666666667,,122.466666666667,146.8,100.933333333333,70.2666666666667,75.7333333333333,63.5333333333333,70.7333333333333
2026-07-21 08:00:00,79.9333333333333,76.6666666666667,72.2666666666667,,99.4666666666667,114.933333333333,90.5333333333333,67.6,80.5333333333333,78.4666666666667,68.4
2026-07-21 08:15:00,107.4,75.0666666666667,73.2666666666667,,96.1333333333333,100.466666666667,87.4,69.4,87.8666666666667,82.6666666666667,69.1333333333333
2026-07-21 08:30:00,83.9333333333333,76.8666666666667,71.4,,74.3333333333333,105.866666666667,80.6666666666667,104.466666666667,80.5333333333333,93.4,68.5333333333333
2026-07-21 08:45:00,81.2666666666667,75.1333333333333,72.4,,73.2666666666667,101.333333333333,81.8,75.6,82.3333333333333,130.466666666667,72.2
2026-07-21 09:00:00,86.8,75.3333333333333,72.4666666666667,,68.8,103.2,83.8666666666667,74.3333333333333,88.4,93.1333333333333,71.0666666666667
2026-07-21 09:15:00,83.7333333333333,76.1333333333333,73.7333333333333,,79.8666666666667,99.4,85.4,72.8666666666667,81.8666666666667,67.8,73.0666666666667
2026-07-21 09:30:00,83.1333333333333,75.5333333333333,75.9333333333333,,80.9333333333333,97.5333333333333,85.6666666666667,72.4666666666667,80.0666666666667,73.1333333333333,73.0
2026-07-21 09:45:00,80.9333333333333,79.7333333333333,75.2666666666667,,78.8,97.6666666666667,90.5333333333333,110.133333333333,85.3333333333333,70.6,72.4666666666667
2026-07-21 10:00:00,80.3333333333333,82.0666666666667,75.1333333333333,,73.1333333333333,100.8,89.1333333333333,78.6,86.4666666666667,68.9333333333333,77.1333333333333
2026-07-21 10:15:00,87.4666666666667,82.1333333333333,76.4,,74.9333333333333,114.466666666667,82.3333333333333,79.6666666666667,80.9333333333333,84.3333333333333,73.2
2026-07-21 10:30:00,88.4666666666667,80.5333333333333,73.8666666666667,,72.4,115.866666666667,78.8666666666667,76.2,77.1333333333333,79.4666666666667,72.9333333333333
2026-07-21 10:45:00,88.0666666666667,83.0,73.4666666666667,,70.4666666666667,92.4666666666667,77.0666666666667,75.4666666666667,79.4666666666667,75.8666666666667,67.8
2026-07-21 11:00:00,85.5333333333333,86.75,79.8,,75.8666666666667,90.6,78.8,75.6666666666667,76.2,75.5333333333333,75.6666666666667
2026-07-21 11:15:00,86.9333333333333,,73.4,,66.9333333333333,90.6666666666667,81.4,77.9333333333333,77.3333333333333,95.6666666666667,81.9333333333333
2026-07-21 11:30:00,88.0666666666667,,72.2,,66.5333333333333,103.2,84.8,78.3333333333333,82.0,71.3333333333333,95.1333333333333
2026-07-21 11:45:00,85.6,,77.8666666666667,,79.6666666666667,111.466666666667,86.0666666666667,80.1333333333333,86.5333333333333,75.8666666666667,89.3333333333333
2026-07-21 12:00:00,90.2666666666667,,81.4,,93.4666666666667,119.066666666667,80.5333333333333,76.4,84.4,69.9333333333333,87.9333333333333
2026-07-21 12:15:00,89.8,,82.2,,78.4666666666667,115.0,106.266666666667,80.4666666666667,79.6666666666667,68.5333333333333,88.3333333333333
2026-07-21 12:30:00,93.7333333333333,,68.0,,94.0666666666667,113.066666666667,108.466666666667,77.3333333333333,88.6,76.0,81.6
2026-07-21 12:45:00,94.4,,60.5333333333333,,92.0,99.7333333333333,99.7333333333333,60.0666666666667,106.733333333333,65.4,64.5333333333333
2026-07-21 13:00:00,102.8,,49.3333333333333,,78.0,94.1333333333333,135.333333333333,69.2,89.9333333333333,72.2,99.8
2026-07-21 13:15:00,85.1333333333333,,43.6,,63.0666666666667,96.9333333333333,112.866666666667,79.7333333333333,73.8666666666667,107.4,128.933333333333
2026-07-21 13:30:00,70.2666666666667,,56.4666666666667,,92.3333333333333,139.266666666667,83.8,97.6,78.4666666666667,128.666666666667,118.666666666667
2026-07-21 13:45:00,63.4666666666667,,74.2666666666667,,95.4666666666667,115.666666666667,73.4666666666667,100.6,60.4,137.066666666667,135.066666666667
2026-07-21 14:00:00,57.6,,56.6666666666667,,88.8,100.4,106.8,84.4666666666667,57.3333333333333,76.9333333333333,95.3333333333333
2026-07-21 14:15:00,53.8,,64.4,,75.3333333333333,109.333333333333,438.733333333333,65.3333333333333,63.5333333333333,58.0666666666667,88.8666666666667
2026-07-21 14:30:00,53.0,,70.6,,75.0666666666667,101.0,273.333333333333,57.3333333333333,58.5333333333333,52.8,71.2666666666667
2026-07-21 14:45:00,59.0666666666667,,65.2666666666667,,75.3333333333333,101.6,180.2,51.8,59.4666666666667,47.0666666666667,68.2666666666667
2026-07-21 15:00:00,66.6666666666667,,67.8666666666667,,73.0666666666667,95.0,113.533333333333,53.3333333333333,67.6666666666667,46.5333333333333,69.7333333333333
2026-07-21 15:15:00,67.9333333333333,,66.2,,68.6,98.1333333333333,86.6,51.2666666666667,64.0666666666667,43.7333333333333,68.2666666666667
2026-07-21 15:30:00,60.8666666666667,,52.9333333333333,,72.0666666666667,87.2666666666667,80.9333333333333,50.3333333333333,69.3333333333333,46.1333333333333,68.5333333333333
2026-07-21 15:45:00,59.7333333333333,,49.4,,71.9333333333333,89.0666666666667,91.1333333333333,49.5333333333333,62.3333333333333,47.4,56.4666666666667
2026-07-21 16:00:00,58.2666666666667,,45.0666666666667,,73.6666666666667,80.3333333333333,57.6666666666667,41.2,72.1333333333333,43.8,55.2
2026-07-21 16:15:00,52.0666666666667,,49.8666666666667,,79.6,73.7333333333333,61.5333333333333,39.9333333333333,77.0,40.4666666666667,52.5333333333333
2026-07-21 16:30:00,50.4,,52.3333333333333,,68.7333333333333,73.1333333333333,58.6666666666667,43.4,73.4,40.6666666666667,68.2
2026-07-21 16:45:00,51.8666666666667,,57.2666666666667,,65.2,77.7333333333333,41.1333333333333,43.2,73.2666666666667,50.0,57.5333333333333
2026-07-21 17:00:00,48.0,,50.8,,72.7333333333333,77.0,44.2666666666667,41.8666666666667,65.1333333333333,39.6666666666667,61.8
2026-07-21 17:15:00,47.7333333333333,,55.1333333333333,,80.2666666666667,68.8666666666667,49.6,32.4,57.0666666666667,37.4,72.4
2026-07-21 17:30:00,41.0666666666667,,51.9333333333333,,69.0666666666667,62.6,55.1333333333333,34.5333333333333,63.0666666666667,39.5333333333333,58.1333333333333
2026-07-21 17:45:00,38.0,,54.0,,54.6666666666667,64.3333333333333,62.9333333333333,37.8,51.2666666666667,44.6666666666667,133.333333333333
2026-07-21 18:00:00,36.4666666666667,,55.4666666666667,,52.8666666666667,67.0666666666667,72.0666666666667,38.2,55.4666666666667,42.4,120.266666666667
2026-07-21 18:15:00,37.0,,51.2,,52.6666666666667,60.3333333333333,70.2,40.0666666666667,60.5333333333333,44.1333333333333,54.2
2026-07-21 18:30:00,34.6666666666667,,51.5333333333333,,49.3333333333333,51.0666666666667,64.9333333333333,41.4666666666667,64.9333333333333,42.1333333333333,57.9333333333333
2026-07-21 18:45:00,36.6,,51.4,,46.6,54.6,64.6,39.9333333333333,59.8666666666667,58.4666666666667,76.9333333333333
2026-07-21 19:00:00,34.0666666666667,,52.3333333333333,,48.4666666666667,60.8,51.4666666666667,40.9333333333333,58.2666666666667,50.3333333333333,129.933333333333
2026-07-21 19:15:00,36.1333333333333,,51.6666666666667,365.0,47.2666666666667,58.2,61.0,44.1333333333333,60.4666666666667,47.8666666666667,191.333333333333
2026-07-21 19:30:00,33.8666666666667,,55.4666666666667,352.266666666667,51.0666666666667,56.2666666666667,68.3333333333333,47.6,57.5333333333333,52.2,83.0666666666667
2026-07-21 19:45:00,37.7333333333333,,56.8,353.533333333333,52.9333333333333,63.1333333333333,67.4,49.6666666666667,58.4666666666667,55.3333333333333,116.866666666667
2026-07-21 20:00:00,41.7333333333333,,62.0666666666667,367.6,54.5333333333333,67.6666666666667,67.6,51.4666666666667,64.2666666666667,54.6,86.1333333333333
2026-07-21 20:15:00,42.2666666666667,,64.6666666666667,366.2,55.2666666666667,71.2666666666667,74.3333333333333,52.6666666666667,66.4,62.3333333333333,146.533333333333
2026-07-21 20:30:00,45.2666666666667,,66.0666666666667,374.733333333333,58.2666666666667,73.0,84.7333333333333,53.8666666666667,58.8,61.1333333333333,115.6
2026-07-21 20:45:00,47.8,,62.7333333333333,379.6,56.0,71.9333333333333,85.0,56.4,74.7333333333333,60.4,124.866666666667
2026-07-21 21:00:00,43.1333333333333,,68.0666666666667,383.733333333333,58.0,79.7333333333333,103.933333333333,57.5333333333333,80.0,62.1333333333333,126.666666666667
2026-07-21 21:15:00,45.5333333333333,,75.0,353.933333333333,59.8666666666667,79.6666666666667,147.533333333333,59.9333333333333,63.3333333333333,69.2666666666667,249.666666666667
2026-07-21 21:30:00,46.7333333333333,,74.9333333333333,382.533333333333,58.4666666666667,86.2666666666667,133.333333333333,60.4,65.6666666666667,79.4,291.866666666667
2026-07-21 21:45:00,47.7333333333333,,78.8,427.4,58.5333333333333,86.0666666666667,108.666666666667,64.1333333333333,67.1333333333333,88.2,293.2
2026-07-21 22:00:00,49.3333333333333,,81.2666666666667,501.133333333333,67.0,92.2666666666667,129.6,65.3333333333333,79.0,113.6,128.533333333333
2026-07-21 22:15:00,53.4666666666667,75.4666666666667,84.8666666666667,453.733333333333,69.3333333333333,103.4,110.066666666667,65.8,87.6666666666667,125.266666666667,121.466666666667
2026-07-21 22:30:00,53.6,77.8,83.3333333333333,205.333333333333,71.9333333333333,101.2,117.6,69.8,106.666666666667,143.2,139.6
2026-07-21 22:45:00,54.4666666666667,80.3846153846154,98.4,402.733333333333,74.0,103.266666666667,111.866666666667,76.0666666666667,108.933333333333,116.733333333333,210.066666666667
2026-07-21 23:00:00,64.8666666666667,,101.533333333333,395.533333333333,77.3333333333333,109.066666666667,123.533333333333,75.0666666666667,89.0666666666667,123.0,160.933333333333
2026-07-21 23:15:00,73.5333333333333,,97.8666666666667,598.2,80.2,117.733333333333,128.466666666667,81.2666666666667,110.0,108.6,130.4
2026-07-21 23:30:00,82.8,,111.466666666667,536.933333333333,79.0,117.666666666667,128.8,79.4666666666667,199.266666666667,105.8,207.8
2026-07-21 23:45:00,107.066666666667,,85.5333333333333,614.266666666667,82.4666666666667,121.2,119.8,85.8666666666667,177.6,113.8,412.066666666667
2026-07-22 00:00:00,62.8,,88.5333333333333,689.333333333333,89.7333333333333,105.6,119.266666666667,88.0666666666667,174.8,135.866666666667,279.2
2026-07-22 00:15:00,59.4666666666667,,87.0,763.0,88.0,108.733333333333,121.0,85.6,145.6,129.933333333333,148.266666666667
2026-07-22 00:30:00,68.3333333333333,,113.733333333333,509.066666666667,87.2666666666667,104.4,125.933333333333,85.8,121.733333333333,137.2,122.133333333333
2026-07-22 00:45:00,66.8666666666667,,141.8,371.0,88.8,124.866666666667,120.533333333333,86.2666666666667,263.666666666667,141.466666666667,231.8
2026-07-22 01:00:00,67.5333333333333,,135.2,300.333333333333,102.8,122.666666666667,120.266666666667,94.4,172.533333333333,145.933333333333,284.8
2026-07-22 01:15:00,68.2,,151.0,298.4,102.466666666667,127.466666666667,107.266666666667,93.9333333333333,123.066666666667,173.666666666667,228.0
2026-07-22 01:30:00,69.5333333333333,,150.0,275.733333333333,104.933333333333,122.4,94.6,96.7333333333333,149.666666666667,188.733333333333,210.133333333333
2026-07-22 01:45:00,75.3333333333333,,108.2,300.4,88.8,119.6,106.866666666667,94.7333333333333,111.066666666667,177.533333333333,245.533333333333
2026-07-22 02:00:00,74.1333333333333,,105.4,302.266666666667,85.8666666666667,109.133333333333,113.066666666667,98.0666666666667,108.333333333333,153.2,308.6
2026-07-22 02:15:00,88.6666666666667,,98.8666666666667,280.4,87.5333333333333,108.466666666667,120.6,100.466666666667,108.333333333333,168.666666666667,267.733333333333
2026-07-22 02:30:00,123.266666666667,,101.2,328.733333333333,83.0,114.0,131.266666666667,104.466666666667,105.333333333333,160.6,258.733333333333
2026-07-22 02:45:00,122.533333333333,,105.333333333333,334.866666666667,84.4666666666667,117.0,144.733333333333,103.066666666667,117.533333333333,142.133333333333,195.066666666667
2026-07-22 03:00:00,124.066666666667,,111.8,377.533333333333,82.8666666666667,121.266666666667,148.666666666667,105.533333333333,121.733333333333,141.866666666667,135.333333333333
2026-07-22 03:15:00,99.3333333333333,,117.8,379.266666666667,87.8666666666667,125.533333333333,168.6,107.866666666667,113.8,149.6,207.333333333333
2026-07-22 03:30:00,96.7333333333333,,111.333333333333,314.133333333333,97.8666666666667,130.4,196.0,112.933333333333,103.466666666667,153.333333333333,286.266666666667
2026-07-22 03:45:00,103.733333333333,,111.466666666667,261.4,97.3333333333333,135.6,178.666666666667,118.533333333333,93.9333333333333,162.133333333333,263.666666666667
2026-07-22 04:00:00,107.933333333333,,111.866666666667,191.933333333333,103.266666666667,137.6,205.133333333333,120.2,92.3333333333333,149.533333333333,254.266666666667
2026-07-22 04:15:00,103.066666666667,,120.466666666667,160.0,107.933333333333,144.733333333333,231.933333333333,129.2,86.8666666666667,143.533333333333,163.8
2026-07-22 04:30:00,74.4,,113.533333333333,147.2,106.866666666667,149.666666666667,183.533333333333,128.8,102.266666666667,140.533333333333,202.8
2026-07-22 04:45:00,70.1333333333333,,104.533333333333,120.133333333333,81.9333333333333,145.733333333333,205.266666666667,120.733333333333,83.0666666666667,133.666666666667,209.333333333333
2026-07-22 05:00:00,62.2666666666667,,102.666666666667,126.6,84.6666666666667,133.533333333333,178.933333333333,118.866666666667,95.4,110.466666666667,186.866666666667
2026-07-22 05:15:00,62.2,,79.8666666666667,117.933333333333,91.8,131.866666666667,195.933333333333,90.7333333333333,86.4,105.666666666667,197.533333333333
2026-07-22 05:30:00,59.0666666666667,,77.4,92.3333333333333,87.0666666666667,118.133333333333,203.933333333333,93.4666666666667,83.6,78.1333333333333,220.533333333333
2026-07-22 05:45:00,53.6,,84.5333333333333,84.9333333333333,76.2666666666667,100.666666666667,198.6,92.8,63.4666666666667,78.2666666666667,304.4
2026-07-22 06:00:00,46.0,,86.3333333333333,61.4,72.8,81.7333333333333,175.733333333333,87.6,64.9333333333333,83.0666666666667,234.533333333333
2026-07-22 06:15:00,44.6666666666667,,84.2,56.8,64.3333333333333,69.4666666666667,186.733333333333,78.2,72.0666666666667,83.2666666666667,183.866666666667
2026-07-22 06:30:00,46.3333333333333,,79.2666666666667,69.2,54.9333333333333,68.6,188.466666666667,66.6666666666667,62.2,79.4666666666667,167.533333333333
2026-07-22 06:45:00,46.2666666666667,,69.2,88.9333333333333,51.4,61.3333333333333,191.733333333333,63.8666666666667,70.4666666666667,69.7333333333333,165.2
2026-07-22 07:00:00,46.7333333333333,,61.3333333333333,155.333333333333,44.9333333333333,59.5333333333333,146.266666666667,63.5333333333333,59.3333333333333,62.8666666666667,179.0
2026-07-22 07:15:00,48.7333333333333,,56.1333333333333,168.4,43.2666666666667,59.7333333333333,126.6,67.5333333333333,47.6,61.2666666666667,145.933333333333
2026-07-22 07:30:00,37.9333333333333,,55.8,326.6,42.9333333333333,59.9333333333333,126.133333333333,61.2,41.3333333333333,64.6,119.466666666667
2026-07-22 07:45:00,32.2666666666667,,50.6,496.2,41.8666666666667,57.4,121.866666666667,47.0,45.9333333333333,52.9333333333333,80.4666666666667
2026-07-22 08:00:00,34.8666666666667,31.0,39.5333333333333,521.4,60.8666666666667,59.9333333333333,112.333333333333,43.4666666666667,45.2666666666667,46.0,88.2666666666667
2026-07-22 08:15:00,37.7333333333333,28.7333333333333,34.8666666666667,645.0,42.5333333333333,59.0,111.666666666667,39.9333333333333,43.0666666666667,40.0,73.4666666666667
2026-07-22 08:30:00,40.3333333333333,25.3333333333333,33.4666666666667,903.466666666667,40.9333333333333,55.3333333333333,105.8,39.1333333333333,38.4,44.0,48.4
2026-07-22 08:45:00,41.5333333333333,26.1538461538462,33.4666666666667,999.533333333333,41.6666666666667,54.1333333333333,91.8666666666667,43.2666666666667,37.8666666666667,46.0666666666667,37.4666666666667
2026-07-22 09:00:00,41.4,,35.4,993.4,41.9333333333333,55.6,83.2666666666667,51.6666666666667,36.2666666666667,45.1333333333333,45.7333333333333
2026-07-22 09:15:00,35.7333333333333,,34.3333333333333,993.066666666667,37.6666666666667,48.1333333333333,68.4666666666667,55.3333333333333,27.6,44.6666666666667,45.7333333333333
2026-07-22 09:30:00,32.3333333333333,,34.6666666666667,894.666666666667,32.5333333333333,47.4666666666667,57.8666666666667,49.4666666666667,27.6666666666667,41.9333333333333,45.9333333333333
2026-07-22 09:45:00,29.4666666666667,,33.3333333333333,887.533333333333,32.6666666666667,48.0,53.0,46.6,25.8666666666667,39.0,42.2
2026-07-22 10:00:00,28.2,,35.8,878.4,34.2,47.6666666666667,48.7333333333333,45.8,26.9333333333333,35.6666666666667,40.6
2026-07-22 10:15:00,30.5333333333333,,36.0,849.4,33.2666666666667,48.3333333333333,42.4,42.4666666666667,26.6,35.6666666666667,38.4666666666667
2026-07-22 10:30:00,34.0,,41.2666666666667,792.866666666667,32.3333333333333,44.1333333333333,41.6,38.8,26.3333333333333,36.4666666666667,36.5333333333333
2026-07-22 10:45:00,23.7333333333333,,36.3333333333333,715.066666666667,32.0,40.9333333333333,42.0,39.4666666666667,24.0,32.6666666666667,35.9333333333333
2026-07-22 11:00:00,22.6666666666667,,32.9333333333333,661.0,30.7333333333333,38.7333333333333,44.1333333333333,37.7333333333333,23.3333333333333,39.5333333333333,43.5333333333333
2026-07-22 11:15:00,26.4,,32.0,609.333333333333,29.6,39.3333333333333,39.6,38.2666666666667,23.4666666666667,36.1333333333333,56.9333333333333
2026-07-22 11:30:00,29.8666666666667,,33.1333333333333,593.466666666667,28.0,38.2666666666667,37.4666666666667,36.9333333333333,22.1333333333333,31.0666666666667,37.0
2026-07-22 11:45:00,22.9333333333333,,24.5333333333333,663.533333333333,30.6,38.9333333333333,35.9333333333333,34.4,23.1333333333333,29.9333333333333,35.1333333333333
2026-07-22 12:00:00,23.2,,20.0666666666667,719.2,28.6,33.6,34.4,32.2666666666667,22.3333333333333,27.6,37.8666666666667
2026-07-22 12:15:00,21.2666666666667,,17.7333333333333,796.466666666667,26.4,43.9333333333333,34.8,27.7333333333333,20.0,29.9333333333333,30.0
2026-07-22 12:30:00,21.6666666666667,,18.2,859.066666666667,24.6666666666667,35.8,33.6666666666667,27.6666666666667,21.0666666666667,24.3333333333333,31.6666666666667
2026-07-22 12:45:00,22.9333333333333,,16.2,754.133333333333,22.1333333333333,28.5333333333333,33.3333333333333,25.5333333333333,22.4666666666667,21.7333333333333,29.1333333333333
2026-07-22 13:00:00,22.6,,16.4666666666667,639.2,20.7333333333333,30.1333333333333,32.2,18.0,19.7333333333333,17.9333333333333,20.8666666666667
2026-07-22 13:15:00,56.4666666666667,,15.5333333333333,602.333333333333,19.7333333333333,31.7333333333333,33.0,17.4,21.2,16.3333333333333,22.0
2026-07-22 13:30:00,22.3333333333333,,14.3333333333333,573.933333333333,17.7333333333333,26.2666666666667,30.6666666666667,15.0,20.4666666666667,13.9333333333333,22.5333333333333
2026-07-22 13:45:00,22.0,,14.1333333333333,479.333333333333,19.5333333333333,23.5333333333333,28.7333333333333,15.0666666666667,19.9333333333333,12.8,21.5333333333333
2026-07-22 14:00:00,20.8,,14.0,388.266666666667,18.3333333333333,27.0666666666667,28.6,16.1333333333333,20.0666666666667,14.8,16.8666666666667
2026-07-22 14:15:00,20.5333333333333,,12.3333333333333,377.4,17.6,31.0,28.4,13.9333333333333,18.8666666666667,13.4666666666667,15.5333333333333
2026-07-22 14:30:00,20.1333333333333,,13.5333333333333,436.0,21.0,29.4,36.4,12.8666666666667,18.0,15.4666666666667,14.0
2026-07-22 14:45:00,19.0666666666667,,13.6666666666667,454.266666666667,17.3333333333333,31.5333333333333,26.0666666666667,15.6666666666667,16.2666666666667,16.4666666666667,15.0666666666667
2026-07-22 15:00:00,17.5333333333333,,13.0,457.266666666667,19.0666666666667,27.6666666666667,26.4666666666667,16.8666666666667,15.0,15.9333333333333,17.3333333333333
2026-07-22 15:15:00,19.1333333333333,,11.7333333333333,508.266666666667,17.6,29.2666666666667,29.2,14.3333333333333,15.4666666666667,16.0,15.8
2026-07-22 15:30:00,18.0666666666667,,11.8666666666667,506.533333333333,16.3333333333333,25.4,25.5333333333333,17.9333333333333,14.8,13.9333333333333,15.8666666666667
2026-07-22 15:45:00,17.1333333333333,,13.7333333333333,423.266666666667,15.6666666666667,23.0,26.5333333333333,16.0666666666667,14.2666666666667,14.3333333333333,15.6
2026-07-22 16:00:00,15.6,,12.0,426.2,16.0666666666667,24.2,28.4666666666667,15.2,12.7333333333333,14.2666666666667,19.4666666666667
2026-07-22 16:15:00,16.0666666666667,,11.5333333333333,429.733333333333,15.1333333333333,20.0,27.0666666666667,15.1333333333333,14.2,14.9333333333333,14.7333333333333
2026-07-22 16:30:00,15.2666666666667,,13.4,440.066666666667,16.6666666666667,20.7333333333333,28.9333333333333,14.4,13.6666666666667,13.4,19.6666666666667
2026-07-22 16:45:00,14.7333333333333,,12.4666666666667,437.333333333333,15.5333333333333,21.4666666666667,23.9333333333333,14.3333333333333,13.2666666666667,13.7333333333333,17.4
2026-07-22 17:00:00,15.4,,12.2666666666667,448.0,15.6666666666667,144.0,26.5333333333333,14.4,12.4666666666667,11.9333333333333,22.0
2026-07-22 17:15:00,16.1333333333333,,14.4,419.733333333333,15.2,45.1333333333333,28.8666666666667,14.2666666666667,12.9333333333333,19.5333333333333,26.0
2026-07-22 17:30:00,14.3333333333333,,13.5333333333333,392.866666666667,13.8666666666667,31.0,26.4666666666667,12.8,12.9333333333333,18.6,20.2666666666667
2026-07-22 17:45:00,12.4,,14.6666666666667,392.533333333333,12.6666666666667,25.6,28.4,14.2,12.0,14.2666666666667,25.6666666666667
2026-07-22 18:00:00,12.9333333333333,,13.4,419.533333333333,13.2666666666667,33.0666666666667,23.7333333333333,13.8666666666667,10.5333333333333,12.8666666666667,36.2666666666667
2026-07-22 18:15:00,16.0666666666667,,13.1333333333333,442.266666666667,12.3333333333333,33.1333333333333,27.2,13.3333333333333,12.2666666666667,12.0666666666667,31.0666666666667
2026-07-22 18:30:00,15.8666666666667,,13.9333333333333,487.866666666667,12.5333333333333,16.3333333333333,29.7333333333333,12.8666666666667,12.0,12.0,23.1333333333333
2026-07-22 18:45:00,16.0666666666667,,14.0666666666667,583.0,11.8,17.0666666666667,34.2666666666667,13.4666666666667,14.4666666666667,12.8666666666667,18.2666666666667
2026-07-22 19:00:00,16.1333333333333,,17.4666666666667,621.6,11.0666666666667,17.4,32.8666666666667,13.9333333333333,13.4666666666667,13.3333333333333,21.1333333333333
2026-07-22 19:15:00,14.5333333333333,,15.8,619.6,11.4666666666667,15.9333333333333,33.4666666666667,13.2,14.3333333333333,13.6,16.9333333333333
2026-07-22 19:30:00,27.7333333333333,,14.8666666666667,600.2,11.6666666666667,14.6666666666667,41.7333333333333,13.8,12.4,13.9333333333333,17.4
2026-07-22 19:45:00,19.0,,17.0,591.8,11.6,15.7333333333333,42.2,14.5333333333333,13.6,14.4666666666667,15.3333333333333
2026-07-22 20:00:00,24.4,,15.7333333333333,605.0,11.7333333333333,17.4666666666667,43.9333333333333,13.9333333333333,15.9333333333333,12.9333333333333,15.2666666666667
2026-07-22 20:15:00,21.8666666666667,,16.5333333333333,630.866666666667,13.0666666666667,18.3333333333333,49.7333333333333,14.2,15.1333333333333,13.3333333333333,22.6666666666667
2026-07-22 20:30:00,15.4666666666667,,15.8666666666667,634.6,12.8666666666667,16.7333333333333,48.8666666666667,13.0666666666667,14.5333333333333,13.7333333333333,26.4
2026-07-22 20:45:00,15.9333333333333,,14.2666666666667,623.8,13.5333333333333,16.8666666666667,46.1333333333333,14.8666666666667,14.6666666666667,15.6,26.0666666666667
2026-07-22 21:00:00,14.1333333333333,,15.1333333333333,633.8,12.8666666666667,20.0,55.2666666666667,16.4666666666667,12.2,15.3333333333333,21.3333333333333
2026-07-22 21:15:00,18.9333333333333,14.0,14.3333333333333,619.2,12.0,17.6,60.2,15.2666666666667,18.8666666666667,17.4,34.8666666666667
2026-07-22 21:30:00,14.2,13.8,15.7333333333333,625.066666666667,10.4666666666667,18.8,50.4666666666667,18.4,16.3333333333333,17.0666666666667,37.6666666666667
2026-07-22 21:45:00,13.0,11.8666666666667,16.6,596.533333333333,10.0,16.7333333333333,63.8666666666667,17.1333333333333,16.2,14.2666666666667,31.5333333333333
2026-07-22 22:00:00,14.6,12.4444444444444,15.4,586.0,9.2,16.0666666666667,49.0,14.9333333333333,15.4,14.0,49.2
2026-07-22 22:15:00,13.2,,17.4,554.733333333333,9.93333333333333,21.4666666666667,36.8,12.8666666666667,23.4666666666667,13.0666666666667,38.0666666666667
2026-07-22 22:30:00,14.0,,15.4666666666667,504.8,10.7333333333333,26.0,67.4666666666667,13.1333333333333,31.3333333333333,13.6,26.0
2026-07-22 22:45:00,14.2666666666667,,14.6666666666667,481.2,12.2,23.4,54.9333333333333,13.7333333333333,33.8666666666667,15.1333333333333,39.6666666666667
2026-07-22 23:00:00,16.0,,13.8666666666667,428.0,14.8666666666667,23.7333333333333,97.5333333333333,15.3333333333333,31.3333333333333,15.0,49.4
2026-07-22 23:15:00,17.8666666666667,,14.6666666666667,352.933333333333,17.4666666666667,27.8,104.8,16.0666666666667,34.6666666666667,15.4666666666667,16.5333333333333
2026-07-22 23:30:00,16.9333333333333,,14.8666666666667,288.933333333333,23.4666666666667,29.2,101.733333333333,15.7333333333333,36.0666666666667,16.5333333333333,15.3333333333333
2026-07-22 23:45:00,18.6,,13.5333333333333,248.866666666667,24.2666666666667,35.1333333333333,96.0666666666667,18.5333333333333,22.3333333333333,17.4,22.6666666666667
2026-07-23 00:00:00,18.8666666666667,,16.7333333333333,233.266666666667,29.8666666666667,33.6,98.2,19.2,29.4666666666667,20.2666666666667,29.6
2026-07-23 00:15:00,18.8,,17.2,253.866666666667,32.2666666666667,32.6666666666667,105.266666666667,18.9333333333333,30.6,20.7333333333333,45.1333333333333
2026-07-23 00:30:00,19.6666666666667,,19.2,220.4,30.3333333333333,30.7333333333333,110.466666666667,18.1333333333333,33.6,22.4,42.0666666666667
2026-07-23 00:45:00,19.0,,20.2666666666667,196.933333333333,25.7333333333333,27.8,104.4,19.5333333333333,37.7333333333333,27.4666666666667,39.2666666666667
2026-07-23 01:00:00,22.1333333333333,,18.9333333333333,182.333333333333,24.6666666666667,27.1333333333333,109.8,19.4666666666667,37.2,23.4666666666667,38.5333333333333
2026-07-23 01:15:00,23.0666666666667,,22.2666666666667,172.0,23.2,24.2666666666667,116.866666666667,23.0,33.6,21.7333333333333,43.5333333333333
2026-07-23 01:30:00,25.3333333333333,,27.9333333333333,151.4,24.6,23.0666666666667,109.466666666667,23.7333333333333,35.8,20.2666666666667,46.0
2026-07-23 01:45:00,24.2666666666667,,26.2,143.866666666667,22.5333333333333,23.4,114.666666666667,23.0666666666667,32.5333333333333,21.2,48.3333333333333
2026-07-23 02:00:00,25.2666666666667,,22.4666666666667,132.266666666667,21.6666666666667,22.8,122.133333333333,25.3333333333333,36.8,22.4,41.7333333333333
2026-07-23 02:15:00,28.4666666666667,,19.7333333333333,119.333333333333,24.5333333333333,22.0,117.733333333333,29.0,39.7333333333333,24.9333333333333,42.1333333333333
2026-07-23 02:30:00,32.0,,27.8,110.866666666667,28.0,23.5333333333333,106.466666666667,28.4,40.6666666666667,26.2666666666667,43.0666666666667
2026-07-23 02:45:00,47.7333333333333,,25.2666666666667,110.8,24.6666666666667,24.1333333333333,109.066666666667,32.2666666666667,40.4666666666667,30.2,41.0
2026-07-23 03:00:00,38.2,,21.8,109.533333333333,23.8,24.4,107.466666666667,40.8,41.2,33.2666666666667,40.0
2026-07-23 03:15:00,38.0,,23.0666666666667,100.733333333333,25.6666666666667,32.6666666666667,116.133333333333,42.4666666666667,39.6,35.8666666666667,37.4
2026-07-23 03:30:00,37.6,,21.3333333333333,89.0,25.6,39.4,104.266666666667,43.4666666666667,33.8,45.4,38.7333333333333
2026-07-23 03:45:00,39.0,,20.2666666666667,81.2666666666667,32.9333333333333,44.4666666666667,100.733333333333,40.3333333333333,42.1333333333333,39.6,38.8666666666667
2026-07-23 04:00:00,40.0666666666667,,22.6,78.6,53.6,47.8,131.133333333333,43.0,41.9333333333333,42.1333333333333,39.7333333333333
2026-07-23 04:15:00,41.8,,22.7333333333333,75.6,43.8,49.0,197.933333333333,44.0,42.4666666666667,41.7333333333333,45.0666666666667
2026-07-23 04:30:00,44.0666666666667,,20.7333333333333,74.8666666666667,44.0666666666667,52.6666666666667,297.066666666667,44.0666666666667,39.8666666666667,41.2,35.2666666666667
2026-07-23 04:45:00,44.1333333333333,,18.2666666666667,74.8,42.0666666666667,47.9333333333333,85.3333333333333,46.2,37.7333333333333,40.7333333333333,37.0
2026-07-23 05:00:00,44.8,,33.9333333333333,78.0666666666667,41.9333333333333,59.0,132.4,44.8,37.4666666666667,41.5333333333333,38.4
2026-07-23 05:15:00,48.6666666666667,,49.6,76.8,53.8,57.2666666666667,88.6666666666667,44.0,38.6,46.1333333333333,36.6666666666667
2026-07-23 05:30:00,55.1333333333333,,48.6,76.2,51.2,56.6,82.4666666666667,44.0666666666667,42.0,43.2666666666667,40.0
2026-07-23 05:45:00,59.7333333333333,,40.4666666666667,70.4666666666667,53.8666666666667,96.8,178.866666666667,53.6666666666667,43.9333333333333,43.4,42.0
2026-07-23 06:00:00,49.0,,34.6666666666667,66.5333333333333,61.4,142.333333333333,536.4,49.6,42.0666666666667,42.6666666666667,42.2
2026-07-23 06:15:00,47.6666666666667,,23.4666666666667,66.2666666666667,68.6666666666667,250.133333333333,782.866666666667,48.2666666666667,41.1333333333333,49.1333333333333,49.2
2026-07-23 06:30:00,43.7333333333333,,20.0666666666667,55.3333333333333,68.4,182.8,361.933333333333,47.4666666666667,40.4,55.1333333333333,48.8
2026-07-23 06:45:00,40.2,,23.2666666666667,55.2666666666667,66.9333333333333,140.0,92.6666666666667,44.6666666666667,38.8666666666667,57.8,45.4666666666667
2026-07-23 07:00:00,42.6666666666667,,26.1333333333333,53.1333333333333,65.6666666666667,142.533333333333,201.733333333333,47.2666666666667,49.2666666666667,63.3333333333333,44.9333333333333
2026-07-23 07:15:00,55.0,,24.4,40.0,77.2,134.266666666667,413.4,48.2666666666667,55.9333333333333,59.4666666666667,51.9333333333333
2026-07-23 07:30:00,63.2,,28.2666666666667,39.9333333333333,74.0666666666667,111.0,52.7333333333333,51.9333333333333,40.0666666666667,78.8,66.4666666666667
2026-07-23 07:45:00,59.8666666666667,,36.9333333333333,34.1333333333333,72.7333333333333,98.0,79.0,52.6,29.6,60.4666666666667,92.6
2026-07-23 08:00:00,63.2,,55.9333333333333,36.8,70.0,87.6666666666667,70.8,52.8666666666667,30.8666666666667,58.0,114.466666666667
2026-07-23 08:15:00,56.4,,40.8,26.8666666666667,114.933333333333,82.7333333333333,75.8666666666667,52.0,31.2666666666667,39.6666666666667,105.2
2026-07-23 08:30:00,49.2666666666667,,35.4,23.6666666666667,155.2,77.5333333333333,56.3333333333333,47.6,31.0666666666667,28.4,83.9333333333333
2026-07-23 08:45:00,35.8,,38.6,23.7333333333333,92.4666666666667,54.4666666666667,53.5333333333333,48.6,29.3333333333333,22.2666666666667,60.8666666666667
2026-07-23 09:00:00,30.0666666666667,,31.5333333333333,17.9333333333333,80.1333333333333,67.1333333333333,52.4666666666667,47.7333333333333,25.0,23.1333333333333,52.6
2026-07-23 09:15:00,21.8,,31.0,24.6,66.8,92.2,38.8,42.4,22.4,23.8666666666667,40.7333333333333
2026-07-23 09:30:00,30.0666666666667,30.3846153846154,25.8,18.9333333333333,53.0666666666667,139.8,25.4,31.7333333333333,21.7333333333333,26.2,33.2
2026-07-23 09:45:00,22.4,29.4666666666667,25.2666666666667,15.4666666666667,40.6666666666667,182.4,24.4666666666667,33.0,19.0,24.4,34.0
2026-07-23 10:00:00,14.3333333333333,36.0,26.8,18.5333333333333,33.7333333333333,94.2666666666667,26.0,30.4666666666667,19.0666666666667,25.7333333333333,24.5333333333333
2026-07-23 10:15:00,10.4,,31.2666666666667,17.5333333333333,26.0,48.1333333333333,25.5333333333333,26.1333333333333,16.6666666666667,20.0666666666667,21.4
2026-07-23 10:30:00,9.8,,28.8666666666667,20.3333333333333,19.0666666666667,36.6666666666667,26.0,22.8,16.0,20.8,20.6
2026-07-23 10:45:00,11.7333333333333,,35.4,24.0,19.5333333333333,39.9333333333333,20.4,22.2,17.0666666666667,20.3333333333333,19.2666666666667
2026-07-23 11:00:00,15.0666666666667,,34.8666666666667,18.8,15.7333333333333,43.4666666666667,19.6,23.0666666666667,16.1333333333333,23.0666666666667,23.0
2026-07-23 11:15:00,13.8,,30.4666666666667,17.2666666666667,14.9333333333333,33.7333333333333,20.0666666666667,33.8,16.2,20.6,26.4666666666667
2026-07-23 11:30:00,14.6666666666667,,30.0,16.0666666666667,16.5333333333333,33.9333333333333,18.3333333333333,41.1333333333333,16.8,22.6666666666667,33.7333333333333
2026-07-23 11:45:00,15.6666666666667,,29.4,19.1333333333333,18.5333333333333,40.7333333333333,24.1333333333333,29.4,17.6,21.9333333333333,40.0
2026-07-23 12:00:00,15.8666666666667,,26.0666666666667,15.8666666666667,19.6,35.6666666666667,19.9333333333333,30.0,15.8666666666667,21.4,32.6666666666667
2026-07-23 12:15:00,16.8,,28.0666666666667,17.4666666666667,20.8,44.2,17.3333333333333,30.2,16.2666666666667,20.2,27.2
2026-07-23 12:30:00,15.1333333333333,,27.7333333333333,20.3333333333333,16.0666666666667,26.2666666666667,16.4,21.3333333333333,18.1333333333333,19.1333333333333,22.8666666666667
2026-07-23 12:45:00,17.0666666666667,,23.3333333333333,21.7333333333333,17.6,24.5333333333333,17.2666666666667,20.6,16.7333333333333,15.4,19.8666666666667
2026-07-23 13:00:00,17.2,,24.6,26.4666666666667,16.4666666666667,19.3333333333333,15.1333333333333,20.8666666666667,17.3333333333333,15.3333333333333,20.8666666666667
2026-07-23 13:15:00,19.3333333333333,,24.6666666666667,20.8666666666667,20.4666666666667,21.2,14.9333333333333,20.6,15.5333333333333,17.5333333333333,19.6666666666667
2026-07-23 13:30:00,16.0666666666667,,21.4666666666667,23.2,16.6,17.6666666666667,15.8666666666667,19.6,15.6,15.7333333333333,18.2
2026-07-23 13:45:00,15.4666666666667,,20.2666666666667,21.6666666666667,18.4666666666667,19.1333333333333,16.6666666666667,18.6666666666667,15.8,15.3333333333333,15.7333333333333
2026-07-23 14:00:00,16.1333333333333,,17.9333333333333,19.4666666666667,22.2666666666667,19.6,16.3333333333333,17.4615384615385,14.2,16.6666666666667,20.8
2026-07-23 14:15:00,17.8666666666667,,18.0,28.9333333333333,23.0,21.8,13.6666666666667,20.75,15.8666666666667,16.0666666666667,17.5333333333333
2026-07-23 14:30:00,16.6,,18.2,23.2,19.8,22.4,14.6,20.0666666666667,14.8,23.6666666666667,17.8
2026-07-23 14:45:00,15.3333333333333,,18.4,29.9333333333333,19.9333333333333,20.0,14.6,20.1333333333333,16.6,15.0,16.5333333333333
2026-07-23 15:00:00,17.5333333333333,,17.5333333333333,21.2666666666667,22.4,19.9333333333333,13.8,17.8,15.4666666666667,18.2,19.4
2026-07-23 15:15:00,16.4666666666667,,17.5333333333333,21.6,17.9333333333333,22.2666666666667,15.4666666666667,15.7333333333333,14.1333333333333,14.8,17.6666666666667
2026-07-23 15:30:00,17.0666666666667,,18.6666666666667,21.8666666666667,15.9333333333333,22.8666666666667,16.0666666666667,18.4,15.0666666666667,15.8666666666667,17.6666666666667
2026-07-23 15:45:00,18.2666666666667,,18.1333333333333,19.9333333333333,17.0,23.6666666666667,18.8,15.7333333333333,17.0666666666667,13.6,16.6666666666667
2026-07-23 16:00:00,15.0,,18.8666666666667,21.4,16.5333333333333,52.0,24.6,17.1333333333333,15.4,16.4666666666667,16.6
2026-07-23 16:15:00,14.8,,21.1333333333333,20.0,19.4,31.3333333333333,18.0,17.4666666666667,15.6666666666667,15.8666666666667,16.6666666666667
2026-07-23 16:30:00,17.2666666666667,,19.2,21.0666666666667,17.9333333333333,28.0,17.0,18.6666666666667,15.2666666666667,15.4,17.9333333333333
2026-07-23 16:45:00,15.4666666666667,,19.9333333333333,23.8,17.3333333333333,25.2666666666667,16.3333333333333,16.4,15.5333333333333,16.6666666666667,18.2666666666667
2026-07-23 17:00:00,14.6,,19.0,20.5333333333333,17.2,23.0,18.6666666666667,21.9285714285714,16.3333333333333,16.2666666666667,16.1333333333333
2026-07-23 17:15:00,15.2666666666667,,22.2,27.3333333333333,17.9333333333333,21.7333333333333,16.8666666666667,18.0666666666667,18.0666666666667,17.8,26.0666666666667
2026-07-23 17:30:00,16.1333333333333,,22.4666666666667,17.4,19.0,27.6666666666667,20.3333333333333,18.8,16.5333333333333,25.2,19.3333333333333
2026-07-23 17:45:00,15.6666666666667,,24.2,16.4,17.0666666666667,28.8,23.0,19.1333333333333,14.8666666666667,16.0,20.0
2026-07-23 18:00:00,16.9333333333333,,25.1333333333333,29.6666666666667,14.2,26.0666666666667,16.8666666666667,18.6666666666667,13.8,16.8666666666667,17.6666666666667
2026-07-23 18:15:00,16.4,,22.2666666666667,22.4,17.6,26.4,22.8,20.2,15.0666666666667,16.3333333333333,17.9333333333333
2026-07-23 18:30:00,19.6666666666667,,22.4666666666667,38.6,16.2,27.0,18.4,19.4,15.4,16.2666666666667,18.2666666666667
2026-07-23 18:45:00,17.3333333333333,,22.5333333333333,43.6666666666667,13.9333333333333,24.0666666666667,22.6,21.4,15.5333333333333,17.0,20.5333333333333
2026-07-23 19:00:00,17.9333333333333,,27.1333333333333,59.6,12.8666666666667,21.8,23.1333333333333,20.2,15.8,16.9333333333333,34.4666666666667
2026-07-23 19:15:00,17.8,,21.3333333333333,50.1333333333333,13.9333333333333,18.4,24.6,22.4666666666667,16.2,17.0666666666667,49.3333333333333
2026-07-23 19:30:00,18.7333333333333,,18.6666666666667,52.4,11.6,18.6,30.4666666666667,21.2,15.5333333333333,19.6,17.6
2026-07-23 19:45:00,17.2666666666667,,16.6,59.2666666666667,13.8666666666667,19.0,35.4666666666667,22.9333333333333,17.5333333333333,19.1333333333333,21.5333333333333
2026-07-23 20:00:00,17.8,,16.5333333333333,58.8666666666667,13.9333333333333,21.4666666666667,33.6666666666667,22.6,20.4,20.4,20.5333333333333
2026-07-23 20:15:00,16.8666666666667,,18.7333333333333,63.4,15.3333333333333,29.5333333333333,39.9333333333333,27.4666666666667,19.2,60.0,19.5333333333333
2026-07-23 20:30:00,24.1333333333333,,19.0,72.0,15.6,23.9333333333333,31.9333333333333,25.0666666666667,20.0666666666667,19.6666666666667,20.6666666666667
2026-07-23 20:45:00,28.0666666666667,,21.5333333333333,71.4,15.8666666666667,20.4666666666667,45.1333333333333,22.5333333333333,30.0666666666667,20.0666666666667,22.8666666666667
2026-07-23 21:00:00,21.0666666666667,,20.3333333333333,65.0,15.2666666666667,19.9333333333333,46.6666666666667,22.5333333333333,27.1333333333333,21.6,27.6
2026-07-23 21:15:00,28.3333333333333,,20.4666666666667,61.2,17.7333333333333,19.8,45.2,21.2,26.2666666666667,24.0666666666667,60.0
2026-07-23 21:30:00,27.3333333333333,,24.2,63.8,16.3333333333333,20.4,50.7333333333333,22.8666666666667,29.9333333333333,24.4,35.2222222222222
2026-07-23 21:45:00,26.1333333333333,,25.2666666666667,63.5333333333333,16.6666666666667,20.5333333333333,43.0,22.4,31.1333333333333,23.3333333333333,31.8666666666667
2026-07-23 22:00:00,37.3333333333333,,26.5333333333333,59.5333333333333,18.6666666666667,20.8666666666667,49.0666666666667,27.1333333333333,30.3333333333333,22.4666666666667,34.1333333333333
2026-07-23 22:15:00,30.8,,30.3333333333333,60.4,17.7333333333333,21.8,46.0,23.4666666666667,35.9333333333333,24.2,38.2
2026-07-23 22:30:00,29.3333333333333,,34.5333333333333,62.2666666666667,19.6666666666667,40.0,42.4,27.8,34.3333333333333,26.8,33.6666666666667
2026-07-23 22:45:00,28.9333333333333,,42.0666666666667,67.4666666666667,19.2666666666667,53.0,49.2666666666667,35.4666666666667,41.5333333333333,26.1333333333333,38.3333333333333
2026-07-23 23:00:00,28.6,,41.0,71.4666666666667,19.3333333333333,83.2666666666667,51.9333333333333,35.0,44.9333333333333,23.0,38.6
2026-07-23 23:15:00,32.0666666666667,,38.2,74.5333333333333,18.2,83.0666666666667,50.9333333333333,34.7333333333333,46.6666666666667,22.0,37.9333333333333
2026-07-23 23:30:00,42.6666666666667,,31.9333333333333,78.2666666666667,22.8666666666667,93.6666666666667,52.6666666666667,31.5333333333333,45.0666666666667,22.6666666666667,36.4
2026-07-23 23:45:00,36.5333333333333,,28.2666666666667,84.4666666666667,25.4666666666667,80.5333333333333,55.4666666666667,31.2,48.3333333333333,20.6,36.4
2026-07-24 00:00:00,35.0,,27.4666666666667,82.6666666666667,24.2666666666667,85.0666666666667,58.4666666666667,39.7333333333333,45.9333333333333,20.2,34.6666666666667
2026-07-24 00:15:00,41.4666666666667,,28.8,87.0666666666667,24.0666666666667,55.2,63.3333333333333,41.8666666666667,46.8666666666667,21.0666666666667,36.0
2026-07-24 00:30:00,47.7333333333333,,26.4,91.8,32.5333333333333,35.3333333333333,68.1333333333333,38.9333333333333,44.5333333333333,22.1333333333333,33.9333333333333
2026-07-24 00:45:00,45.1333333333333,,26.6,96.5333333333333,32.1333333333333,26.5333333333333,64.2666666666667,40.1333333333333,46.8666666666667,25.2666666666667,37.4666666666667
2026-07-24 01:00:00,47.4,,30.3333333333333,97.6,28.4,27.4,55.8,35.6,46.8,29.3333333333333,39.0666666666667
2026-07-24 01:15:00,48.8,,35.2666666666667,98.0,29.6666666666667,40.2,61.2,36.8,46.8,36.1333333333333,39.9333333333333
2026-07-24 01:30:00,49.1333333333333,,36.5333333333333,103.733333333333,29.2,70.6666666666667,59.0,40.3333333333333,46.3333333333333,41.0666666666667,38.2666666666667
2026-07-24 01:45:00,45.2666666666667,,28.9333333333333,99.5333333333333,33.0,110.4,60.4,42.7333333333333,44.7333333333333,52.8666666666667,37.1333333333333
2026-07-24 02:00:00,45.2666666666667,,27.5333333333333,94.3333333333333,37.4666666666667,94.1333333333333,64.8,41.1333333333333,38.4666666666667,62.8,40.3333333333333
2026-07-24 02:15:00,45.8666666666667,,26.3333333333333,87.1333333333333,37.2666666666667,90.5333333333333,64.6666666666667,37.6666666666667,67.8666666666667,63.0666666666667,38.8666666666667
2026-07-24 02:30:00,46.9333333333333,,28.6666666666667,81.1333333333333,37.9333333333333,89.8666666666667,73.4666666666667,36.2,49.1333333333333,63.3333333333333,42.5333333333333
2026-07-24 02:45:00,47.8666666666667,,29.7333333333333,80.6,32.0,58.0,74.6,36.8666666666667,57.3333333333333,60.6,44.4666666666667
2026-07-24 03:00:00,47.9333333333333,,31.2666666666667,74.9333333333333,32.0666666666667,84.9333333333333,60.9333333333333,41.2666666666667,69.5333333333333,55.0,44.4
2026-07-24 03:15:00,48.2666666666667,,33.0,74.1333333333333,33.1333333333333,119.733333333333,74.9333333333333,50.6,55.6,49.6666666666667,46.6666666666667
2026-07-24 03:30:00,47.6666666666667,,35.3333333333333,74.8,31.9333333333333,125.866666666667,83.7333333333333,45.8,60.0666666666667,54.0666666666667,44.6
2026-07-24 03:45:00,51.4,,39.2,66.0,34.2666666666667,132.266666666667,87.0666666666667,45.4666666666667,43.5333333333333,50.5333333333333,45.6666666666667
2026-07-24 04:00:00,53.1333333333333,,42.1333333333333,65.2666666666667,36.4,135.066666666667,79.6,42.2666666666667,55.0,49.2666666666667,45.3333333333333
2026-07-24 04:15:00,54.2,,38.4666666666667,65.2,38.7333333333333,144.933333333333,79.1333333333333,39.3333333333333,41.2,45.8,50.7333333333333
2026-07-24 04:30:00,52.7333333333333,,36.5333333333333,64.8,35.0666666666667,150.8,87.9333333333333,38.2666666666667,46.8,50.3333333333333,50.1333333333333
2026-07-24 04:45:00,53.2,,38.3333333333333,64.1333333333333,35.2666666666667,142.266666666667,76.6666666666667,40.8,43.2,49.2666666666667,48.7333333333333
2026-07-24 05:00:00,49.9333333333333,,38.2,62.0,38.8666666666667,135.8,84.4,52.2,39.7333333333333,49.3333333333333,51.6666666666667
2026-07-24 05:15:00,52.1333333333333,,40.6,62.6,71.7333333333333,143.866666666667,87.6,43.7333333333333,46.0,48.9333333333333,51.4
2026-07-24 05:30:00,54.7333333333333,,47.2,59.6666666666667,114.733333333333,147.266666666667,81.3333333333333,40.6,41.6,50.2666666666667,51.0
2026-07-24 05:45:00,55.2,,53.6,62.9333333333333,114.2,131.0,76.4666666666667,45.8666666666667,37.7333333333333,51.1333333333333,49.5333333333333
2026-07-24 06:00:00,52.6,,52.5333333333333,69.5333333333333,143.2,126.066666666667,75.0666666666667,42.3333333333333,48.6,53.9333333333333,47.8666666666667
2026-07-24 06:15:00,55.4666666666667,,45.2,74.8666666666667,130.6,126.4,75.8,42.4666666666667,42.2666666666667,63.7333333333333,60.6
2026-07-24 06:30:00,53.5333333333333,,45.0,78.5333333333333,108.733333333333,132.733333333333,88.8,43.2,46.0,51.2,52.9333333333333
2026-07-24 06:45:00,53.9333333333333,,45.0,76.2,109.533333333333,154.533333333333,81.2,47.7333333333333,51.2666666666667,51.0,60.0
2026-07-24 07:00:00,52.7333333333333,,54.7333333333333,97.2,87.8,169.933333333333,84.0,50.8666666666667,52.4666666666667,53.8666666666667,69.5333333333333
2026-07-24 07:15:00,53.5333333333333,,61.4666666666667,85.3333333333333,99.0666666666667,184.666666666667,86.8666666666667,53.4666666666667,49.7333333333333,51.5333333333333,67.7333333333333
2026-07-24 07:30:00,49.7333333333333,,63.3333333333333,87.0666666666667,101.466666666667,176.933333333333,102.4,53.6666666666667,43.0666666666667,52.7333333333333,55.1333333333333
2026-07-24 07:45:00,48.7333333333333,,66.8666666666667,72.1333333333333,109.333333333333,153.4,73.8666666666667,56.2666666666667,36.9333333333333,41.6,60.1333333333333
2026-07-24 08:00:00,48.4666666666667,,60.4666666666667,91.2,106.0,127.666666666667,76.2,58.0666666666667,33.4666666666667,40.2,60.2
2026-07-24 08:15:00,44.5333333333333,,53.8,76.6,114.466666666667,150.0,72.4,59.4666666666667,33.2,40.8,60.0
2026-07-24 08:30:00,44.2,,46.8666666666667,65.2,112.2,215.133333333333,56.4,59.7333333333333,36.0,39.0,60.8
2026-07-24 08:45:00,46.0666666666667,,44.1333333333333,80.1333333333333,88.0,180.266666666667,48.4666666666667,59.6666666666667,33.9333333333333,42.6,57.0
2026-07-24 09:00:00,45.0,,42.2,69.75,70.9333333333333,120.266666666667,45.8,62.6,32.5333333333333,44.8,50.6666666666667
2026-07-24 09:15:00,41.8666666666667,,41.2666666666667,130.615384615385,65.3333333333333,84.0666666666667,42.2666666666667,64.1333333333333,33.3333333333333,49.0,52.1333333333333
2026-07-24 09:30:00,41.2,,44.2666666666667,79.4666666666667,57.0666666666667,79.4666666666667,39.0666666666667,52.9333333333333,31.7333333333333,50.8666666666667,49.0
2026-07-24 09:45:00,38.3333333333333,,49.6666666666667,57.9333333333333,34.1333333333333,67.6666666666667,38.2666666666667,40.4666666666667,33.2666666666667,60.6666666666667,
2026-07-24 10:00:00,36.9333333333333,,43.8,49.6666666666667,30.4666666666667,64.4666666666667,35.4,40.1333333333333,33.2,61.4666666666667,
2026-07-24 10:15:00,40.2,,35.7333333333333,55.0666666666667,32.2666666666667,55.1333333333333,38.3333333333333,40.3333333333333,31.8,59.8,
2026-07-24 10:30:00,47.2666666666667,,42.6,60.9333333333333,33.2666666666667,46.4,43.2666666666667,40.3333333333333,34.0666666666667,48.0666666666667,33.2
2026-07-24 10:45:00,46.8,,41.0666666666667,68.0666666666667,29.7333333333333,43.3333333333333,41.4666666666667,39.8,36.2,41.4,37.7333333333333
2026-07-24 11:00:00,48.5333333333333,,43.1333333333333,65.4666666666667,27.8,45.2666666666667,44.6,40.8,38.0,46.4666666666667,56.3333333333333
2026-07-24 11:15:00,48.2666666666667,,30.2,50.8666666666667,26.2,41.0666666666667,47.4,37.9333333333333,43.0,42.0666666666667,41.6666666666667
2026-07-24 11:30:00,60.7333333333333,,32.3333333333333,51.2666666666667,28.6,38.8666666666667,46.4666666666667,30.4666666666667,47.3333333333333,50.4666666666667,46.5
2026-07-24 11:45:00,40.4666666666667,,27.6666666666667,39.1333333333333,25.3333333333333,35.5333333333333,51.7333333333333,31.6666666666667,44.6666666666667,31.6666666666667,
2026-07-24 12:00:00,29.8,,25.9333333333333,35.8,25.3333333333333,35.8,46.2,28.9333333333333,45.4666666666667,38.1333333333333,
2026-07-24 12:15:00,33.4,,29.2666666666667,25.4,26.5333333333333,35.0,34.6666666666667,27.7333333333333,37.5333333333333,41.4666666666667,
2026-07-24 12:30:00,5.2,,28.0,25.9333333333333,24.4,35.2,35.4666666666667,24.1333333333333,35.8666666666667,31.0,
2026-07-24 12:45:00,25.5333333333333,,29.1333333333333,26.9333333333333,23.6,34.2666666666667,34.4666666666667,23.8666666666667,33.6666666666667,28.2666666666667,
2026-07-24 13:00:00,40.2666666666667,,28.4666666666667,34.9333333333333,21.4666666666667,33.1333333333333,34.2666666666667,23.8666666666667,32.8,30.8,
2026-07-24 13:15:00,30.5333333333333,,28.0666666666667,35.8,22.5333333333333,31.8666666666667,33.5333333333333,24.9333333333333,33.2,30.0,
2026-07-24 13:30:00,29.6666666666667,,24.6,32.6666666666667,20.4,38.7333333333333,31.4,26.6,31.2666666666667,30.8,
2026-07-24 13:45:00,32.7333333333333,,25.6,33.1333333333333,20.2666666666667,30.7333333333333,30.8666666666667,25.2,34.0666666666667,30.9333333333333,
2026-07-24 14:00:00,29.5333333333333,,27.1333333333333,33.1333333333333,20.2,31.9333333333333,32.2666666666667,27.2,33.0666666666667,29.0666666666667,
2026-07-24 14:15:00,22.5333333333333,,31.2,37.8,21.2666666666667,29.5333333333333,39.6,28.1333333333333,33.4,27.5333333333333,
2026-07-24 14:30:00,23.0666666666667,,30.9333333333333,27.6,22.4,31.4666666666667,31.1333333333333,29.8,30.0,30.7333333333333,
2026-07-24 14:45:00,22.8666666666667,,30.7333333333333,31.0666666666667,22.7333333333333,29.6666666666667,28.4,28.2,29.6,28.0,
2026-07-24 15:00:00,26.1333333333333,,26.8,30.8,23.2,31.4666666666667,30.0666666666667,29.0666666666667,28.7333333333333,27.0,
2026-07-24 15:15:00,25.0666666666667,,27.3333333333333,29.2666666666667,20.8666666666667,33.2,29.5333333333333,28.4,27.9333333333333,26.4,
2026-07-24 15:30:00,22.1333333333333,,28.4,31.0,24.0666666666667,31.3333333333333,31.6666666666667,30.4666666666667,26.4666666666667,24.5333333333333,
2026-07-24 15:45:00,22.6666666666667,,28.9333333333333,30.4,24.4666666666667,32.4666666666667,32.3333333333333,30.1333333333333,27.6666666666667,26.3333333333333,
2026-07-24 16:00:00,24.0666666666667,,26.0,27.0,26.6666666666667,39.9333333333333,33.0,28.0666666666667,26.9333333333333,31.2,
2026-07-24 16:15:00,24.3333333333333,,26.1333333333333,25.5333333333333,26.8,35.6,34.3333333333333,29.0,28.5333333333333,23.0714285714286,
2026-07-24 16:30:00,21.4,,28.1333333333333,22.3333333333333,24.2,36.3333333333333,33.1333333333333,,27.2666666666667,29.8666666666667,
2026-07-24 16:45:00,21.4666666666667,28.1538461538462,31.4666666666667,26.4,22.3333333333333,32.5333333333333,33.7333333333333,,28.0666666666667,30.0666666666667,
2026-07-24 17:00:00,20.9333333333333,26.9333333333333,28.9333333333333,23.5333333333333,22.7333333333333,38.8666666666667,33.7333333333333,,27.3333333333333,29.0,
2026-07-24 17:15:00,22.1333333333333,28.6666666666667,30.5333333333333,23.6,22.7333333333333,39.5333333333333,31.8666666666667,,25.7333333333333,28.9333333333333,
2026-07-24 17:30:00,20.7333333333333,28.0,30.7333333333333,42.5333333333333,21.5333333333333,52.1333333333333,34.5333333333333,32.5,26.6666666666667,24.8666666666667,29.3076923076923
2026-07-24 17:45:00,20.4,29.0666666666667,32.7333333333333,25.6666666666667,21.1333333333333,46.1333333333333,36.8,44.6,25.0,26.6666666666667,33.0666666666667
2026-07-24 18:00:00,20.4666666666667,31.0,31.5333333333333,22.8,21.2,32.9333333333333,35.0666666666667,27.9333333333333,26.6666666666667,26.5333333333333,32.9333333333333
2026-07-24 18:15:00,21.4,31.7333333333333,35.0,22.2666666666667,24.4,31.2,39.5333333333333,27.0666666666667,24.6666666666667,26.5333333333333,26.7333333333333
2026-07-24 18:30:00,22.7333333333333,32.0,35.4,24.0666666666667,22.1333333333333,27.8,38.2,29.1333333333333,24.4666666666667,25.2,27.1333333333333
2026-07-24 18:45:00,24.8,,41.6666666666667,25.6666666666667,24.6666666666667,32.1333333333333,34.0,29.2,23.6666666666667,25.5333333333333,29.0
2026-07-24 19:00:00,25.3333333333333,,28.8666666666667,28.8666666666667,24.2,31.0666666666667,34.2,30.1333333333333,24.2666666666667,24.5333333333333,28.6666666666667
2026-07-24 19:15:00,26.3333333333333,,27.4666666666667,27.2666666666667,27.4666666666667,36.4666666666667,31.6666666666667,30.0,25.3333333333333,24.4,29.6
2026-07-24 19:30:00,26.2,,29.2666666666667,31.2666666666667,26.6,33.4666666666667,33.6666666666667,30.1333333333333,28.7333333333333,27.6666666666667,30.0666666666667
2026-07-24 19:45:00,27.2666666666667,,31.4,33.2,28.4666666666667,33.3333333333333,35.3333333333333,30.6666666666667,27.2,28.1333333333333,29.5333333333333
2026-07-24 20:00:00,26.4666666666667,,30.6,36.4,30.2666666666667,37.2666666666667,35.3333333333333,31.4,27.8666666666667,24.9333333333333,29.4
2026-07-24 20:15:00,26.8666666666667,,29.8,37.2,29.3333333333333,39.8666666666667,39.4666666666667,33.1333333333333,26.5333333333333,26.7333333333333,33.5333333333333
2026-07-24 20:30:00,29.1333333333333,,33.9333333333333,34.8666666666667,30.8,43.4666666666667,46.0,35.0,27.6,30.5333333333333,36.8666666666667
2026-07-24 20:45:00,31.4,,35.6,36.0,29.8666666666667,45.0,82.5333333333333,37.5333333333333,29.4666666666667,32.4,36.7333333333333
2026-07-24 21:00:00,32.6,,33.9333333333333,35.3333333333333,30.3333333333333,47.8,74.4,45.6666666666667,27.6,34.8,36.2666666666667
2026-07-24 21:15:00,35.2,,35.2,34.6666666666667,32.2,48.5333333333333,66.9333333333333,45.1333333333333,28.7333333333333,36.2,33.7333333333333
2026-07-24 21:30:00,29.8666666666667,,38.8666666666667,35.4666666666667,32.4666666666667,45.5333333333333,67.6666666666667,40.5333333333333,30.9333333333333,35.2666666666667,34.4666666666667
2026-07-24 21:45:00,32.0,36.7692307692308,37.9333333333333,39.6,32.8,44.7333333333333,82.5333333333333,38.1333333333333,33.2,32.8666666666667,34.4666666666667
2026-07-24 22:00:00,34.0,35.4666666666667,37.2,36.9333333333333,31.6666666666667,47.9333333333333,81.4666666666667,38.4666666666667,30.6,32.0666666666667,33.0
2026-07-24 22:15:00,33.0,36.9333333333333,35.2,33.4,23.2222222222222,45.6,90.2666666666667,37.8,31.3333333333333,38.8666666666667,35.9333333333333
2026-07-24 22:30:00,32.8666666666667,39.2666666666667,34.8666666666667,36.8,,46.9333333333333,71.8,38.2,31.2,40.8,36.2
2026-07-24 22:45:00,37.6666666666667,39.4,34.0,39.2,3.38461538461538,47.0666666666667,80.2666666666667,40.2666666666667,32.0666666666667,40.0666666666667,33.6
2026-07-24 23:00:00,42.0666666666667,41.2,36.1333333333333,38.3333333333333,3.33333333333333,45.8,85.5333333333333,46.7333333333333,43.0666666666667,37.8,38.2666666666667
2026-07-24 23:15:00,38.5333333333333,38.4666666666667,38.2,39.9333333333333,31.2,46.5333333333333,72.7333333333333,38.3333333333333,48.3333333333333,38.4666666666667,37.5333333333333
2026-07-24 23:30:00,36.1333333333333,46.6666666666667,40.2666666666667,42.4,33.4666666666667,45.8,73.8666666666667,38.7333333333333,59.0,38.6,37.6
2026-07-24 23:45:00,35.1333333333333,51.5,40.0,40.0666666666667,31.8666666666667,44.6,64.2,37.5333333333333,71.2666666666667,40.4,38.7333333333333
2026-07-25 00:00:00,35.0,,39.2666666666667,39.0666666666667,33.7333333333333,48.2,72.5333333333333,35.6,39.1333333333333,44.6,38.2666666666667
2026-07-25 00:15:00,33.2,,37.2,38.4,31.9333333333333,47.3333333333333,88.7333333333333,36.8666666666667,44.7333333333333,42.1333333333333,36.0666666666667
2026-07-25 00:30:00,35.2666666666667,,36.6666666666667,35.1333333333333,32.7333333333333,46.6,88.3333333333333,34.3333333333333,48.2666666666667,37.4,37.6
2026-07-25 00:45:00,36.8666666666667,,38.1333333333333,35.9333333333333,35.3333333333333,47.2,92.4,34.1333333333333,61.0666666666667,35.8666666666667,35.7333333333333
2026-07-25 01:00:00,37.1333333333333,,39.4666666666667,37.0,34.6666666666667,44.0,89.0,34.3333333333333,49.4666666666667,36.0,35.6
2026-07-25 01:15:00,35.3333333333333,,37.4,35.6666666666667,31.8666666666667,45.0,87.3333333333333,33.6,46.3333333333333,34.3333333333333,32.8
2026-07-25 01:30:00,34.2666666666667,,44.1333333333333,33.2666666666667,33.2,46.4,84.5333333333333,33.4,39.2666666666667,35.6666666666667,37.0
2026-07-25 01:45:00,34.8666666666667,,48.7333333333333,32.4,31.4,44.7333333333333,87.4,33.3333333333333,58.8666666666667,33.0666666666667,37.8
2026-07-25 02:00:00,37.2666666666667,,51.6,31.3333333333333,33.2,46.6666666666667,95.9333333333333,33.6,51.4,33.3333333333333,39.2666666666667
2026-07-25 02:15:00,41.6,,52.0,32.0666666666667,37.8666666666667,47.0,85.9333333333333,34.7333333333333,47.4,35.7333333333333,39.2666666666667
2026-07-25 02:30:00,41.9333333333333,,50.1333333333333,33.4666666666667,38.0,46.6666666666667,94.0,34.2,48.5333333333333,32.7333333333333,38.6
2026-07-25 02:45:00,40.2,,47.6666666666667,32.2666666666667,37.1333333333333,48.2,96.3333333333333,36.8,53.8,34.7333333333333,40.4666666666667
2026-07-25 03:00:00,39.8666666666667,,46.0,32.9333333333333,38.4,56.0,105.866666666667,37.3333333333333,51.8666666666667,34.6666666666667,42.0666666666667
2026-07-25 03:15:00,45.0,,43.0,36.0666666666667,34.7333333333333,59.9333333333333,104.666666666667,37.6666666666667,52.2,36.5333333333333,40.2666666666667
2026-07-25 03:30:00,49.2,,44.6666666666667,33.0,36.2666666666667,59.0,116.333333333333,37.0666666666667,50.1333333333333,36.2,42.9333333333333
2026-07-25 03:45:00,44.9333333333333,,45.8,35.8666666666667,37.6666666666667,66.2666666666667,107.6,37.2666666666667,48.2666666666667,37.2,46.9333333333333
2026-07-25 04:00:00,48.6,,42.7333333333333,35.2666666666667,35.4666666666667,70.4666666666667,120.266666666667,38.6666666666667,46.1333333333333,35.5333333333333,45.6
2026-07-25 04:15:00,54.0666666666667,,43.6,40.8666666666667,34.4666666666667,56.4666666666667,127.066666666667,40.7333333333333,44.2,38.6666666666667,43.6666666666667
2026-07-25 04:30:00,55.8666666666667,,42.8666666666667,40.2666666666667,35.6,59.2,112.666666666667,39.7333333333333,66.7333333333333,36.9333333333333,46.4
2026-07-25 04:45:00,54.1333333333333,,42.2,39.3333333333333,33.7333333333333,54.2666666666667,112.266666666667,43.6,64.9333333333333,38.0,44.0
2026-07-25 05:00:00,51.4666666666667,,45.1333333333333,37.8666666666667,35.5333333333333,54.4666666666667,110.333333333333,40.3333333333333,52.8666666666667,37.2,48.2
2026-07-25 05:15:00,47.6666666666667,,48.9333333333333,37.2,35.7333333333333,62.3333333333333,108.4,41.9333333333333,44.3333333333333,41.5333333333333,45.2666666666667
2026-07-25 05:30:00,51.2,,52.9333333333333,36.2,35.9333333333333,82.2,101.533333333333,40.8,60.8,40.0,48.4666666666667
2026-07-25 05:45:00,54.6666666666667,,53.6666666666667,36.2,34.5333333333333,95.2,86.6666666666667,40.7333333333333,55.0666666666667,39.8,48.2
2026-07-25 06:00:00,53.4,,55.6,35.2,31.6,101.733333333333,97.8,39.2666666666667,54.8666666666667,40.0666666666667,50.1333333333333
2026-07-25 06:15:00,52.2,,53.2666666666667,36.6666666666667,37.3333333333333,93.2,97.3333333333333,42.8,56.6,39.4666666666667,48.0
2026-07-25 06:30:00,63.0666666666667,,52.8,43.9333333333333,35.6666666666667,82.5333333333333,91.2,44.4,56.8666666666667,38.2,48.0666666666667
2026-07-25 06:45:00,56.4,,51.6,55.2,35.5333333333333,67.4666666666667,86.1333333333333,45.8666666666667,51.7333333333333,41.0666666666667,48.2
2026-07-25 07:00:00,52.7333333333333,,50.7333333333333,43.7333333333333,38.2666666666667,64.6,96.2,45.8666666666667,54.8666666666667,39.7333333333333,49.8
2026-07-25 07:15:00,54.6,,48.4,42.9333333333333,38.8666666666667,61.4666666666667,83.9333333333333,46.6,47.9333333333333,41.6666666666667,48.1333333333333
2026-07-25 07:30:00,60.3333333333333,,47.4666666666667,35.4666666666667,38.0,69.5333333333333,75.8666666666667,48.5333333333333,47.0,39.8666666666667,50.2
2026-07-25 07:45:00,64.0666666666667,,46.9333333333333,28.1333333333333,35.8666666666667,88.7333333333333,71.8,45.2,46.0,38.0666666666667,50.6666666666667
2026-07-25 08:00:00,63.0,,45.3333333333333,34.2,36.7333333333333,97.9333333333333,77.6,46.9333333333333,42.4,41.9333333333333,47.0
2026-07-25 08:15:00,56.7333333333333,,45.3333333333333,31.8,36.8,73.0,70.0666666666667,48.6666666666667,42.7333333333333,40.9333333333333,46.0666666666667
2026-07-25 08:30:00,58.1333333333333,,42.4666666666667,42.0,38.4666666666667,67.8,59.3333333333333,43.8,47.4,42.1333333333333,42.5333333333333
2026-07-25 08:45:00,52.5333333333333,,45.6,34.4,35.9333333333333,64.4666666666667,48.6666666666667,43.4,54.5333333333333,39.3333333333333,40.5333333333333
2026-07-25 09:00:00,44.3333333333333,,50.1333333333333,29.8,49.4,63.4666666666667,45.9333333333333,45.6,59.7333333333333,40.6666666666667,47.3333333333333
2026-07-25 09:15:00,42.1333333333333,45.0,49.2666666666667,36.0666666666667,58.0,60.3333333333333,43.4666666666667,46.5333333333333,57.5333333333333,53.8,44.0
2026-07-25 09:30:00,39.6,41.1428571428571,45.4666666666667,52.7333333333333,48.0,62.3333333333333,46.6666666666667,46.5333333333333,51.5333333333333,44.5333333333333,50.4
2026-07-25 09:45:00,38.6666666666667,,48.4,50.0,37.8,59.6666666666667,47.1333333333333,46.5333333333333,49.0666666666667,61.3333333333333,46.4666666666667
2026-07-25 10:00:00,39.5333333333333,,46.6,50.4666666666667,38.4666666666667,67.8666666666667,43.1333333333333,45.4,49.6,51.8,46.6
2026-07-25 10:15:00,33.2666666666667,,46.8,48.8666666666667,44.4666666666667,63.5333333333333,43.8,49.7333333333333,46.6,59.4,41.0666666666667
2026-07-25 10:30:00,32.6666666666667,,46.5333333333333,56.0666666666667,44.1333333333333,58.3333333333333,41.7333333333333,50.3333333333333,49.5333333333333,43.8,44.5333333333333
2026-07-25 10:45:00,34.7333333333333,,44.5333333333333,53.7333333333333,39.5333333333333,,38.8666666666667,55.1333333333333,48.6666666666667,43.6666666666667,43.1333333333333
2026-07-25 11:00:00,36.3333333333333,,46.0666666666667,43.3333333333333,41.4,,38.1333333333333,59.2666666666667,46.9333333333333,38.2666666666667,43.7333333333333
2026-07-25 11:15:00,36.4,,45.3333333333333,38.8666666666667,41.0666666666667,61.6,42.2,50.2,45.4,36.1333333333333,97.5333333333333
2026-07-25 11:30:00,36.0,,52.4666666666667,44.7333333333333,41.0666666666667,57.3333333333333,43.3333333333333,42.9333333333333,47.1333333333333,52.8,49.2
2026-07-25 11:45:00,36.2,,45.6,44.6666666666667,39.9333333333333,56.4666666666667,38.1333333333333,43.4,40.8666666666667,40.2,51.4666666666667
2026-07-25 12:00:00,36.4,,38.1333333333333,26.8666666666667,37.3333333333333,75.6666666666667,35.8666666666667,42.4,35.0,39.2,40.0
2026-07-25 12:15:00,32.2,,35.6,27.3333333333333,39.0666666666667,57.4666666666667,40.8,38.0666666666667,37.6,35.7333333333333,33.7333333333333
2026-07-25 12:30:00,38.1333333333333,,36.0666666666667,28.6666666666667,41.7333333333333,53.6,65.8,35.3333333333333,39.6666666666667,39.4,27.7333333333333
2026-07-25 12:45:00,33.5333333333333,,33.2,22.8,37.6,46.5333333333333,33.4666666666667,31.1333333333333,35.7333333333333,35.2,28.8666666666667
2026-07-25 13:00:00,32.4666666666667,,29.0,29.0666666666667,36.0666666666667,45.5333333333333,37.8666666666667,34.0,32.6666666666667,38.5333333333333,29.2666666666667
2026-07-25 13:15:00,32.8666666666667,,31.1333333333333,23.2,35.2666666666667,52.6,32.9333333333333,32.6666666666667,32.2666666666667,36.6,27.8666666666667
2026-07-25 13:30:00,34.0,,30.8,22.4,37.5333333333333,40.5333333333333,30.6,31.0,33.8666666666667,33.7333333333333,27.1333333333333
2026-07-25 13:45:00,28.8,,28.8666666666667,25.5333333333333,36.0,38.9333333333333,29.2,27.6666666666667,29.2666666666667,35.6,22.9333333333333
2026-07-25 14:00:00,28.0,,27.6666666666667,20.7333333333333,34.7333333333333,34.5333333333333,29.4666666666667,28.0666666666667,28.6666666666667,30.5333333333333,21.6666666666667
2026-07-25 14:15:00,26.8666666666667,,28.0666666666667,22.0,35.0666666666667,32.9333333333333,32.8666666666667,28.2,26.0666666666667,31.0666666666667,22.6666666666667
2026-07-25 14:30:00,26.6,,29.4666666666667,25.7333333333333,27.2666666666667,31.5333333333333,31.0,29.2,25.8,27.8666666666667,24.9333333333333
2026-07-25 14:45:00,23.1333333333333,,28.2,21.5333333333333,28.8,31.0,27.6666666666667,29.0,27.0,27.2666666666667,28.7333333333333
2026-07-25 15:00:00,25.2,,61.2666666666667,20.2,24.6,30.0,29.3333333333333,28.6666666666667,26.1333333333333,27.3333333333333,24.2
2026-07-25 15:15:00,23.7333333333333,,25.6,22.2666666666667,25.8666666666667,29.7333333333333,26.1333333333333,29.0666666666667,26.3333333333333,27.4,25.6666666666667
2026-07-25 15:30:00,24.5333333333333,,26.4,21.4666666666667,25.5333333333333,31.2666666666667,27.7333333333333,25.6666666666667,27.7333333333333,28.3333333333333,24.6
2026-07-25 15:45:00,24.9333333333333,,27.2666666666667,18.6,23.4666666666667,29.5333333333333,27.6666666666667,24.6,28.8666666666667,24.6,24.6
2026-07-25 16:00:00,23.5333333333333,,26.2,20.3333333333333,22.0,39.7333333333333,29.4666666666667,24.2,25.0,26.5333333333333,24.7333333333333
2026-07-25 16:15:00,23.5333333333333,,26.2,19.9333333333333,23.3333333333333,30.6,29.1333333333333,23.0,25.1333333333333,34.7333333333333,22.5333333333333
2026-07-25 16:30:00,21.8,,25.2666666666667,18.2,23.0,30.8,34.9333333333333,23.0,26.4,27.2,22.7333333333333
2026-07-25 16:45:00,23.2,,25.4666666666667,16.7333333333333,21.4,31.7333333333333,29.8,24.0,22.4,57.4,22.8666666666667
2026-07-25 17:00:00,22.0,,25.8666666666667,16.8,24.0666666666667,29.7333333333333,29.7333333333333,24.4,24.7333333333333,77.2,25.1333333333333
2026-07-25 17:15:00,20.9333333333333,,25.6,16.4666666666667,21.2666666666667,29.5333333333333,47.4,23.1333333333333,24.1333333333333,28.4,26.0666666666667
2026-07-25 17:30:00,22.8,,24.7333333333333,18.5333333333333,22.0666666666667,28.6,35.1333333333333,25.0666666666667,25.2,31.0,25.9333333333333
2026-07-25 17:45:00,22.0,,23.7333333333333,17.9333333333333,20.7333333333333,29.0,28.8,23.3333333333333,25.0666666666667,154.0,26.1333333333333
2026-07-25 18:00:00,24.8,,32.9333333333333,19.5333333333333,21.4666666666667,52.2,31.0,23.0666666666667,24.8666666666667,,30.0
2026-07-25 18:15:00,22.0,,27.2666666666667,21.1333333333333,21.2666666666667,40.5333333333333,34.4,23.2666666666667,25.8666666666667,,34.3333333333333
2026-07-25 18:30:00,22.4,,27.6,35.2666666666667,23.4,50.6666666666667,42.9333333333333,24.7333333333333,22.9333333333333,,34.6
2026-07-25 18:45:00,22.7333333333333,,30.6666666666667,23.0,22.1333333333333,73.8666666666667,35.3333333333333,24.9333333333333,24.0666666666667,,30.4
2026-07-25 19:00:00,24.5333333333333,,35.2666666666667,23.5333333333333,22.2666666666667,29.6666666666667,37.0666666666667,22.6666666666667,23.6,,37.8666666666667
2026-07-25 19:15:00,23.9333333333333,,26.4,23.8666666666667,22.8666666666667,34.4666666666667,35.5333333333333,24.1333333333333,25.1333333333333,,39.6666666666667
2026-07-25 19:30:00,27.0666666666667,,27.0666666666667,24.2,23.8666666666667,33.9333333333333,38.1333333333333,24.6666666666667,25.4,,37.6666666666667
2026-07-25 19:45:00,24.4666666666667,,27.0,25.2666666666667,23.2666666666667,33.0,43.6,24.6666666666667,25.6666666666667,,39.3333333333333
2026-07-25 20:00:00,28.7333333333333,,28.6666666666667,26.4,22.8,33.5333333333333,55.8666666666667,24.8666666666667,28.8,,35.6
2026-07-25 20:15:00,26.3333333333333,,28.0,25.6666666666667,25.6666666666667,34.7333333333333,58.8666666666667,28.2,26.6666666666667,,33.2
2026-07-25 20:30:00,29.4666666666667,,27.8666666666667,25.6666666666667,25.9333333333333,32.7333333333333,69.0666666666667,27.5333333333333,26.9333333333333,,33.9333333333333
2026-07-25 20:45:00,31.8,,28.9333333333333,25.8,26.1333333333333,33.8,67.6666666666667,27.0666666666667,34.9333333333333,,32.3333333333333
2026-07-25 21:00:00,29.0666666666667,,26.2666666666667,25.8,25.4,32.4,72.5333333333333,31.3333333333333,50.6666666666667,,34.9333333333333
2026-07-25 21:15:00,33.5333333333333,,27.0666666666667,24.7333333333333,26.3333333333333,36.1333333333333,65.7333333333333,44.4,37.4666666666667,,44.2666666666667
2026-07-25 21:30:00,26.0666666666667,,26.3333333333333,24.2666666666667,28.4,34.4,74.2,52.2666666666667,31.8,,49.5333333333333
2026-07-25 21:45:00,27.2,,28.7333333333333,28.0666666666667,31.1333333333333,33.9333333333333,79.2666666666667,43.7333333333333,43.3333333333333,,44.9333333333333
2026-07-25 22:00:00,25.8666666666667,,29.0666666666667,26.0,32.8666666666667,32.0666666666667,70.6666666666667,39.2,35.5333333333333,,46.9333333333333
2026-07-25 22:15:00,35.4666666666667,41.7142857142857,31.2666666666667,23.8,34.7333333333333,33.4666666666667,74.6666666666667,39.8,40.8,,44.6666666666667
2026-07-25 22:30:00,41.7333333333333,40.6,31.6,24.1333333333333,37.0666666666667,42.2666666666667,83.0666666666667,40.2666666666667,43.9333333333333,,43.2666666666667
2026-07-25 22:45:00,43.8666666666667,36.0,33.4666666666667,22.4,34.6,37.1333333333333,84.7333333333333,42.6,39.3333333333333,,42.5333333333333
2026-07-25 23:00:00,38.8666666666667,,33.8,23.1333333333333,31.6,36.8,88.6,43.0666666666667,44.4,,45.6
2026-07-25 23:15:00,34.9333333333333,,33.6,24.3333333333333,33.3333333333333,40.4666666666667,83.9333333333333,41.8666666666667,38.3333333333333,,45.4
2026-07-25 23:30:00,30.9333333333333,,33.0,22.7333333333333,30.7333333333333,47.6,92.2,44.6666666666667,50.6,44.6153846153846,48.4
2026-07-25 23:45:00,29.0,,33.5333333333333,25.5333333333333,40.6,46.8,91.2666666666667,43.1333333333333,54.8666666666667,48.4666666666667,46.6
2026-07-26 00:00:00,39.5333333333333,,32.7333333333333,24.1333333333333,49.8,50.6,95.6,40.1333333333333,41.6666666666667,43.9333333333333,46.4
2026-07-26 00:15:00,47.2,,32.6,23.0666666666667,49.4,45.6666666666667,94.4666666666667,40.0666666666667,42.4,48.9333333333333,48.1333333333333
2026-07-26 00:30:00,37.8666666666667,,35.4,22.9333333333333,50.1333333333333,43.1333333333333,99.8666666666667,37.4666666666667,45.6,41.8,54.3333333333333
2026-07-26 00:45:00,41.5333333333333,,35.0,24.4666666666667,48.1333333333333,38.0666666666667,93.0666666666667,37.8,50.6666666666667,38.0,57.6666666666667
2026-07-26 01:00:00,67.3333333333333,,36.4666666666667,24.5333333333333,52.4,38.2,91.6666666666667,49.4,43.0,38.0,54.9333333333333
2026-07-26 01:15:00,83.4666666666667,,34.6,22.3333333333333,81.2666666666667,38.0666666666667,101.866666666667,45.0,46.2,39.7333333333333,49.6
2026-07-26 01:30:00,75.6666666666667,,35.3333333333333,22.0666666666667,71.0,39.3333333333333,98.0,38.9333333333333,41.2,39.4666666666667,48.2
2026-07-26 01:45:00,76.6,,38.4,24.0,52.8,38.6666666666667,94.9333333333333,37.5333333333333,43.8,43.4666666666667,43.6666666666667
2026-07-26 02:00:00,59.2666666666667,,38.6666666666667,24.1333333333333,59.2,40.8666666666667,107.933333333333,42.4,39.6666666666667,49.1333333333333,44.7333333333333
2026-07-26 02:15:00,49.4,,40.7333333333333,20.9333333333333,59.3333333333333,49.7333333333333,96.4666666666667,38.5333333333333,41.5333333333333,46.4,49.1333333333333
2026-07-26 02:30:00,45.9333333333333,,42.8,18.4,58.2666666666667,56.0,105.2,40.7333333333333,42.9333333333333,50.0666666666667,49.2666666666667
2026-07-26 02:45:00,45.6666666666667,,44.0,19.1333333333333,63.4666666666667,53.7333333333333,111.866666666667,43.3333333333333,44.4,50.0666666666667,51.6666666666667
2026-07-26 03:00:00,45.6,,44.7333333333333,20.0666666666667,47.2666666666667,50.2,113.266666666667,42.6,39.6,47.0,47.8666666666667
2026-07-26 03:15:00,46.3333333333333,,50.6666666666667,19.2,55.3333333333333,52.0,116.466666666667,39.1333333333333,43.0,44.8,55.0666666666667
2026-07-26 03:30:00,47.4,,41.7333333333333,19.8666666666667,51.4,59.5333333333333,99.2,39.5333333333333,42.4,43.2,52.4666666666667
2026-07-26 03:45:00,49.8666666666667,,39.5333333333333,19.4,49.2666666666667,70.1333333333333,110.2,39.0,42.0,41.6666666666667,51.8
2026-07-26 04:00:00,50.1333333333333,,36.1333333333333,20.2,54.5333333333333,73.1333333333333,102.266666666667,46.6,41.9333333333333,46.3333333333333,49.6666666666667
2026-07-26 04:15:00,50.8,,36.6,19.6,63.6,73.7333333333333,94.4,44.6,43.4666666666667,44.8666666666667,53.2
2026-07-26 04:30:00,50.6666666666667,,43.3333333333333,20.0,58.3333333333333,109.4,95.8666666666667,45.0666666666667,47.8666666666667,42.8,53.0666666666667
2026-07-26 04:45:00,53.8,,44.2666666666667,20.1333333333333,66.6666666666667,128.8,103.0,44.8666666666667,41.8666666666667,42.8666666666667,50.6
2026-07-26 05:00:00,57.2,,42.0,20.4,64.4666666666667,119.266666666667,95.5333333333333,46.4,38.9333333333333,45.7333333333333,49.6
2026-07-26 05:15:00,54.4,,44.8,18.4,71.0,99.5333333333333,96.8,42.9333333333333,42.5333333333333,50.9333333333333,50.4
2026-07-26 05:30:00,58.1333333333333,,54.2,18.0,74.4666666666667,123.333333333333,93.6666666666667,47.8,44.0666666666667,52.4,49.0
2026-07-26 05:45:00,68.0666666666667,,56.8,19.8,86.3333333333333,213.266666666667,90.6,47.2,42.2666666666667,55.7333333333333,57.3333333333333
2026-07-26 06:00:00,56.0666666666667,,60.6,62.6,99.1333333333333,296.133333333333,99.3333333333333,47.6666666666667,41.8666666666667,58.0666666666667,48.4666666666667
2026-07-26 06:15:00,59.8666666666667,,61.2,274.6,93.6,260.6,102.4,46.6,42.4,56.8,48.5333333333333
2026-07-26 06:30:00,58.5333333333333,,63.9333333333333,332.533333333333,91.2666666666667,203.2,89.0,47.5333333333333,42.6666666666667,57.1333333333333,47.4
2026-07-26 06:45:00,51.2,,58.8,103.4,86.7333333333333,175.466666666667,82.7333333333333,47.6,41.3333333333333,57.7333333333333,47.1333333333333
2026-07-26 07:00:00,52.2666666666667,,54.2666666666667,84.1333333333333,88.3333333333333,209.733333333333,90.1333333333333,48.6666666666667,40.4666666666667,57.4666666666667,47.2
2026-07-26 07:15:00,55.4,,55.7333333333333,19.7333333333333,88.4666666666667,163.0,114.0,52.6,44.4,59.0,54.9333333333333
2026-07-26 07:30:00,57.2,,61.8666666666667,14.8666666666667,80.4666666666667,149.2,108.733333333333,51.1333333333333,42.6666666666667,54.5333333333333,56.9333333333333
2026-07-26 07:45:00,55.4,,50.4666666666667,16.6,73.7333333333333,123.4,104.266666666667,61.0,40.6,46.8,55.1333333333333
2026-07-26 08:00:00,50.8666666666667,,49.2,16.3333333333333,73.8,79.8666666666667,98.9333333333333,57.1333333333333,38.8,45.6666666666667,62.9333333333333
2026-07-26 08:15:00,48.0666666666667,,49.6666666666667,16.1333333333333,70.0666666666667,86.0666666666667,93.2,54.6,49.4666666666667,41.9333333333333,57.3333333333333
2026-07-26 08:30:00,49.4666666666667,,51.0666666666667,18.0666666666667,64.7333333333333,104.466666666667,86.0,52.6,50.9333333333333,37.8,55.6666666666667
2026-07-26 08:45:00,49.4,,46.1333333333333,18.6,62.2,87.2,80.4666666666667,49.4666666666667,52.8,38.8666666666667,51.6
2026-07-26 09:00:00,53.6,,45.0,19.8666666666667,62.5333333333333,76.6,73.8,41.2307692307692,49.2,38.0666666666667,50.0666666666667
2026-07-26 09:15:00,62.0,,42.6,16.2,67.2666666666667,71.0666666666667,66.5333333333333,42.4545454545455,46.6,36.1333333333333,46.0
2026-07-26 09:30:00,51.0,58.0,42.6,43.9333333333333,60.4666666666667,68.8,60.8666666666667,,43.3333333333333,33.8666666666667,41.4666666666667
2026-07-26 09:45:00,44.4,,40.6666666666667,17.5333333333333,57.5333333333333,60.3333333333333,57.4,,41.2,34.6666666666667,42.3333333333333
2026-07-26 10:00:00,56.9333333333333,,38.0,16.4666666666667,46.9333333333333,63.6,57.0,37.5714285714286,39.4,32.8,39.2666666666667
2026-07-26 10:15:00,51.2666666666667,,34.3333333333333,19.1333333333333,40.6666666666667,48.3333333333333,55.5333333333333,29.9333333333333,35.9333333333333,31.6666666666667,33.3333333333333
2026-07-26 10:30:00,42.2666666666667,,33.4666666666667,23.0,37.8666666666667,60.4,46.8666666666667,28.8,36.0666666666667,30.0666666666667,31.8666666666667
2026-07-26 10:45:00,39.7333333333333,,36.2666666666667,28.8,36.6666666666667,59.6,44.0666666666667,27.8,37.3333333333333,31.0666666666667,39.4666666666667
2026-07-26 11:00:00,34.8,,34.6,61.8666666666667,35.8666666666667,40.2,39.9333333333333,29.6666666666667,35.6,33.8666666666667,35.4666666666667
2026-07-26 11:15:00,30.8666666666667,,33.2,30.5333333333333,34.7333333333333,77.2,37.7333333333333,28.5333333333333,33.1333333333333,29.3333333333333,35.4666666666667
2026-07-26 11:30:00,30.7333333333333,,32.4666666666667,32.8,34.0,37.9333333333333,35.9333333333333,38.1333333333333,34.1333333333333,27.4,30.8
2026-07-26 11:45:00,31.6666666666667,,31.2,18.4666666666667,33.4,38.8666666666667,36.2,27.2666666666667,33.9333333333333,27.0,31.5333333333333
2026-07-26 12:00:00,25.7333333333333,,30.5333333333333,19.6666666666667,30.4666666666667,39.8666666666667,35.0,25.7333333333333,30.6666666666667,25.6666666666667,28.6
2026-07-26 12:15:00,25.0666666666667,,29.8,23.3333333333333,28.3333333333333,36.7333333333333,34.4666666666667,25.4,27.4666666666667,25.0666666666667,27.5333333333333
2026-07-26 12:30:00,26.7333333333333,,30.3333333333333,22.8666666666667,28.9333333333333,35.0666666666667,34.1333333333333,24.8666666666667,26.8,29.4666666666667,29.4666666666667
2026-07-26 12:45:00,27.1333333333333,,28.0666666666667,20.1333333333333,27.6,88.0666666666667,31.9333333333333,36.0,26.9333333333333,23.8,26.2666666666667
2026-07-26 13:00:00,25.4666666666667,,27.8666666666667,23.8666666666667,28.2,69.3333333333333,35.2,28.9285714285714,30.2666666666667,24.4,25.8
2026-07-26 13:15:00,24.6666666666667,,29.9333333333333,24.4,27.9333333333333,41.6,35.4666666666667,30.2666666666667,28.6666666666667,22.3333333333333,24.4
2026-07-26 13:30:00,25.6,,27.0,20.8666666666667,26.9333333333333,66.0,32.8666666666667,27.7333333333333,28.6666666666667,22.9333333333333,25.4666666666667
2026-07-26 13:45:00,27.5333333333333,,28.0,21.4666666666667,27.4666666666667,37.6666666666667,34.2,30.2666666666667,26.7333333333333,24.6,25.6666666666667
2026-07-26 14:00:00,27.0666666666667,,29.1333333333333,22.2666666666667,29.0,29.7333333333333,33.8,28.2,29.4,25.0666666666667,25.6666666666667
2026-07-26 14:15:00,28.2,,27.6666666666667,23.0666666666667,25.5333333333333,30.9333333333333,32.6,28.2,32.0,24.7333333333333,27.8666666666667
2026-07-26 14:30:00,25.6666666666667,,29.8,23.2,25.0,32.2666666666667,30.5333333333333,29.5333333333333,32.8666666666667,25.2,26.0666666666667
2026-07-26 14:45:00,27.3333333333333,,29.4666666666667,24.8,21.4666666666667,36.6666666666667,34.0666666666667,30.2,29.9333333333333,26.1333333333333,25.8
2026-07-26 15:00:00,27.2666666666667,,30.4666666666667,22.1333333333333,24.8,89.1333333333333,33.7333333333333,28.3333333333333,29.4,25.7333333333333,25.2666666666667
2026-07-26 15:15:00,30.6666666666667,,31.2666666666667,22.4,35.8666666666667,34.2,36.6666666666667,29.5333333333333,30.6,27.8666666666667,27.2666666666667
2026-07-26 15:30:00,26.0666666666667,,32.1333333333333,24.2666666666667,24.3333333333333,30.8,35.8,28.2,32.2,28.9333333333333,27.6
2026-07-26 15:45:00,25.8,,34.2,27.2,24.3333333333333,43.4,32.5333333333333,28.6,29.0,27.1333333333333,28.2666666666667
2026-07-26 16:00:00,26.6666666666667,,36.2,22.8666666666667,24.6666666666667,33.8666666666667,31.3333333333333,28.9333333333333,29.3333333333333,27.4,26.0666666666667
2026-07-26 16:15:00,26.0666666666667,,31.0666666666667,21.9333333333333,24.6666666666667,34.8666666666667,31.9333333333333,27.8666666666667,30.0,27.6,28.0666666666667
2026-07-26 16:30:00,25.9333333333333,,32.2666666666667,21.6,24.2666666666667,35.2666666666667,34.4666666666667,26.7333333333333,29.1333333333333,27.2,26.2
2026-07-26 16:45:00,26.0,,30.8666666666667,25.6666666666667,23.7333333333333,33.4,36.5333333333333,28.3333333333333,31.4,26.3333333333333,26.6
2026-07-26 17:00:00,28.8666666666667,,30.3333333333333,19.0666666666667,26.8,32.2666666666667,42.7333333333333,27.9333333333333,29.8666666666667,30.2666666666667,30.8666666666667
2026-07-26 17:15:00,29.8666666666667,,33.2,19.7333333333333,26.4666666666667,36.4,35.0666666666667,28.8666666666667,,30.0,33.5333333333333
2026-07-26 17:30:00,27.8,,31.6666666666667,20.7333333333333,32.9333333333333,38.8666666666667,33.4,29.0,24.0,28.1333333333333,31.2
2026-07-26 17:45:00,34.3333333333333,,35.0,16.4666666666667,31.2666666666667,43.4,35.4,29.0,27.5,31.0666666666667,31.7333333333333
2026-07-26 18:00:00,31.3333333333333,,35.8,13.6666666666667,27.6,36.2666666666667,49.2,29.6666666666667,30.25,32.3333333333333,32.7333333333333
2026-07-26 18:15:00,32.4666666666667,,36.6666666666667,14.8666666666667,28.4666666666667,35.6,48.2,29.2666666666667,31.4666666666667,30.6,35.0666666666667
2026-07-26 18:30:00,32.6,,33.6,19.4666666666667,28.8666666666667,38.0666666666667,34.8666666666667,28.5333333333333,30.4666666666667,30.4666666666667,34.9333333333333
2026-07-26 18:45:00,32.0,,33.8666666666667,18.2,29.0666666666667,41.3333333333333,38.6666666666667,32.5333333333333,32.6666666666667,28.8666666666667,38.1333333333333
2026-07-26 19:00:00,33.3333333333333,,34.8,18.6666666666667,29.0,37.9333333333333,39.5333333333333,36.0,31.6,33.2,37.4666666666667
2026-07-26 19:15:00,29.6,,36.5333333333333,15.8,28.5333333333333,40.2666666666667,41.4,35.1333333333333,30.4,34.9333333333333,37.6
2026-07-26 19:30:00,28.8,,37.6,16.3333333333333,32.3333333333333,38.7333333333333,41.9333333333333,36.1333333333333,33.8666666666667,32.5333333333333,41.8666666666667
2026-07-26 19:45:00,30.2,,38.4666666666667,18.4,30.5333333333333,39.9333333333333,50.5333333333333,37.4666666666667,32.3333333333333,34.6,42.8666666666667
2026-07-26 20:00:00,31.0,,37.1333333333333,22.9333333333333,32.2,40.4666666666667,101.333333333333,35.3333333333333,33.5333333333333,36.6666666666667,50.2666666666667
2026-07-26 20:15:00,34.6,,38.2,23.4,31.3333333333333,42.4666666666667,81.2,34.4666666666667,29.8,45.2,42.6666666666667
2026-07-26 20:30:00,35.2,,36.6,21.2,33.2666666666667,41.2666666666667,69.3333333333333,38.6,31.0,40.3333333333333,40.4666666666667
2026-07-26 20:45:00,40.2666666666667,,35.8,19.2,33.4666666666667,43.4,76.0,33.3333333333333,35.2666666666667,33.4,42.5333333333333
2026-07-26 21:00:00,39.2,,36.0666666666667,22.2,32.5333333333333,42.4,89.6,33.9333333333333,61.0666666666667,33.6,42.1333333333333
2026-07-26 21:15:00,36.0,,35.1333333333333,23.2,36.0666666666667,41.4,79.4,33.7333333333333,38.4,33.8666666666667,41.2
2026-07-26 21:30:00,33.4,,35.2,22.3333333333333,39.2666666666667,43.0,78.0,38.8666666666667,57.0666666666667,32.0,38.8666666666667
2026-07-26 21:45:00,36.4666666666667,,37.8,22.4,78.5333333333333,44.2666666666667,76.2,35.4,40.8666666666667,31.6666666666667,40.7333333333333
2026-07-26 22:00:00,34.2,75.0,46.5333333333333,20.4666666666667,41.4,44.0666666666667,87.0666666666667,37.6,35.6666666666667,32.4,47.8
2026-07-26 22:15:00,34.6666666666667,,40.4666666666667,22.1333333333333,35.9333333333333,46.2,71.4,37.1333333333333,48.4666666666667,34.6,47.1333333333333
2026-07-26 22:30:00,36.2,,35.9333333333333,24.0,37.4666666666667,47.0666666666667,78.8666666666667,34.3333333333333,59.0,34.0666666666667,51.4
2026-07-26 22:45:00,43.2666666666667,,39.8,23.8,39.2,45.8666666666667,86.5333333333333,35.2,37.4,33.2666666666667,45.8
2026-07-26 23:00:00,36.0,,41.1333333333333,19.8666666666667,44.2666666666667,48.0666666666667,74.6666666666667,34.3333333333333,38.2,40.1333333333333,41.2
2026-07-26 23:15:00,35.6,,40.2666666666667,21.2,55.0,51.3333333333333,79.3333333333333,38.2,44.6666666666667,35.8,46.4
2026-07-26 23:30:00,42.4,,38.7333333333333,22.0,64.2666666666667,52.7333333333333,91.4,36.0666666666667,61.2666666666667,33.2666666666667,50.9333333333333
2026-07-26 23:45:00,34.4,,41.2666666666667,24.3333333333333,76.4,52.2,80.4666666666667,35.9333333333333,45.4666666666667,39.3333333333333,44.8
2026-07-27 00:00:00,34.4666666666667,,43.9333333333333,28.1333333333333,62.0,54.5333333333333,89.0,36.2666666666667,44.6666666666667,38.5333333333333,45.3333333333333
2026-07-27 00:15:00,39.6,,45.0666666666667,30.6666666666667,56.7333333333333,51.6666666666667,88.3333333333333,38.0,45.6666666666667,40.6,53.3333333333333
2026-07-27 00:30:00,56.6,,43.8,26.9333333333333,53.3333333333333,54.4,95.6,38.8,57.4666666666667,38.8,52.2
2026-07-27 00:45:00,60.4,,43.0666666666667,22.0,52.6666666666667,54.7333333333333,115.866666666667,40.6,55.8,43.2666666666667,50.4666666666667
2026-07-27 01:00:00,65.8,,42.6666666666667,19.6,49.8666666666667,52.6,118.666666666667,43.8,47.8,43.8,56.6666666666667
2026-07-27 01:15:00,72.8666666666667,,41.7333333333333,18.2666666666667,49.4666666666667,54.2666666666667,153.8,43.8,51.1333333333333,41.9333333333333,54.6
2026-07-27 01:30:00,63.4666666666667,,42.1333333333333,16.8666666666667,58.2,55.8666666666667,98.5333333333333,43.4666666666667,66.4666666666667,41.5333333333333,55.6666666666667
2026-07-27 01:45:00,49.9333333333333,,48.6,16.2,64.6,56.6666666666667,137.133333333333,43.8666666666667,47.3333333333333,43.8,48.8
2026-07-27 02:00:00,49.5333333333333,,46.1333333333333,14.9333333333333,70.1333333333333,60.5333333333333,115.133333333333,43.6666666666667,79.2,41.3333333333333,47.7333333333333
2026-07-27 02:15:00,108.0,,46.6,15.7333333333333,63.2666666666667,61.0666666666667,131.466666666667,44.9333333333333,56.5333333333333,42.5333333333333,54.0
2026-07-27 02:30:00,118.2,,48.0,14.8666666666667,63.2666666666667,60.5333333333333,128.866666666667,43.7333333333333,83.9333333333333,41.7333333333333,49.0
2026-07-27 02:45:00,116.866666666667,,47.1333333333333,14.6,74.6666666666667,62.0666666666667,111.8,45.2,69.9333333333333,44.2,44.1333333333333
2026-07-27 03:00:00,92.9333333333333,,51.8666666666667,14.2666666666667,70.5333333333333,60.6,135.733333333333,50.6,86.1333333333333,49.2666666666667,48.8
2026-07-27 03:15:00,67.8,,55.5333333333333,13.3333333333333,64.6,63.8666666666667,95.0666666666667,44.0,71.2,52.6,46.8
2026-07-27 03:30:00,66.6666666666667,,52.7333333333333,13.2,66.2,65.1333333333333,123.533333333333,47.2666666666667,58.7333333333333,55.2666666666667,48.0666666666667
2026-07-27 03:45:00,65.4,,48.3333333333333,15.0,71.7333333333333,65.2,227.333333333333,43.1333333333333,53.4666666666667,68.9333333333333,45.2
2026-07-27 04:00:00,140.666666666667,,52.4666666666667,15.0,67.6,67.1333333333333,105.8,50.0666666666667,55.4,61.0,45.2
2026-07-27 04:15:00,156.133333333333,,50.7333333333333,14.5333333333333,72.4,73.2666666666667,297.4,52.0,51.8,56.1333333333333,45.4
2026-07-27 04:30:00,138.666666666667,,50.9333333333333,17.4,67.5333333333333,71.6666666666667,111.333333333333,53.4666666666667,50.4,53.4,46.3333333333333
2026-07-27 04:45:00,102.533333333333,,54.1333333333333,17.0666666666667,76.3333333333333,72.4,101.133333333333,54.2666666666667,49.9333333333333,47.6666666666667,45.0
2026-07-27 05:00:00,104.133333333333,,59.0,17.5333333333333,68.0666666666667,74.1333333333333,162.266666666667,52.5333333333333,53.0,48.1333333333333,48.1333333333333
2026-07-27 05:15:00,71.8666666666667,,55.0,17.4666666666667,66.6666666666667,76.0,144.266666666667,54.0666666666667,49.7333333333333,48.0,47.3333333333333
2026-07-27 05:30:00,55.4,,54.5333333333333,18.4666666666667,61.6666666666667,83.2666666666667,149.0,55.0,52.1333333333333,49.8666666666667,47.4666666666667
2026-07-27 05:45:00,56.2,,53.0666666666667,17.8666666666667,65.5333333333333,79.8666666666667,124.733333333333,52.3333333333333,57.2666666666667,57.2666666666667,51.4
2026-07-27 06:00:00,52.0,,52.7333333333333,16.8666666666667,64.8666666666667,82.5333333333333,131.266666666667,49.6,54.6,55.9333333333333,51.4666666666667
2026-07-27 06:15:00,54.6666666666667,,50.6,19.6,72.3333333333333,88.5333333333333,93.7333333333333,48.0666666666667,50.7333333333333,56.6666666666667,50.0666666666667
2026-07-27 06:30:00,75.5333333333333,,51.4,34.6666666666667,103.333333333333,91.0,73.9333333333333,49.8666666666667,56.0,63.2666666666667,47.7333333333333
2026-07-27 06:45:00,81.3333333333333,,50.7333333333333,32.0666666666667,103.6,89.4666666666667,89.6666666666667,51.4666666666667,52.6666666666667,51.6666666666667,46.4666666666667
2026-07-27 07:00:00,79.8666666666667,,56.8666666666667,61.2666666666667,73.2666666666667,86.2666666666667,78.3333333333333,49.4666666666667,54.5333333333333,52.1333333333333,51.0
2026-07-27 07:15:00,74.8,,57.2,67.2666666666667,68.3333333333333,78.4666666666667,76.9333333333333,53.9333333333333,56.8666666666667,92.6,55.4666666666667
2026-07-27 07:30:00,55.5333333333333,,59.4,60.1333333333333,71.2666666666667,73.8,72.6,57.2,64.1333333333333,123.266666666667,66.2
2026-07-27 07:45:00,53.0,,55.2666666666667,44.6,97.1333333333333,67.4666666666667,70.2,50.8666666666667,77.0666666666667,51.7333333333333,63.0666666666667
2026-07-27 08:00:00,54.9333333333333,,53.6,57.4,106.0,66.4,88.2,52.1333333333333,73.7333333333333,51.7333333333333,56.0666666666667
2026-07-27 08:15:00,49.8666666666667,,51.2666666666667,43.3333333333333,96.5333333333333,64.4666666666667,138.666666666667,50.6666666666667,73.0,45.6,50.6666666666667
2026-07-27 08:30:00,43.4666666666667,,52.9333333333333,39.6666666666667,101.8,54.0,112.066666666667,50.6666666666667,69.5333333333333,47.5333333333333,44.5333333333333
2026-07-27 08:45:00,38.1333333333333,,46.6666666666667,86.2,83.1333333333333,49.9333333333333,97.5333333333333,54.5333333333333,58.8666666666667,42.0666666666667,40.1333333333333
2026-07-27 09:00:00,38.9333333333333,,36.2666666666667,125.533333333333,110.2,45.3333333333333,71.5333333333333,54.3333333333333,46.9333333333333,34.2,38.3333333333333
2026-07-27 09:15:00,45.5333333333333,,29.2666666666667,30.0,83.4666666666667,43.8666666666667,51.4,44.8666666666667,38.7333333333333,37.0666666666667,36.0666666666667
2026-07-27 09:30:00,43.6,,26.8,23.6,83.2666666666667,42.7333333333333,37.0,38.0666666666667,42.0,34.6666666666667,30.8666666666667
2026-07-27 09:45:00,40.8,,25.4,26.3333333333333,71.5333333333333,43.8666666666667,32.4,36.6666666666667,51.9333333333333,35.0,28.2
2026-07-27 10:00:00,41.3333333333333,,24.2,28.9333333333333,59.0,37.6666666666667,29.5333333333333,33.4,53.4666666666667,35.6666666666667,25.1333333333333
2026-07-27 10:15:00,37.5333333333333,,23.2666666666667,31.4666666666667,49.6666666666667,40.3333333333333,29.2,27.5333333333333,46.6666666666667,36.4,22.6
2026-07-27 10:30:00,35.9333333333333,,21.6666666666667,28.1333333333333,40.8,37.6,32.2666666666667,27.4666666666667,36.9333333333333,31.0,24.5333333333333
2026-07-27 10:45:00,33.4666666666667,,22.6,43.2666666666667,42.0,35.2,33.7333333333333,26.9333333333333,33.8666666666667,32.4666666666667,24.0
2026-07-27 11:00:00,29.7333333333333,,25.2,30.6666666666667,36.6,33.0666666666667,33.7333333333333,26.6666666666667,34.0,33.6666666666667,24.2666666666667
2026-07-27 11:15:00,28.1333333333333,,25.5333333333333,25.0666666666667,33.5333333333333,37.4,30.7333333333333,28.9333333333333,29.6666666666667,31.0,28.9333333333333
2026-07-27 11:30:00,29.9333333333333,,25.2,26.6,39.4666666666667,32.4,27.3333333333333,31.6,30.7333333333333,30.2666666666667,26.8666666666667
2026-07-27 11:45:00,30.8,,25.2,31.8,31.8666666666667,32.4,29.1333333333333,35.5333333333333,30.4666666666667,26.2,26.6666666666667
2026-07-27 12:00:00,28.7333333333333,,25.6,30.0666666666667,31.2,45.8666666666667,29.8666666666667,32.6666666666667,27.0666666666667,33.2666666666667,30.0
2026-07-27 12:15:00,26.4666666666667,,25.8,18.4666666666667,25.5333333333333,36.7333333333333,29.5333333333333,38.4666666666667,28.2,33.0666666666667,32.6
2026-07-27 12:30:00,28.6666666666667,,27.3333333333333,27.3333333333333,26.7333333333333,34.0666666666667,32.8,34.2666666666667,27.4666666666667,27.0,25.5333333333333
2026-07-27 12:45:00,26.1333333333333,,24.8666666666667,26.8666666666667,26.4666666666667,35.4666666666667,30.1818181818182,31.9333333333333,26.8666666666667,29.7333333333333,24.8666666666667
2026-07-27 13:00:00,26.4666666666667,,26.0,25.7333333333333,29.6666666666667,38.7333333333333,,29.1333333333333,28.1333333333333,31.0,23.9333333333333
2026-07-27 13:15:00,28.2,,24.1333333333333,21.8666666666667,34.9333333333333,33.9333333333333,,28.1333333333333,28.6666666666667,27.2666666666667,22.9333333333333
2026-07-27 13:30:00,26.8,,24.7333333333333,22.6666666666667,30.0666666666667,33.3333333333333,,27.5333333333333,28.5333333333333,25.6666666666667,24.5333333333333
2026-07-27 13:45:00,27.6,,24.5333333333333,26.2,30.4666666666667,43.2,,27.6,29.6,23.0,22.9333333333333
2026-07-27 14:00:00,26.4,,27.9333333333333,28.8666666666667,27.4,33.6666666666667,,27.4,28.6,25.2,22.2666666666667
2026-07-27 14:15:00,26.4666666666667,,24.9333333333333,30.2,28.6666666666667,32.1333333333333,,28.2666666666667,26.8666666666667,26.1333333333333,22.8
2026-07-27 14:30:00,27.3333333333333,,24.0666666666667,53.4,25.0,31.1333333333333,,26.9333333333333,27.6666666666667,25.6666666666667,20.0
2026-07-27 14:45:00,25.8,,25.0666666666667,36.0,28.2,31.4,,23.4666666666667,27.7333333333333,26.8,20.2666666666667
2026-07-27 15:00:00,24.8666666666667,,28.6,27.1333333333333,24.8666666666667,29.0,,23.0666666666667,25.5333333333333,25.8666666666667,21.0
2026-07-27 15:15:00,24.8,,30.0666666666667,23.1333333333333,23.1333333333333,29.1333333333333,,23.1333333333333,26.3333333333333,23.8,21.2
2026-07-27 15:30:00,26.2666666666667,,29.4,20.9333333333333,30.5333333333333,29.2,,24.0666666666667,24.2,24.4,20.4666666666667
2026-07-27 15:45:00,25.6666666666667,,30.0,37.1333333333333,28.2,30.5333333333333,,24.5333333333333,29.3333333333333,27.4,22.0666666666667
2026-07-27 16:00:00,25.0666666666667,,32.3333333333333,36.0,25.6666666666667,54.0,,23.1333333333333,28.6,34.0666666666667,22.6
2026-07-27 16:15:00,24.0,,28.2666666666667,27.9333333333333,28.2666666666667,40.4666666666667,,26.0666666666667,26.2666666666667,35.0666666666667,26.8
2026-07-27 16:30:00,24.2666666666667,,28.6,22.6666666666667,31.8666666666667,33.2,,23.1333333333333,28.1333333333333,26.9333333333333,26.4
2026-07-27 16:45:00,23.4666666666667,,27.2,25.6666666666667,25.2666666666667,30.0,,24.4666666666667,27.8,31.5333333333333,25.4
2026-07-27 17:00:00,26.4666666666667,,28.4,32.9333333333333,23.9333333333333,29.1333333333333,,27.2,27.6,23.8,28.3333333333333
2026-07-27 17:15:00,24.2,,33.2,23.4,26.2,31.3333333333333,,29.1333333333333,27.6,28.1333333333333,29.3333333333333
2026-07-27 17:30:00,25.1333333333333,,28.6666666666667,18.0,25.5333333333333,31.4,,27.2666666666667,26.5333333333333,26.3333333333333,30.4
2026-07-27 17:45:00,25.1333333333333,,27.9333333333333,17.2666666666667,25.3333333333333,29.5333333333333,,26.2666666666667,28.7333333333333,27.1333333333333,30.9333333333333
2026-07-27 18:00:00,28.2666666666667,,28.7333333333333,19.8,23.0666666666667,30.2666666666667,,26.7333333333333,28.4666666666667,28.4666666666667,31.4666666666667
2026-07-27 18:15:00,26.8666666666667,,30.6,21.1333333333333,25.4666666666667,32.6666666666667,,26.2666666666667,30.3333333333333,29.0666666666667,28.8
2026-07-27 18:30:00,25.9333333333333,,28.2,25.5333333333333,25.4666666666667,35.4,,37.4,28.9333333333333,29.0,37.4
2026-07-27 18:45:00,25.0,,28.6666666666667,17.4,26.3333333333333,34.7333333333333,,28.0,30.7333333333333,27.5333333333333,32.7333333333333
2026-07-27 19:00:00,27.2,,33.3333333333333,24.6,25.6666666666667,36.8666666666667,,25.8666666666667,31.7333333333333,28.8666666666667,34.4666666666667
2026-07-27 19:15:00,26.0,,29.8666666666667,21.5333333333333,24.7333333333333,42.4666666666667,,28.4666666666667,33.6,30.5333333333333,29.8666666666667
2026-07-27 19:30:00,27.6666666666667,,33.6,28.8666666666667,26.4666666666667,36.5333333333333,,27.1333333333333,31.2,31.6,27.2
2026-07-27 19:45:00,25.6666666666667,,34.5333333333333,28.2,33.0666666666667,36.4666666666667,,28.7333333333333,32.1333333333333,31.2666666666667,39.8
2026-07-27 20:00:00,27.1333333333333,,36.3333333333333,25.6,29.6666666666667,43.2,,28.4666666666667,31.6,32.4,41.0666666666667
2026-07-27 20:15:00,27.6666666666667,,39.0,25.7333333333333,27.4,47.6,,30.8,30.1333333333333,39.0666666666667,46.4666666666667
2026-07-27 20:30:00,27.0666666666667,,39.2,23.8666666666667,31.8666666666667,49.0666666666667,,29.9333333333333,30.2,31.8666666666667,45.5333333333333
2026-07-27 20:45:00,27.6666666666667,,31.6666666666667,25.3333333333333,30.4,47.4666666666667,,32.7333333333333,30.4666666666667,33.6666666666667,36.3333333333333
2026-07-27 21:00:00,26.8666666666667,,40.0,24.4666666666667,27.6,43.4,,33.9333333333333,28.3333333333333,32.7333333333333,40.6666666666667
2026-07-27 21:15:00,29.4666666666667,,40.8666666666667,26.8666666666667,28.9333333333333,40.7333333333333,,32.2,28.0666666666667,34.2666666666667,48.2
2026-07-27 21:30:00,30.0666666666667,,37.4666666666667,31.4,30.6666666666667,37.6,,29.4,28.7333333333333,34.0666666666667,35.6
2026-07-27 21:45:00,31.9333333333333,,37.2,28.5333333333333,28.9333333333333,38.6666666666667,,30.2,31.0666666666667,31.1333333333333,33.6
2026-07-27 22:00:00,28.0666666666667,,35.4666666666667,25.4,30.2,40.6666666666667,,30.5333333333333,32.0,30.6666666666667,34.6666666666667
2026-07-27 22:15:00,30.0,,34.4666666666667,22.7333333333333,29.0666666666667,41.8666666666667,,31.3333333333333,37.9333333333333,32.0,30.9333333333333
2026-07-27 22:30:00,32.5333333333333,,33.8666666666667,21.0666666666667,29.0666666666667,40.1333333333333,,30.0666666666667,37.3333333333333,32.8666666666667,31.4
2026-07-27 22:45:00,30.1333333333333,,35.2,17.0,29.7333333333333,38.6666666666667,,30.8,38.8666666666667,30.6666666666667,32.9333333333333
2026-07-27 23:00:00,31.0666666666667,,35.6666666666667,16.3333333333333,29.2,43.8,,32.1333333333333,41.3333333333333,34.0666666666667,34.2666666666667
2026-07-27 23:15:00,29.5333333333333,,36.0666666666667,12.6,27.6,43.2,,31.2,40.4,33.2,35.5333333333333
2026-07-27 23:30:00,30.2666666666667,,37.2,12.0666666666667,27.8,37.2666666666667,,31.2,40.9333333333333,30.6,51.7333333333333
2026-07-27 23:45:00,30.5333333333333,,37.2666666666667,15.1333333333333,29.3333333333333,39.2666666666667,56.75,30.3333333333333,42.2,34.6666666666667,48.0666666666667
2026-07-28 00:00:00,31.3333333333333,,37.6666666666667,16.4,28.6,41.7333333333333,58.4,30.4,40.5333333333333,34.2666666666667,43.0
2026-07-28 00:15:00,30.5333333333333,,37.1333333333333,15.6,27.8666666666667,43.6666666666667,74.7333333333333,31.8666666666667,40.8666666666667,34.7333333333333,32.4666666666667
2026-07-28 00:30:00,32.2,,38.7333333333333,15.5333333333333,27.9333333333333,42.5333333333333,74.4,32.4666666666667,39.4666666666667,33.4,35.3333333333333
2026-07-28 00:45:00,32.0666666666667,,39.6666666666667,13.4,29.2666666666667,44.5333333333333,64.6,32.3333333333333,36.0666666666667,36.0666666666667,50.8
2026-07-28 01:00:00,31.4666666666667,,39.2,13.2,28.1333333333333,43.0666666666667,49.4,32.1333333333333,38.4666666666667,34.4666666666667,49.8
2026-07-28 01:15:00,32.4666666666667,,40.1333333333333,14.2,30.6,41.5333333333333,43.4666666666667,32.2,37.5333333333333,34.8,45.3333333333333
2026-07-28 01:30:00,30.4666666666667,,39.4,12.6666666666667,30.4666666666667,42.0,45.2,30.9333333333333,41.0,33.0,39.0666666666667
2026-07-28 01:45:00,30.4666666666667,,39.6666666666667,13.8666666666667,31.9333333333333,44.3333333333333,57.9333333333333,33.0,39.8666666666667,32.3333333333333,43.4
2026-07-28 02:00:00,33.4,,36.5333333333333,12.2666666666667,31.8666666666667,46.7333333333333,47.5333333333333,31.6666666666667,34.9333333333333,32.3333333333333,43.1333333333333
2026-07-28 02:15:00,29.8,,35.5333333333333,12.1333333333333,32.1333333333333,41.4666666666667,54.0,32.9333333333333,36.2666666666667,30.8666666666667,35.0
2026-07-28 02:30:00,29.6666666666667,,37.6666666666667,12.7333333333333,30.9333333333333,43.7333333333333,49.4,32.1333333333333,33.3333333333333,32.6,39.2
2026-07-28 02:45:00,31.7333333333333,,34.8666666666667,12.8666666666667,35.0666666666667,41.6,40.5333333333333,32.2,34.1333333333333,31.6,40.4
2026-07-28 03:00:00,32.8,,34.6,11.0,35.8,42.6666666666667,39.0666666666667,30.8666666666667,34.2666666666667,31.6666666666667,35.8666666666667
2026-07-28 03:15:00,32.5333333333333,,34.4,14.3333333333333,34.0666666666667,46.1333333333333,39.6,33.0666666666667,32.4666666666667,31.6666666666667,33.6666666666667
2026-07-28 03:30:00,33.1333333333333,,35.6,13.6666666666667,32.0,44.1333333333333,43.4666666666667,29.0666666666667,32.7333333333333,31.1333333333333,33.0666666666667
2026-07-28 03:45:00,32.1333333333333,,35.8,13.8666666666667,31.8,50.0,54.7333333333333,29.4,34.2,29.2,32.4666666666667
2026-07-28 04:00:00,34.0,,37.3333333333333,13.0666666666667,35.1333333333333,51.1333333333333,65.0,30.3333333333333,34.7333333333333,29.7333333333333,31.0
2026-07-28 04:15:00,34.4666666666667,,37.4666666666667,16.8,35.0666666666667,51.4,59.8666666666667,29.9333333333333,36.2,31.0,32.5333333333333
2026-07-28 04:30:00,35.9333333333333,,36.7333333333333,17.2,40.0666666666667,53.6666666666667,55.3333333333333,29.9333333333333,34.4,30.5333333333333,33.0
2026-07-28 04:45:00,35.0666666666667,,38.1333333333333,20.1333333333333,39.1333333333333,53.2,42.9333333333333,32.2666666666667,38.3333333333333,32.5333333333333,33.3333333333333
2026-07-28 05:00:00,35.0,,37.0,16.7333333333333,39.8,51.8666666666667,44.4666666666667,30.0,31.6666666666667,33.0666666666667,32.9333333333333
2026-07-28 05:15:00,37.8666666666667,,40.5333333333333,21.8,41.7333333333333,57.5333333333333,46.8666666666667,35.8666666666667,35.2666666666667,48.5333333333333,37.6666666666667
2026-07-28 05:30:00,42.6666666666667,,43.5333333333333,19.8666666666667,51.6,61.0,48.3333333333333,40.8666666666667,47.8666666666667,71.4,51.5333333333333
2026-07-28 05:45:00,53.1333333333333,,51.3333333333333,24.9333333333333,60.4666666666667,83.0,68.6,52.7333333333333,110.466666666667,64.0,58.3333333333333
2026-07-28 06:00:00,67.2666666666667,,51.3333333333333,24.8,55.1333333333333,81.6666666666667,69.6666666666667,70.8,73.0,50.2,76.8666666666667
2026-07-28 06:15:00,70.8,,51.2666666666667,35.4,55.0666666666667,80.5333333333333,86.8,139.4,66.5333333333333,63.7333333333333,98.6
2026-07-28 06:30:00,45.2,,59.7333333333333,42.4,50.5333333333333,70.4,83.0666666666667,110.466666666667,49.8,83.7333333333333,75.5333333333333
2026-07-28 06:45:00,33.8666666666667,,45.7333333333333,39.4666666666667,46.8,58.8666666666667,81.1333333333333,49.3333333333333,51.1333333333333,47.1333333333333,60.8666666666667
2026-07-28 07:00:00,38.1333333333333,,57.6666666666667,40.9333333333333,37.6666666666667,51.9333333333333,65.5333333333333,45.2,45.3333333333333,34.8666666666667,61.2666666666667
2026-07-28 07:15:00,30.1333333333333,,48.1333333333333,44.1333333333333,49.6,108.533333333333,67.5333333333333,45.0,39.2666666666667,34.0666666666667,54.2666666666667
2026-07-28 07:30:00,34.3333333333333,,47.3333333333333,40.2666666666667,47.0,206.266666666667,66.8,48.4,40.3333333333333,33.6666666666667,58.4666666666667
2026-07-28 07:45:00,40.4666666666667,,42.6666666666667,31.5333333333333,39.7333333333333,87.8666666666667,60.4,41.4666666666667,40.0,35.4,51.6666666666667
2026-07-28 08:00:00,41.4666666666667,,39.7333333333333,34.0,38.0,75.1333333333333,58.9333333333333,43.1333333333333,43.8,32.9333333333333,53.3333333333333
2026-07-28 08:15:00,44.4666666666667,,42.8666666666667,28.9333333333333,43.0666666666667,64.2666666666667,50.2666666666667,42.8666666666667,53.6,35.1333333333333,57.4666666666667
2026-07-28 08:30:00,47.4666666666667,,54.8666666666667,25.2666666666667,49.4,62.0666666666667,50.1333333333333,46.0,62.8,44.3333333333333,66.6666666666667
2026-07-28 08:45:00,42.8666666666667,,53.2,24.9333333333333,47.2666666666667,61.5333333333333,39.7333333333333,49.6,57.8,51.8666666666667,67.0
2026-07-28 09:00:00,39.7333333333333,,45.1333333333333,21.4666666666667,48.1333333333333,58.7333333333333,35.0,48.0,55.6666666666667,51.6666666666667,125.4
2026-07-28 09:15:00,43.3333333333333,,41.1333333333333,34.0666666666667,47.0666666666667,60.4,32.6,55.1333333333333,58.4666666666667,50.0,212.266666666667
2026-07-28 09:30:00,43.1333333333333,,42.6,36.2,42.0666666666667,57.1333333333333,30.8,52.2,61.8666666666667,43.3333333333333,47.0
2026-07-28 09:45:00,44.8666666666667,,47.0,42.2666666666667,42.2666666666667,55.2,30.2666666666667,43.9333333333333,67.4666666666667,37.5333333333333,52.2666666666667
2026-07-28 10:00:00,39.7333333333333,,40.2666666666667,35.8,40.6,56.7333333333333,27.4,37.0666666666667,58.0666666666667,40.6666666666667,74.6666666666667
2026-07-28 10:15:00,44.6666666666667,,37.1333333333333,31.6,39.0666666666667,55.6666666666667,25.5333333333333,38.8,60.4,42.8666666666667,99.4
2026-07-28 10:30:00,44.3333333333333,,37.8,35.0666666666667,37.9333333333333,50.8,28.4,39.0666666666667,53.2,49.6666666666667,129.6
2026-07-28 10:45:00,42.2666666666667,,39.6,28.5333333333333,36.8666666666667,47.2,23.0666666666667,35.7333333333333,58.8666666666667,49.5333333333333,165.466666666667
2026-07-28 11:00:00,41.9333333333333,,36.5333333333333,29.2666666666667,37.6666666666667,44.5333333333333,20.3333333333333,37.6666666666667,48.2,47.5333333333333,185.733333333333
2026-07-28 11:15:00,43.8,,35.6,33.6,33.0666666666667,43.9333333333333,20.0666666666667,40.0,48.8666666666667,43.3333333333333,234.0
2026-07-28 11:30:00,48.0,,37.4,79.2,33.8,44.5333333333333,18.1333333333333,37.2666666666667,55.4,48.3333333333333,165.866666666667
2026-07-28 11:45:00,43.3333333333333,,35.2666666666667,38.3333333333333,33.2666666666667,44.0,19.8,41.4666666666667,56.6,46.1333333333333,146.066666666667
2026-07-28 12:00:00,40.2,,30.5333333333333,28.2,36.0666666666667,43.6666666666667,19.0,44.0666666666667,57.2666666666667,47.8666666666667,137.533333333333
2026-07-28 12:15:00,37.5333333333333,,28.5333333333333,29.2666666666667,35.7333333333333,44.3333333333333,28.7333333333333,42.1333333333333,60.8666666666667,42.4,130.8
2026-07-28 12:30:00,34.9333333333333,,30.2,29.9333333333333,33.1333333333333,41.2,52.9333333333333,32.9333333333333,58.6666666666667,38.4,147.333333333333
2026-07-28 12:45:00,34.0666666666667,,30.7333333333333,35.8666666666667,27.2,41.7333333333333,45.8666666666667,32.4,53.7333333333333,35.4666666666667,151.266666666667
2026-07-28 13:00:00,28.5333333333333,,28.9333333333333,40.6666666666667,28.0666666666667,37.6,28.7333333333333,31.8666666666667,45.4,35.6,143.4
2026-07-28 13:15:00,31.4666666666667,,27.7333333333333,33.9333333333333,27.9333333333333,39.3333333333333,25.8,32.2666666666667,58.0,34.9333333333333,152.0
2026-07-28 13:30:00,25.1333333333333,,32.0,31.9333333333333,25.1333333333333,34.4,26.9333333333333,32.2666666666667,45.2666666666667,35.2,121.333333333333
2026-07-28 13:45:00,28.4666666666667,,30.8666666666667,36.6,19.2666666666667,29.0666666666667,26.2,30.4666666666667,39.1333333333333,40.4666666666667,54.1333333333333
2026-07-28 14:00:00,23.0,,27.7333333333333,27.5333333333333,22.8,53.2666666666667,24.4666666666667,31.4,39.0,34.8,72.3333333333333
2026-07-28 14:15:00,21.4666666666667,,21.6,31.9333333333333,22.6,37.6,31.2666666666667,26.0,26.6,32.0666666666667,61.8
2026-07-28 14:30:00,22.7333333333333,,17.8,38.2,24.7333333333333,40.4666666666667,31.1333333333333,27.4,23.3333333333333,34.3333333333333,41.6
2026-07-28 14:45:00,20.2666666666667,,18.3333333333333,87.0666666666667,22.0,29.5333333333333,26.9333333333333,24.0666666666667,27.8,29.3333333333333,43.0666666666667
2026-07-28 15:00:00,21.2666666666667,,18.2,28.4666666666667,22.4666666666667,28.9333333333333,23.7333333333333,23.4666666666667,25.6,33.8666666666667,72.4666666666667
2026-07-28 15:15:00,19.4,,20.4666666666667,36.8,21.3333333333333,29.6,19.7333333333333,24.4666666666667,29.2666666666667,26.3333333333333,88.2666666666667
2026-07-28 15:30:00,18.8666666666667,,20.0,43.4666666666667,22.0,27.7333333333333,22.0666666666667,20.8,28.9333333333333,26.4666666666667,67.7333333333333
2026-07-28 15:45:00,20.6666666666667,,20.2,45.9333333333333,22.2,27.6,23.4,20.1333333333333,24.4666666666667,26.2666666666667,63.7333333333333
2026-07-28 16:00:00,19.8666666666667,,19.7333333333333,71.8,21.3333333333333,27.0666666666667,30.5333333333333,18.6666666666667,20.4666666666667,22.0,30.3333333333333
2026-07-28 16:15:00,20.0,,20.0666666666667,69.2666666666667,21.4,28.4,28.6666666666667,20.3333333333333,25.2,18.5333333333333,24.4
2026-07-28 16:30:00,22.9333333333333,,20.6666666666667,69.4666666666667,19.4666666666667,24.7333333333333,28.0666666666667,17.6666666666667,29.7333333333333,21.6666666666667,46.0666666666667
2026-07-28 16:45:00,31.1333333333333,,19.2,74.1333333333333,18.5333333333333,36.8,23.6,18.9333333333333,31.7333333333333,20.0,72.6666666666667
2026-07-28 17:00:00,26.2,,18.6,72.1333333333333,49.5333333333333,40.0666666666667,26.9333333333333,20.8,30.7333333333333,22.2666666666667,63.6666666666667
2026-07-28 17:15:00,24.4,,16.8,60.2,37.6,38.4,25.0,28.8666666666667,30.0666666666667,20.9333333333333,36.7333333333333
2026-07-28 17:30:00,25.6666666666667,,18.6666666666667,32.0666666666667,31.0,37.9333333333333,27.6666666666667,20.4,32.8,26.1333333333333,80.3333333333333
2026-07-28 17:45:00,26.4,,19.2,25.8,28.6,31.2666666666667,26.8666666666667,24.4,27.0666666666667,27.8,74.8666666666667
2026-07-28 18:00:00,24.8666666666667,,23.2666666666667,24.1333333333333,24.1333333333333,29.7333333333333,52.8666666666667,27.6666666666667,24.6666666666667,26.4666666666667,42.7333333333333
2026-07-28 18:15:00,25.8666666666667,,25.3333333333333,31.3333333333333,20.0666666666667,27.8,45.3333333333333,25.5333333333333,23.2,24.2666666666667,35.7333333333333
2026-07-28 18:30:00,25.9333333333333,,24.8,22.2,19.5333333333333,23.0,33.2,22.9333333333333,26.9333333333333,25.6666666666667,37.0666666666667
2026-07-28 18:45:00,22.9333333333333,,21.7333333333333,25.5333333333333,17.5333333333333,24.2666666666667,43.3333333333333,22.8,31.0666666666667,25.0,28.7333333333333
2026-07-28 19:00:00,26.3333333333333,,20.6666666666667,34.1333333333333,18.8,28.1333333333333,61.5333333333333,24.2,32.1333333333333,26.1333333333333,46.9333333333333
2026-07-28 19:15:00,29.2,,23.0,46.3333333333333,19.7333333333333,28.8666666666667,65.7333333333333,26.6,32.1333333333333,28.4,63.6666666666667
2026-07-28 19:30:00,27.2,,28.3333333333333,65.8,21.4666666666667,32.8,63.4666666666667,29.2666666666667,32.0,29.6666666666667,65.9333333333333
2026-07-28 19:45:00,28.6666666666667,,29.4,94.1333333333333,22.8666666666667,33.4,49.8666666666667,31.8666666666667,34.1333333333333,32.4666666666667,80.4
2026-07-28 20:00:00,27.9333333333333,,30.7333333333333,129.533333333333,25.6,34.4,64.4,31.4666666666667,38.0,33.3333333333333,71.8
2026-07-28 20:15:00,34.3333333333333,,29.6,145.466666666667,25.6,38.6666666666667,59.9333333333333,30.9333333333333,35.2,32.1333333333333,86.6
2026-07-28 20:30:00,38.0,,28.7333333333333,110.933333333333,26.6666666666667,38.6666666666667,63.7333333333333,33.1333333333333,41.6666666666667,33.9333333333333,102.333333333333
2026-07-28 20:45:00,40.5333333333333,,32.4,167.266666666667,25.8,39.8666666666667,60.2666666666667,34.7333333333333,44.9333333333333,37.1333333333333,91.0
2026-07-28 21:00:00,39.6,,32.3333333333333,140.466666666667,26.6,44.2,67.0666666666667,34.2666666666667,41.3333333333333,37.0,86.2666666666667
2026-07-28 21:15:00,39.0666666666667,,31.4,97.8666666666667,30.4,44.6,74.1333333333333,35.7333333333333,38.0666666666667,39.3333333333333,96.0
2026-07-28 21:30:00,42.1333333333333,47.0,34.4666666666667,97.2666666666667,31.2,43.1333333333333,94.4666666666667,35.7333333333333,39.3333333333333,39.6666666666667,101.6
2026-07-28 21:45:00,41.1333333333333,,36.5333333333333,113.0,32.6666666666667,45.4,76.3333333333333,35.8,44.1333333333333,38.2,96.9333333333333
2026-07-28 22:00:00,42.3333333333333,,37.1333333333333,71.2666666666667,34.2,59.6666666666667,87.5333333333333,36.8666666666667,53.8666666666667,42.2,104.4
2026-07-28 22:15:00,44.4666666666667,,38.0666666666667,64.2666666666667,34.9333333333333,48.2666666666667,101.6,37.0,46.9333333333333,41.7333333333333,90.3333333333333
2026-07-28 22:30:00,45.5333333333333,,40.8,43.9333333333333,35.8666666666667,47.0666666666667,128.866666666667,38.2,44.6666666666667,40.8,120.6
2026-07-28 22:45:00,44.8,,42.6,58.3333333333333,36.7333333333333,48.2666666666667,139.6,39.8666666666667,56.1333333333333,42.4666666666667,112.933333333333
2026-07-28 23:00:00,44.0,,42.0,46.2666666666667,36.3333333333333,49.5333333333333,140.666666666667,43.0666666666667,47.2,45.3333333333333,130.333333333333
2026-07-28 23:15:00,44.4,,45.2,53.4,38.4,49.4,177.066666666667,42.8666666666667,46.2666666666667,47.6,129.6
2026-07-28 23:30:00,46.2,,49.4666666666667,69.1333333333333,38.2,50.8666666666667,141.0,46.2,46.8,49.2,142.8
2026-07-28 23:45:00,49.6,,51.0,112.733333333333,38.4,50.9333333333333,109.933333333333,47.6,54.8666666666667,58.6666666666667,130.733333333333
2026-07-29 00:00:00,48.4,,48.8,194.866666666667,38.0,50.8,102.0,46.2,52.0666666666667,53.5333333333333,129.6
2026-07-29 00:15:00,48.4,,44.7333333333333,203.266666666667,39.0,47.4,107.0,46.8666666666667,51.1333333333333,56.4,137.733333333333
2026-07-29 00:30:00,46.6666666666667,,45.4,196.133333333333,40.4666666666667,49.4,121.666666666667,43.4666666666667,54.2666666666667,50.0666666666667,128.266666666667
2026-07-29 00:45:00,44.2,,46.1333333333333,193.533333333333,37.8,49.4,109.933333333333,43.4,50.1333333333333,52.0666666666667,145.666666666667
2026-07-29 01:00:00,45.4666666666667,,49.2,233.933333333333,41.0,51.4,120.8,43.4,44.2,51.8,169.266666666667
2026-07-29 01:15:00,45.0,,50.4666666666667,242.2,38.6,51.3333333333333,116.933333333333,45.5333333333333,48.9333333333333,55.7333333333333,163.533333333333
2026-07-29 01:30:00,45.0666666666667,,49.6666666666667,244.2,37.2,50.0666666666667,142.4,48.4666666666667,48.8666666666667,52.6,223.6
2026-07-29 01:45:00,49.2,,46.8,295.333333333333,38.4,54.4,132.8,47.0666666666667,45.8666666666667,52.1333333333333,182.466666666667
2026-07-29 02:00:00,48.6,,47.3333333333333,326.066666666667,41.2666666666667,54.5333333333333,144.666666666667,46.5333333333333,48.6,43.8,177.533333333333
2026-07-29 02:15:00,49.3333333333333,,46.4,337.0,38.4,53.8,177.333333333333,43.4,47.0,44.1333333333333,189.333333333333
2026-07-29 02:30:00,48.2,,44.9333333333333,343.466666666667,38.2,50.6,150.0,43.0,50.1333333333333,44.2666666666667,96.7333333333333
2026-07-29 02:45:00,47.4666666666667,,44.9333333333333,316.8,40.2666666666667,52.1333333333333,146.466666666667,40.5333333333333,57.1333333333333,40.1333333333333,109.8
2026-07-29 03:00:00,47.2666666666667,,42.6666666666667,319.466666666667,42.7333333333333,58.7333333333333,148.4,41.2,58.7333333333333,47.2,161.066666666667
2026-07-29 03:15:00,48.2,,39.5333333333333,289.4,40.3333333333333,51.9333333333333,121.733333333333,41.2,51.8,45.2,120.533333333333
2026-07-29 03:30:00,45.4,,42.7333333333333,274.466666666667,40.4666666666667,56.7333333333333,109.066666666667,41.6,56.2,42.8,122.066666666667
2026-07-29 03:45:00,47.0666666666667,,44.1333333333333,288.933333333333,37.8,53.2,101.466666666667,41.4666666666667,53.7333333333333,44.5333333333333,138.2
2026-07-29 04:00:00,50.4666666666667,,47.1333333333333,255.733333333333,36.0,48.8,104.2,47.3333333333333,50.4666666666667,45.4,133.4
2026-07-29 04:15:00,47.6,,47.9333333333333,252.466666666667,35.0,51.1333333333333,103.066666666667,44.3333333333333,57.3333333333333,48.0,138.733333333333
2026-07-29 04:30:00,49.1333333333333,,46.7333333333333,248.733333333333,36.3333333333333,52.0,101.4,43.0666666666667,53.7333333333333,46.4,108.2
2026-07-29 04:45:00,47.5333333333333,,48.3333333333333,238.533333333333,34.1333333333333,49.0,104.0,45.4,47.0,43.4666666666667,86.7333333333333
2026-07-29 05:00:00,46.8,,50.4666666666667,257.2,37.9333333333333,47.7333333333333,109.4,41.9333333333333,56.8,45.2,52.8666666666667
2026-07-29 05:15:00,44.4,,49.7333333333333,268.266666666667,34.6,46.5333333333333,105.8,45.0666666666667,45.2,45.7333333333333,80.0666666666667
2026-07-29 05:30:00,44.8,,53.4,254.133333333333,35.0666666666667,44.8666666666667,103.266666666667,46.2666666666667,58.7333333333333,48.2,107.2
2026-07-29 05:45:00,42.8,,56.2,237.133333333333,35.6666666666667,45.5333333333333,101.6,46.1333333333333,74.2,46.9333333333333,101.666666666667
2026-07-29 06:00:00,43.3333333333333,,59.2,234.8,35.1333333333333,46.6,103.6,46.0666666666667,70.1333333333333,77.0666666666667,120.8
2026-07-29 06:15:00,46.0,,57.9333333333333,228.666666666667,36.8,47.9333333333333,100.0,48.1333333333333,60.2666666666667,69.2666666666667,103.866666666667
2026-07-29 06:30:00,50.2666666666667,,62.5333333333333,233.066666666667,35.8,51.3333333333333,98.5333333333333,46.9333333333333,49.7333333333333,68.8,112.933333333333
2026-07-29 06:45:00,53.8666666666667,,62.0,217.933333333333,38.2,62.9333333333333,96.8666666666667,40.8,57.0666666666667,50.3333333333333,131.666666666667
2026-07-29 07:00:00,53.2666666666667,,61.2,209.2,48.6,62.1333333333333,95.7333333333333,50.8666666666667,55.4666666666667,52.7333333333333,125.533333333333
2026-07-29 07:15:00,48.6,,58.9333333333333,200.8,49.4,54.9333333333333,82.6666666666667,51.4,50.2,54.6,97.0
2026-07-29 07:30:00,50.2,42.0,56.8,181.466666666667,43.8666666666667,51.5333333333333,78.2,58.5333333333333,48.6666666666667,51.2666666666667,85.7333333333333
2026-07-29 07:45:00,48.0,,60.4,174.666666666667,39.3333333333333,54.6666666666667,67.6666666666667,59.1333333333333,48.4666666666667,51.6666666666667,81.0666666666667
2026-07-29 08:00:00,44.3333333333333,,57.8666666666667,176.6,38.1333333333333,55.6,61.6666666666667,59.6,44.1333333333333,59.6,73.5333333333333
2026-07-29 08:15:00,43.5333333333333,,57.3333333333333,160.066666666667,35.7333333333333,49.5333333333333,64.9333333333333,62.5333333333333,40.2666666666667,54.9333333333333,63.5333333333333
2026-07-29 08:30:00,35.5333333333333,,51.6,154.2,35.6,49.6666666666667,69.8,56.9333333333333,40.3333333333333,40.0,61.4
2026-07-29 08:45:00,29.7333333333333,,49.8666666666667,133.533333333333,30.6666666666667,45.7333333333333,55.6666666666667,46.4666666666667,36.8,37.1333333333333,58.3333333333333
2026-07-29 09:00:00,28.0666666666667,,50.8666666666667,137.733333333333,30.8666666666667,43.2666666666667,53.8666666666667,37.8,35.4666666666667,30.0,47.0
2026-07-29 09:15:00,24.8666666666667,,47.2,120.933333333333,29.5333333333333,44.7333333333333,51.6666666666667,36.5333333333333,35.3333333333333,33.0666666666667,46.2
2026-07-29 09:30:00,28.7333333333333,,38.4,97.5333333333333,27.3333333333333,52.1333333333333,47.4666666666667,34.9333333333333,33.8666666666667,35.6666666666667,36.9333333333333
2026-07-29 09:45:00,28.1333333333333,,32.9333333333333,91.3333333333333,29.0,41.4666666666667,47.7333333333333,34.6666666666667,34.0666666666667,30.0,31.8666666666667
2026-07-29 10:00:00,27.6666666666667,,32.4,100.2,29.5333333333333,40.5333333333333,40.2666666666667,32.2,31.3333333333333,27.6666666666667,35.2
2026-07-29 10:15:00,23.1333333333333,,30.4,82.8,25.9333333333333,35.5333333333333,40.0666666666667,30.8,28.9333333333333,28.6666666666667,32.2
2026-07-29 10:30:00,19.3333333333333,,28.0,81.9333333333333,23.5333333333333,32.2,36.8,26.5333333333333,23.9333333333333,25.8,24.0
2026-07-29 10:45:00,19.4,,24.8,70.6,20.0666666666667,32.8666666666667,33.3333333333333,27.5333333333333,21.9333333333333,24.4,23.6
2026-07-29 11:00:00,19.3333333333333,,22.8,58.4,20.4,31.0,29.6,24.7333333333333,21.8,22.8,23.3333333333333
2026-07-29 11:15:00,19.3333333333333,,22.0666666666667,71.9333333333333,23.3333333333333,28.5333333333333,31.7333333333333,21.7333333333333,20.7333333333333,20.0,29.4
2026-07-29 11:30:00,23.3333333333333,,20.0,69.0666666666667,21.2,30.4,29.3333333333333,21.7333333333333,18.8666666666667,19.3333333333333,63.2
2026-07-29 11:45:00,17.7333333333333,,22.7333333333333,82.5333333333333,17.8666666666667,28.4,29.0,24.4666666666667,20.4666666666667,21.0,59.9333333333333
2026-07-29 12:00:00,18.4666666666667,,20.5333333333333,95.2,16.1333333333333,27.3333333333333,26.4,30.9333333333333,20.8666666666667,22.8666666666667,37.2
2026-07-29 12:15:00,16.8666666666667,,20.6666666666667,69.0666666666667,16.5333333333333,22.8,28.1333333333333,22.0666666666667,18.4,18.6,21.2666666666667
2026-07-29 12:30:00,18.2666666666667,,22.8,54.7333333333333,16.8666666666667,26.8,26.7333333333333,22.2,18.5333333333333,18.4,21.1333333333333
2026-07-29 12:45:00,20.4,,22.3333333333333,39.5333333333333,15.0,37.2,23.0,22.0666666666667,18.5333333333333,18.9333333333333,32.0
2026-07-29 13:00:00,29.4666666666667,,23.0,32.7333333333333,17.8666666666667,23.7333333333333,24.2,22.2,18.8,20.3333333333333,21.3333333333333
2026-07-29 13:15:00,19.7333333333333,,26.1333333333333,42.6666666666667,15.8,22.4666666666667,22.0666666666667,18.9333333333333,22.6,17.2,23.4666666666667
2026-07-29 13:30:00,18.2666666666667,,21.9333333333333,55.9333333333333,19.4,23.8666666666667,21.1333333333333,18.6666666666667,18.0666666666667,17.4,18.7333333333333
2026-07-29 13:45:00,17.7333333333333,,24.0,49.6666666666667,20.1333333333333,24.9333333333333,22.6,20.0,20.2,17.2666666666667,20.1333333333333
2026-07-29 14:00:00,19.1333333333333,,20.2666666666667,44.5333333333333,20.8,23.2,21.9333333333333,19.8,20.0666666666667,19.6,22.4666666666667
2026-07-29 14:15:00,17.9333333333333,,21.4,47.6,16.6666666666667,23.5333333333333,25.2,21.2666666666667,17.4,21.9333333333333,22.6
2026-07-29 14:30:00,16.9333333333333,,26.2666666666667,49.8666666666667,17.1333333333333,22.2,22.0,18.2666666666667,18.6666666666667,19.7333333333333,19.2
2026-07-29 14:45:00,16.2,,22.8666666666667,40.2,16.4666666666667,22.8666666666667,21.0,19.4666666666667,17.2666666666667,20.6,23.3333333333333
2026-07-29 15:00:00,18.0666666666667,,18.8,53.0,16.2666666666667,21.8,19.6666666666667,20.8666666666667,28.5333333333333,23.0,24.0666666666667
2026-07-29 15:15:00,15.1333333333333,,24.3333333333333,53.0,16.1333333333333,25.6666666666667,21.2666666666667,20.6666666666667,22.1333333333333,22.4,21.8
2026-07-29 15:30:00,18.7333333333333,,20.2666666666667,52.3333333333333,16.3333333333333,26.8666666666667,23.6,18.2666666666667,19.2,21.2,25.1333333333333
2026-07-29 15:45:00,19.9333333333333,,22.3333333333333,48.9333333333333,17.4,31.3333333333333,20.8666666666667,21.3333333333333,19.7333333333333,21.5333333333333,25.4666666666667
2026-07-29 16:00:00,18.8,,23.2666666666667,61.1333333333333,19.2666666666667,33.7333333333333,20.8666666666667,21.6,20.8666666666667,21.8666666666667,23.7333333333333
2026-07-29 16:15:00,18.0666666666667,,23.7333333333333,74.5333333333333,16.4666666666667,58.4,29.4,20.6666666666667,21.4,17.8,25.6
2026-07-29 16:30:00,17.6666666666667,,23.9333333333333,82.2666666666667,17.6666666666667,42.7333333333333,31.4666666666667,20.1333333333333,23.3333333333333,17.9333333333333,23.7333333333333
2026-07-29 16:45:00,23.0666666666667,,26.0666666666667,65.5333333333333,16.6,26.2,27.1333333333333,19.9333333333333,24.4,18.7333333333333,20.5333333333333
2026-07-29 17:00:00,25.7333333333333,,23.9333333333333,57.4,16.6,39.6,21.8,21.5333333333333,22.2666666666667,20.6,19.6666666666667
2026-07-29 17:15:00,21.8666666666667,,22.6666666666667,67.5333333333333,17.1333333333333,31.8666666666667,24.3333333333333,25.7333333333333,23.6666666666667,21.8,25.0666666666667
2026-07-29 17:30:00,20.9333333333333,,21.3333333333333,58.6666666666667,16.5333333333333,51.8666666666667,26.8,22.4,21.6666666666667,22.4,22.6
2026-07-29 17:45:00,22.8666666666667,,23.0666666666667,50.0666666666667,17.4666666666667,27.8,30.0,22.8666666666667,23.2,22.8,20.6666666666667
2026-07-29 18:00:00,24.0666666666667,,22.9333333333333,43.6,18.9333333333333,39.4,30.2666666666667,23.2666666666667,26.8,24.4,27.6
2026-07-29 18:15:00,25.7333333333333,,23.6666666666667,34.6,19.3333333333333,36.4666666666667,29.2,25.2,25.8,25.8666666666667,41.5333333333333
2026-07-29 18:30:00,27.3333333333333,,24.6666666666667,40.7333333333333,21.8666666666667,32.0666666666667,27.6666666666667,26.6,27.8666666666667,27.4666666666667,60.1333333333333
2026-07-29 18:45:00,26.0666666666667,,25.7333333333333,46.8666666666667,23.6666666666667,30.6666666666667,27.3333333333333,28.9333333333333,27.4,26.8,45.8
2026-07-29 19:00:00,27.6,,27.3333333333333,49.3333333333333,23.4,31.2,32.0,28.4666666666667,31.4666666666667,29.0666666666667,52.6
2026-07-29 19:15:00,38.9333333333333,,32.3333333333333,53.0,24.9333333333333,32.1333333333333,33.0,29.0666666666667,30.4,30.3333333333333,51.4666666666667
2026-07-29 19:30:00,43.8666666666667,,33.8666666666667,58.2,25.8,36.2,34.3333333333333,31.0666666666667,33.2666666666667,31.6666666666667,37.8666666666667
2026-07-29 19:45:00,38.0,,37.0666666666667,70.4,26.2,35.8,44.8,29.8666666666667,36.5333333333333,32.0666666666667,58.4666666666667
2026-07-29 20:00:00,32.6666666666667,,47.3333333333333,76.4,25.2666666666667,37.5333333333333,50.9333333333333,31.2,36.8666666666667,31.8,69.3333333333333
2026-07-29 20:15:00,33.0666666666667,,37.2666666666667,82.7333333333333,29.0666666666667,42.2,50.6666666666667,32.3333333333333,32.6666666666667,31.2666666666667,69.9333333333333
2026-07-29 20:30:00,32.3333333333333,,33.3333333333333,82.9333333333333,29.6666666666667,37.7333333333333,62.4,34.4,30.5333333333333,30.6666666666667,64.4
2026-07-29 20:45:00,36.4666666666667,,30.4,73.8,29.8666666666667,37.2666666666667,68.3333333333333,30.6,31.2666666666667,34.2666666666667,53.2666666666667
2026-07-29 21:00:00,33.2,,31.0,67.1333333333333,28.9333333333333,38.3333333333333,65.7333333333333,31.5333333333333,30.4666666666667,30.7333333333333,63.8
2026-07-29 21:15:00,33.0,,30.0666666666667,58.5333333333333,29.0,40.3333333333333,50.7333333333333,31.2666666666667,31.5333333333333,31.6,68.5333333333333
2026-07-29 21:30:00,40.2666666666667,,31.6,54.5333333333333,30.4,39.3333333333333,56.1333333333333,31.4,34.6,33.2,55.7333333333333
2026-07-29 21:45:00,32.9333333333333,,32.6,60.2,28.6666666666667,39.3333333333333,71.2,33.2,31.6,32.0666666666667,69.4
2026-07-29 22:00:00,32.8666666666667,,31.5333333333333,69.6666666666667,29.0,39.4666666666667,77.1333333333333,33.7333333333333,33.4666666666667,32.9333333333333,61.2
2026-07-29 22:15:00,32.0666666666667,,28.2666666666667,80.5333333333333,28.4,35.1333333333333,91.1333333333333,34.0,30.7333333333333,33.4,70.9333333333333
2026-07-29 22:30:00,26.2666666666667,,27.8,94.7333333333333,26.4,37.1333333333333,90.2,33.8,28.5333333333333,33.8,66.2
2026-07-29 22:45:00,27.8,,26.6666666666667,91.2,23.0,39.5333333333333,84.1333333333333,33.2,27.8666666666667,30.3333333333333,68.0
2026-07-29 23:00:00,27.0666666666667,,27.2,81.0,22.8666666666667,36.7333333333333,67.5333333333333,37.6,31.9333333333333,29.9333333333333,63.2666666666667
2026-07-29 23:15:00,24.6666666666667,,27.2,73.9333333333333,23.8,39.6666666666667,87.6,32.1333333333333,28.0,36.0,60.3333333333333
2026-07-29 23:30:00,26.2,,26.4,63.0,23.0666666666667,46.5333333333333,93.2,35.0,30.0666666666667,38.8666666666667,50.0
2026-07-29 23:45:00,26.3333333333333,,25.8,55.1333333333333,24.2,41.6666666666667,93.6666666666667,39.4666666666667,50.3333333333333,35.9333333333333,90.2666666666667
2026-07-30 00:00:00,24.4666666666667,,28.6,51.0,25.2,42.8666666666667,98.8,33.7333333333333,79.4,36.2,85.2666666666667
2026-07-30 00:15:00,24.0,,27.4,47.3333333333333,24.9333333333333,40.0666666666667,89.6,30.4666666666667,58.8,39.2,72.8
2026-07-30 00:30:00,25.0666666666667,,28.3333333333333,47.6666666666667,25.8666666666667,40.2,75.0666666666667,29.5333333333333,39.3333333333333,45.0,77.8
2026-07-30 00:45:00,29.0,,29.6,47.0666666666667,27.3333333333333,39.4,81.2666666666667,33.5333333333333,46.4666666666667,45.5333333333333,87.0666666666667
2026-07-30 01:00:00,29.3333333333333,,30.3333333333333,41.6,26.8666666666667,41.6666666666667,87.7333333333333,31.4,34.4666666666667,46.5333333333333,81.2
2026-07-30 01:15:00,30.2,,32.0,43.0,27.4,40.4666666666667,88.6666666666667,30.8666666666667,36.2666666666667,54.8666666666667,72.7333333333333
2026-07-30 01:30:00,28.9333333333333,,32.1333333333333,39.0,27.5333333333333,41.6,90.4666666666667,35.1333333333333,41.3333333333333,48.7333333333333,59.2
2026-07-30 01:45:00,29.4,,33.7333333333333,32.3333333333333,29.2666666666667,42.0,87.4,36.4666666666667,63.0666666666667,41.6,55.8
2026-07-30 02:00:00,29.1333333333333,,33.6666666666667,30.6666666666667,31.6,42.6666666666667,88.2666666666667,35.8,85.6666666666667,43.0666666666667,50.7333333333333
2026-07-30 02:15:00,30.7333333333333,,35.2,29.8666666666667,31.6666666666667,39.9333333333333,86.0,36.0666666666667,65.4,45.5333333333333,50.5333333333333
2026-07-30 02:30:00,28.4,,35.2,29.0666666666667,30.7333333333333,43.5333333333333,84.4,36.9333333333333,65.6,47.2666666666667,63.1333333333333
2026-07-30 02:45:00,32.2,,36.8,26.0,33.4666666666667,42.8,84.4,40.0666666666667,64.7333333333333,45.9333333333333,86.1333333333333
2026-07-30 03:00:00,33.5333333333333,,39.4,23.4,32.5333333333333,46.2,86.5333333333333,44.7333333333333,88.5333333333333,55.4666666666667,82.8666666666667
2026-07-30 03:15:00,32.4666666666667,,39.8,22.8666666666667,32.9333333333333,46.2,108.133333333333,43.8,83.8666666666667,65.0666666666667,91.7333333333333
2026-07-30 03:30:00,34.4666666666667,,40.9333333333333,21.2,34.1333333333333,51.2666666666667,101.266666666667,45.7333333333333,63.5333333333333,78.0,92.6
2026-07-30 03:45:00,37.0666666666667,,41.0666666666667,22.4666666666667,37.0666666666667,52.9333333333333,103.066666666667,48.1333333333333,50.1333333333333,78.7333333333333,85.4
2026-07-30 04:00:00,35.4666666666667,,41.5333333333333,23.9333333333333,36.4666666666667,53.7333333333333,102.466666666667,49.4,47.2666666666667,70.9333333333333,82.4666666666667
2026-07-30 04:15:00,36.3333333333333,,39.9333333333333,25.8666666666667,38.0666666666667,54.2666666666667,100.8,48.6666666666667,57.6,64.2666666666667,85.4
2026-07-30 04:30:00,37.5333333333333,,43.6666666666667,24.4666666666667,39.0666666666667,51.0666666666667,97.3333333333333,50.6666666666667,51.8,60.0666666666667,76.6666666666667
2026-07-30 04:45:00,38.0666666666667,,41.3333333333333,25.0666666666667,39.2,51.0666666666667,101.2,54.2666666666667,52.8,60.4,83.8
2026-07-30 05:00:00,38.6,,41.9333333333333,25.7333333333333,41.8666666666667,49.9333333333333,102.533333333333,52.4666666666667,54.2,60.8,80.6666666666667
2026-07-30 05:15:00,38.3333333333333,,42.8666666666667,27.8,38.5333333333333,49.0666666666667,104.933333333333,49.8,48.2666666666667,61.8666666666667,82.4
2026-07-30 05:30:00,38.9333333333333,,41.3333333333333,26.3333333333333,41.6666666666667,50.6,100.0,48.9333333333333,51.3333333333333,64.1333333333333,91.6666666666667
2026-07-30 05:45:00,39.8666666666667,,39.4,28.9333333333333,39.4,48.8,94.0666666666667,47.8666666666667,56.2,59.3333333333333,84.6
2026-07-30 06:00:00,42.4666666666667,,41.3333333333333,26.4666666666667,43.3333333333333,48.7333333333333,93.8666666666667,49.7333333333333,56.3333333333333,61.5333333333333,69.6
2026-07-30 06:15:00,44.0666666666667,,40.6666666666667,29.7333333333333,41.4,49.8666666666667,92.8666666666667,49.9333333333333,61.6,61.8666666666667,75.1333333333333
2026-07-30 06:30:00,42.6,,39.8666666666667,31.1333333333333,39.0,51.5333333333333,89.8,51.6,62.6666666666667,67.8,74.6666666666667
2026-07-30 06:45:00,38.9333333333333,,42.1333333333333,30.0666666666667,40.6,50.8666666666667,90.8,51.0,62.2,65.3333333333333,72.0
2026-07-30 07:00:00,37.8,,44.8,25.7333333333333,75.4666666666667,54.0,85.8,56.6666666666667,49.0,66.8666666666667,68.4
2026-07-30 07:15:00,39.8,,42.8,35.1333333333333,114.6,55.0666666666667,95.6666666666667,60.0666666666667,46.0,71.6,71.3333333333333
2026-07-30 07:30:00,36.8666666666667,,43.2666666666667,31.5333333333333,92.2666666666667,55.2666666666667,83.4,58.0,45.4666666666667,59.2,74.6
2026-07-30 07:45:00,31.4666666666667,,41.1333333333333,30.0666666666667,101.133333333333,54.6666666666667,80.6,53.1333333333333,37.4,40.6666666666667,110.533333333333
2026-07-30 08:00:00,28.5333333333333,,41.1333333333333,31.5333333333333,67.4666666666667,64.0666666666667,70.2,51.6666666666667,34.6,38.6,63.3333333333333
2026-07-30 08:15:00,24.8,,48.2,34.0666666666667,48.0,66.9333333333333,63.1333333333333,47.6,34.6666666666667,34.3333333333333,58.8666666666667
2026-07-30 08:30:00,22.4666666666667,,76.0666666666667,32.6,40.9333333333333,61.0666666666667,50.6666666666667,45.1333333333333,36.2666666666667,36.4,49.5333333333333
2026-07-30 08:45:00,22.2,,46.8,23.6666666666667,40.0666666666667,60.0,48.1333333333333,42.2,35.9333333333333,32.8666666666667,39.1333333333333
2026-07-30 09:00:00,22.0,,40.7333333333333,23.0,38.6666666666667,55.3333333333333,43.9333333333333,40.2,34.6,29.3333333333333,41.1333333333333
2026-07-30 09:15:00,28.0,,40.7333333333333,23.5333333333333,40.0,53.7333333333333,37.9333333333333,36.2666666666667,31.8,27.0,31.3333333333333
2026-07-30 09:30:00,22.2,,33.6,23.4666666666667,44.4,53.2,38.8666666666667,35.9333333333333,31.6666666666667,29.6,30.6666666666667
2026-07-30 09:45:00,18.7333333333333,,29.6,24.4666666666667,37.5333333333333,56.8,36.4666666666667,34.8,26.6666666666667,23.4,38.3333333333333
2026-07-30 10:00:00,18.2,,31.2,26.6,34.1333333333333,47.7333333333333,33.1333333333333,40.0,23.5333333333333,23.0666666666667,27.4666666666667
2026-07-30 10:15:00,19.8,,33.7333333333333,33.6,27.2,42.4666666666667,31.7333333333333,32.4,23.6666666666667,24.5333333333333,27.8666666666667
2026-07-30 10:30:00,16.7333333333333,,27.9333333333333,29.6666666666667,26.4,37.8666666666667,32.8666666666667,32.0,23.8,22.9333333333333,27.4
2026-07-30 10:45:00,14.2,,37.1333333333333,24.0,22.9333333333333,38.5333333333333,26.4,26.2,23.2,22.6,26.8666666666667
2026-07-30 11:00:00,14.0,,28.2,24.3333333333333,20.4666666666667,33.2,28.3333333333333,25.9333333333333,22.8666666666667,22.3333333333333,24.2666666666667
2026-07-30 11:15:00,18.6666666666667,,37.8666666666667,24.6666666666667,27.2666666666667,34.4,26.2,26.0666666666667,21.8666666666667,21.4666666666667,23.9333333333333
2026-07-30 11:30:00,17.8666666666667,,23.1333333333333,24.8666666666667,20.1333333333333,34.4,22.7333333333333,26.9333333333333,18.6,19.6,26.6
2026-07-30 11:45:00,19.6666666666667,,21.5333333333333,24.2666666666667,19.2,28.3333333333333,22.2666666666667,22.2,16.2666666666667,18.8,21.3333333333333
2026-07-30 12:00:00,17.8,,26.7333333333333,31.4666666666667,17.8666666666667,29.4666666666667,17.9333333333333,21.8,21.2666666666667,18.0666666666667,20.4666666666667
2026-07-30 12:15:00,15.8,,30.5333333333333,28.8666666666667,18.2,22.8666666666667,17.8666666666667,21.7333333333333,28.6,18.0,19.3333333333333
2026-07-30 12:30:00,15.1333333333333,,23.8,35.1333333333333,15.4,21.2666666666667,19.4666666666667,19.2666666666667,18.6666666666667,17.0,17.9333333333333
2026-07-30 12:45:00,13.9333333333333,,20.4,39.6666666666667,15.4,24.6666666666667,19.8666666666667,19.6,16.0666666666667,18.3333333333333,21.2666666666667
2026-07-30 13:00:00,13.7333333333333,,25.7333333333333,43.0666666666667,15.1333333333333,23.7333333333333,17.7333333333333,18.5333333333333,16.9333333333333,20.0,20.1333333333333
2026-07-30 13:15:00,15.5333333333333,,29.4,39.0,15.3333333333333,23.5333333333333,20.2,21.5333333333333,16.6,20.7333333333333,35.2666666666667
2026-07-30 13:30:00,15.4,,38.7333333333333,35.2666666666667,14.4,24.6666666666667,18.5333333333333,18.3333333333333,18.2,17.8,30.8
2026-07-30 13:45:00,16.2666666666667,,31.8666666666667,33.4666666666667,15.6,24.6,18.1333333333333,20.4,15.8666666666667,18.3333333333333,24.9333333333333
2026-07-30 14:00:00,17.1333333333333,,41.2,23.0666666666667,15.2,26.3333333333333,16.6666666666667,18.9333333333333,15.6,19.4666666666667,22.0666666666667
2026-07-30 14:15:00,15.8666666666667,,37.8,31.8,16.1333333333333,25.0,16.2,18.3333333333333,16.0666666666667,18.3333333333333,17.6
2026-07-30 14:30:00,18.2666666666667,,26.4,33.9333333333333,16.0,22.6,16.4666666666667,17.2666666666667,16.5333333333333,16.6666666666667,17.0666666666667
2026-07-30 14:45:00,18.4666666666667,,39.9333333333333,65.6,17.0666666666667,22.4666666666667,17.4,16.7333333333333,17.9333333333333,18.3333333333333,15.0
2026-07-30 15:00:00,15.5333333333333,,33.2666666666667,12.0,16.6666666666667,25.4666666666667,18.2666666666667,20.4,17.1333333333333,18.7333333333333,16.5333333333333
2026-07-30 15:15:00,15.6,,28.8666666666667,,14.7333333333333,22.1333333333333,15.8666666666667,17.8,18.3333333333333,18.2666666666667,16.4
2026-07-30 15:30:00,14.8,,27.6,21.5,15.1333333333333,21.4666666666667,18.2666666666667,16.6,16.4,17.8666666666667,16.3333333333333
2026-07-30 15:45:00,16.6,,40.8,21.2,15.8,23.2,16.5333333333333,16.7333333333333,15.7333333333333,19.8,16.2
2026-07-30 16:00:00,16.4666666666667,,40.2,19.9333333333333,16.9333333333333,31.2666666666667,35.5333333333333,18.5333333333333,16.9333333333333,17.8666666666667,18.9333333333333
2026-07-30 16:15:00,17.3333333333333,,44.5333333333333,21.8666666666667,18.5333333333333,42.6666666666667,19.0,17.6,17.3333333333333,18.0666666666667,18.1333333333333
2026-07-30 16:30:00,15.6666666666667,,42.8666666666667,21.8,17.0,24.6666666666667,17.2666666666667,17.2666666666667,18.4,20.1333333333333,16.2666666666667
2026-07-30 16:45:00,16.6,,25.6,21.8,17.2666666666667,21.1333333333333,17.1333333333333,16.0,18.5333333333333,26.0666666666667,16.1333333333333
2026-07-30 17:00:00,16.1333333333333,,20.6666666666667,24.1333333333333,16.2666666666667,20.9333333333333,18.4666666666667,18.5333333333333,18.6666666666667,20.2666666666667,17.6666666666667
2026-07-30 17:15:00,19.0,,19.8666666666667,25.1333333333333,17.1333333333333,58.7333333333333,19.2666666666667,18.6666666666667,20.0,18.8666666666667,17.8666666666667
2026-07-30 17:30:00,17.8,,23.0,33.6666666666667,15.3333333333333,24.0666666666667,28.4666666666667,17.7333333333333,18.0,16.8,18.1333333333333
2026-07-30 17:45:00,18.8,,39.9333333333333,24.4666666666667,17.4,29.2666666666667,23.2,19.1333333333333,18.8666666666667,17.7333333333333,20.2
2026-07-30 18:00:00,17.1333333333333,,19.0,22.6,16.0,22.7333333333333,19.9333333333333,17.2,18.2,17.1333333333333,16.2666666666667
2026-07-30 18:15:00,18.9333333333333,,18.4666666666667,20.2,17.4,23.0666666666667,19.4666666666667,16.4,17.5333333333333,16.5333333333333,24.1333333333333
2026-07-30 18:30:00,18.3333333333333,,17.4,28.8,16.3333333333333,19.8,21.2,17.8666666666667,17.6,16.8,16.0666666666667
2026-07-30 18:45:00,17.5333333333333,,15.4,32.9333333333333,15.4666666666667,20.7333333333333,21.4,17.5333333333333,17.7333333333333,29.2,18.0666666666667
2026-07-30 19:00:00,18.6,,17.3333333333333,33.0666666666667,15.0666666666667,20.3333333333333,20.1333333333333,17.6666666666667,15.8,18.1333333333333,22.5333333333333
2026-07-30 19:15:00,17.5333333333333,,16.8,19.2,15.7333333333333,22.6666666666667,23.8666666666667,17.3333333333333,15.5333333333333,17.2666666666667,22.8
2026-07-30 19:30:00,18.6666666666667,,17.4,21.2666666666667,19.4666666666667,24.6,24.0,17.9333333333333,16.2666666666667,16.8666666666667,19.6666666666667
2026-07-30 19:45:00,19.0666666666667,,16.2666666666667,21.4,16.2666666666667,21.8,26.9333333333333,23.8,19.2666666666667,17.6,16.4666666666667
2026-07-30 20:00:00,16.9333333333333,,17.0666666666667,17.4,17.8,33.3333333333333,31.0,17.6,17.8,14.4666666666667,17.7333333333333
2026-07-30 20:15:00,22.6666666666667,,16.4,15.1333333333333,19.1333333333333,20.8,36.6666666666667,17.8666666666667,19.8666666666667,15.7333333333333,20.6
2026-07-30 20:30:00,22.6,,16.6,19.2,16.6666666666667,18.1333333333333,40.7333333333333,19.3333333333333,17.7333333333333,16.7333333333333,26.4
2026-07-30 20:45:00,24.8,,17.6666666666667,25.7333333333333,15.6,29.2,44.8666666666667,21.5333333333333,19.9333333333333,17.7333333333333,28.8
2026-07-30 21:00:00,28.0,,20.2,25.8666666666667,14.9333333333333,20.0,52.5333333333333,21.3333333333333,23.8666666666667,20.0666666666667,31.5333333333333
2026-07-30 21:15:00,21.8666666666667,,19.6,20.8666666666667,16.6666666666667,20.6666666666667,48.0,23.4,23.0666666666667,23.9333333333333,29.7333333333333
2026-07-30 21:30:00,26.0666666666667,,25.1333333333333,17.1333333333333,17.4666666666667,21.9333333333333,45.8,23.4,32.7333333333333,24.1333333333333,30.8666666666667
2026-07-30 21:45:00,20.3333333333333,,24.9333333333333,19.6666666666667,18.7333333333333,30.0,48.8,24.2,41.8,22.4666666666667,38.2
2026-07-30 22:00:00,23.6666666666667,24.0,21.6666666666667,20.6,19.4,30.0,47.5333333333333,23.6,38.9333333333333,22.9333333333333,36.5333333333333
2026-07-30 22:15:00,22.2666666666667,,23.4666666666667,20.8,19.4666666666667,30.0666666666667,47.6,24.5333333333333,37.0666666666667,27.2,48.4
2026-07-30 22:30:00,20.7333333333333,,22.4666666666667,22.6666666666667,19.5333333333333,27.8666666666667,47.4666666666667,28.9333333333333,39.6,28.8666666666667,55.4666666666667
2026-07-30 22:45:00,22.0,,23.2666666666667,23.5333333333333,18.7333333333333,28.9333333333333,47.8,28.2666666666667,41.1333333333333,32.8,52.0666666666667
2026-07-30 23:00:00,22.0,,23.4666666666667,24.6666666666667,19.6666666666667,30.4666666666667,53.1333333333333,29.5333333333333,46.2666666666667,29.4,44.2666666666667
2026-07-30 23:15:00,21.5333333333333,,24.4666666666667,24.0666666666667,19.6666666666667,31.1333333333333,53.2666666666667,32.1333333333333,40.6,27.0666666666667,45.3333333333333
2026-07-30 23:30:00,27.2,,23.2666666666667,26.4,20.2666666666667,28.9333333333333,53.9333333333333,27.8666666666667,38.3333333333333,26.3333333333333,49.7333333333333
2026-07-30 23:45:00,27.8,,24.8,30.4,21.8,28.0666666666667,56.5333333333333,26.6,40.0,24.2666666666667,52.3333333333333
2026-07-31 00:00:00,41.0666666666667,,26.4,34.0,23.6666666666667,32.6,50.5333333333333,29.0666666666667,44.8,26.2666666666667,41.5333333333333
2026-07-31 00:15:00,37.6666666666667,,26.0,32.1333333333333,97.6,31.2,49.2666666666667,30.5333333333333,43.8,24.2666666666667,42.0
2026-07-31 00:30:00,29.0,,25.0666666666667,33.0,106.6,31.2666666666667,49.0666666666667,32.5333333333333,46.5333333333333,23.8666666666667,41.4666666666667
2026-07-31 00:45:00,27.0,,25.3333333333333,32.8,56.0,30.6666666666667,55.2,34.9333333333333,46.6666666666667,30.5333333333333,45.9333333333333
2026-07-31 01:00:00,26.1333333333333,,25.3333333333333,34.6666666666667,31.5333333333333,32.3333333333333,55.1333333333333,32.0,36.7333333333333,27.6666666666667,47.7333333333333
2026-07-31 01:15:00,26.7333333333333,,24.0,35.8666666666667,28.6666666666667,33.4,59.2,35.7333333333333,39.3333333333333,30.0666666666667,42.3333333333333
2026-07-31 01:30:00,25.8666666666667,,26.6666666666667,39.6666666666667,26.1333333333333,33.5333333333333,59.4,40.5333333333333,52.2,33.8,40.8
2026-07-31 01:45:00,27.9333333333333,,24.8666666666667,40.0666666666667,24.6666666666667,34.0666666666667,65.9333333333333,37.4666666666667,42.6666666666667,40.4666666666667,41.8666666666667
2026-07-31 02:00:00,28.8,,24.7333333333333,39.0666666666667,24.9333333333333,33.8666666666667,62.7333333333333,38.8666666666667,71.8666666666667,46.1333333333333,47.6666666666667
2026-07-31 02:15:00,30.4666666666667,,31.1333333333333,38.0,32.0,35.4666666666667,56.5333333333333,39.9333333333333,103.066666666667,57.0666666666667,41.8666666666667
2026-07-31 02:30:00,31.4666666666667,,31.0666666666667,35.7333333333333,74.9333333333333,34.2666666666667,55.8666666666667,42.0666666666667,52.4,56.5333333333333,44.0
2026-07-31 02:45:00,32.1333333333333,,26.4666666666667,34.9333333333333,67.1333333333333,37.2666666666667,60.2666666666667,39.6,53.3333333333333,59.0666666666667,44.6666666666667
2026-07-31 03:00:00,29.3333333333333,,39.4,37.3333333333333,65.5333333333333,37.0,60.5333333333333,40.2666666666667,76.4666666666667,60.2,47.6666666666667
2026-07-31 03:15:00,29.4666666666667,,41.2,38.1333333333333,64.6,263.066666666667,59.4,39.5333333333333,44.7333333333333,62.8666666666667,45.2
2026-07-31 03:30:00,35.2,,37.5333333333333,42.0666666666667,71.8666666666667,312.933333333333,59.6,37.5333333333333,53.6,61.4666666666667,50.7333333333333
2026-07-31 03:45:00,38.8,,33.2,42.0666666666667,77.2,256.733333333333,69.0666666666667,42.4,54.7333333333333,59.7333333333333,45.9333333333333
2026-07-31 04:00:00,42.8,,32.3333333333333,42.8666666666667,76.6666666666667,188.466666666667,63.7333333333333,44.0,49.6666666666667,62.0,47.9333333333333
2026-07-31 04:15:00,52.0666666666667,,37.4666666666667,45.2666666666667,84.6,124.733333333333,64.0,40.9333333333333,43.1333333333333,59.5333333333333,51.5333333333333
2026-07-31 04:30:00,45.2,,33.0666666666667,48.2,142.0,232.933333333333,61.4666666666667,40.6,46.2666666666667,59.2,45.5333333333333
2026-07-31 04:45:00,45.6666666666667,,30.7333333333333,51.5333333333333,168.533333333333,106.0,64.9333333333333,41.9333333333333,44.1333333333333,58.0666666666667,43.8666666666667
2026-07-31 05:00:00,62.8666666666667,,33.0666666666667,51.0666666666667,144.466666666667,65.6,60.6666666666667,42.4,45.6,60.2,46.8
2026-07-31 05:15:00,57.2666666666667,,34.4,51.7333333333333,115.266666666667,43.0666666666667,65.0,41.0,46.6666666666667,59.7333333333333,47.4
2026-07-31 05:30:00,58.5333333333333,,40.6,54.0666666666667,118.133333333333,42.8,61.5333333333333,48.7333333333333,45.7333333333333,57.6,45.2666666666667
2026-07-31 05:45:00,91.0666666666667,,38.7333333333333,51.8666666666667,113.6,40.0666666666667,60.5333333333333,47.8666666666667,48.6666666666667,57.0,50.0666666666667
2026-07-31 06:00:00,93.4666666666667,,32.6666666666667,51.0,110.066666666667,41.1333333333333,66.8666666666667,46.7333333333333,52.2666666666667,55.8,47.8
2026-07-31 06:15:00,89.4666666666667,,31.2666666666667,61.1333333333333,115.2,39.8666666666667,63.1333333333333,54.0666666666667,47.2,53.4666666666667,45.0666666666667
2026-07-31 06:30:00,86.7333333333333,,33.3333333333333,54.5333333333333,117.066666666667,44.6,63.2666666666667,50.8,49.7333333333333,52.2,46.9333333333333
2026-07-31 06:45:00,126.333333333333,,37.0666666666667,64.8,118.266666666667,44.8666666666667,60.8,56.2,46.9333333333333,55.6666666666667,53.8
2026-07-31 07:00:00,87.0666666666667,,38.9333333333333,54.2,116.2,48.7333333333333,58.8666666666667,52.2,49.8666666666667,56.1333333333333,56.6666666666667
2026-07-31 07:15:00,85.2,,40.5333333333333,49.3333333333333,116.2,48.4,60.6666666666667,50.8666666666667,51.0,55.5333333333333,61.4
2026-07-31 07:30:00,84.6666666666667,,36.4,48.8666666666667,112.866666666667,67.2,66.4666666666667,52.5333333333333,53.6666666666667,51.8,65.2
2026-07-31 07:45:00,69.6,,32.3333333333333,47.0,102.533333333333,87.4,71.4666666666667,53.1333333333333,51.8,53.2666666666667,62.0666666666667
2026-07-31 08:00:00,64.3333333333333,,31.3333333333333,45.4,111.4,79.6,67.6666666666667,49.9333333333333,50.8,54.3333333333333,66.7333333333333
2026-07-31 08:15:00,58.7333333333333,,34.0666666666667,37.7333333333333,122.2,90.4666666666667,68.2,46.4,51.4,41.6666666666667,69.8666666666667
2026-07-31 08:30:00,56.6666666666667,,53.8,41.8666666666667,113.266666666667,87.6666666666667,71.6,49.9333333333333,55.8666666666667,40.7333333333333,58.7333333333333
2026-07-31 08:45:00,54.8,,101.933333333333,47.4,105.533333333333,89.8,70.8666666666667,46.8666666666667,57.0666666666667,60.3333333333333,55.0666666666667
2026-07-31 09:00:00,46.8,,85.4666666666667,36.2,110.533333333333,113.4,64.4666666666667,52.4,57.0666666666667,62.9333333333333,58.7333333333333
2026-07-31 09:15:00,48.4,,44.4,40.7333333333333,109.266666666667,126.466666666667,61.7333333333333,48.4666666666667,56.0,58.6,90.9333333333333
2026-07-31 09:30:00,46.5333333333333,,38.3333333333333,30.2,117.933333333333,151.333333333333,58.8,43.0666666666667,47.6,41.5333333333333,77.8
2026-07-31 09:45:00,45.2,,36.6666666666667,35.8666666666667,73.5333333333333,193.066666666667,52.2666666666667,30.9333333333333,42.0,32.2,68.9333333333333
2026-07-31 10:00:00,51.2666666666667,,38.0,43.2,64.4,139.533333333333,46.0666666666667,41.7333333333333,40.9333333333333,29.9333333333333,65.2
2026-07-31 10:15:00,4671.0,,56.7333333333333,32.9333333333333,57.2666666666667,103.666666666667,41.9333333333333,46.3333333333333,36.2,29.0,51.6
2026-07-31 10:30:00,,,42.2,29.3333333333333,56.8666666666667,90.2666666666667,41.6666666666667,49.4666666666667,27.8666666666667,33.2666666666667,41.7333333333333
2026-07-31 10:45:00,,,35.0666666666667,29.4666666666667,45.6666666666667,83.4,40.7333333333333,38.9333333333333,27.8,28.2,40.2
2026-07-31 11:00:00,35.6666666666667,,34.0666666666667,29.5333333333333,43.4,88.5333333333333,39.1333333333333,47.2666666666667,31.6666666666667,24.5333333333333,35.6666666666667
2026-07-31 11:15:00,37.4666666666667,,41.0666666666667,40.8666666666667,37.0,90.4666666666667,38.4666666666667,37.7333333333333,36.7333333333333,25.4,36.5333333333333
2026-07-31 11:30:00,38.7333333333333,,37.6666666666667,45.8666666666667,38.6,51.5333333333333,34.7333333333333,37.3333333333333,37.4666666666667,25.8666666666667,35.6666666666667
2026-07-31 11:45:00,43.0,,35.3333333333333,46.8,41.4666666666667,46.9333333333333,35.8,32.8666666666667,33.0666666666667,27.5333333333333,39.1333333333333
2026-07-31 12:00:00,38.6666666666667,,36.9333333333333,47.2,40.0666666666667,44.3333333333333,31.8666666666667,30.7333333333333,33.8,32.0666666666667,29.6
2026-07-31 12:15:00,37.8,,35.0,43.4,39.0666666666667,49.6,31.9333333333333,28.6666666666667,34.6666666666667,23.7333333333333,29.2
2026-07-31 12:30:00,36.0,,35.0,74.0,40.5333333333333,48.4,30.8666666666667,28.0,34.2666666666667,24.2666666666667,33.2666666666667
2026-07-31 12:45:00,35.9333333333333,,35.5333333333333,39.8666666666667,42.5333333333333,44.4666666666667,25.3333333333333,32.6666666666667,36.2666666666667,25.5333333333333,31.7333333333333
2026-07-31 13:00:00,36.5333333333333,,37.4,45.0,39.9333333333333,51.0666666666667,21.4,34.6666666666667,40.7333333333333,26.4,33.1333333333333
2026-07-31 13:15:00,33.4,,34.6,40.4666666666667,42.2666666666667,49.4666666666667,26.4666666666667,38.8,40.4666666666667,29.0,32.6666666666667
2026-07-31 13:30:00,33.2666666666667,,33.8666666666667,41.2,44.0,76.0,23.2666666666667,38.0,39.4,28.0,36.1333333333333
2026-07-31 13:45:00,31.4,,30.4666666666667,36.6666666666667,41.4666666666667,82.6,23.8,38.0,38.2,29.3333333333333,33.7333333333333
2026-07-31 14:00:00,28.5333333333333,,33.8,34.8,45.8666666666667,78.4666666666667,22.8,36.4,35.6,37.7333333333333,35.6
2026-07-31 14:15:00,28.5333333333333,,32.6,35.8666666666667,55.6666666666667,74.2666666666667,22.0666666666667,36.6666666666667,31.5333333333333,41.0666666666667,35.2666666666667
2026-07-31 14:30:00,26.0,,32.9333333333333,40.8,44.3333333333333,65.2,20.8,35.7333333333333,27.9333333333333,34.6,31.5333333333333
2026-07-31 14:45:00,30.8666666666667,,33.6,29.6666666666667,41.0666666666667,65.8,19.7333333333333,33.5333333333333,25.1333333333333,31.6,29.2666666666667
2026-07-31 15:00:00,29.4666666666667,,33.0,31.8666666666667,42.9333333333333,59.6,21.7333333333333,39.0,24.2666666666667,31.6666666666667,29.4
2026-07-31 15:15:00,30.1333333333333,,34.6666666666667,28.0666666666667,49.0666666666667,58.7333333333333,21.8666666666667,,23.2666666666667,29.5333333333333,28.6
2026-07-31 15:30:00,30.5333333333333,,37.9333333333333,32.9333333333333,42.4,57.4,22.8666666666667,,24.3333333333333,30.0,27.9333333333333
2026-07-31 15:45:00,28.5333333333333,,34.5333333333333,29.7333333333333,38.6,49.3333333333333,22.5333333333333,,24.8,33.5333333333333,27.9333333333333
2026-07-31 16:00:00,31.7333333333333,,33.6,26.5333333333333,39.8666666666667,46.7333333333333,34.7333333333333,,25.9333333333333,30.0,27.0
2026-07-31 16:15:00,36.6666666666667,,65.1333333333333,37.2666666666667,36.1333333333333,47.6,22.0,,25.2666666666667,32.5333333333333,27.6666666666667
2026-07-31 16:30:00,37.6666666666667,,37.4666666666667,57.3333333333333,35.9333333333333,44.9333333333333,22.1333333333333,,25.3333333333333,30.0,25.9333333333333
2026-07-31 16:45:00,37.7333333333333,,33.0666666666667,51.4666666666667,33.5333333333333,40.8666666666667,26.0,,26.0,29.6666666666667,28.7333333333333
2026-07-31 17:00:00,36.6666666666667,,29.6666666666667,45.5333333333333,32.6666666666667,41.2666666666667,34.6,,27.7333333333333,28.2,30.0666666666667
2026-07-31 17:15:00,36.2,,32.7333333333333,49.6,29.2666666666667,40.3333333333333,22.8,,29.3333333333333,30.6,29.2666666666667
2026-07-31 17:30:00,35.5333333333333,,30.5333333333333,46.6666666666667,31.2666666666667,38.6666666666667,21.4666666666667,,28.5333333333333,29.0,28.8666666666667
2026-07-31 17:45:00,38.4666666666667,,30.3333333333333,47.5333333333333,29.0666666666667,38.8,25.1333333333333,,28.4666666666667,32.0666666666667,29.6
2026-07-31 18:00:00,35.5333333333333,,30.2666666666667,44.8666666666667,29.0666666666667,35.5333333333333,22.8666666666667,,30.2,28.2,30.2666666666667
2026-07-31 18:15:00,27.3333333333333,,29.0,42.5333333333333,28.8,35.6,27.7333333333333,,32.7333333333333,28.4,30.7333333333333
2026-07-31 18:30:00,27.4,,25.2,41.0,27.0,35.2666666666667,27.9333333333333,,32.1333333333333,28.0,27.0666666666667
2026-07-31 18:45:00,25.6,,23.9333333333333,47.0666666666667,29.8,35.4666666666667,32.6,,31.0666666666667,28.0666666666667,31.6
2026-07-31 19:00:00,26.9333333333333,,24.2666666666667,38.9333333333333,35.8,40.7333333333333,37.6,,30.4666666666667,28.2666666666667,23.8666666666667
2026-07-31 19:15:00,26.0,42.0,25.5333333333333,39.1333333333333,92.5333333333333,36.2666666666667,37.0,,28.9333333333333,24.8666666666667,24.3333333333333
2026-07-31 19:30:00,26.3333333333333,44.4,25.2666666666667,42.1333333333333,41.6,38.6,39.9333333333333,,28.6666666666667,23.9333333333333,28.3333333333333
2026-07-31 19:45:00,24.6666666666667,30.8666666666667,27.3333333333333,43.6666666666667,33.8666666666667,37.6,35.7333333333333,,27.9333333333333,23.6666666666667,28.3333333333333
2026-07-31 20:00:00,27.6,25.0666666666667,25.2666666666667,51.1333333333333,31.3333333333333,36.7333333333333,37.1333333333333,,33.8,24.6666666666667,28.4666666666667
2026-07-31 20:15:00,26.4,25.3333333333333,35.0,61.2,37.3333333333333,42.1333333333333,48.2,,62.9333333333333,24.2666666666667,25.9333333333333
2026-07-31 20:30:00,26.3333333333333,29.0,29.8,67.5333333333333,34.9333333333333,46.5333333333333,40.8,,33.8666666666667,25.8,26.8
2026-07-31 20:45:00,30.0666666666667,31.1333333333333,33.2,70.6666666666667,30.5333333333333,53.7333333333333,46.0666666666667,,31.2,26.4,30.6666666666667
2026-07-31 21:00:00,29.8666666666667,37.3333333333333,32.1333333333333,76.6,29.4666666666667,62.6,51.2666666666667,,29.3333333333333,28.4666666666667,32.6
2026-07-31 21:15:00,34.0666666666667,38.2,31.7333333333333,74.8666666666667,37.4666666666667,73.9333333333333,49.4,,29.2666666666667,26.4,38.2
2026-07-31 21:30:00,34.1333333333333,42.4,29.4,73.2,43.0,53.3333333333333,47.4,27.3076923076923,44.4,25.8,42.3333333333333
2026-07-31 21:45:00,36.0666666666667,42.6666666666667,27.4,77.8,54.0,44.5333333333333,46.4666666666667,27.6666666666667,38.2,26.1333333333333,38.6666666666667
2026-07-31 22:00:00,35.7333333333333,41.2,30.1333333333333,81.6,60.6,43.6666666666667,48.8666666666667,27.6,30.2,25.4,33.6666666666667
2026-07-31 22:15:00,36.0,38.8,27.4666666666667,82.8,55.2666666666667,43.6,40.9333333333333,26.5333333333333,25.4,26.6,38.0666666666667
2026-07-31 22:30:00,41.9333333333333,37.0666666666667,28.7333333333333,78.6666666666667,49.7333333333333,48.0666666666667,48.4666666666667,27.8,30.8666666666667,27.1333333333333,38.3333333333333
2026-07-31 22:45:00,45.3333333333333,36.8,26.8666666666667,83.1333333333333,55.8,62.9333333333333,50.1333333333333,35.3333333333333,36.7333333333333,29.0,37.3333333333333
2026-07-31 23:00:00,51.4666666666667,40.8,27.2,78.0,55.3333333333333,79.4,49.5333333333333,32.2666666666667,42.6666666666667,27.8666666666667,34.3333333333333
2026-07-31 23:15:00,49.5333333333333,42.0,25.4666666666667,85.4,61.7333333333333,75.4,51.5333333333333,31.2666666666667,33.3333333333333,24.2,39.8666666666667
2026-07-31 23:30:00,50.4,44.6666666666667,25.2,85.5333333333333,51.1333333333333,100.266666666667,57.1333333333333,32.3333333333333,44.8666666666667,26.1333333333333,38.9333333333333
2026-07-31 23:45:00,61.5333333333333,43.5333333333333,26.7333333333333,81.6666666666667,47.6666666666667,87.2,47.1333333333333,32.6666666666667,48.4,28.2666666666667,51.1333333333333
2026-08-01 00:00:00,61.9333333333333,44.8,27.7333333333333,77.2,44.4666666666667,69.6,53.4666666666667,29.2666666666667,42.8666666666667,29.6666666666667,47.5333333333333
2026-08-01 00:15:00,61.7333333333333,44.7333333333333,28.0,74.8666666666667,40.5333333333333,77.1333333333333,54.5333333333333,33.3333333333333,46.6,27.8666666666667,44.2666666666667
2026-08-01 00:30:00,63.6,47.2,28.0666666666667,69.8666666666667,41.0,71.6666666666667,56.4666666666667,36.0,47.2,27.9333333333333,45.4666666666667
2026-08-01 00:45:00,58.0,45.0,27.2,64.7333333333333,38.4666666666667,67.3333333333333,55.3333333333333,33.5333333333333,74.6666666666667,29.2666666666667,46.8666666666667
2026-08-01 01:00:00,61.2,53.0666666666667,26.7333333333333,65.0,41.9333333333333,64.9333333333333,50.2666666666667,31.4666666666667,53.3333333333333,28.2,51.0666666666667
2026-08-01 01:15:00,99.0,53.4666666666667,24.6666666666667,60.8666666666667,41.4666666666667,104.266666666667,57.8666666666667,29.3333333333333,54.0666666666667,29.2,50.9333333333333
2026-08-01 01:30:00,146.266666666667,51.4666666666667,27.0,58.2,43.9333333333333,130.4,59.0,34.0,48.2,29.1333333333333,50.6
2026-08-01 01:45:00,172.8,51.2666666666667,30.3333333333333,63.7333333333333,45.8666666666667,178.2,60.9333333333333,35.4666666666667,49.0666666666667,28.8,52.3333333333333
2026-08-01 02:00:00,172.933333333333,51.6666666666667,30.6,65.5333333333333,47.1333333333333,161.466666666667,63.1333333333333,33.0,49.9333333333333,29.6,49.8666666666667
2026-08-01 02:15:00,191.933333333333,51.9333333333333,32.1333333333333,67.5333333333333,48.0666666666667,161.6,64.9333333333333,34.6,52.5333333333333,31.8,43.9333333333333
2026-08-01 02:30:00,163.266666666667,51.8,29.8,61.9333333333333,49.7333333333333,112.466666666667,65.0666666666667,41.2,55.8666666666667,30.0,42.7333333333333
2026-08-01 02:45:00,131.733333333333,52.9333333333333,31.8666666666667,57.6666666666667,44.4666666666667,80.2666666666667,66.5333333333333,32.9333333333333,65.4666666666667,31.4,42.6
2026-08-01 03:00:00,84.2,53.4666666666667,32.6666666666667,60.6666666666667,42.6,60.8,71.0666666666667,30.5333333333333,58.4,31.8666666666667,42.8666666666667
2026-08-01 03:15:00,69.6666666666667,53.6666666666667,35.0666666666667,59.0,42.9333333333333,60.5333333333333,72.2,32.7333333333333,56.2,56.2666666666667,48.7333333333333
2026-08-01 03:30:00,57.8,52.7333333333333,37.8,52.7333333333333,45.4,59.4666666666667,71.9333333333333,31.3333333333333,57.5333333333333,53.4,53.8
2026-08-01 03:45:00,62.6,56.2,36.4,52.6666666666667,42.9333333333333,56.3333333333333,74.2666666666667,32.4666666666667,57.6,45.2666666666667,46.9333333333333
2026-08-01 04:00:00,56.7333333333333,52.1333333333333,31.3333333333333,51.5333333333333,47.1333333333333,56.4,76.4,37.4666666666667,65.2,38.6666666666667,47.8666666666667
2026-08-01 04:15:00,59.8666666666667,52.8,31.7333333333333,50.5333333333333,54.8666666666667,55.5333333333333,83.6,35.3333333333333,62.9333333333333,32.2666666666667,52.2
2026-08-01 04:30:00,59.3333333333333,56.5333333333333,29.6,47.9333333333333,57.1333333333333,51.6666666666667,75.6666666666667,31.2666666666667,60.7333333333333,29.8666666666667,52.7333333333333
2026-08-01 04:45:00,55.0,57.2666666666667,31.2,42.2,49.4,51.4,81.9333333333333,36.1333333333333,63.0666666666667,32.4666666666667,42.5333333333333
2026-08-01 05:00:00,60.7333333333333,53.6,31.6,44.6,46.9333333333333,46.5333333333333,79.2,34.0,65.7333333333333,36.2,48.0666666666667
2026-08-01 05:15:00,63.5333333333333,53.1333333333333,42.1333333333333,49.2,45.6,47.4,81.0666666666667,35.6666666666667,61.9333333333333,41.0666666666667,45.6666666666667
2026-08-01 05:30:00,61.9333333333333,55.7857142857143,46.5333333333333,48.0,45.4666666666667,49.6666666666667,72.8666666666667,40.2,55.6666666666667,51.6,46.8
2026-08-01 05:45:00,63.2666666666667,,80.2,46.4,42.8666666666667,50.7333333333333,80.4666666666667,37.0,61.6666666666667,57.0666666666667,44.0
2026-08-01 06:00:00,63.3333333333333,,70.2,40.7333333333333,44.6666666666667,49.9333333333333,72.9333333333333,37.8666666666667,62.6666666666667,56.6666666666667,46.3333333333333
2026-08-01 06:15:00,66.0666666666667,,56.3333333333333,50.4,53.6,58.0666666666667,73.1333333333333,41.9333333333333,61.6,67.3333333333333,43.0
2026-08-01 06:30:00,67.3333333333333,,49.6666666666667,51.0666666666667,48.1333333333333,61.7333333333333,72.6,42.4666666666667,65.8666666666667,69.9333333333333,71.9333333333333
2026-08-01 06:45:00,62.5333333333333,,47.8666666666667,44.2,45.6666666666667,48.2,72.3333333333333,40.2666666666667,64.2,59.2666666666667,63.7333333333333
2026-08-01 07:00:00,58.2666666666667,,45.4,40.2,42.7333333333333,46.2666666666667,71.5333333333333,43.6666666666667,63.6,55.0666666666667,64.2
2026-08-01 07:15:00,59.8666666666667,,46.9333333333333,36.0666666666667,43.8666666666667,48.2666666666667,68.0,43.4666666666667,57.7333333333333,55.2,67.8666666666667
2026-08-01 07:30:00,63.3333333333333,,43.3333333333333,36.2666666666667,49.6666666666667,50.5333333333333,69.8,48.0666666666667,56.1333333333333,60.5333333333333,63.7333333333333
2026-08-01 07:45:00,64.9333333333333,,41.2,33.0666666666667,45.7333333333333,53.1333333333333,69.4666666666667,53.3333333333333,51.8666666666667,64.2,69.2666666666667
2026-08-01 08:00:00,62.5333333333333,,42.5333333333333,36.2666666666667,41.6,54.9333333333333,70.9333333333333,50.0,52.0,53.3333333333333,66.0666666666667
2026-08-01 08:15:00,61.4666666666667,,44.1333333333333,33.0,44.7333333333333,66.4666666666667,66.8666666666667,45.8666666666667,48.4666666666667,48.8,53.2666666666667
2026-08-01 08:30:00,60.1333333333333,,49.2666666666667,34.6,43.5333333333333,64.1333333333333,66.4,44.8666666666667,45.2,46.9333333333333,46.1333333333333
2026-08-01 08:45:00,65.3333333333333,,45.6,29.6666666666667,43.8,63.6,63.8666666666667,45.6,46.8666666666667,49.6666666666667,46.2666666666667
2026-08-01 09:00:00,70.0,,42.8,32.8,39.5333333333333,63.6666666666667,61.7333333333333,44.9333333333333,54.9333333333333,48.0666666666667,40.8666666666667
2026-08-01 09:15:00,81.6666666666667,,45.6,29.4,41.2,61.1333333333333,55.2,43.6,54.6,46.4666666666667,37.6
2026-08-01 09:30:00,84.8,,46.1333333333333,25.0,46.4,52.0666666666667,51.8,41.0666666666667,54.7333333333333,40.0666666666667,33.4666666666667
2026-08-01 09:45:00,79.8666666666667,,43.8,30.0,41.0666666666667,46.6666666666667,48.2,39.5333333333333,56.2666666666667,34.4,34.2666666666667
2026-08-01 10:00:00,76.9333333333333,,42.0666666666667,29.1333333333333,34.7333333333333,45.0,44.4666666666667,38.9333333333333,54.1333333333333,34.8666666666667,34.6666666666667
2026-08-01 10:15:00,62.5333333333333,,42.7333333333333,19.5333333333333,36.6666666666667,46.8666666666667,43.2666666666667,35.4666666666667,56.4,34.3333333333333,32.9333333333333
2026-08-01 10:30:00,58.0666666666667,,42.3333333333333,17.3333333333333,33.4,53.7333333333333,42.2666666666667,32.9333333333333,57.2,30.4,33.0666666666667
2026-08-01 10:45:00,50.3333333333333,,38.2,17.7333333333333,30.5333333333333,55.2,36.6666666666667,32.0,64.2666666666667,30.8,32.7333333333333
2026-08-01 11:00:00,40.3333333333333,,38.0,22.6,29.8666666666667,55.0666666666667,60.1333333333333,33.7333333333333,66.1333333333333,30.8,31.1333333333333
2026-08-01 11:15:00,37.6666666666667,,32.1333333333333,14.2,29.8666666666667,46.2666666666667,33.2,34.0,62.3333333333333,29.8,33.4
2026-08-01 11:30:00,34.0666666666667,,30.2666666666667,20.6,29.7333333333333,44.2,64.1333333333333,32.2,58.8,34.1333333333333,27.8
2026-08-01 11:45:00,32.0666666666667,,30.7333333333333,18.1333333333333,30.0666666666667,44.3333333333333,30.2666666666667,30.3333333333333,52.2,34.8,27.1333333333333
2026-08-01 12:00:00,29.5333333333333,,31.8,22.8666666666667,28.8666666666667,40.4,36.2,26.4666666666667,42.4,26.3333333333333,26.6666666666667
2026-08-01 12:15:00,26.6666666666667,,29.0666666666667,29.7333333333333,30.0666666666667,43.8666666666667,34.8666666666667,27.2,35.9333333333333,24.2,27.2666666666667
2026-08-01 12:30:00,26.6666666666667,,30.0,25.1333333333333,27.4666666666667,33.2666666666667,34.6,27.5333333333333,34.0,24.0,25.7333333333333
2026-08-01 12:45:00,24.5333333333333,,28.9333333333333,28.0666666666667,25.0,33.2666666666667,32.8,25.7333333333333,31.1333333333333,23.7333333333333,27.6
2026-08-01 13:00:00,21.2666666666667,,34.4666666666667,30.0666666666667,25.8666666666667,38.2,33.8,24.6,30.8666666666667,23.2,23.8666666666667
2026-08-01 13:15:00,20.5333333333333,,28.7333333333333,29.5333333333333,25.6,33.2666666666667,31.2,24.4,28.8,28.0,26.0666666666667
2026-08-01 13:30:00,21.0,,28.4666666666667,25.7333333333333,21.4666666666667,34.6666666666667,33.1333333333333,27.4,24.6,26.4666666666667,28.3333333333333
2026-08-01 13:45:00,24.0666666666667,,29.4666666666667,27.9333333333333,25.6,36.6666666666667,29.2,26.2,23.2,26.5333333333333,
2026-08-01 14:00:00,22.3333333333333,,28.3333333333333,28.9333333333333,22.9333333333333,32.4666666666667,31.8,28.0666666666667,23.9333333333333,24.3333333333333,
2026-08-01 14:15:00,23.2,,30.6,21.8666666666667,24.0666666666667,35.6666666666667,35.4666666666667,26.5333333333333,26.2666666666667,25.8,
2026-08-01 14:30:00,22.6666666666667,,32.5333333333333,24.6,25.9333333333333,33.2666666666667,30.8666666666667,29.2,27.4666666666667,25.4666666666667,
2026-08-01 14:45:00,23.6,,32.5333333333333,28.4666666666667,26.6666666666667,33.6,31.1333333333333,30.1333333333333,26.2,26.5333333333333,
2026-08-01 15:00:00,24.2666666666667,,30.9333333333333,25.9333333333333,24.6666666666667,33.1333333333333,32.8666666666667,31.4,28.0666666666667,27.5333333333333,
2026-08-01 15:15:00,25.6,,30.1333333333333,24.2666666666667,22.0666666666667,31.4666666666667,31.4666666666667,34.1333333333333,26.4666666666667,24.9333333333333,
2026-08-01 15:30:00,24.8,,30.6666666666667,22.0666666666667,22.0,30.0,35.8,26.6,27.2666666666667,26.4666666666667,
2026-08-01 15:45:00,23.7333333333333,,34.0,25.8666666666667,22.8666666666667,30.4666666666667,34.4666666666667,26.4666666666667,27.3333333333333,27.2666666666667,
2026-08-01 16:00:00,23.1333333333333,,34.2666666666667,22.0,22.8666666666667,31.0666666666667,29.0666666666667,25.6,27.6666666666667,43.0,
2026-08-01 16:15:00,22.2,,36.8,30.9333333333333,21.9333333333333,32.0,25.8666666666667,25.8666666666667,29.4666666666667,,
2026-08-01 16:30:00,21.9333333333333,,31.4666666666667,29.2,23.6,46.5333333333333,26.5333333333333,26.6,28.6,,
2026-08-01 16:45:00,22.4666666666667,,31.8,38.6666666666667,24.2666666666667,34.0,27.8,27.1333333333333,27.6,,
2026-08-01 17:00:00,22.0666666666667,,31.1333333333333,38.8666666666667,22.6,34.9333333333333,26.0666666666667,27.4,25.5333333333333,,
2026-08-01 17:15:00,25.2,,31.0666666666667,33.8,11.2666666666667,40.0,29.4,25.6,25.4666666666667,,
2026-08-01 17:30:00,23.8666666666667,,29.4666666666667,34.1333333333333,5.0,39.2,30.7333333333333,26.6666666666667,24.4666666666667,,
2026-08-01 17:45:00,24.6,,29.4,37.6666666666667,,35.0,26.3333333333333,28.2666666666667,24.4666666666667,,
2026-08-01 18:00:00,24.6666666666667,,28.2,30.3333333333333,30.6153846153846,36.0,32.8666666666667,30.8666666666667,25.2,,
2026-08-01 18:15:00,24.8,,30.9333333333333,52.4,24.6666666666667,38.2,35.4666666666667,29.9333333333333,32.2,29.25,
2026-08-01 18:30:00,25.0666666666667,,34.5333333333333,29.6,24.3333333333333,35.8666666666667,34.0666666666667,27.2,27.3333333333333,26.4666666666667,
2026-08-01 18:45:00,25.9333333333333,,34.0,25.6666666666667,28.6,35.9333333333333,34.8666666666667,31.0,28.0,27.7333333333333,
2026-08-01 19:00:00,28.9333333333333,,34.6,26.5333333333333,25.9333333333333,38.8,56.4666666666667,30.4666666666667,28.4615384615385,27.7333333333333,29.5833333333333
2026-08-01 19:15:00,27.2,,34.0,27.4,28.5333333333333,39.0666666666667,48.4,31.6666666666667,33.75,28.2666666666667,29.2666666666667
2026-08-01 19:30:00,30.4666666666667,,45.0666666666667,31.0666666666667,26.5333333333333,40.6666666666667,53.2,30.9333333333333,30.5333333333333,26.6,30.2666666666667
2026-08-01 19:45:00,28.3333333333333,,32.7333333333333,60.3333333333333,28.4,38.9333333333333,58.8,30.8,29.7333333333333,27.3333333333333,30.0
2026-08-01 20:00:00,30.0666666666667,,29.9333333333333,42.3333333333333,27.4666666666667,71.9333333333333,44.7333333333333,30.9333333333333,28.2,28.0666666666667,30.0
2026-08-01 20:15:00,28.2666666666667,,31.6,41.1333333333333,28.1333333333333,49.2666666666667,38.1333333333333,29.4666666666667,27.8666666666667,26.6666666666667,29.6666666666667
2026-08-01 20:30:00,29.9333333333333,,30.6666666666667,40.0,27.4666666666667,37.9333333333333,40.3333333333333,27.6666666666667,27.8666666666667,27.8,31.2
2026-08-01 20:45:00,33.0,,29.7333333333333,36.6,26.2666666666667,35.5333333333333,43.4,29.3333333333333,28.4666666666667,27.0666666666667,28.5333333333333
2026-08-01 21:00:00,36.9333333333333,,31.4666666666667,33.0,25.2666666666667,38.3333333333333,49.5333333333333,27.4,28.6,29.6666666666667,30.8666666666667
2026-08-01 21:15:00,38.2,,33.5333333333333,34.9333333333333,27.0666666666667,40.0666666666667,62.2,29.6,29.6666666666667,29.2666666666667,32.4
2026-08-01 21:30:00,34.0666666666667,,35.2666666666667,29.4666666666667,28.2666666666667,39.5333333333333,67.3333333333333,31.6666666666667,31.2,31.2666666666667,29.6666666666667
2026-08-01 21:45:00,32.4666666666667,,37.0666666666667,27.2666666666667,30.4,42.9333333333333,58.2,32.4,28.1333333333333,28.9333333333333,33.3333333333333
2026-08-01 22:00:00,35.1333333333333,,35.6666666666667,28.4,33.1333333333333,38.1333333333333,56.4,31.0666666666667,28.6,30.4666666666667,34.8666666666667
2026-08-01 22:15:00,39.5333333333333,,30.8666666666667,28.7333333333333,31.6666666666667,42.6666666666667,61.4666666666667,32.8,29.7333333333333,32.7333333333333,32.3333333333333
2026-08-01 22:30:00,36.8,,33.2666666666667,31.9333333333333,32.0666666666667,44.2,56.2,30.8,32.0,31.4,31.6666666666667
2026-08-01 22:45:00,37.4,,32.9333333333333,28.8666666666667,31.5333333333333,45.0,62.5333333333333,29.8666666666667,34.0666666666667,31.4,32.5333333333333
2026-08-01 23:00:00,39.2666666666667,,34.9333333333333,32.3333333333333,33.2,45.8666666666667,59.0666666666667,32.2,33.7333333333333,30.0666666666667,30.4
2026-08-01 23:15:00,35.8666666666667,,34.0666666666667,36.2666666666667,32.9333333333333,43.9333333333333,74.3333333333333,31.8666666666667,34.4666666666667,32.4,31.2666666666667
2026-08-01 23:30:00,33.3333333333333,,35.9333333333333,36.1333333333333,35.1333333333333,46.0,65.8,33.2666666666667,34.9333333333333,32.6,34.8
2026-08-01 23:45:00,36.1333333333333,,34.5333333333333,54.4666666666667,34.6,47.4,62.3333333333333,35.2666666666667,34.4,33.7333333333333,34.3333333333333
2026-08-02 00:00:00,35.4,,38.3333333333333,55.4666666666667,33.3333333333333,50.6,65.0666666666667,35.4666666666667,33.7333333333333,34.9333333333333,36.5333333333333
2026-08-02 00:15:00,36.8666666666667,,37.6,69.0666666666667,34.2,48.7333333333333,63.0,38.2666666666667,32.4666666666667,38.5333333333333,36.8666666666667
2026-08-02 00:30:00,35.4666666666667,,39.8,63.7333333333333,34.6,51.3333333333333,72.8666666666667,36.2666666666667,34.9333333333333,38.0666666666667,34.4
2026-08-02 00:45:00,37.1333333333333,,39.9333333333333,103.2,35.3333333333333,51.8,66.6,37.6666666666667,35.2666666666667,43.9333333333333,37.0666666666667
2026-08-02 01:00:00,36.8666666666667,,40.6666666666667,85.9333333333333,34.9333333333333,55.4,74.4,39.1333333333333,35.2,47.0,36.8666666666667
2026-08-02 01:15:00,40.2666666666667,,43.0666666666667,117.733333333333,37.3333333333333,60.2,75.4666666666667,39.7333333333333,35.7333333333333,39.6,38.4
2026-08-02 01:30:00,39.0,,42.8,45.4,37.3333333333333,59.0,73.8,39.8,35.8666666666667,40.4666666666667,38.8666666666667
2026-08-02 01:45:00,38.9333333333333,,43.7333333333333,78.3333333333333,37.6,59.5333333333333,84.0,39.0666666666667,40.6,38.2666666666667,39.5333333333333
2026-08-02 02:00:00,37.6666666666667,,42.6,98.9333333333333,39.2,57.2,85.5333333333333,41.8666666666667,38.8,37.7333333333333,38.2666666666667
2026-08-02 02:15:00,39.5333333333333,,44.3333333333333,126.333333333333,37.7333333333333,57.8,94.2,39.4666666666667,38.8666666666667,36.7333333333333,38.6666666666667
2026-08-02 02:30:00,41.2,,46.2666666666667,151.8,36.6,53.7333333333333,107.866666666667,40.4,41.6,37.8666666666667,39.6666666666667
2026-08-02 02:45:00,45.2666666666667,,50.9333333333333,178.866666666667,36.6,54.0,102.666666666667,37.2666666666667,43.1333333333333,36.2,39.2
2026-08-02 03:00:00,46.6666666666667,,46.8666666666667,323.6,36.2,56.8,110.266666666667,42.5333333333333,42.8666666666667,39.2666666666667,40.6
2026-08-02 03:15:00,49.2,,45.0,382.333333333333,35.4666666666667,56.8,92.5333333333333,41.0,40.2,38.9333333333333,49.0666666666667
2026-08-02 03:30:00,44.4666666666667,,44.6666666666667,401.466666666667,38.1333333333333,71.0666666666667,86.6,46.3333333333333,41.3333333333333,38.0,51.2
2026-08-02 03:45:00,42.6,,43.6666666666667,706.866666666667,36.6,73.6,94.8,42.8666666666667,40.8,35.4666666666667,45.2
2026-08-02 04:00:00,40.6666666666667,,41.2666666666667,566.0,39.0,82.6666666666667,93.4666666666667,43.3333333333333,39.1333333333333,37.1333333333333,43.1333333333333
2026-08-02 04:15:00,43.6666666666667,,39.4,660.4,36.4666666666667,82.7333333333333,90.6666666666667,44.6,42.4,34.1333333333333,44.0
2026-08-02 04:30:00,41.5333333333333,,39.6,740.466666666667,35.4,53.6666666666667,87.8,39.6666666666667,38.8666666666667,35.9333333333333,41.6
2026-08-02 04:45:00,48.4,,41.2,578.333333333333,33.0,50.3333333333333,82.2,41.2,48.2666666666667,35.3333333333333,41.3333333333333
2026-08-02 05:00:00,73.4666666666667,,41.2,383.8,33.1333333333333,49.0,80.7333333333333,38.0,55.0666666666667,35.8,42.1333333333333
2026-08-02 05:15:00,50.4,,41.2666666666667,314.933333333333,33.6,47.7333333333333,88.4,37.0666666666667,46.2666666666667,35.6,42.4
2026-08-02 05:30:00,38.8,,42.4666666666667,495.333333333333,33.9333333333333,46.4666666666667,92.1333333333333,39.5333333333333,44.2666666666667,37.0,38.2
2026-08-02 05:45:00,39.4,,42.0666666666667,440.333333333333,34.0,43.9333333333333,93.5333333333333,38.1333333333333,40.5333333333333,33.4666666666667,41.3333333333333
2026-08-02 06:00:00,42.3333333333333,,45.4666666666667,267.866666666667,30.8,47.1333333333333,88.1333333333333,61.3333333333333,51.1333333333333,43.6666666666667,59.6666666666667
2026-08-02 06:15:00,63.2666666666667,,44.0666666666667,362.066666666667,29.4,45.0,80.0,55.5333333333333,87.0,48.8,63.6
2026-08-02 06:30:00,56.0,,42.0666666666667,402.733333333333,29.2666666666667,44.4,75.0,62.6666666666667,106.333333333333,55.4,70.6666666666667
2026-08-02 06:45:00,62.1333333333333,,58.5333333333333,479.466666666667,29.4666666666667,69.3333333333333,197.933333333333,117.466666666667,88.7333333333333,53.4666666666667,89.5333333333333
2026-08-02 07:00:00,57.1333333333333,,43.1333333333333,337.533333333333,82.7333333333333,88.3333333333333,138.2,232.6,56.4666666666667,59.7333333333333,67.7333333333333
2026-08-02 07:15:00,55.1333333333333,,36.6666666666667,257.533333333333,54.4666666666667,84.5333333333333,134.866666666667,242.933333333333,78.9333333333333,75.2666666666667,80.8
2026-08-02 07:30:00,60.2,,46.0,129.0,78.2,93.8666666666667,121.666666666667,140.0,63.0666666666667,54.9333333333333,47.0666666666667
2026-08-02 07:45:00,71.5333333333333,,47.6666666666667,120.0,70.6,63.6,92.0,65.4166666666667,38.8,31.7333333333333,51.8
2026-08-02 08:00:00,62.9333333333333,,48.2,125.533333333333,30.3333333333333,46.7333333333333,110.2,2.0,52.6,68.2,55.2
2026-08-02 08:15:00,44.0666666666667,,37.4,132.866666666667,29.1333333333333,53.3333333333333,104.133333333333,,127.4,46.2666666666667,56.5333333333333
2026-08-02 08:30:00,41.6,,46.7333333333333,149.533333333333,24.8666666666667,51.1333333333333,136.866666666667,,62.3333333333333,59.6666666666667,54.3333333333333
2026-08-02 08:45:00,45.2666666666667,,33.7333333333333,147.533333333333,26.6666666666667,95.2,162.666666666667,,67.2,105.933333333333,81.2
2026-08-02 09:00:00,70.4666666666667,,54.2666666666667,147.4,27.9333333333333,29.8666666666667,68.6,,94.8666666666667,52.5333333333333,78.7333333333333
2026-08-02 09:15:00,65.6666666666667,,21.3333333333333,114.4,39.3333333333333,32.4,78.1333333333333,,197.466666666667,38.8666666666667,51.4
2026-08-02 09:30:00,61.5333333333333,,16.4,90.0,50.0,25.3333333333333,65.3333333333333,,61.4,23.7333333333333,38.1333333333333
2026-08-02 09:45:00,45.6,,18.7333333333333,79.0666666666667,32.9333333333333,26.8,44.5333333333333,,42.1333333333333,16.6666666666667,35.7333333333333
2026-08-02 10:00:00,36.1333333333333,,26.8666666666667,84.2,24.0666666666667,32.3333333333333,43.5,,42.8,19.8,29.0
2026-08-02 10:15:00,33.2,,28.6,76.0666666666667,25.5333333333333,31.4666666666667,,,74.0,22.2666666666667,33.5333333333333
2026-08-02 10:30:00,32.6666666666667,,29.0666666666667,65.2666666666667,29.7333333333333,39.8,,,64.0,32.3333333333333,38.2666666666667
2026-08-02 10:45:00,34.8666666666667,,35.4666666666667,57.5333333333333,34.0666666666667,44.0666666666667,,,58.0666666666667,35.0666666666667,53.8
2026-08-02 11:00:00,35.4,,34.5333333333333,52.2666666666667,34.2,48.8,,,110.533333333333,32.4666666666667,59.0
2026-08-02 11:15:00,37.6666666666667,,34.7333333333333,49.5333333333333,37.1333333333333,55.9333333333333,,,75.6,34.6,56.9333333333333
2026-08-02 11:30:00,40.9333333333333,,44.1333333333333,51.4666666666667,39.4,56.1333333333333,,,87.5333333333333,31.8,51.4
2026-08-02 11:45:00,40.2,,52.8,57.1333333333333,36.4,54.2,,,100.266666666667,32.0,53.7333333333333
2026-08-02 12:00:00,41.0,,46.5333333333333,57.4666666666667,39.0666666666667,55.5333333333333,,,43.6666666666667,29.4,44.5333333333333
2026-08-02 12:15:00,43.6,,48.2666666666667,61.0,40.0666666666667,55.0666666666667,,,47.4666666666667,26.6,39.3333333333333
2026-08-02 12:30:00,40.8666666666667,,52.6,66.0666666666667,39.5333333333333,54.7333333333333,,,50.4,32.0666666666667,41.0
2026-08-02 12:45:00,41.6666666666667,,51.1333333333333,66.2666666666667,40.8,61.3333333333333,,48.25,76.0,35.8666666666667,42.7333333333333
2026-08-02 13:00:00,38.9333333333333,,47.3333333333333,67.4666666666667,40.8,58.2666666666667,,43.8,55.1333333333333,31.8,39.3333333333333
2026-08-02 13:15:00,38.6,,41.2666666666667,62.7333333333333,37.8,54.9333333333333,,34.4,51.1333333333333,29.6666666666667,40.0
2026-08-02 13:30:00,30.0,,39.0,60.2666666666667,29.0666666666667,49.5,,32.8,46.6666666666667,29.9333333333333,37.1333333333333
2026-08-02 13:45:00,29.7333333333333,,41.7333333333333,63.5333333333333,29.9333333333333,,,35.4,56.8666666666667,30.2666666666667,36.9333333333333
2026-08-02 14:00:00,29.8666666666667,,38.2,56.8666666666667,27.9333333333333,,,36.1333333333333,42.9333333333333,33.2666666666667,50.3333333333333
2026-08-02 14:15:00,29.4,,42.8666666666667,50.9333333333333,28.7333333333333,,,35.6,51.8,47.8666666666667,121.266666666667
2026-08-02 14:30:00,31.2,,41.8666666666667,46.4666666666667,31.8666666666667,,,39.7333333333333,70.4666666666667,40.0666666666667,75.8
2026-08-02 14:45:00,38.6,,34.4,58.7333333333333,31.8666666666667,51.125,,37.2,77.0,35.0,60.0666666666667
2026-08-02 15:00:00,32.9333333333333,,24.2,61.9333333333333,30.0,42.3333333333333,,31.9333333333333,59.1333333333333,35.6,30.4
2026-08-02 15:15:00,27.8666666666667,,26.7333333333333,71.1333333333333,26.2,37.6,,26.2666666666667,31.9333333333333,44.7333333333333,30.4666666666667
2026-08-02 15:30:00,21.0,,27.7333333333333,83.8666666666667,27.3333333333333,26.7333333333333,,23.5333333333333,30.8666666666667,29.2,27.7333333333333
2026-08-02 15:45:00,20.2,,29.3333333333333,87.2,26.5333333333333,23.5333333333333,,22.4,33.7333333333333,25.4,40.1333333333333
2026-08-02 16:00:00,19.7333333333333,,29.7333333333333,85.0,21.7333333333333,24.8666666666667,,22.7333333333333,36.2,20.8,40.2666666666667
2026-08-02 16:15:00,21.0666666666667,,38.4,78.7333333333333,23.0666666666667,35.0,,45.7333333333333,44.8666666666667,23.2,58.6
2026-08-02 16:30:00,21.4,,39.6,74.3333333333333,26.3333333333333,38.3333333333333,,29.5333333333333,51.8,23.4666666666667,50.5333333333333
2026-08-02 16:45:00,20.5333333333333,,36.1333333333333,73.2,26.5333333333333,40.1333333333333,,29.6666666666667,76.8,23.8,36.7333333333333
2026-08-02 17:00:00,21.3333333333333,,39.4,72.8666666666667,25.5333333333333,51.4,,27.6666666666667,110.533333333333,26.3333333333333,46.5333333333333
2026-08-02 17:15:00,28.9333333333333,,34.6666666666667,80.4,28.8,53.8,,29.3333333333333,47.6,26.2666666666667,102.666666666667
2026-08-02 17:30:00,30.6666666666667,,40.0666666666667,87.9333333333333,30.1333333333333,43.8666666666667,,29.4,55.9333333333333,29.0666666666667,128.6
2026-08-02 17:45:00,31.2666666666667,,40.8,103.666666666667,32.7333333333333,40.9333333333333,,34.0666666666667,45.9333333333333,35.1333333333333,64.0666666666667
2026-08-02 18:00:00,30.0666666666667,,42.0,100.333333333333,34.6666666666667,52.8,,34.2,69.9333333333333,35.9333333333333,119.4
2026-08-02 18:15:00,30.7333333333333,,39.2,91.8,39.1333333333333,60.6666666666667,,39.5333333333333,78.1333333333333,42.0666666666667,174.0
2026-08-02 18:30:00,33.4,,59.8666666666667,97.7333333333333,37.0,57.4666666666667,,27.9333333333333,40.7333333333333,34.3333333333333,186.066666666667
2026-08-02 18:45:00,23.6666666666667,,38.4666666666667,101.8,41.6666666666667,54.8666666666667,,38.8,66.7333333333333,35.0,130.066666666667
2026-08-02 19:00:00,37.2666666666667,,29.2,107.133333333333,43.2,47.2,,,60.5333333333333,78.2,65.1333333333333
2026-08-02 19:15:00,34.1333333333333,,33.0,121.6,37.2,41.5333333333333,,61.7,42.6,61.4,116.733333333333
2026-08-02 19:30:00,22.7333333333333,,51.3333333333333,132.2,33.4,32.7333333333333,,71.8,37.2,63.2,94.6
2026-08-02 19:45:00,25.2666666666667,,49.6666666666667,157.0,33.3333333333333,40.0666666666667,,34.8666666666667,42.2666666666667,45.0,93.0
2026-08-02 20:00:00,22.8,,45.0666666666667,172.2,51.6,38.8666666666667,,38.4666666666667,52.8666666666667,54.5333333333333,93.4666666666667
2026-08-02 20:15:00,28.8,,38.2,174.266666666667,42.7333333333333,40.4,,36.1333333333333,71.4666666666667,54.0666666666667,82.1333333333333
2026-08-02 20:30:00,30.3333333333333,,37.0,183.8,30.4,52.1333333333333,,40.3333333333333,123.466666666667,55.9333333333333,146.4
2026-08-02 20:45:00,31.8,,,156.733333333333,41.4,56.1333333333333,,50.6,98.9333333333333,67.3333333333333,116.533333333333
2026-08-02 21:00:00,32.2,,,148.8,36.7333333333333,52.8,,42.3333333333333,78.6,73.3333333333333,83.5333333333333
2026-08-02 21:15:00,31.9333333333333,,,147.133333333333,44.0666666666667,47.5333333333333,,48.5333333333333,94.4666666666667,71.0,156.466666666667
2026-08-02 21:30:00,34.1333333333333,,,140.333333333333,42.8666666666667,49.8666666666667,,52.6,98.3333333333333,86.0,135.6
2026-08-02 21:45:00,34.8,,,124.066666666667,53.3333333333333,52.4,,62.1333333333333,111.066666666667,80.8666666666667,139.4
2026-08-02 22:00:00,37.8666666666667,,,83.3333333333333,54.2,57.2666666666667,,67.7333333333333,142.2,93.2666666666667,106.066666666667
2026-08-02 22:15:00,42.3333333333333,,,75.6,71.0,66.0,,89.2666666666667,186.666666666667,112.333333333333,123.0
2026-08-02 22:30:00,44.3333333333333,,,83.2666666666667,57.6,77.8,,98.8666666666667,169.866666666667,125.866666666667,239.066666666667
2026-08-02 22:45:00,44.8,,,92.0,64.6666666666667,76.9333333333333,,83.1333333333333,121.133333333333,132.333333333333,138.066666666667
2026-08-02 23:00:00,77.1333333333333,,,98.4,67.2666666666667,78.8666666666667,,84.5333333333333,118.4,156.8,237.666666666667
2026-08-02 23:15:00,84.0,,,103.533333333333,69.3333333333333,89.6666666666667,,103.4,197.733333333333,114.533333333333,262.2
2026-08-02 23:30:00,71.1333333333333,,,104.2,79.6666666666667,113.666666666667,,99.6666666666667,106.266666666667,117.866666666667,228.866666666667
2026-08-02 23:45:00,70.0666666666667,,,115.266666666667,83.8666666666667,121.733333333333,,85.0,105.333333333333,138.333333333333,271.266666666667
2026-08-03 00:00:00,69.5333333333333,,,108.666666666667,92.6,125.333333333333,,94.1333333333333,105.733333333333,138.533333333333,257.466666666667
2026-08-03 00:15:00,70.4,,,101.333333333333,90.8,110.066666666667,,110.6,82.7333333333333,122.066666666667,211.933333333333
2026-08-03 00:30:00,68.2666666666667,,,82.2,90.6,115.066666666667,,103.0,89.8,103.4,142.866666666667
2026-08-03 00:45:00,45.4666666666667,,,88.2,92.9333333333333,105.333333333333,,84.2,94.7333333333333,100.066666666667,195.266666666667
2026-08-03 01:00:00,44.0,,,105.666666666667,69.6,101.533333333333,,93.5333333333333,71.0666666666667,103.266666666667,193.866666666667
2026-08-03 01:15:00,47.2666666666667,,,126.733333333333,65.2,99.4666666666667,,80.3333333333333,49.0,77.1333333333333,111.733333333333
2026-08-03 01:30:00,42.4,,,150.666666666667,60.7333333333333,71.8666666666667,,49.0666666666667,42.0,65.5333333333333,76.4
2026-08-03 01:45:00,27.7333333333333,,,161.2,38.5333333333333,42.2,,49.0,36.8,65.0,81.4666666666667
2026-08-03 02:00:00,26.9333333333333,,,147.8,31.3333333333333,39.6,,51.8,38.6666666666667,62.5333333333333,116.466666666667
2026-08-03 02:15:00,25.9333333333333,,,141.066666666667,32.7333333333333,38.6,,51.5333333333333,48.0666666666667,48.6,86.2666666666667
2026-08-03 02:30:00,27.0666666666667,,,164.8,33.4,41.5333333333333,,53.2,59.0666666666667,57.8,122.866666666667
2026-08-03 02:45:00,26.5333333333333,,,187.466666666667,34.8666666666667,44.0666666666667,,57.8,71.2,70.5333333333333,105.666666666667
2026-08-03 03:00:00,26.6,,,216.4,40.0,48.4666666666667,,74.8,87.0,86.6666666666667,87.2666666666667
2026-08-03 03:15:00,28.1333333333333,,,294.733333333333,38.5333333333333,50.6666666666667,,67.5333333333333,53.2,77.7333333333333,86.7333333333333
2026-08-03 03:30:00,31.8666666666667,,,298.133333333333,37.4,61.3333333333333,,70.0666666666667,65.6,86.6,109.533333333333
2026-08-03 03:45:00,35.5333333333333,,,262.2,36.8666666666667,67.8,,75.4666666666667,52.2666666666667,96.0,118.733333333333
2026-08-03 04:00:00,42.9333333333333,,,200.8,43.6666666666667,73.5333333333333,,84.6666666666667,57.0666666666667,85.7333333333333,112.066666666667
2026-08-03 04:15:00,42.7333333333333,,,134.466666666667,50.5333333333333,75.9333333333333,,84.6,58.8666666666667,75.7333333333333,98.6
2026-08-03 04:30:00,42.5333333333333,,,69.4666666666667,50.6666666666667,81.6666666666667,,74.0,64.1333333333333,83.1333333333333,105.0
2026-08-03 04:45:00,42.4,,,88.3333333333333,47.7333333333333,74.8666666666667,,68.8666666666667,60.6666666666667,76.5333333333333,119.533333333333
2026-08-03 05:00:00,38.4666666666667,,,87.1333333333333,50.8,75.3333333333333,,68.9333333333333,61.4,71.0,112.066666666667
2026-08-03 05:15:00,35.4666666666667,,,71.7333333333333,49.4,70.7333333333333,,65.6666666666667,63.4666666666667,76.5333333333333,116.066666666667
2026-08-03 05:30:00,33.1333333333333,,,46.8,38.7333333333333,66.4,,64.8666666666667,62.9333333333333,79.8,98.6
2026-08-03 05:45:00,32.4,,,54.2666666666667,36.5333333333333,65.8,,62.9333333333333,65.7333333333333,76.9333333333333,112.333333333333
2026-08-03 06:00:00,36.3333333333333,,,43.4666666666667,35.6666666666667,67.0,,64.3333333333333,69.0666666666667,90.1333333333333,122.066666666667
2026-08-03 06:15:00,39.2,,,76.2,37.9333333333333,63.5333333333333,,69.2,72.0666666666667,99.8666666666667,163.666666666667
2026-08-03 06:30:00,41.2666666666667,,,83.6,40.6666666666667,61.5333333333333,,69.0666666666667,74.0666666666667,92.1333333333333,157.266666666667
2026-08-03 06:45:00,38.6,,,98.3333333333333,41.4,64.1333333333333,,75.4666666666667,61.4,86.6666666666667,149.8
2026-08-03 07:00:00,41.4666666666667,,,86.2666666666667,46.1333333333333,68.4666666666667,,83.5333333333333,63.2,81.7333333333333,142.066666666667
2026-08-03 07:15:00,44.2,,,94.5333333333333,43.1333333333333,67.3333333333333,,90.2,63.4666666666667,82.0666666666667,113.8
2026-08-03 07:30:00,44.0,,,153.666666666667,42.2,65.8666666666667,,87.0,67.1333333333333,68.6,108.466666666667
2026-08-03 07:45:00,36.8,,,95.8666666666667,41.2,62.8666666666667,,84.5333333333333,61.2666666666667,60.2,82.1333333333333
2026-08-03 08:00:00,34.8,,,57.6666666666667,37.6666666666667,56.8666666666667,,69.8,54.3333333333333,53.7333333333333,71.7333333333333
2026-08-03 08:15:00,28.4666666666667,,,69.0666666666667,35.8666666666667,54.4,,66.5333333333333,49.4,56.4,73.8
2026-08-03 08:30:00,24.0,,,143.333333333333,32.8,56.0666666666667,,64.9333333333333,51.0666666666667,45.0666666666667,74.2
2026-08-03 08:45:00,24.0666666666667,,,262.8,31.5333333333333,49.9333333333333,,65.0666666666667,51.4666666666667,49.6,64.4666666666667
2026-08-03 09:00:00,24.0,,,457.4,32.2666666666667,43.6,,60.7333333333333,47.0,44.6666666666667,60.5333333333333
2026-08-03 09:15:00,23.8666666666667,,,647.4,33.2,37.6666666666667,,53.1333333333333,35.1333333333333,37.0,41.7333333333333
2026-08-03 09:30:00,30.1333333333333,,,432.466666666667,26.2,42.1333333333333,,43.2,35.3333333333333,30.7333333333333,37.6
2026-08-03 09:45:00,31.8666666666667,,,583.466666666667,27.9333333333333,53.5333333333333,,36.1333333333333,35.5333333333333,27.4666666666667,37.4666666666667
2026-08-03 10:00:00,29.7333333333333,,,783.266666666667,32.1333333333333,48.6,,33.6,32.1333333333333,26.0666666666667,30.9333333333333
2026-08-03 10:15:00,23.4666666666667,,,847.533333333333,34.0,42.8666666666667,,33.8,30.0666666666667,28.0,33.2
2026-08-03 10:30:00,21.7333333333333,,,1061.66666666667,31.6666666666667,41.7333333333333,,33.4666666666667,29.0,26.0666666666667,40.4
2026-08-03 10:45:00,21.4666666666667,,,1141.0,28.7333333333333,39.1333333333333,,32.1333333333333,24.6,30.1333333333333,27.2
2026-08-03 11:00:00,25.0666666666667,,,1139.8,24.3333333333333,35.4,,29.3333333333333,23.7333333333333,24.6,25.6
2026-08-03 11:15:00,21.6,,,1146.13333333333,25.7333333333333,37.5333333333333,,25.4,23.5333333333333,23.1333333333333,26.3333333333333
2026-08-03 11:30:00,20.2,,,1150.0,23.8,35.2666666666667,,25.0,21.8666666666667,23.9333333333333,22.2666666666667
2026-08-03 11:45:00,23.4666666666667,,,1110.2,22.9333333333333,36.4,,24.4666666666667,23.2,24.5333333333333,24.7333333333333
2026-08-03 12:00:00,18.2666666666667,,,1109.93333333333,19.7333333333333,28.2,,24.5333333333333,20.5333333333333,21.2666666666667,26.0666666666667
2026-08-03 12:15:00,22.4666666666667,,,1069.13333333333,19.5333333333333,26.6666666666667,,23.6,20.4,18.7333333333333,22.7333333333333
2026-08-03 12:30:00,26.2,,,899.933333333333,17.8666666666667,28.7333333333333,,23.2,23.0,19.1333333333333,23.5333333333333
2026-08-03 12:45:00,20.9333333333333,,,1029.93333333333,18.0666666666667,28.7333333333333,,26.6,19.2,21.5333333333333,27.4666666666667
2026-08-03 13:00:00,18.4666666666667,,,1010.6,16.5333333333333,27.6666666666667,,23.8666666666667,21.8666666666667,19.8666666666667,24.3333333333333
2026-08-03 13:15:00,15.9333333333333,,,1063.46666666667,18.6666666666667,26.9333333333333,,22.6,19.6,18.9333333333333,32.0666666666667
2026-08-03 13:30:00,19.4,,,1078.93333333333,19.4,26.2,,21.0,19.3333333333333,17.1333333333333,21.9333333333333
2026-08-03 13:45:00,18.2666666666667,,,939.733333333333,18.4,24.6666666666667,,19.0,20.0,18.6,24.75
2026-08-03 14:00:00,18.4,,,840.866666666667,18.6666666666667,24.6666666666667,,22.4666666666667,19.4,21.2,
2026-08-03 14:15:00,18.6,,,679.266666666667,17.7333333333333,24.6666666666667,,23.4,15.0666666666667,17.8666666666667,
2026-08-03 14:30:00,14.8666666666667,,,604.733333333333,17.4666666666667,25.1333333333333,,18.6666666666667,15.6666666666667,17.6,
2026-08-03 14:45:00,24.5333333333333,,,527.066666666667,18.3333333333333,22.8666666666667,,19.2,16.0666666666667,18.0,
2026-08-03 15:00:00,14.9333333333333,,,478.0,18.5333333333333,25.0,,21.1333333333333,19.0666666666667,18.1333333333333,
2026-08-03 15:15:00,14.1333333333333,,,514.0,18.2666666666667,24.4666666666667,,19.7333333333333,17.0666666666667,21.2,
2026-08-03 15:30:00,15.2,,,551.933333333333,14.6666666666667,19.5333333333333,,18.8,19.8,17.8666666666667,
2026-08-03 15:45:00,14.8666666666667,,,485.933333333333,15.0666666666667,18.3333333333333,,17.2,19.4666666666667,19.1333333333333,
2026-08-03 16:00:00,12.8666666666667,,,449.733333333333,13.5333333333333,22.6666666666667,,17.7333333333333,17.3333333333333,17.8,
2026-08-03 16:15:00,12.7333333333333,,,348.733333333333,13.4,20.6666666666667,,16.7333333333333,15.8666666666667,16.1333333333333,
2026-08-03 16:30:00,12.7333333333333,,,282.6,13.4,20.6666666666667,,18.8666666666667,15.8,19.7333333333333,
2026-08-03 16:45:00,12.9333333333333,,,264.466666666667,13.2,27.0,,21.4666666666667,15.8666666666667,19.2666666666667,
2026-08-03 17:00:00,12.0666666666667,,,252.333333333333,13.2666666666667,23.8666666666667,,18.9333333333333,17.4666666666667,18.1333333333333,20.5
2026-08-03 17:15:00,12.9333333333333,,,243.466666666667,13.7333333333333,19.5333333333333,,19.4666666666667,13.9333333333333,16.0666666666667,17.6666666666667
2026-08-03 17:30:00,10.2,,,269.6,15.8,19.4666666666667,,19.6666666666667,15.6666666666667,14.4,20.0666666666667
2026-08-03 17:45:00,11.9333333333333,,,379.666666666667,15.6,16.8666666666667,,17.7333333333333,482.4,17.4666666666667,27.0666666666667
2026-08-03 18:00:00,11.4,,,408.2,10.9333333333333,16.3333333333333,,17.9333333333333,19.6666666666667,15.4666666666667,30.4
2026-08-03 18:15:00,15.0666666666667,,,443.933333333333,10.7333333333333,15.0666666666667,,15.6,16.0,14.8666666666667,40.5333333333333
2026-08-03 18:30:00,13.5333333333333,,,538.266666666667,10.8,13.2666666666667,,15.0,15.1333333333333,22.8,24.8
2026-08-03 18:45:00,11.0666666666667,,,587.4,10.4666666666667,13.4,,15.6,17.3333333333333,21.5333333333333,55.8666666666667
2026-08-03 19:00:00,11.4666666666667,,,603.6,12.7333333333333,15.4666666666667,,14.2666666666667,20.3333333333333,16.1333333333333,27.6666666666667
2026-08-03 19:15:00,11.8666666666667,,,637.2,15.1333333333333,15.4666666666667,,18.2666666666667,19.5333333333333,17.2666666666667,43.0
2026-08-03 19:30:00,11.5333333333333,,,595.4,15.7333333333333,17.6666666666667,,17.7333333333333,17.9333333333333,19.5333333333333,41.2
2026-08-03 19:45:00,12.2666666666667,,,424.933333333333,13.3333333333333,16.4666666666667,,18.3333333333333,34.0,19.0,51.4666666666667
2026-08-03 20:00:00,12.0666666666667,,,560.266666666667,16.1333333333333,17.6,,20.7333333333333,39.6,15.8666666666667,52.4666666666667
2026-08-03 20:15:00,14.2,,,486.266666666667,22.4666666666667,20.6,,19.6666666666667,27.0,16.8666666666667,62.0666666666667
2026-08-03 20:30:00,18.8666666666667,,,620.866666666667,22.1333333333333,18.9333333333333,,22.8666666666667,29.0666666666667,19.8666666666667,62.7333333333333
2026-08-03 20:45:00,18.8,,,661.6,20.2666666666667,20.9333333333333,,23.2666666666667,47.3333333333333,22.8,62.2666666666667
2026-08-03 21:00:00,24.6666666666667,,,629.466666666667,18.1333333333333,40.8666666666667,,21.2666666666667,32.9333333333333,24.4,67.2
2026-08-03 21:15:00,18.6666666666667,,,566.4,20.9333333333333,26.9333333333333,,24.1333333333333,38.1333333333333,27.2,134.733333333333
2026-08-03 21:30:00,20.4666666666667,,,464.666666666667,37.2666666666667,29.8666666666667,,28.6,43.8666666666667,29.4,139.8
2026-08-03 21:45:00,23.1333333333333,,,381.266666666667,44.1333333333333,31.2,,30.9333333333333,59.5333333333333,30.4,201.466666666667
2026-08-03 22:00:00,22.2,,,367.533333333333,33.2666666666667,34.8666666666667,,35.4666666666667,82.1333333333333,35.3333333333333,141.2
2026-08-03 22:15:00,23.8,,,349.933333333333,30.5333333333333,38.4666666666667,,35.7333333333333,85.0,37.0666666666667,132.6
2026-08-03 22:30:00,22.9333333333333,,,303.2,26.0666666666667,41.4666666666667,,34.0,60.4666666666667,31.6,110.333333333333
2026-08-03 22:45:00,24.0,,,240.0,25.3333333333333,40.2,,37.0666666666667,119.533333333333,37.3333333333333,96.5333333333333
2026-08-03 23:00:00,23.3333333333333,,,176.466666666667,34.1333333333333,42.1333333333333,,48.7333333333333,68.2666666666667,38.7333333333333,126.866666666667
2026-08-03 23:15:00,22.3333333333333,,,118.6,34.4,39.8,,33.2666666666667,100.0,40.5333333333333,124.8
2026-08-03 23:30:00,22.2666666666667,,,88.3333333333333,42.2666666666667,42.1333333333333,,31.7333333333333,104.066666666667,36.8,103.733333333333
2026-08-03 23:45:00,23.1333333333333,,,65.0,40.7333333333333,38.3333333333333,,42.6,127.2,38.5333333333333,109.4
2026-08-04 00:00:00,25.0666666666667,,41.2666666666667,57.2666666666667,48.6666666666667,38.3333333333333,,50.0666666666667,91.4,41.2666666666667,97.0
2026-08-04 00:15:00,27.6666666666667,,31.8,51.5333333333333,50.8,39.8,,59.3333333333333,154.066666666667,47.6666666666667,120.6
2026-08-04 00:30:00,32.9333333333333,,30.2666666666667,48.0,49.4,40.1333333333333,,44.4666666666667,127.133333333333,50.5333333333333,106.666666666667
2026-08-04 00:45:00,32.4666666666667,,33.4,44.4666666666667,49.5333333333333,40.8,,57.1333333333333,98.0666666666667,53.8666666666667,124.533333333333
2026-08-04 01:00:00,32.9333333333333,,33.4666666666667,45.8666666666667,41.7333333333333,39.4666666666667,,49.2,80.2,54.8,139.533333333333
2026-08-04 01:15:00,32.1333333333333,,34.1333333333333,45.2,52.1333333333333,39.1333333333333,,40.6666666666667,82.9333333333333,54.2666666666667,136.666666666667
2026-08-04 01:30:00,36.4666666666667,,35.8666666666667,45.7333333333333,44.1333333333333,41.7333333333333,,36.2,87.8666666666667,55.0666666666667,161.0
2026-08-04 01:45:00,40.1333333333333,,34.6666666666667,48.2666666666667,39.6,41.3333333333333,,42.6,97.8666666666667,57.8666666666667,164.266666666667
2026-08-04 02:00:00,37.8666666666667,,35.0666666666667,68.8666666666667,37.8666666666667,40.1333333333333,,52.4,104.266666666667,67.2666666666667,135.266666666667
2026-08-04 02:15:00,41.3333333333333,,33.8,50.7333333333333,38.6,40.6666666666667,,48.2,110.466666666667,69.2666666666667,150.8
2026-08-04 02:30:00,41.8666666666667,,39.2666666666667,52.2666666666667,44.4,41.8666666666667,,54.5333333333333,105.133333333333,64.9333333333333,140.266666666667
2026-08-04 02:45:00,42.9333333333333,,48.2,54.6,45.1333333333333,44.4666666666667,,69.5333333333333,97.2,67.6,132.4
2026-08-04 03:00:00,52.7333333333333,,49.0666666666667,55.2666666666667,46.6666666666667,52.4,,77.4666666666667,99.4666666666667,73.4,133.133333333333
2026-08-04 03:15:00,58.0666666666667,,45.1333333333333,58.3333333333333,48.6666666666667,53.6666666666667,,67.7333333333333,97.7333333333333,70.7333333333333,140.933333333333
2026-08-04 03:30:00,69.5333333333333,,48.0,55.4,64.6666666666667,54.5333333333333,,68.0666666666667,103.933333333333,75.2666666666667,149.666666666667
2026-08-04 03:45:00,80.1333333333333,,51.5333333333333,57.6,67.0666666666667,53.4,,78.0666666666667,79.1333333333333,87.3333333333333,148.266666666667
2026-08-04 04:00:00,81.7333333333333,,52.5333333333333,55.6,70.9333333333333,51.2666666666667,,82.2666666666667,80.0,81.2,131.133333333333
2026-08-04 04:15:00,84.8,,56.4,68.3333333333333,77.0,50.7333333333333,,81.4,82.6666666666667,91.2,135.4
2026-08-04 04:30:00,90.3333333333333,,53.0,74.2,92.0666666666667,53.8666666666667,,87.0,69.2666666666667,81.7333333333333,127.466666666667
2026-08-04 04:45:00,85.8,,54.0,76.1333333333333,107.066666666667,58.4666666666667,,83.5333333333333,96.6666666666667,78.6,127.866666666667
2026-08-04 05:00:00,89.5333333333333,,60.2,71.6666666666667,89.4,59.8666666666667,,89.5333333333333,103.8,83.6666666666667,115.933333333333
2026-08-04 05:15:00,88.7333333333333,,58.8,69.0666666666667,94.4,65.3333333333333,,87.9333333333333,85.7333333333333,75.0666666666667,122.933333333333
2026-08-04 05:30:00,90.8666666666667,,55.8666666666667,81.0,93.6,64.6,,99.0,77.6,93.6666666666667,127.0
2026-08-04 05:45:00,94.4,,60.4,84.7333333333333,89.0666666666667,64.8666666666667,,102.666666666667,86.6666666666667,94.1333333333333,141.8
2026-08-04 06:00:00,95.6666666666667,,56.6666666666667,97.9333333333333,78.2666666666667,65.0,,112.333333333333,88.2,103.8,151.8
2026-08-04 06:15:00,93.6666666666667,,63.6,84.5333333333333,77.1333333333333,71.5333333333333,,109.8,104.4,103.266666666667,161.0
2026-08-04 06:30:00,94.3333333333333,,61.4666666666667,88.2,76.0666666666667,94.4,,110.333333333333,110.533333333333,102.2,136.8
2026-08-04 06:45:00,88.2666666666667,,60.6,111.266666666667,75.6,126.133333333333,,112.2,103.466666666667,104.466666666667,123.133333333333
2026-08-04 07:00:00,90.2,,62.2,108.866666666667,75.8666666666667,140.2,,127.8,87.9333333333333,114.933333333333,132.933333333333
2026-08-04 07:15:00,81.8,,68.0666666666667,88.5333333333333,257.466666666667,118.733333333333,,130.2,79.8666666666667,121.933333333333,140.933333333333
2026-08-04 07:30:00,79.4666666666667,,66.4,86.4,306.533333333333,122.866666666667,,106.533333333333,67.0666666666667,108.133333333333,157.666666666667
2026-08-04 07:45:00,68.5333333333333,,65.9333333333333,98.8666666666667,180.733333333333,131.266666666667,,93.3333333333333,63.0666666666667,101.733333333333,167.333333333333
2026-08-04 08:00:00,63.9333333333333,,63.2666666666667,103.4,112.466666666667,133.866666666667,,83.1333333333333,60.9333333333333,105.866666666667,182.333333333333
2026-08-04 08:15:00,62.7333333333333,,64.7333333333333,95.6666666666667,100.933333333333,149.333333333333,,75.3333333333333,52.5333333333333,90.6,148.466666666667
2026-08-04 08:30:00,60.6,,67.3333333333333,71.1333333333333,99.0,147.733333333333,,72.8,53.5333333333333,84.6,124.333333333333
2026-08-04 08:45:00,47.4,,67.2,76.3333333333333,101.2,135.333333333333,,76.3333333333333,52.8666666666667,81.1333333333333,
2026-08-04 09:00:00,45.0,,59.6,66.2666666666667,84.0,120.466666666667,,82.9333333333333,51.2666666666667,72.5333333333333,69.0
2026-08-04 09:15:00,41.5333333333333,,51.6666666666667,54.5333333333333,70.8,145.4,,75.0666666666667,48.2666666666667,60.0666666666667,67.4
2026-08-04 09:30:00,38.9333333333333,,47.2,55.4,57.2666666666667,90.2,,67.6666666666667,43.6,55.6666666666667,62.9333333333333
2026-08-04 09:45:00,36.4,,45.4,69.8666666666667,44.7333333333333,76.1333333333333,,66.4,40.4666666666667,49.4666666666667,64.4666666666667
2026-08-04 10:00:00,32.8666666666667,,45.8666666666667,61.7333333333333,41.7333333333333,63.2666666666667,,69.6666666666667,35.8,53.0,64.6666666666667
2026-08-04 10:15:00,27.2666666666667,,48.0,54.7333333333333,41.2666666666667,46.2666666666667,,72.8666666666667,33.8,51.8,53.1333333333333
2026-08-04 10:30:00,28.0,,46.1333333333333,97.9333333333333,36.9333333333333,48.3333333333333,,59.0,34.4666666666667,55.7333333333333,41.8
2026-08-04 10:45:00,33.0666666666667,,42.8,214.333333333333,35.6,44.2,,52.2666666666667,36.8,49.8666666666667,37.6
2026-08-04 11:00:00,36.4,,41.7333333333333,88.4666666666667,33.5333333333333,44.2666666666667,,39.5333333333333,37.3333333333333,44.9333333333333,35.2
2026-08-04 11:15:00,41.2666666666667,,40.1333333333333,197.933333333333,32.6666666666667,43.1333333333333,,39.9333333333333,38.6,40.2666666666667,33.4
2026-08-04 11:30:00,47.3333333333333,,39.8666666666667,46.1333333333333,33.1333333333333,42.6,,37.8,39.3333333333333,36.9333333333333,39.0666666666667
2026-08-04 11:45:00,47.0,,35.4,52.1333333333333,30.6,43.2,,33.1333333333333,39.7333333333333,35.4666666666667,32.4666666666667
2026-08-04 12:00:00,43.4666666666667,,35.7333333333333,50.6,30.6666666666667,43.0666666666667,,32.8,42.2666666666667,33.2,31.4666666666667
2026-08-04 12:15:00,42.4,,32.7333333333333,56.6666666666667,24.4,52.2666666666667,,33.4,43.1333333333333,36.0666666666667,29.1333333333333
2026-08-04 12:30:00,40.1333333333333,,30.2,50.3333333333333,25.0666666666667,43.0,,30.9333333333333,44.4,27.6,28.6666666666667
2026-08-04 12:45:00,38.5333333333333,,26.2666666666667,48.7333333333333,24.3333333333333,41.4666666666667,,31.2,40.7333333333333,30.7333333333333,28.3333333333333
2026-08-04 13:00:00,33.8,,26.6,43.6666666666667,22.6666666666667,43.6,,30.4666666666667,37.6,29.6,26.2
2026-08-04 13:15:00,29.4666666666667,,25.5333333333333,41.6666666666667,23.0,37.2,,30.2666666666667,36.1333333333333,52.6666666666667,25.2666666666667
2026-08-04 13:30:00,28.8,,24.4,55.4666666666667,19.3333333333333,35.2666666666667,,26.0666666666667,35.8,25.6666666666667,25.6666666666667
2026-08-04 13:45:00,29.4666666666667,,27.0,66.0666666666667,19.8666666666667,30.2666666666667,,25.8666666666667,40.2666666666667,23.9333333333333,26.9333333333333
2026-08-04 14:00:00,28.6,,25.8,56.6,19.5333333333333,27.6,,26.8666666666667,37.4666666666667,23.0,25.2
2026-08-04 14:15:00,26.2,,27.2,59.3333333333333,22.7333333333333,30.8666666666667,,26.2,38.3333333333333,22.2,21.0666666666667
2026-08-04 14:30:00,27.7333333333333,,24.6,47.9333333333333,22.1333333333333,35.6,,23.0,38.6,22.2,18.6
2026-08-04 14:45:00,24.8,,25.3333333333333,52.0,21.2666666666667,33.7333333333333,,21.8,35.0666666666667,22.5333333333333,20.3333333333333
2026-08-04 15:00:00,22.9333333333333,,24.8,51.6,18.2,33.0666666666667,,25.2,32.8,22.4,21.7333333333333
2026-08-04 15:15:00,21.6666666666667,,28.4,45.7333333333333,18.5333333333333,35.5333333333333,,22.6666666666667,33.4,25.4,21.7333333333333
2026-08-04 15:30:00,26.2666666666667,,26.8,50.3333333333333,20.1333333333333,36.6666666666667,,18.0,28.4666666666667,22.6,20.4
2026-08-04 15:45:00,31.0666666666667,,23.6,48.0666666666667,19.2,49.2,,15.8,27.5333333333333,19.4,19.0
2026-08-04 16:00:00,28.0666666666667,,21.6,43.6,19.8666666666667,34.9333333333333,,19.8,30.4,23.4666666666667,26.5333333333333
2026-08-04 16:15:00,27.1333333333333,,21.2666666666667,45.5333333333333,20.7333333333333,34.4666666666667,,18.1333333333333,29.2,25.0666666666667,40.4
2026-08-04 16:30:00,24.9333333333333,,22.2666666666667,56.1333333333333,19.8,32.1333333333333,,19.4,31.6,25.5333333333333,31.1333333333333
2026-08-04 16:45:00,24.6,,21.6666666666667,47.2666666666667,16.6,26.8666666666667,,19.2,27.1333333333333,22.4666666666667,19.9333333333333
2026-08-04 17:00:00,23.8,,21.1333333333333,47.7333333333333,16.2,27.2,,19.6,52.0,25.1333333333333,24.4666666666667
2026-08-04 17:15:00,23.2,,20.5333333333333,46.6666666666667,17.6,26.5333333333333,,17.2666666666667,32.3333333333333,24.0666666666667,32.1333333333333
2026-08-04 17:30:00,22.8,,18.7333333333333,40.2,14.8666666666667,25.6666666666667,,26.2,23.2,23.4,30.4666666666667
2026-08-04 17:45:00,25.1333333333333,,21.0666666666667,43.3333333333333,15.6,24.6666666666667,,27.1333333333333,27.8666666666667,24.2666666666667,32.4666666666667
2026-08-04 18:00:00,24.6666666666667,,24.4,46.1333333333333,14.5333333333333,21.8666666666667,,27.7333333333333,28.6,21.0666666666667,29.6666666666667
2026-08-04 18:15:00,24.0,,19.0,45.5333333333333,15.6,21.8666666666667,,24.8666666666667,29.7333333333333,22.5333333333333,24.7333333333333
2026-08-04 18:30:00,23.9333333333333,,15.4,49.8,15.1333333333333,18.6666666666667,,23.7333333333333,31.2666666666667,23.1333333333333,22.8666666666667
2026-08-04 18:45:00,17.8,,14.2666666666667,51.0,14.2666666666667,21.0666666666667,,22.8,27.8666666666667,23.6666666666667,41.7333333333333
2026-08-04 19:00:00,19.4666666666667,,12.5333333333333,54.0666666666667,13.7333333333333,22.6,,23.1333333333333,27.8,24.5333333333333,49.0666666666667
2026-08-04 19:15:00,20.8,,15.9333333333333,55.4,12.7333333333333,25.4666666666667,,20.2,33.6666666666667,19.6666666666667,55.8666666666667
2026-08-04 19:30:00,18.5333333333333,,15.2,58.1333333333333,14.5333333333333,25.7333333333333,,18.8666666666667,40.4666666666667,19.8666666666667,48.4666666666667
2026-08-04 19:45:00,19.3333333333333,,16.6666666666667,63.0666666666667,15.2,23.4,,22.0666666666667,51.6,19.3333333333333,35.6
2026-08-04 20:00:00,20.1333333333333,,20.2666666666667,70.0,18.4,24.4666666666667,,25.7333333333333,33.5333333333333,18.6666666666667,28.6
2026-08-04 20:15:00,22.0666666666667,,24.3333333333333,71.6666666666667,19.1333333333333,26.2666666666667,,33.3333333333333,28.0,22.6666666666667,34.9333333333333
2026-08-04 20:30:00,25.0,,25.8,81.3333333333333,21.0666666666667,33.4666666666667,,27.9333333333333,29.8,23.0,44.2
2026-08-04 20:45:00,24.2,,18.5333333333333,79.1333333333333,21.6666666666667,31.8,,26.4,30.5333333333333,28.4,50.2
2026-08-04 21:00:00,24.4666666666667,,24.4,82.6666666666667,21.3333333333333,30.6666666666667,,28.3333333333333,37.8666666666667,30.0666666666667,61.8666666666667
2026-08-04 21:15:00,23.6,,25.4666666666667,86.8,22.4666666666667,32.4666666666667,,33.0666666666667,40.4666666666667,30.6,76.8666666666667
2026-08-04 21:30:00,26.0,,31.8,84.4,22.8666666666667,32.6666666666667,,30.6666666666667,59.6,33.0666666666667,73.2666666666667
2026-08-04 21:45:00,26.5333333333333,,40.8,83.2666666666667,25.6666666666667,33.2,,28.2666666666667,43.1333333333333,33.0,90.3333333333333
2026-08-04 22:00:00,28.2,,49.2666666666667,86.0666666666667,26.4666666666667,37.6,,28.4666666666667,60.4,34.6,75.4666666666667
2026-08-04 22:15:00,26.9333333333333,,50.6,80.0666666666667,26.7333333333333,37.2666666666667,,32.0,66.8,40.0666666666667,67.4
2026-08-04 22:30:00,27.0,,45.4666666666667,78.3333333333333,27.4,37.1333333333333,,58.4666666666667,75.3333333333333,35.2,72.8666666666667
2026-08-04 22:45:00,25.5333333333333,,37.8,75.8,28.6,40.5333333333333,,52.3333333333333,122.4,37.6,118.0
2026-08-04 23:00:00,26.4,,35.1333333333333,76.0,30.8,43.2666666666667,,36.2666666666667,146.066666666667,38.9333333333333,120.266666666667
2026-08-04 23:15:00,27.6666666666667,,36.4666666666667,77.6666666666667,30.7333333333333,42.9333333333333,,38.5333333333333,109.2,37.3333333333333,91.2
2026-08-04 23:30:00,28.4,,39.0666666666667,76.6,33.2666666666667,43.4,,43.1333333333333,116.733333333333,37.3333333333333,50.8
2026-08-04 23:45:00,27.8,,39.6666666666667,76.8,31.9333333333333,44.9333333333333,,42.4,142.866666666667,37.0666666666667,50.4666666666667
2026-08-05 00:00:00,28.4,,41.6,75.3333333333333,32.6,43.2666666666667,,43.8666666666667,178.466666666667,34.4666666666667,50.2666666666667
2026-08-05 00:15:00,30.7333333333333,,44.4,75.1333333333333,32.7333333333333,43.8666666666667,,43.9333333333333,103.4,33.6,45.8
2026-08-05 00:30:00,31.4,,39.2,74.3333333333333,33.7333333333333,43.7333333333333,,44.4666666666667,70.6,33.1333333333333,75.8
2026-08-05 00:45:00,30.9333333333333,,40.1333333333333,72.7333333333333,33.1333333333333,45.0666666666667,,43.2,89.9333333333333,36.8,83.6666666666667
2026-08-05 01:00:00,36.8666666666667,,42.8,72.7333333333333,34.0,46.2,,43.8666666666667,77.7333333333333,34.6,53.7333333333333
2026-08-05 01:15:00,44.6666666666667,,41.7333333333333,81.3333333333333,33.1333333333333,45.6,,47.6666666666667,62.4666666666667,36.2666666666667,46.3333333333333
2026-08-05 01:30:00,45.2,,43.6666666666667,78.0666666666667,34.9333333333333,47.4666666666667,,46.9333333333333,99.0,38.7333333333333,52.3333333333333
2026-08-05 01:45:00,45.0666666666667,,44.7333333333333,78.4666666666667,38.4,48.6666666666667,,47.2,105.6,38.4666666666667,94.8
2026-08-05 02:00:00,47.2,,41.3333333333333,79.3333333333333,38.3333333333333,50.8666666666667,,48.2,99.0,42.1333333333333,67.4
2026-08-05 02:15:00,50.8666666666667,,43.4,76.4666666666667,36.6666666666667,47.5333333333333,,48.8666666666667,90.3333333333333,38.8,81.5333333333333
2026-08-05 02:30:00,52.0666666666667,,45.4,80.0,37.1333333333333,49.6,,45.1333333333333,165.0,41.5333333333333,108.6
2026-08-05 02:45:00,52.5333333333333,,46.2666666666667,74.2666666666667,37.6666666666667,51.4666666666667,,44.2,153.8,42.2,122.933333333333
2026-08-05 03:00:00,53.7333333333333,,43.8,75.4666666666667,38.2,50.5333333333333,,49.3333333333333,125.533333333333,41.7333333333333,122.0
2026-08-05 03:15:00,59.9333333333333,,43.7333333333333,71.1333333333333,39.9333333333333,53.2666666666667,,44.8,119.133333333333,42.0666666666667,101.333333333333
2026-08-05 03:30:00,61.7333333333333,,47.9333333333333,69.3333333333333,39.7333333333333,54.4,,47.0666666666667,77.9333333333333,42.6,54.4666666666667
2026-08-05 03:45:00,62.9333333333333,,45.6,73.1333333333333,39.8666666666667,55.7333333333333,,50.6,139.866666666667,44.0,49.9333333333333
2026-08-05 04:00:00,61.0,,47.8666666666667,75.1333333333333,39.2666666666667,56.6,,49.6,116.0,46.4,49.8
2026-08-05 04:15:00,57.2,,47.0666666666667,72.8,42.9333333333333,56.3333333333333,,51.2,109.2,46.2,83.4
2026-08-05 04:30:00,63.4,,49.8666666666667,73.6,39.9333333333333,56.4666666666667,,48.2,123.466666666667,44.1333333333333,113.0
2026-08-05 04:45:00,65.4,,49.1333333333333,73.1333333333333,41.1333333333333,55.3333333333333,,50.4,100.266666666667,47.2666666666667,113.266666666667
2026-08-05 05:00:00,68.8,,51.6,69.4,43.4666666666667,59.2666666666667,,55.2,81.0666666666667,41.4,88.1333333333333
2026-08-05 05:15:00,80.8666666666667,,56.4,66.4666666666667,46.4666666666667,59.8666666666667,,55.0,130.266666666667,44.2666666666667,56.7333333333333
2026-08-05 05:30:00,76.2666666666667,,56.2,66.9333333333333,40.2666666666667,56.6666666666667,,53.9333333333333,96.9333333333333,44.4,118.133333333333
2026-08-05 05:45:00,71.8666666666667,,54.9333333333333,68.8666666666667,41.9333333333333,59.6666666666667,,47.0666666666667,92.7333333333333,74.4,140.266666666667
2026-08-05 06:00:00,75.2,,55.0666666666667,71.6666666666667,43.0666666666667,60.6,,52.9333333333333,129.866666666667,115.6,159.066666666667
2026-08-05 06:15:00,72.3333333333333,,47.6,73.1333333333333,44.6666666666667,61.3333333333333,,53.3333333333333,122.933333333333,108.4,170.466666666667
2026-08-05 06:30:00,70.4,,49.5333333333333,71.3333333333333,42.7333333333333,61.2666666666667,,83.4666666666667,106.0,85.0,154.866666666667
2026-08-05 06:45:00,81.0,,56.0666666666667,84.5333333333333,57.2666666666667,61.8,,73.6,112.6,70.9333333333333,161.466666666667
2026-08-05 07:00:00,79.7333333333333,,54.8,89.2,65.2666666666667,64.4,,63.4,141.2,54.5333333333333,170.533333333333
2026-08-05 07:15:00,82.2,,54.7333333333333,66.4666666666667,54.9333333333333,71.7333333333333,,71.8,103.466666666667,53.4,150.0
2026-08-05 07:30:00,85.8666666666667,,55.7333333333333,73.6666666666667,63.4,101.333333333333,,67.7333333333333,120.266666666667,52.2666666666667,116.8
2026-08-05 07:45:00,93.2,,55.9333333333333,59.6666666666667,72.9333333333333,81.8666666666667,,67.6666666666667,151.4,48.5333333333333,81.7333333333333
2026-08-05 08:00:00,101.4,,55.0666666666667,85.8666666666667,56.4666666666667,73.6666666666667,,71.7333333333333,113.0,48.7333333333333,63.3333333333333
2026-08-05 08:15:00,115.8,,59.5333333333333,98.4,55.8,73.1333333333333,,60.7333333333333,85.9333333333333,49.0,55.1333333333333
2026-08-05 08:30:00,138.8,,74.6666666666667,104.466666666667,45.2666666666667,60.8666666666667,,60.6,90.0666666666667,50.6,54.5333333333333
2026-08-05 08:45:00,104.133333333333,,80.6,127.866666666667,64.1333333333333,63.0666666666667,,58.4666666666667,80.9333333333333,48.5333333333333,56.3333333333333
2026-08-05 09:00:00,95.5333333333333,,77.4,126.066666666667,31.1333333333333,56.8,,54.5333333333333,77.2666666666667,47.6666666666667,62.6666666666667
2026-08-05 09:15:00,69.1333333333333,,77.4666666666667,131.533333333333,28.7333333333333,55.1333333333333,,72.6,76.0,44.6666666666667,54.2
2026-08-05 09:30:00,27.5333333333333,,61.4666666666667,63.5333333333333,29.0666666666667,67.8666666666667,,69.2,80.8,43.6666666666667,48.8666666666667
2026-08-05 09:45:00,24.4666666666667,,68.0,58.5333333333333,30.2666666666667,57.4,,65.7333333333333,86.4666666666667,42.3333333333333,50.9333333333333
2026-08-05 10:00:00,40.4666666666667,,49.6,47.2666666666667,30.9333333333333,38.8,,47.0666666666667,74.0,40.7333333333333,48.0
2026-08-05 10:15:00,57.2,,48.5333333333333,27.5333333333333,32.6,44.2,,49.5333333333333,47.6,38.8,45.2666666666667
2026-08-05 10:30:00,52.6,,39.6,50.4,27.8666666666667,51.1333333333333,,42.6666666666667,45.0666666666667,35.1333333333333,45.0
2026-08-05 10:45:00,62.6666666666667,,36.9333333333333,48.7333333333333,41.7333333333333,104.0,,41.6666666666667,40.4,37.8666666666667,46.5333333333333
2026-08-05 11:00:00,67.1333333333333,,32.2666666666667,36.8666666666667,39.1333333333333,63.4,,40.0,34.6666666666667,32.4666666666667,36.6666666666667
2026-08-05 11:15:00,73.7333333333333,,28.0,52.2,33.0666666666667,60.0,,33.0666666666667,42.7333333333333,29.0666666666667,35.7333333333333
2026-08-05 11:30:00,50.2666666666667,,23.9333333333333,40.4666666666667,32.5333333333333,60.4,,48.4,54.0,29.4666666666667,28.6666666666667
2026-08-05 11:45:00,59.2666666666667,,22.4666666666667,34.6,29.7333333333333,53.3333333333333,,32.6666666666667,56.3333333333333,23.4666666666667,29.8666666666667
2026-08-05 12:00:00,72.6666666666667,,23.8,29.1333333333333,26.7333333333333,55.6,,49.3333333333333,49.3333333333333,23.8,23.7333333333333
2026-08-05 12:15:00,59.0,,23.9333333333333,32.6666666666667,26.7333333333333,43.5333333333333,,137.333333333333,48.9333333333333,23.0666666666667,22.7333333333333
2026-08-05 12:30:00,51.0,,26.3333333333333,32.5333333333333,25.5333333333333,53.6666666666667,,20.2666666666667,45.4666666666667,22.0666666666667,18.6666666666667
2026-08-05 12:45:00,42.3333333333333,,33.2,46.4666666666667,26.8,44.0,,21.5333333333333,41.5333333333333,22.0666666666667,24.3333333333333
2026-08-05 13:00:00,31.6666666666667,,35.4,31.8,27.8,53.0,,28.0,41.1333333333333,21.0,24.4666666666667
2026-08-05 13:15:00,28.0,,36.8666666666667,42.7333333333333,29.4,44.3333333333333,,30.0,46.8,25.7333333333333,27.8666666666667
2026-08-05 13:30:00,29.2666666666667,,34.7333333333333,43.3333333333333,27.1333333333333,41.7333333333333,,33.0666666666667,38.8666666666667,28.2,28.1333333333333
2026-08-05 13:45:00,27.8666666666667,,34.1333333333333,47.7333333333333,27.2,43.4,,32.1333333333333,33.0666666666667,32.7333333333333,31.6666666666667
2026-08-05 14:00:00,28.0666666666667,,31.5333333333333,55.5333333333333,30.4666666666667,46.4,,30.6,35.3333333333333,34.9333333333333,32.6666666666667
2026-08-05 14:15:00,29.0,,30.4666666666667,45.8666666666667,27.6666666666667,45.4,,32.8666666666667,31.2666666666667,31.0,33.4
2026-08-05 14:30:00,30.8,,30.6,39.1333333333333,27.1333333333333,54.4,,32.8666666666667,29.6,30.4666666666667,31.6
2026-08-05 14:45:00,30.8666666666667,,30.7333333333333,49.1333333333333,24.2666666666667,42.4,,32.7333333333333,29.1333333333333,33.5333333333333,30.6666666666667
2026-08-05 15:00:00,27.6666666666667,,28.2666666666667,40.0,24.0666666666667,42.1333333333333,,29.1333333333333,30.7333333333333,29.6666666666667,26.7333333333333
2026-08-05 15:15:00,28.6666666666667,,30.6666666666667,45.0,22.4666666666667,37.4666666666667,,29.0666666666667,30.4,28.3333333333333,25.8666666666667
2026-08-05 15:30:00,28.2,,27.0,36.1333333333333,23.3333333333333,33.6666666666667,,23.4,32.6666666666667,26.8666666666667,29.0666666666667
2026-08-05 15:45:00,23.7333333333333,,24.3333333333333,46.8,22.3333333333333,35.7333333333333,,23.8666666666667,33.4,25.0666666666667,38.3333333333333
2026-08-05 16:00:00,22.6666666666667,,21.8,46.4666666666667,19.1333333333333,37.4666666666667,,31.8,37.4,29.6666666666667,55.2
2026-08-05 16:15:00,21.2666666666667,,44.2666666666667,41.0,22.8666666666667,32.2666666666667,,39.0666666666667,37.0,30.1333333333333,61.2666666666667
2026-08-05 16:30:00,22.2,,38.6,47.4,25.7333333333333,30.2,,32.7333333333333,28.5333333333333,28.8666666666667,44.0
2026-08-05 16:45:00,19.8,,36.4666666666667,43.5333333333333,17.5333333333333,32.6,,34.4666666666667,29.6,31.1333333333333,41.1333333333333
2026-08-05 17:00:00,23.2,,27.5333333333333,43.4666666666667,17.7333333333333,31.2,,42.0666666666667,30.5333333333333,37.1333333333333,45.2666666666667
2026-08-05 17:15:00,33.0666666666667,,26.8666666666667,40.4,18.4666666666667,45.8,,33.9333333333333,22.2666666666667,31.6666666666667,43.6
2026-08-05 17:30:00,26.7333333333333,,32.5333333333333,45.9333333333333,22.0,46.0,,32.8666666666667,22.2,31.8666666666667,41.2
2026-08-05 17:45:00,22.6,,33.4,41.6666666666667,21.6666666666667,51.1333333333333,,36.2666666666667,19.5333333333333,29.8,51.6
2026-08-05 18:00:00,53.0,,48.0666666666667,38.2666666666667,21.4,60.1333333333333,,36.5333333333333,23.5333333333333,29.1333333333333,46.4666666666667
2026-08-05 18:15:00,32.3333333333333,,45.4,46.0,29.4,73.4666666666667,,24.6,19.0666666666667,19.0,40.3333333333333
2026-08-05 18:30:00,27.7333333333333,,45.7333333333333,42.1333333333333,27.9333333333333,42.7333333333333,,198.666666666667,13.5333333333333,66.2666666666667,107.933333333333
2026-08-05 18:45:00,21.0,,110.866666666667,45.5333333333333,34.2,26.4,,,23.0,51.2666666666667,72.5333333333333
2026-08-05 19:00:00,31.4,,48.6,56.3333333333333,67.9333333333333,73.8666666666667,,,54.6,33.6666666666667,56.3333333333333
2026-08-05 19:15:00,25.6,,22.2666666666667,60.0666666666667,39.2,45.4,,,44.6666666666667,25.8666666666667,51.8
2026-08-05 19:30:00,18.0,,32.8666666666667,58.8666666666667,31.6,46.2666666666667,,,41.9333333333333,31.4666666666667,61.0
2026-08-05 19:45:00,23.2,,15.0,78.8666666666667,33.1333333333333,47.3333333333333,,,46.0,27.8666666666667,58.8
2026-08-05 20:00:00,32.8666666666667,,31.5333333333333,65.4666666666667,33.9333333333333,47.5333333333333,,,60.1333333333333,34.6,59.3333333333333
2026-08-05 20:15:00,33.9333333333333,,34.6666666666667,55.4666666666667,36.6,56.2,,,37.0,28.0,49.3333333333333
2026-08-05 20:30:00,33.1333333333333,,28.4666666666667,61.2666666666667,38.6,54.7333333333333,,,58.0666666666667,28.8,95.4666666666667
2026-08-05 20:45:00,41.2,,30.5333333333333,58.0,59.2666666666667,62.9333333333333,,48.5714285714286,48.7333333333333,36.8,83.7333333333333
2026-08-05 21:00:00,37.7333333333333,,29.5333333333333,55.8666666666667,48.8666666666667,63.6666666666667,,47.2666666666667,52.6,45.0,174.8
2026-08-05 21:15:00,35.4666666666667,,51.6666666666667,55.9333333333333,44.2,76.2,,59.6666666666667,44.8,45.6,103.266666666667
2026-08-05 21:30:00,38.6,,59.8,54.3333333333333,39.6,66.6,,53.7333333333333,47.8,48.4666666666667,116.533333333333
2026-08-05 21:45:00,49.3333333333333,,58.3333333333333,57.0,39.5333333333333,64.8666666666667,,50.3333333333333,88.6,43.7333333333333,88.5333333333333
2026-08-05 22:00:00,52.5333333333333,,56.0666666666667,60.4666666666667,33.4,66.4666666666667,,59.9333333333333,78.7333333333333,53.2,91.6
2026-08-05 22:15:00,45.7333333333333,,58.4,59.1333333333333,49.7333333333333,74.1333333333333,,69.1333333333333,82.8,56.0,132.6
2026-08-05 22:30:00,42.7333333333333,,55.0,59.0,48.8666666666667,90.1333333333333,,73.1333333333333,108.333333333333,58.9333333333333,163.133333333333
2026-08-05 22:45:00,43.3333333333333,,56.6,57.2,45.0,86.0,,91.9333333333333,121.8,68.0666666666667,125.133333333333
2026-08-05 23:00:00,43.0,,56.6666666666667,61.6666666666667,54.0666666666667,91.7333333333333,,90.5333333333333,146.133333333333,87.0,215.733333333333
2026-08-05 23:15:00,46.5333333333333,,49.0666666666667,59.2,62.6,106.0,,97.7333333333333,136.533333333333,98.3333333333333,271.0
2026-08-05 23:30:00,45.9333333333333,,46.1333333333333,60.0,66.5333333333333,107.6,,95.6666666666667,128.133333333333,128.4,268.4
2026-08-05 23:45:00,49.5333333333333,,59.4666666666667,59.8666666666667,59.7333333333333,97.0666666666667,,102.8,156.066666666667,134.666666666667,260.066666666667
2026-08-06 00:00:00,52.0666666666667,,51.7333333333333,60.4,67.6666666666667,99.4666666666667,,102.8,150.266666666667,122.133333333333,230.0
2026-08-06 00:15:00,52.7333333333333,,59.7333333333333,61.8,63.2,95.0666666666667,,126.0,191.4,116.933333333333,204.2
2026-08-06 00:30:00,50.4666666666667,,71.0666666666667,63.8666666666667,60.5333333333333,92.1333333333333,,114.866666666667,231.8,114.133333333333,216.2
2026-08-06 00:45:00,54.1333333333333,,91.7333333333333,61.4,71.8,105.6,,127.066666666667,146.066666666667,108.466666666667,209.133333333333
2026-08-06 01:00:00,58.9333333333333,,97.5333333333333,63.4,89.7333333333333,139.4,,134.666666666667,152.733333333333,117.0,242.2
2026-08-06 01:15:00,65.3333333333333,,96.2,64.2,79.7333333333333,149.666666666667,,152.466666666667,171.266666666667,154.2,343.933333333333
2026-08-06 01:30:00,66.0,,92.9333333333333,61.8,76.8666666666667,130.533333333333,,124.4,166.266666666667,163.066666666667,287.066666666667
2026-08-06 01:45:00,70.2,,89.8666666666667,58.8,83.5333333333333,110.666666666667,,167.866666666667,140.933333333333,139.066666666667,311.466666666667
2026-08-06 02:00:00,73.0666666666667,,92.0666666666667,62.8,87.7333333333333,103.2,,131.8,115.266666666667,145.6,271.533333333333
2026-08-06 02:15:00,70.1333333333333,,103.0,58.2666666666667,103.2,103.466666666667,,117.0,90.0666666666667,142.333333333333,312.866666666667
2026-08-06 02:30:00,68.4666666666667,,95.8666666666667,58.1333333333333,105.133333333333,104.933333333333,,131.066666666667,121.2,164.4,322.333333333333
2026-08-06 02:45:00,66.4,,125.8,55.6,108.533333333333,100.266666666667,,141.733333333333,171.8,193.4,324.4
2026-08-06 03:00:00,71.0,,112.066666666667,55.7333333333333,132.933333333333,104.4,,114.066666666667,193.6,221.2,294.733333333333
2026-08-06 03:15:00,75.0,,120.133333333333,60.6,104.066666666667,111.933333333333,,118.733333333333,202.733333333333,204.2,220.733333333333
2026-08-06 03:30:00,75.9333333333333,,123.133333333333,58.8666666666667,104.0,114.0,,117.933333333333,191.2,197.2,255.333333333333
2026-08-06 03:45:00,80.6,,114.0,57.8,114.733333333333,123.933333333333,,110.0,253.066666666667,145.466666666667,238.466666666667
2026-08-06 04:00:00,80.4,,120.333333333333,55.6666666666667,108.066666666667,125.8,,108.8,244.0,134.666666666667,239.866666666667
2026-08-06 04:15:00,81.3333333333333,,127.4,52.4,98.6666666666667,132.933333333333,,116.733333333333,201.933333333333,149.666666666667,325.4
2026-08-06 04:30:00,81.7333333333333,,122.8,50.8666666666667,98.9333333333333,135.6,,109.533333333333,188.933333333333,136.133333333333,332.4
2026-08-06 04:45:00,81.0666666666667,,139.266666666667,55.6666666666667,106.666666666667,132.2,,118.066666666667,99.9333333333333,127.933333333333,537.533333333333
2026-08-06 05:00:00,78.4,,137.4,50.8,108.2,120.666666666667,,120.666666666667,116.733333333333,109.8,459.933333333333
2026-08-06 05:15:00,80.6,,146.266666666667,62.4,104.333333333333,112.133333333333,,112.4,99.6666666666667,123.066666666667,329.133333333333
2026-08-06 05:30:00,83.8,,150.733333333333,63.4666666666667,102.133333333333,119.133333333333,,103.266666666667,96.9333333333333,128.733333333333,279.2
2026-08-06 05:45:00,86.6,,131.0,75.5333333333333,89.8,118.733333333333,,112.533333333333,95.6666666666667,126.933333333333,290.0
2026-08-06 06:00:00,96.6,,138.266666666667,64.1333333333333,91.8666666666667,116.933333333333,,108.0,104.4,118.466666666667,218.133333333333
2026-08-06 06:15:00,100.866666666667,,124.4,57.6,86.8,107.6,,109.266666666667,104.066666666667,107.6,323.4
2026-08-06 06:30:00,109.8,,121.866666666667,101.266666666667,84.7333333333333,109.333333333333,,119.533333333333,88.9333333333333,108.466666666667,259.2
2026-08-06 06:45:00,113.733333333333,,118.0,99.2666666666667,85.6,109.0,,107.066666666667,90.0,114.333333333333,199.866666666667
2026-08-06 07:00:00,117.533333333333,,123.466666666667,70.2,99.0666666666667,105.333333333333,,94.0666666666667,107.333333333333,105.933333333333,206.666666666667
2026-08-06 07:15:00,118.666666666667,,116.066666666667,66.5333333333333,92.5333333333333,109.466666666667,,94.5333333333333,113.266666666667,105.466666666667,159.666666666667
2026-08-06 07:30:00,129.666666666667,,131.4,112.266666666667,85.4,115.6,,103.133333333333,118.2,95.8666666666667,125.866666666667
2026-08-06 07:45:00,137.533333333333,,133.8,77.9333333333333,92.2,116.066666666667,,102.4,115.6,92.3333333333333,119.733333333333
2026-08-06 08:00:00,132.066666666667,,126.533333333333,78.2666666666667,81.4666666666667,119.466666666667,,103.8,125.733333333333,91.6666666666667,169.666666666667
2026-08-06 08:15:00,130.0,,130.6,98.8666666666667,81.6666666666667,129.666666666667,,110.133333333333,97.1333333333333,99.6666666666667,127.533333333333
2026-08-06 08:30:00,129.2,,150.466666666667,84.9333333333333,75.2666666666667,136.333333333333,,116.533333333333,101.466666666667,97.6,142.266666666667
2026-08-06 08:45:00,129.333333333333,,147.933333333333,82.2666666666667,74.6666666666667,144.866666666667,,121.6,115.0,99.0666666666667,139.266666666667
2026-08-06 09:00:00,125.466666666667,,120.333333333333,76.7333333333333,79.4666666666667,166.0,,108.933333333333,124.866666666667,95.0,126.066666666667
2026-08-06 09:15:00,125.066666666667,,111.066666666667,76.1333333333333,87.0,177.066666666667,,97.5333333333333,155.133333333333,90.8,140.533333333333
2026-08-06 09:30:00,122.866666666667,,96.3333333333333,67.8666666666667,86.1333333333333,165.533333333333,,104.133333333333,144.733333333333,84.6666666666667,113.266666666667
2026-08-06 09:45:00,130.733333333333,,84.2,66.6,76.9333333333333,136.466666666667,,93.3333333333333,131.8,63.0,99.5333333333333
2026-08-06 10:00:00,131.6,,75.2666666666667,61.8666666666667,76.0666666666667,100.866666666667,,85.0,126.933333333333,67.4666666666667,92.4
2026-08-06 10:15:00,132.066666666667,,85.0666666666667,49.9333333333333,78.4,88.2,,72.6,117.2,63.6,82.3333333333333
2026-08-06 10:30:00,131.933333333333,,75.3333333333333,44.8,72.6,87.2666666666667,,71.3333333333333,103.333333333333,62.8,73.1333333333333
2026-08-06 10:45:00,112.333333333333,,75.1333333333333,39.9333333333333,66.6666666666667,83.6,,67.0666666666667,91.2666666666667,62.0,77.4
2026-08-06 11:00:00,97.1333333333333,,68.5333333333333,39.5333333333333,63.1333333333333,88.6,,66.0666666666667,79.3333333333333,62.4666666666667,65.6666666666667
2026-08-06 11:15:00,84.7333333333333,,58.2666666666667,37.9333333333333,59.5333333333333,98.4,,62.6,92.6,60.3333333333333,62.0
2026-08-06 11:30:00,72.4666666666667,,53.8666666666667,37.7333333333333,62.3333333333333,87.9333333333333,,58.1333333333333,81.6,57.5333333333333,74.3333333333333
2026-08-06 11:45:00,70.6666666666667,,51.6,38.7333333333333,55.4,92.5333333333333,,55.3333333333333,71.0666666666667,54.9333333333333,59.3333333333333
2026-08-06 12:00:00,63.4666666666667,,54.2666666666667,39.0,57.8666666666667,104.066666666667,,49.2666666666667,61.3333333333333,44.9333333333333,49.2
2026-08-06 12:15:00,62.8,,49.2,38.5333333333333,57.0,95.2666666666667,,41.2666666666667,58.9333333333333,42.1333333333333,43.7333333333333
2026-08-06 12:30:00,56.2,,48.0,34.4666666666667,46.6666666666667,66.5333333333333,,42.5333333333333,47.1333333333333,38.4,39.8
2026-08-06 12:45:00,50.3333333333333,,48.9333333333333,39.1333333333333,44.3333333333333,62.2666666666667,,41.4,44.9333333333333,37.5333333333333,42.3333333333333
2026-08-06 13:00:00,47.9333333333333,,38.2666666666667,43.2666666666667,41.0666666666667,55.2666666666667,,42.7333333333333,51.6,39.1333333333333,44.2666666666667
2026-08-06 13:15:00,48.0666666666667,,35.9333333333333,37.0666666666667,36.9333333333333,55.0666666666667,,38.7333333333333,42.2,37.3333333333333,50.0
2026-08-06 13:30:00,47.8,,31.8666666666667,32.0,34.9333333333333,53.6,,39.5333333333333,41.0666666666667,35.0666666666667,38.0
2026-08-06 13:45:00,43.1333333333333,,34.3333333333333,31.9333333333333,30.8,47.5333333333333,,35.6,41.7333333333333,37.8,37.0666666666667
2026-08-06 14:00:00,40.9333333333333,,32.3333333333333,33.4,31.5333333333333,44.2666666666667,,33.7333333333333,44.4,31.5333333333333,32.9333333333333
2026-08-06 14:15:00,37.0666666666667,,29.8,34.9333333333333,28.2,42.4666666666667,,29.0666666666667,45.6,31.6,40.6
2026-08-06 14:30:00,34.8666666666667,,28.7333333333333,31.0,26.2,36.8666666666667,,28.4,41.3333333333333,28.6666666666667,52.6
2026-08-06 14:45:00,33.9333333333333,,28.0666666666667,29.8666666666667,24.4666666666667,33.8666666666667,,24.5333333333333,42.5333333333333,27.5333333333333,45.4666666666667
2026-08-06 15:00:00,28.0666666666667,,34.2666666666667,27.3333333333333,22.5333333333333,32.1333333333333,,26.7333333333333,41.8666666666667,27.0,30.2666666666667
2026-08-06 15:15:00,25.4,,27.9333333333333,32.4666666666667,23.1333333333333,30.2666666666667,,24.6,42.1333333333333,26.5333333333333,42.4666666666667
2026-08-06 15:30:00,23.0666666666667,,26.4,37.6,21.4666666666667,30.4,,23.2666666666667,33.0666666666667,25.8666666666667,57.0666666666667
2026-08-06 15:45:00,21.8,,24.2666666666667,39.8666666666667,20.7333333333333,26.2,,24.2,38.6666666666667,23.4,65.9333333333333
2026-08-06 16:00:00,22.0666666666667,,29.9333333333333,52.3333333333333,20.0666666666667,27.2666666666667,,22.4666666666667,33.1333333333333,25.7333333333333,58.6666666666667
2026-08-06 16:15:00,20.1333333333333,,25.0,42.6,18.8666666666667,27.5333333333333,,22.6666666666667,30.4666666666667,24.4,85.8666666666667
2026-08-06 16:30:00,20.1333333333333,,24.5333333333333,47.4666666666667,18.3333333333333,26.8666666666667,,20.6,22.7333333333333,23.8666666666667,78.3333333333333
2026-08-06 16:45:00,19.4666666666667,,24.3333333333333,42.2,20.8666666666667,27.1333333333333,,23.2666666666667,26.3333333333333,22.5333333333333,76.6
2026-08-06 17:00:00,19.2666666666667,,27.2666666666667,45.1333333333333,19.2666666666667,25.8666666666667,,21.4666666666667,31.6666666666667,23.4,84.0666666666667
2026-08-06 17:15:00,20.1333333333333,,25.3333333333333,37.3333333333333,17.9333333333333,28.0666666666667,,20.7333333333333,26.9333333333333,27.8,98.6
2026-08-06 17:30:00,29.0666666666667,,22.0666666666667,49.1333333333333,20.6,28.4666666666667,,23.9333333333333,21.4,28.2,120.666666666667
2026-08-06 17:45:00,25.6666666666667,,23.6666666666667,43.9333333333333,19.6666666666667,32.6,,29.2666666666667,23.9333333333333,30.0666666666667,144.266666666667
2026-08-06 18:00:00,22.8666666666667,,25.3333333333333,39.2,23.8666666666667,33.3333333333333,,29.0,22.8666666666667,29.6,93.8666666666667
2026-08-06 18:15:00,26.8666666666667,,22.1333333333333,38.9333333333333,23.4666666666667,31.4,,28.3333333333333,26.8,29.0666666666667,95.8666666666667
2026-08-06 18:30:00,24.1333333333333,,22.1333333333333,41.2666666666667,24.4666666666667,34.9333333333333,,24.6666666666667,24.9333333333333,28.1333333333333,107.333333333333
2026-08-06 18:45:00,23.2,,20.6,46.4666666666667,24.3333333333333,32.8666666666667,,21.7333333333333,25.2666666666667,27.7333333333333,115.266666666667
2026-08-06 19:00:00,23.9333333333333,,20.0666666666667,42.4,24.8,31.4,,21.6,36.3333333333333,26.6666666666667,113.933333333333
2026-08-06 19:15:00,23.8,,17.4,39.9333333333333,23.2,34.1333333333333,,20.5333333333333,34.2,41.3333333333333,120.466666666667
2026-08-06 19:30:00,24.3333333333333,,20.0,44.4,22.3333333333333,35.4,,22.0,34.2,84.2666666666667,78.0666666666667
2026-08-06 19:45:00,23.3333333333333,,21.2666666666667,39.4,21.5333333333333,30.3333333333333,,24.0666666666667,42.5333333333333,30.6666666666667,78.8666666666667
2026-08-06 20:00:00,23.8666666666667,,22.4666666666667,41.4,25.5333333333333,32.6,,27.0666666666667,49.1333333333333,32.4666666666667,76.8
2026-08-06 20:15:00,23.8,,27.0666666666667,46.9333333333333,33.4666666666667,28.2666666666667,,27.1333333333333,55.6,34.6,70.3333333333333
2026-08-06 20:30:00,26.8666666666667,,24.2,50.0,35.6666666666667,27.8666666666667,,35.5333333333333,39.1333333333333,35.5333333333333,88.6666666666667
2026-08-06 20:45:00,29.4666666666667,,46.0666666666667,48.4,38.2,28.8,,34.8666666666667,53.2666666666667,40.4666666666667,106.2
2026-08-06 21:00:00,25.1333333333333,,26.8666666666667,51.6,45.8,33.2,,46.1333333333333,50.8,40.3333333333333,117.2
2026-08-06 21:15:00,36.8,,40.9333333333333,53.6,42.8,32.3333333333333,,59.8,53.6,43.4666666666667,123.733333333333
2026-08-06 21:30:00,54.4666666666667,,39.5333333333333,51.4,41.6666666666667,29.7333333333333,121.428571428571,56.0666666666667,59.5333333333333,43.5333333333333,124.866666666667
2026-08-06 21:45:00,57.4666666666667,,30.2,51.2,41.8,46.2666666666667,136.733333333333,52.1333333333333,52.2,43.8666666666667,122.666666666667
2026-08-06 22:00:00,59.4666666666667,,31.3333333333333,52.2,38.5333333333333,61.1333333333333,132.2,61.6666666666667,51.8666666666667,45.1333333333333,119.4
2026-08-06 22:15:00,53.2666666666667,,29.4,50.3333333333333,41.2666666666667,66.6666666666667,138.333333333333,69.6,51.2666666666667,47.3333333333333,163.6
2026-08-06 22:30:00,53.8,,31.5333333333333,52.6,44.4,65.4,135.2,78.4666666666667,57.6666666666667,41.7333333333333,128.6
2026-08-06 22:45:00,57.0,,30.6666666666667,49.4,50.8666666666667,64.3333333333333,144.0,72.2666666666667,85.0,45.1333333333333,183.933333333333
2026-08-06 23:00:00,56.1333333333333,,33.4666666666667,50.8666666666667,56.8666666666667,64.6666666666667,147.066666666667,77.4,143.266666666667,59.2,202.866666666667
2026-08-06 23:15:00,58.6666666666667,,36.1333333333333,58.4666666666667,57.9333333333333,67.8666666666667,143.333333333333,86.5333333333333,101.933333333333,54.8,162.866666666667
2026-08-06 23:30:00,58.4666666666667,,32.8666666666667,56.7333333333333,56.4,80.4666666666667,158.4,94.3333333333333,83.7333333333333,60.4666666666667,203.333333333333
2026-08-06 23:45:00,55.4666666666667,,29.1333333333333,57.0666666666667,63.6,97.8,167.066666666667,78.5333333333333,169.266666666667,64.8666666666667,213.533333333333
2026-08-07 00:00:00,67.3333333333333,,30.4666666666667,56.2666666666667,66.6,98.2,160.8,77.5333333333333,74.1333333333333,59.6,212.2
2026-08-07 00:15:00,79.4,,31.7333333333333,52.0,74.5333333333333,98.0666666666667,165.133333333333,76.0,170.733333333333,65.4666666666667,206.266666666667
2026-08-07 00:30:00,93.0666666666667,,30.8,50.0,75.7333333333333,114.266666666667,197.866666666667,95.1333333333333,135.866666666667,69.9333333333333,139.133333333333
2026-08-07 00:45:00,113.6,,36.0666666666667,48.4666666666667,65.9333333333333,83.8666666666667,175.666666666667,100.266666666667,140.0,70.8,140.0
2026-08-07 01:00:00,120.466666666667,,33.5333333333333,47.7333333333333,65.0,78.0,169.133333333333,94.1333333333333,226.866666666667,65.3333333333333,146.066666666667
2026-08-07 01:15:00,116.533333333333,,34.0,47.8,63.5333333333333,121.2,180.933333333333,72.4,186.133333333333,59.5333333333333,200.066666666667
2026-08-07 01:30:00,103.933333333333,,36.0,47.4,58.0666666666667,146.466666666667,196.0,88.1333333333333,111.066666666667,64.4666666666667,194.2
2026-08-07 01:45:00,94.2666666666667,,57.1333333333333,47.6666666666667,57.9333333333333,187.2,205.733333333333,96.6,256.266666666667,60.7333333333333,154.533333333333
2026-08-07 02:00:00,107.333333333333,,64.2666666666667,54.4,63.4,150.466666666667,179.266666666667,81.6,160.266666666667,57.6666666666667,160.333333333333
2026-08-07 02:15:00,105.466666666667,,68.1333333333333,51.6,65.4,146.733333333333,180.2,80.3333333333333,163.266666666667,57.6,163.2
2026-08-07 02:30:00,97.1333333333333,,75.4666666666667,50.7333333333333,81.1333333333333,157.8,168.2,81.0666666666667,225.6,57.0666666666667,227.8
2026-08-07 02:45:00,106.6,,67.0666666666667,49.3333333333333,80.7333333333333,156.466666666667,219.266666666667,82.7333333333333,121.466666666667,62.7333333333333,251.533333333333
2026-08-07 03:00:00,119.8,,59.8666666666667,48.1333333333333,82.8666666666667,126.333333333333,258.8,86.2,127.4,205.733333333333,268.2
2026-08-07 03:15:00,111.266666666667,,62.8666666666667,48.9333333333333,77.6666666666667,93.7333333333333,270.2,128.666666666667,211.6,201.933333333333,228.466666666667
2026-08-07 03:30:00,116.666666666667,,52.6,50.8,85.3333333333333,85.4666666666667,261.933333333333,104.933333333333,227.733333333333,160.333333333333,286.066666666667
2026-08-07 03:45:00,122.466666666667,,46.4666666666667,50.4,77.2666666666667,122.533333333333,268.0,121.4,145.333333333333,150.266666666667,215.6
2026-08-07 04:00:00,117.2,,51.5333333333333,54.3333333333333,75.4,113.733333333333,359.666666666667,96.0,149.2,131.933333333333,223.066666666667
2026-08-07 04:15:00,118.6,,46.1333333333333,51.9333333333333,82.4666666666667,117.2,396.8,113.0,240.133333333333,118.266666666667,197.333333333333
2026-08-07 04:30:00,125.733333333333,,42.3333333333333,61.8666666666667,86.4,123.133333333333,195.666666666667,110.4,205.066666666667,94.8,161.866666666667
2026-08-07 04:45:00,129.6,,41.9333333333333,58.6,92.6,120.866666666667,188.066666666667,110.333333333333,203.866666666667,93.0666666666667,139.266666666667
2026-08-07 05:00:00,139.333333333333,,40.4,60.1333333333333,84.0666666666667,111.4,200.866666666667,115.0,162.333333333333,90.7333333333333,160.666666666667
2026-08-07 05:15:00,132.8,,45.2666666666667,54.0,110.666666666667,143.266666666667,192.6,93.4666666666667,191.133333333333,83.9333333333333,198.533333333333
2026-08-07 05:30:00,131.933333333333,,70.2,55.0666666666667,94.6,155.066666666667,189.266666666667,89.0666666666667,182.333333333333,92.0,213.733333333333
2026-08-07 05:45:00,141.733333333333,,123.733333333333,59.4,86.1333333333333,153.2,193.4,133.2,242.533333333333,88.8,145.133333333333
2026-08-07 06:00:00,157.6,,129.066666666667,60.4,80.6666666666667,165.866666666667,152.266666666667,124.2,235.866666666667,86.5333333333333,128.266666666667
2026-08-07 06:15:00,153.6,,103.266666666667,62.8,71.9333333333333,207.733333333333,153.2,95.4,169.866666666667,109.866666666667,130.266666666667
2026-08-07 06:30:00,130.4,,99.8,54.3333333333333,74.6,184.6,174.0,101.533333333333,155.6,87.4666666666667,117.933333333333
2026-08-07 06:45:00,118.2,,92.6,71.5333333333333,76.2666666666667,140.933333333333,154.266666666667,92.8666666666667,195.933333333333,86.0,177.333333333333
2026-08-07 07:00:00,116.066666666667,,97.8,76.6,76.6,127.666666666667,184.666666666667,87.9333333333333,136.533333333333,93.6666666666667,177.066666666667
2026-08-07 07:15:00,7944.33333333333,,101.733333333333,67.8666666666667,82.1333333333333,138.8,175.2,87.2,168.666666666667,131.866666666667,212.133333333333
2026-08-07 07:30:00,90.9333333333333,,86.8,66.0,95.2666666666667,137.266666666667,152.733333333333,79.5333333333333,153.2,167.666666666667,340.2
2026-08-07 07:45:00,88.6666666666667,,80.8,53.0666666666667,100.2,142.2,134.733333333333,79.8,200.666666666667,117.0,191.666666666667
2026-08-07 08:00:00,88.4,,77.8666666666667,56.0,89.4666666666667,119.733333333333,117.6,70.6666666666667,169.466666666667,73.6666666666667,121.4
2026-08-07 08:15:00,90.6,,72.2666666666667,44.8666666666667,80.5333333333333,82.2,103.733333333333,74.7333333333333,132.933333333333,74.7333333333333,102.666666666667
2026-08-07 08:30:00,85.6,,73.7333333333333,39.0666666666667,48.0,72.7333333333333,76.0666666666667,67.7333333333333,124.6,59.6,94.8
2026-08-07 08:45:00,88.2666666666667,,68.6,42.9333333333333,43.6666666666667,83.2666666666667,73.6666666666667,80.0666666666667,102.133333333333,63.0666666666667,99.2
2026-08-07 09:00:00,60.6,,63.6,38.6666666666667,41.6666666666667,58.2,72.8,112.2,121.733333333333,97.6,119.266666666667
2026-08-07 09:15:00,51.1333333333333,,65.4,54.0666666666667,44.6,70.1333333333333,72.4666666666667,76.3333333333333,120.933333333333,54.1333333333333,79.8
2026-08-07 09:30:00,34.1333333333333,,66.2,48.0,53.2,112.8,69.8,68.9333333333333,125.6,55.2,81.8
2026-08-07 09:45:00,39.2,,65.6666666666667,51.2666666666667,51.3333333333333,94.0,65.8666666666667,58.2,93.2,47.0666666666667,64.3333333333333
2026-08-07 10:00:00,36.4666666666667,,72.0,47.9333333333333,44.9333333333333,96.2666666666667,63.7333333333333,57.6666666666667,58.6,44.3333333333333,55.8666666666667
2026-08-07 10:15:00,35.2666666666667,,67.6666666666667,48.8,38.9333333333333,104.8,62.0666666666667,56.8666666666667,54.8666666666667,46.1333333333333,57.8666666666667
2026-08-07 10:30:00,43.3333333333333,,70.6666666666667,40.6666666666667,35.6666666666667,83.5333333333333,60.0,51.4666666666667,55.7333333333333,45.6666666666667,54.2666666666667
2026-08-07 10:45:00,53.8666666666667,,72.2666666666667,41.5333333333333,37.2,74.2666666666667,54.6666666666667,51.2,58.4666666666667,44.4666666666667,55.6
2026-08-07 11:00:00,55.6666666666667,,58.4666666666667,41.4,42.0,75.0,46.7333333333333,52.6,56.6666666666667,45.2666666666667,66.8666666666667
2026-08-07 11:15:00,51.7333333333333,,59.0666666666667,40.6666666666667,44.0,68.5333333333333,45.6666666666667,55.5333333333333,62.8,47.4666666666667,66.5333333333333
2026-08-07 11:30:00,50.6666666666667,,70.8,72.3333333333333,46.4,70.2,45.3333333333333,54.7333333333333,66.4666666666667,50.2,64.2666666666667
2026-08-07 11:45:00,47.6666666666667,,62.2,54.5333333333333,49.4,89.4,46.8666666666667,50.0,64.2,49.8666666666667,65.3333333333333
2026-08-07 12:00:00,49.3333333333333,,47.3333333333333,44.9333333333333,63.2,116.866666666667,45.8,48.0,65.1333333333333,44.7333333333333,54.9333333333333
2026-08-07 12:15:00,49.1333333333333,,37.8,40.7333333333333,32.4,74.4,38.7333333333333,53.3333333333333,47.8666666666667,40.9333333333333,53.8666666666667
2026-08-07 12:30:00,51.6,,36.5333333333333,42.0666666666667,21.4,31.8,38.0666666666667,53.3333333333333,49.2666666666667,37.2666666666667,49.4
2026-08-07 12:45:00,45.5333333333333,,29.5333333333333,48.8666666666667,22.3333333333333,35.7333333333333,40.4666666666667,43.6,52.6,40.6,46.7333333333333
2026-08-07 13:00:00,39.0,,32.8666666666667,54.1333333333333,23.8666666666667,26.4666666666667,31.8666666666667,43.0,47.6666666666667,35.6666666666667,35.7333333333333
2026-08-07 13:15:00,32.3333333333333,,32.4666666666667,70.8666666666667,19.2666666666667,23.1333333333333,36.2666666666667,34.2,58.8,36.1333333333333,33.0666666666667
2026-08-07 13:30:00,34.8666666666667,,33.6666666666667,66.1333333333333,14.6,32.6666666666667,32.2,33.9333333333333,47.7333333333333,32.0,42.1333333333333
2026-08-07 13:45:00,35.8,,32.8666666666667,57.3333333333333,18.7333333333333,34.0666666666667,34.6666666666667,33.6666666666667,38.1333333333333,31.8,50.8666666666667
2026-08-07 14:00:00,28.4666666666667,,33.4666666666667,86.6666666666667,25.4,41.6666666666667,29.4,28.0666666666667,35.6666666666667,29.4666666666667,83.3333333333333
2026-08-07 14:15:00,28.1333333333333,,36.4,95.7333333333333,34.0,39.6,30.2666666666667,31.3,39.6666666666667,30.1333333333333,47.2
2026-08-07 14:30:00,28.8,,31.5333333333333,67.4666666666667,31.4,37.0,29.7333333333333,22.5,37.2,28.6,63.9333333333333
2026-08-07 14:45:00,24.6666666666667,,30.0666666666667,77.8666666666667,25.4,37.1333333333333,38.1333333333333,,37.8666666666667,26.6,45.2
2026-08-07 15:00:00,23.3333333333333,,30.5333333333333,49.0,28.0666666666667,36.2,33.2666666666667,,67.9333333333333,24.0769230769231,73.4666666666667
2026-08-07 15:15:00,23.4,,29.7333333333333,48.4666666666667,27.2666666666667,35.7333333333333,39.1333333333333,,225.333333333333,,63.4666666666667
2026-08-07 15:30:00,33.4,,32.2,41.0666666666667,26.2,38.4666666666667,28.2666666666667,,100.066666666667,,143.866666666667
2026-08-07 15:45:00,36.8,,55.3333333333333,41.2,34.5333333333333,41.9333333333333,68.7333333333333,,88.2,,77.9333333333333
2026-08-07 16:00:00,43.6,,34.3333333333333,35.9333333333333,41.0666666666667,54.6666666666667,30.3333333333333,,67.6,,53.8
2026-08-07 16:15:00,32.4666666666667,,44.6666666666667,43.0,42.2,53.0666666666667,33.0666666666667,,55.2,,44.6
2026-08-07 16:30:00,30.1333333333333,,39.4666666666667,32.0,35.6666666666667,50.0666666666667,50.1333333333333,,41.4,,54.8666666666667
2026-08-07 16:45:00,24.0,,41.9333333333333,34.2666666666667,36.5333333333333,42.4,37.0,,35.0666666666667,,64.3333333333333
2026-08-07 17:00:00,23.2666666666667,,37.5333333333333,35.2,28.6,36.4666666666667,34.8666666666667,,52.2,31.6666666666667,46.9333333333333
2026-08-07 17:15:00,25.9333333333333,,31.7333333333333,28.6666666666667,30.6666666666667,38.2,32.4666666666667,,39.6666666666667,28.0666666666667,58.6
2026-08-07 17:30:00,26.9333333333333,,33.4,28.5333333333333,27.2,50.9333333333333,28.2,,44.2666666666667,29.7333333333333,62.6
2026-08-07 17:45:00,29.3333333333333,,41.7333333333333,27.6,20.7333333333333,47.6,38.8,,382.266666666667,29.7333333333333,86.3333333333333
2026-08-07 18:00:00,30.8,,45.4666666666667,30.2666666666667,24.6,46.5333333333333,26.9333333333333,,78.3333333333333,30.4666666666667,101.333333333333
2026-08-07 18:15:00,30.0,,36.7333333333333,29.4666666666667,22.2666666666667,44.7333333333333,52.0666666666667,,118.533333333333,30.0,71.9333333333333
2026-08-07 18:30:00,43.2666666666667,,42.4,32.0,24.3333333333333,43.0666666666667,29.2,,105.066666666667,33.0666666666667,72.4
2026-08-07 18:45:00,41.9333333333333,,47.8,29.6,28.0666666666667,45.0666666666667,37.4666666666667,,106.8,34.6,73.6666666666667
2026-08-07 19:00:00,37.6,,41.4,33.1333333333333,25.6666666666667,52.0,43.4666666666667,,153.4,44.0666666666667,108.066666666667
2026-08-07 19:15:00,42.6,,47.6,33.6,26.4,58.8666666666667,55.0,,80.4,46.8666666666667,127.866666666667
2026-08-07 19:30:00,44.7333333333333,,45.2,36.6,25.9333333333333,84.0666666666667,43.0666666666667,,55.5333333333333,40.8,112.2
2026-08-07 19:45:00,31.8,,48.2666666666667,39.8666666666667,43.8666666666667,60.9333333333333,85.1333333333333,47.6666666666667,95.2666666666667,34.8666666666667,70.6
2026-08-07 20:00:00,39.5333333333333,,46.7333333333333,40.4666666666667,41.8,73.6,61.6666666666667,47.2,67.6666666666667,40.6666666666667,75.4
2026-08-07 20:15:00,32.3333333333333,,50.6666666666667,45.1333333333333,43.2,60.6666666666667,49.0,49.1333333333333,80.4666666666667,49.1333333333333,109.333333333333
2026-08-07 20:30:00,43.0666666666667,,60.1333333333333,48.4,49.4666666666667,67.9333333333333,53.4666666666667,63.0666666666667,92.7333333333333,61.4666666666667,186.2
2026-08-07 20:45:00,49.5333333333333,,77.4666666666667,45.0,41.1333333333333,65.2666666666667,117.333333333333,59.7333333333333,141.266666666667,79.6666666666667,162.733333333333
2026-08-07 21:00:00,55.8,,63.3333333333333,43.8,44.0666666666667,83.0666666666667,115.266666666667,67.4666666666667,108.333333333333,95.1333333333333,136.6
2026-08-07 21:15:00,71.8666666666667,,66.9333333333333,44.2666666666667,47.7333333333333,93.7333333333333,110.2,62.2,104.533333333333,119.2,163.533333333333
2026-08-07 21:30:00,93.4666666666667,,69.2,47.4666666666667,55.6,106.2,123.533333333333,70.4666666666667,218.466666666667,115.933333333333,147.866666666667
2026-08-07 21:45:00,90.8666666666667,,68.8,43.2666666666667,74.8,99.7333333333333,106.8,64.1333333333333,193.333333333333,104.2,276.066666666667
2026-08-07 22:00:00,88.5333333333333,,71.5333333333333,37.0,69.6,97.6666666666667,145.4,70.0,197.133333333333,84.8666666666667,309.933333333333
2026-08-07 22:15:00,82.7333333333333,,73.1333333333333,34.1333333333333,75.3333333333333,97.8666666666667,100.666666666667,61.4666666666667,258.066666666667,94.7333333333333,174.266666666667
2026-08-07 22:30:00,78.8,,67.4666666666667,37.3333333333333,83.6666666666667,103.266666666667,93.9333333333333,59.8666666666667,214.0,69.8,127.4
2026-08-07 22:45:00,74.7333333333333,,86.3333333333333,43.2,84.8,97.7333333333333,85.4666666666667,55.4,202.866666666667,75.8,477.2
2026-08-07 23:00:00,74.5333333333333,,83.4666666666667,47.6666666666667,88.8666666666667,97.6,86.5333333333333,47.8,211.866666666667,72.7333333333333,451.0
2026-08-07 23:15:00,75.1333333333333,,58.4,44.0,88.5333333333333,97.6,82.6666666666667,55.2,100.666666666667,62.6,297.133333333333
2026-08-07 23:30:00,68.6666666666667,,56.4666666666667,41.1333333333333,84.6666666666667,92.6666666666667,81.8,56.4,90.0666666666667,81.3333333333333,149.133333333333
2026-08-07 23:45:00,80.0,,72.4666666666667,40.4666666666667,86.0,82.0666666666667,80.6666666666667,59.2,126.0,76.8,242.0
2026-08-08 00:00:00,79.9333333333333,,78.9333333333333,36.7333333333333,74.6,85.5333333333333,79.7333333333333,65.7333333333333,106.266666666667,77.9333333333333,352.0
2026-08-08 00:15:00,67.0,,90.4,34.9333333333333,62.2666666666667,94.5333333333333,105.866666666667,62.1333333333333,110.866666666667,80.4666666666667,274.333333333333
2026-08-08 00:30:00,63.2,,97.8,39.4,65.8666666666667,105.266666666667,90.4666666666667,68.7333333333333,115.133333333333,88.8,413.333333333333
2026-08-08 00:45:00,64.2666666666667,,104.933333333333,35.8666666666667,72.4666666666667,118.8,102.0,76.2666666666667,97.6666666666667,90.9333333333333,377.0
2026-08-08 01:00:00,68.3333333333333,,123.066666666667,33.7333333333333,77.0666666666667,113.533333333333,142.066666666667,84.2666666666667,137.666666666667,97.8,436.0
2026-08-08 01:15:00,70.3333333333333,,117.333333333333,31.8,82.8,115.133333333333,140.133333333333,89.6666666666667,151.133333333333,98.8,443.8
2026-08-08 01:30:00,76.2666666666667,,143.066666666667,35.7333333333333,81.5333333333333,115.533333333333,137.266666666667,90.6,217.933333333333,108.8,390.6
2026-08-08 01:45:00,80.0,,112.066666666667,37.0,82.2666666666667,118.4,138.466666666667,90.7333333333333,246.866666666667,125.4,265.6
2026-08-08 02:00:00,77.6666666666667,,123.8,44.1333333333333,95.0666666666667,137.8,146.4,94.4,226.4,128.866666666667,337.133333333333
2026-08-08 02:15:00,81.0666666666667,,103.4,57.2,97.5333333333333,146.2,230.933333333333,92.0666666666667,217.133333333333,110.333333333333,250.2
2026-08-08 02:30:00,83.5333333333333,,104.466666666667,43.6,94.1333333333333,150.866666666667,128.2,95.2666666666667,219.066666666667,109.2,129.866666666667
2026-08-08 02:45:00,87.4,,100.6,39.6666666666667,85.5333333333333,154.4,160.0,89.7333333333333,177.533333333333,118.8,123.0
2026-08-08 03:00:00,87.5333333333333,,103.6,37.9333333333333,78.8666666666667,147.866666666667,177.866666666667,85.3333333333333,101.333333333333,108.466666666667,155.533333333333
2026-08-08 03:15:00,91.6,,111.6,27.6,76.2666666666667,136.2,196.2,80.8,188.2,99.9333333333333,164.533333333333
2026-08-08 03:30:00,92.7333333333333,,113.4,20.0666666666667,81.6,124.533333333333,222.333333333333,73.8666666666667,206.4,86.1333333333333,172.066666666667
2026-08-08 03:45:00,91.8,,115.866666666667,14.0,79.9333333333333,128.933333333333,223.133333333333,82.3333333333333,183.866666666667,83.0666666666667,186.666666666667
2026-08-08 04:00:00,97.4666666666667,,122.666666666667,16.2,89.2,129.133333333333,250.866666666667,84.7333333333333,117.2,85.9333333333333,154.6
2026-08-08 04:15:00,85.2,,118.333333333333,22.4666666666667,95.0666666666667,133.533333333333,267.733333333333,83.3333333333333,113.2,89.0666666666667,158.4
2026-08-08 04:30:00,86.2666666666667,,114.133333333333,25.2,100.4,139.6,263.666666666667,85.0666666666667,151.6,87.2666666666667,138.866666666667
2026-08-08 04:45:00,86.4666666666667,,110.533333333333,26.4,100.666666666667,150.866666666667,252.133333333333,97.2666666666667,111.333333333333,108.066666666667,219.2
2026-08-08 05:00:00,82.8666666666667,,98.8666666666667,23.0,100.666666666667,147.8,288.933333333333,96.8,168.4,116.266666666667,193.0
2026-08-08 05:15:00,85.8666666666667,,111.266666666667,20.1333333333333,95.6,151.133333333333,301.533333333333,112.4,136.466666666667,135.933333333333,161.4
2026-08-08 05:30:00,89.4666666666667,,97.0,20.7333333333333,95.6666666666667,150.466666666667,283.466666666667,107.0,161.733333333333,122.466666666667,191.733333333333
2026-08-08 05:45:00,86.0666666666667,,118.6,19.9333333333333,94.1333333333333,154.066666666667,318.6,116.266666666667,142.333333333333,132.6,200.666666666667
2026-08-08 06:00:00,87.2666666666667,,113.866666666667,21.6666666666667,90.9333333333333,159.333333333333,332.533333333333,132.266666666667,173.133333333333,130.533333333333,192.866666666667
2026-08-08 06:15:00,86.2,,103.266666666667,22.0666666666667,96.9333333333333,155.266666666667,342.133333333333,119.933333333333,170.533333333333,115.733333333333,200.333333333333
2026-08-08 06:30:00,87.8666666666667,,123.266666666667,35.9333333333333,103.466666666667,164.466666666667,297.866666666667,118.4,144.466666666667,102.2,179.533333333333
2026-08-08 06:45:00,89.4666666666667,,181.866666666667,39.4666666666667,101.333333333333,157.133333333333,257.333333333333,102.6,95.0,95.5333333333333,134.2
2026-08-08 07:00:00,109.2,,155.866666666667,45.8666666666667,96.3333333333333,127.933333333333,245.133333333333,100.466666666667,113.733333333333,90.6,125.266666666667
2026-08-08 07:15:00,96.2,,143.533333333333,51.7333333333333,89.1333333333333,119.2,174.066666666667,102.6,131.666666666667,88.2,117.866666666667
2026-08-08 07:30:00,78.1333333333333,,117.6,47.1333333333333,86.0666666666667,123.2,209.066666666667,104.533333333333,132.466666666667,90.8,118.866666666667
2026-08-08 07:45:00,67.4,,109.0,57.5333333333333,85.2666666666667,123.4,165.8,97.4666666666667,95.6,84.0666666666667,102.066666666667
2026-08-08 08:00:00,64.9333333333333,,95.9333333333333,41.6,88.0,112.133333333333,153.4,85.5333333333333,81.0,74.4666666666667,91.7333333333333
2026-08-08 08:15:00,57.5333333333333,,89.9333333333333,54.8,79.1333333333333,103.933333333333,129.8,84.5333333333333,78.2666666666667,69.6666666666667,91.4
2026-08-08 08:30:00,55.9333333333333,,81.3333333333333,37.6,75.9333333333333,107.6,118.0,80.6,79.0,78.9333333333333,100.733333333333
2026-08-08 08:45:00,60.2,,77.8,33.0666666666667,72.7333333333333,108.4,88.4666666666667,78.6,77.2666666666667,73.6,80.2
2026-08-08 09:00:00,59.0666666666667,,79.2666666666667,38.3333333333333,66.9333333333333,99.8,67.8,78.2666666666667,75.4666666666667,75.8,82.0
2026-08-08 09:15:00,61.7333333333333,,82.6,38.4,61.7333333333333,90.7333333333333,58.7333333333333,76.9333333333333,84.1333333333333,72.2,77.8
2026-08-08 09:30:00,64.2,,75.9333333333333,50.2,59.2,87.0,50.5333333333333,72.0666666666667,70.3333333333333,69.8666666666667,72.6
2026-08-08 09:45:00,60.2666666666667,,73.7333333333333,56.5333333333333,56.2,84.2,51.0,69.4666666666667,70.6666666666667,66.0,65.6
2026-08-08 10:00:00,53.1333333333333,,65.6666666666667,36.2666666666667,57.2,81.3333333333333,49.0,66.0,73.4666666666667,60.4,68.7333333333333
2026-08-08 10:15:00,49.8666666666667,,61.7333333333333,32.0666666666667,55.1333333333333,77.2666666666667,47.0,65.4666666666667,72.0666666666667,61.6,67.3333333333333
2026-08-08 10:30:00,64.0666666666667,,57.2,33.4285714285714,53.8,74.8666666666667,39.3333333333333,66.4666666666667,68.4,64.4666666666667,68.4666666666667
2026-08-08 10:45:00,73.2666666666667,,57.5333333333333,,52.6666666666667,75.8,41.1333333333333,62.6,74.0,60.1333333333333,62.5333333333333
2026-08-08 11:00:00,76.3333333333333,,64.4,,50.5333333333333,82.6,40.7333333333333,75.4666666666667,89.8666666666667,65.2666666666667,72.3333333333333
2026-08-08 11:15:00,68.0666666666667,,69.0,,48.2666666666667,81.3333333333333,44.5333333333333,69.8666666666667,99.5333333333333,66.4666666666667,74.0
2026-08-08 11:30:00,84.6666666666667,,69.8,60.75,51.2,79.7333333333333,47.4666666666667,77.4,92.2,71.9333333333333,78.6
2026-08-08 11:45:00,88.6,,63.4666666666667,48.8666666666667,57.7333333333333,86.4,52.8,171.6,94.6666666666667,69.9333333333333,85.1333333333333
2026-08-08 12:00:00,88.4,,60.8,44.6,55.7333333333333,84.0,58.0666666666667,73.2666666666667,105.066666666667,77.5333333333333,77.8666666666667
2026-08-08 12:15:00,84.8666666666667,,59.9333333333333,45.8666666666667,54.5333333333333,81.4,62.7333333333333,72.7333333333333,122.333333333333,75.0666666666667,90.5333333333333
2026-08-08 12:30:00,85.2666666666667,,61.4666666666667,43.8666666666667,52.3333333333333,75.6666666666667,61.6666666666667,69.4666666666667,114.333333333333,72.1333333333333,71.1333333333333
2026-08-08 12:45:00,75.6666666666667,,64.7333333333333,36.7333333333333,54.1333333333333,75.5333333333333,58.6666666666667,62.4666666666667,111.6,65.6666666666667,69.3333333333333
2026-08-08 13:00:00,76.6666666666667,,63.8666666666667,31.0666666666667,50.0,74.7333333333333,59.2,62.8,114.8,63.7333333333333,71.8
2026-08-08 13:15:00,75.4666666666667,,63.4666666666667,27.4666666666667,48.9333333333333,74.0666666666667,60.6666666666667,64.9333333333333,106.866666666667,61.9333333333333,69.6
2026-08-08 13:30:00,70.8,,72.6666666666667,24.8666666666667,52.8666666666667,74.5,61.2,65.7333333333333,95.5333333333333,62.2666666666667,71.4666666666667
2026-08-08 13:45:00,64.9333333333333,,76.6,27.4,54.6,,59.6666666666667,66.2666666666667,86.5333333333333,62.0666666666667,71.0
2026-08-08 14:00:00,59.6,,77.8,27.2,54.0,,66.1333333333333,67.6,87.6,66.2,77.0666666666667
2026-08-08 14:15:00,62.6666666666667,,77.2666666666667,33.1333333333333,57.8,,67.6666666666667,68.5333333333333,79.6,65.8,87.1333333333333
2026-08-08 14:30:00,71.6666666666667,,78.3333333333333,29.8666666666667,61.4,,67.0666666666667,73.9333333333333,86.0,69.3333333333333,90.4
2026-08-08 14:45:00,75.4,,79.8,27.4666666666667,65.7333333333333,,70.1333333333333,78.2666666666667,85.1333333333333,70.2666666666667,119.466666666667
2026-08-08 15:00:00,79.7333333333333,,85.6666666666667,32.3333333333333,70.1333333333333,,75.4666666666667,79.6666666666667,96.4666666666667,74.6,107.066666666667
2026-08-08 15:15:00,72.6666666666667,,84.2,32.7333333333333,68.8,,80.4666666666667,73.4,91.8666666666667,75.2666666666667,79.2666666666667
2026-08-08 15:30:00,70.0666666666667,,82.8,34.9333333333333,71.6666666666667,,82.0,74.5333333333333,94.2,75.7333333333333,87.8666666666667
2026-08-08 15:45:00,66.6,,80.6,32.8666666666667,69.6666666666667,,88.5333333333333,78.5333333333333,100.666666666667,74.4,122.0
2026-08-08 16:00:00,65.4,,85.2,27.0,71.0,,81.7333333333333,79.1333333333333,90.2,81.5333333333333,112.733333333333
2026-08-08 16:15:00,64.6,,82.5333333333333,24.0666666666667,67.7333333333333,,85.5333333333333,79.0,83.4,83.1333333333333,86.2666666666667
2026-08-08 16:30:00,69.2666666666667,,82.2,17.8666666666667,69.8,,84.6666666666667,74.2,89.75,79.8666666666667,117.8
2026-08-08 16:45:00,67.0666666666667,,84.1333333333333,18.2,70.2,,82.9333333333333,71.8,90.3846153846154,78.0,141.2
2026-08-08 17:00:00,68.2666666666667,,81.4,15.8666666666667,70.6666666666667,,83.0,75.4,89.5333333333333,79.4666666666667,136.066666666667
2026-08-08 17:15:00,62.8666666666667,,82.8,18.6,67.4,,75.2666666666667,76.7333333333333,90.3333333333333,77.6,124.0
2026-08-08 17:30:00,64.6666666666667,,81.2666666666667,13.9333333333333,68.4,,100.866666666667,76.4666666666667,84.6,81.8666666666667,141.333333333333
2026-08-08 17:45:00,67.0666666666667,,81.4,18.8,66.2666666666667,,69.4666666666667,75.4666666666667,86.0666666666667,78.5333333333333,141.133333333333
2026-08-08 18:00:00,66.6,,80.0666666666667,23.8666666666667,67.8,,73.6666666666667,78.6,85.5333333333333,79.2666666666667,124.733333333333
2026-08-08 18:15:00,68.0,,80.3333333333333,25.3333333333333,68.8,,74.0,78.2666666666667,86.6,82.2666666666667,144.466666666667
2026-08-08 18:30:00,68.6,,75.6,30.2666666666667,71.6,,81.0,75.6666666666667,84.6,83.6,152.533333333333
2026-08-08 18:45:00,66.6,,84.4,38.1333333333333,67.9333333333333,,83.6666666666667,79.1333333333333,83.4,81.4666666666667,149.8
2026-08-08 19:00:00,66.6,,92.4,44.4,69.7333333333333,,82.1333333333333,78.0666666666667,87.2666666666667,86.6,157.2
2026-08-08 19:15:00,71.9333333333333,,86.7333333333333,56.5333333333333,69.9333333333333,,89.4666666666667,81.3333333333333,91.8666666666667,86.5333333333333,114.4
2026-08-08 19:30:00,68.4,,82.9333333333333,89.9333333333333,67.6,,91.1333333333333,80.6,88.6,85.7333333333333,99.5333333333333
2026-08-08 19:45:00,72.3333333333333,,80.7333333333333,95.6666666666667,64.6,,92.6,80.0,86.7333333333333,84.4666666666667,98.4
2026-08-08 20:00:00,70.0,,82.8666666666667,96.9333333333333,66.0,,129.4,81.0,93.1333333333333,85.9333333333333,104.933333333333
2026-08-08 20:15:00,72.7333333333333,,84.6,89.8666666666667,68.8,,135.066666666667,81.0666666666667,89.6666666666667,86.1333333333333,148.6
2026-08-08 20:30:00,69.9333333333333,,89.4,86.9333333333333,70.9333333333333,,191.333333333333,84.4666666666667,89.8666666666667,91.8,233.466666666667
2026-08-08 20:45:00,70.8,,95.0666666666667,88.7333333333333,73.8666666666667,,217.333333333333,82.8666666666667,91.9333333333333,96.9333333333333,200.133333333333
2026-08-08 21:00:00,75.2,,93.6666666666667,100.8,75.9333333333333,,231.733333333333,82.4666666666667,98.4666666666667,93.6,166.6
2026-08-08 21:15:00,74.2666666666667,,95.2,98.8666666666667,79.4,119.333333333333,213.6,86.0666666666667,100.533333333333,96.2666666666667,193.266666666667
2026-08-08 21:30:00,75.7333333333333,,102.2,96.6666666666667,80.4666666666667,122.533333333333,208.666666666667,85.6,90.8,96.0,209.133333333333
2026-08-08 21:45:00,79.1333333333333,,103.4,115.8,83.2666666666667,124.466666666667,193.333333333333,89.3333333333333,95.4666666666667,110.466666666667,308.2
2026-08-08 22:00:00,82.2,,109.0,112.666666666667,86.4,131.866666666667,133.6,92.3333333333333,98.0666666666667,122.6,434.866666666667
2026-08-08 22:15:00,85.8666666666667,,109.466666666667,101.133333333333,85.8,133.8,124.8,92.5333333333333,95.9333333333333,118.533333333333,366.0
2026-08-08 22:30:00,86.8,,111.933333333333,93.3333333333333,87.3333333333333,133.066666666667,115.466666666667,93.4,96.6666666666667,107.8,231.866666666667
2026-08-08 22:45:00,88.8666666666667,,110.933333333333,81.9333333333333,88.6666666666667,131.466666666667,161.666666666667,93.4666666666667,107.533333333333,108.333333333333,273.8
2026-08-08 23:00:00,88.6,,114.2,74.3333333333333,91.6,135.133333333333,168.733333333333,109.933333333333,121.4,124.533333333333,277.866666666667
2026-08-08 23:15:00,89.7333333333333,,115.333333333333,68.7333333333333,94.9333333333333,134.466666666667,185.533333333333,89.8,123.133333333333,108.6,229.466666666667
2026-08-08 23:30:00,77.5333333333333,,114.866666666667,65.6666666666667,98.1333333333333,134.6,174.8,81.8,104.133333333333,97.1333333333333,179.466666666667
2026-08-08 23:45:00,69.9333333333333,,113.533333333333,64.9333333333333,99.7333333333333,134.933333333333,166.133333333333,94.9333333333333,93.3333333333333,123.4,190.4
2026-08-09 00:00:00,46.6666666666667,,88.7333333333333,62.1333333333333,101.066666666667,121.866666666667,136.2,251.8,74.6,92.2666666666667,157.466666666667
2026-08-09 00:15:00,52.6,,68.6666666666667,65.3333333333333,67.2666666666667,99.0666666666667,173.066666666667,145.533333333333,76.0,77.8,143.2
2026-08-09 00:30:00,40.0666666666667,,78.5333333333333,66.6666666666667,60.8,40.6,228.533333333333,79.1333333333333,83.2666666666667,103.4,165.533333333333
2026-08-09 00:45:00,40.2666666666667,,53.0666666666667,72.2,20.6666666666667,47.7333333333333,185.8,63.3333333333333,80.7333333333333,115.866666666667,173.6
2026-08-09 01:00:00,39.8666666666667,,70.1333333333333,107.266666666667,19.2,59.4,160.466666666667,60.0666666666667,72.8666666666667,125.533333333333,145.333333333333
2026-08-09 01:15:00,40.2666666666667,,62.1333333333333,152.2,42.1333333333333,74.3333333333333,118.133333333333,88.0666666666667,96.8666666666667,87.9333333333333,156.733333333333
2026-08-09 01:30:00,32.8,,72.7333333333333,164.4,50.6,75.9333333333333,144.266666666667,103.533333333333,88.0666666666667,117.8,157.466666666667
2026-08-09 01:45:00,33.2666666666667,,90.9333333333333,142.0,46.1333333333333,95.4,138.133333333333,74.2666666666667,65.8666666666667,108.733333333333,191.533333333333
2026-08-09 02:00:00,39.6666666666667,,88.4,132.666666666667,77.7333333333333,102.333333333333,95.6666666666667,74.7333333333333,125.6,107.0,143.0
2026-08-09 02:15:00,46.9333333333333,,92.2666666666667,135.4,90.0,115.2,84.2666666666667,76.8,81.2666666666667,99.5333333333333,131.933333333333
2026-08-09 02:30:00,51.3333333333333,,100.0,119.866666666667,91.0,106.8,101.466666666667,80.9333333333333,87.1333333333333,101.133333333333,167.733333333333
2026-08-09 02:45:00,55.3333333333333,,109.666666666667,85.9333333333333,87.7333333333333,102.666666666667,79.2666666666667,80.3333333333333,74.2,96.8,169.6
2026-08-09 03:00:00,57.6666666666667,,78.9333333333333,62.1333333333333,84.5333333333333,105.533333333333,69.4666666666667,87.8666666666667,101.6,118.533333333333,226.733333333333
2026-08-09 03:15:00,59.2666666666667,,70.7333333333333,65.7333333333333,75.6,105.266666666667,91.2666666666667,91.6666666666667,83.8,130.133333333333,268.733333333333
2026-08-09 03:30:00,64.8666666666667,,67.4666666666667,173.0,62.1333333333333,91.5333333333333,94.0666666666667,93.6666666666667,116.133333333333,130.8,262.533333333333
2026-08-09 03:45:00,66.5333333333333,,79.8,54.8666666666667,69.5333333333333,88.2,108.866666666667,99.9333333333333,83.1333333333333,156.4,276.666666666667
2026-08-09 04:00:00,71.3333333333333,,93.8,73.7333333333333,81.5333333333333,83.8666666666667,136.466666666667,99.9333333333333,97.8666666666667,144.0,261.866666666667
2026-08-09 04:15:00,69.5333333333333,,82.0666666666667,38.4666666666667,77.0666666666667,92.0666666666667,154.0,100.933333333333,84.4666666666667,170.333333333333,221.133333333333
2026-08-09 04:30:00,72.6666666666667,,82.4,33.7333333333333,80.6666666666667,92.8,173.533333333333,94.2666666666667,82.3333333333333,162.8,204.6
2026-08-09 04:45:00,73.7333333333333,,97.8666666666667,46.4,86.2,93.3333333333333,202.8,95.0666666666667,110.933333333333,135.4,172.866666666667
2026-08-09 05:00:00,76.9333333333333,,97.8666666666667,64.8,85.4666666666667,101.933333333333,225.533333333333,103.133333333333,129.4,152.933333333333,158.8
2026-08-09 05:15:00,77.3333333333333,,110.533333333333,63.0,88.2,108.866666666667,191.8,106.266666666667,211.8,135.266666666667,173.4
2026-08-09 05:30:00,78.8666666666667,,130.133333333333,35.6,90.2,110.4,214.333333333333,104.933333333333,152.466666666667,138.466666666667,172.066666666667
2026-08-09 05:45:00,78.2,,132.8,35.1333333333333,93.5333333333333,123.466666666667,208.133333333333,105.266666666667,119.0,164.133333333333,183.066666666667
2026-08-09 06:00:00,76.4666666666667,,126.0,39.6666666666667,93.7333333333333,132.266666666667,246.266666666667,127.866666666667,116.4,189.4,1021.73333333333
2026-08-09 06:15:00,77.2,,118.2,45.0,103.866666666667,131.933333333333,212.8,124.2,113.6,192.6,205.933333333333
2026-08-09 06:30:00,80.6666666666667,,117.666666666667,50.0,118.066666666667,136.0,223.133333333333,131.866666666667,141.466666666667,197.0,265.533333333333
2026-08-09 06:45:00,83.2666666666667,,136.333333333333,55.4,111.6,137.266666666667,132.533333333333,134.133333333333,151.666666666667,203.866666666667,243.6
2026-08-09 07:00:00,85.1333333333333,,145.6,49.1333333333333,119.866666666667,145.2,194.8,133.133333333333,169.4,195.266666666667,224.466666666667
2026-08-09 07:15:00,87.1333333333333,,137.666666666667,60.0,171.8,143.066666666667,198.333333333333,136.533333333333,134.866666666667,192.266666666667,249.6
2026-08-09 07:30:00,82.4666666666667,,125.8,65.2666666666667,118.8,145.0,187.333333333333,140.066666666667,176.333333333333,158.666666666667,241.266666666667
2026-08-09 07:45:00,82.0,,122.0,69.7333333333333,104.8,143.933333333333,161.133333333333,140.733333333333,160.533333333333,142.266666666667,218.533333333333
2026-08-09 08:00:00,79.4,,116.8,49.8666666666667,106.533333333333,141.066666666667,154.8,138.066666666667,133.8,125.266666666667,163.2
2026-08-09 08:15:00,75.3333333333333,,115.666666666667,50.2,112.133333333333,138.0,160.6,140.0,134.4,107.2,144.8
2026-08-09 08:30:00,68.0666666666667,,108.066666666667,51.5333333333333,104.6,134.0,142.266666666667,127.0,136.733333333333,97.8666666666667,127.8
2026-08-09 08:45:00,64.2,,100.066666666667,53.5333333333333,86.6666666666667,127.466666666667,132.333333333333,121.066666666667,129.666666666667,92.8666666666667,128.066666666667
2026-08-09 09:00:00,58.1333333333333,,97.7333333333333,52.8,17.1333333333333,117.666666666667,117.533333333333,118.933333333333,127.866666666667,89.8666666666667,123.2
2026-08-09 09:15:00,62.2,,94.7333333333333,50.2,,121.866666666667,119.4,119.733333333333,118.333333333333,86.8,111.666666666667
2026-08-09 09:30:00,60.6,,87.6,43.2666666666667,17.2222222222222,111.4,111.2,113.533333333333,100.4,72.8666666666667,107.066666666667
2026-08-09 09:45:00,52.6666666666667,,78.7333333333333,42.4666666666667,70.4666666666667,140.2,104.8,102.066666666667,93.4666666666667,70.2,97.5333333333333
2026-08-09 10:00:00,50.9333333333333,,73.8,37.6666666666667,70.2,111.2,104.133333333333,93.0666666666667,87.0,63.6666666666667,96.0
2026-08-09 10:15:00,45.1333333333333,,75.0,35.4,62.2,94.2,94.6666666666667,91.1333333333333,94.0666666666667,59.5333333333333,102.0
2026-08-09 10:30:00,41.7333333333333,,63.2666666666667,37.1333333333333,55.8,101.8,90.8666666666667,83.7333333333333,73.5333333333333,57.4,81.0
2026-08-09 10:45:00,42.2,,55.3333333333333,37.0666666666667,59.4,79.7333333333333,82.7333333333333,73.1333333333333,64.4,51.0666666666667,
2026-08-09 11:00:00,39.4,,54.7333333333333,36.8666666666667,53.8666666666667,70.6,78.1333333333333,64.2,63.8666666666667,51.3333333333333,
2026-08-09 11:15:00,42.1333333333333,,55.3333333333333,41.2666666666667,50.2666666666667,63.9333333333333,69.7333333333333,54.8,60.1333333333333,49.4,
2026-08-09 11:30:00,43.5333333333333,,49.6666666666667,36.0,47.2666666666667,62.8666666666667,69.8666666666667,52.8,55.4666666666667,48.8666666666667,
2026-08-09 11:45:00,38.0666666666667,,49.1333333333333,40.7333333333333,57.4,61.5333333333333,66.5333333333333,48.6666666666667,50.0,42.7333333333333,
2026-08-09 12:00:00,35.6666666666667,,46.5333333333333,36.9333333333333,42.4,60.0,64.9333333333333,46.6666666666667,45.8666666666667,38.8,
2026-08-09 12:15:00,34.1333333333333,,43.0,34.1333333333333,39.4,52.3333333333333,61.8666666666667,42.0666666666667,42.1333333333333,36.9333333333333,
2026-08-09 12:30:00,30.8666666666667,,41.9333333333333,29.5333333333333,40.8,49.1333333333333,57.4666666666667,40.3333333333333,42.0666666666667,36.2,
2026-08-09 12:45:00,30.2,,48.8666666666667,28.8,35.5333333333333,49.4666666666667,57.8666666666667,42.9333333333333,42.5333333333333,34.2666666666667,
2026-08-09 13:00:00,30.6666666666667,,44.2,33.2,33.4,46.1333333333333,55.2666666666667,42.1333333333333,37.1333333333333,35.9333333333333,
2026-08-09 13:15:00,27.4,,39.2666666666667,28.2666666666667,33.9333333333333,47.1333333333333,52.0666666666667,40.6,39.3333333333333,36.4666666666667,
2026-08-09 13:30:00,27.5333333333333,,39.8,27.8666666666667,32.2666666666667,42.8,48.8666666666667,41.1333333333333,37.0,35.7333333333333,
2026-08-09 13:45:00,31.2666666666667,,37.6,27.8,30.8,43.4666666666667,52.0,38.4666666666667,37.3333333333333,33.6,
2026-08-09 14:00:00,29.7333333333333,,39.0666666666667,24.2666666666667,31.6666666666667,41.9333333333333,48.1333333333333,39.8,36.1333333333333,34.6666666666667,
2026-08-09 14:15:00,28.4666666666667,,39.4,23.8666666666667,29.2666666666667,43.4,47.6,38.8,37.0,36.1333333333333,
2026-08-09 14:30:00,27.6,,39.6,23.4,33.0666666666667,41.3333333333333,48.1333333333333,37.6,32.6,34.5333333333333,
2026-08-09 14:45:00,27.4,,36.2666666666667,27.9333333333333,31.2,41.4,47.1333333333333,36.8,32.2666666666667,34.4,
2026-08-09 15:00:00,26.8,,35.0666666666667,32.6666666666667,32.2,42.2666666666667,46.2,35.5333333333333,32.8666666666667,31.5333333333333,
2026-08-09 15:15:00,25.6666666666667,,37.2,42.2,29.2,44.0666666666667,46.1333333333333,33.6,32.3333333333333,32.0,
2026-08-09 15:30:00,26.7333333333333,,33.6,48.8666666666667,31.0666666666667,40.4666666666667,41.2,31.4,29.2,31.1333333333333,
2026-08-09 15:45:00,24.2666666666667,,33.4666666666667,47.2,30.3333333333333,39.2,42.7333333333333,32.7333333333333,32.6,31.7333333333333,
2026-08-09 16:00:00,26.2,,39.5333333333333,49.0,31.0,41.3333333333333,44.0,30.6666666666667,33.7333333333333,28.4,
2026-08-09 16:15:00,24.2,,33.2666666666667,45.3333333333333,28.8666666666667,38.8,46.4,32.4666666666667,34.8666666666667,31.2,
2026-08-09 16:30:00,25.5333333333333,,33.2,47.4,29.7333333333333,39.4666666666667,49.0666666666667,29.0,28.7333333333333,29.2,
2026-08-09 16:45:00,25.0,,34.6,62.2666666666667,31.3333333333333,37.8,46.6,29.2666666666667,30.8666666666667,32.0666666666667,
2026-08-09 17:00:00,23.2,,32.0,54.6,32.6666666666667,37.2666666666667,47.6666666666667,29.5333333333333,28.8,30.8666666666667,
2026-08-09 17:15:00,23.8666666666667,,32.5333333333333,55.3333333333333,34.8,38.4666666666667,44.6,34.2666666666667,26.8666666666667,33.1333333333333,
2026-08-09 17:30:00,22.4,,33.4666666666667,60.6666666666667,28.8,45.4,48.1333333333333,33.1333333333333,32.2666666666667,31.5333333333333,
2026-08-09 17:45:00,24.4,,33.6666666666667,59.9333333333333,30.0666666666667,48.6666666666667,47.0666666666667,30.4,36.0,32.5333333333333,
2026-08-09 18:00:00,25.0666666666667,,31.8,66.8666666666667,29.5333333333333,40.4666666666667,61.5333333333333,32.4666666666667,34.6,31.5333333333333,
2026-08-09 18:15:00,25.8666666666667,,29.0,62.2,33.4666666666667,39.2666666666667,45.5333333333333,32.8,30.8,32.4666666666667,
2026-08-09 18:30:00,27.0666666666667,,26.9333333333333,59.0,32.2666666666667,38.6,49.0666666666667,33.0,32.8,33.2666666666667,
2026-08-09 18:45:00,28.0,,24.4,60.0666666666667,33.0,38.3333333333333,64.2,33.2666666666667,33.4666666666667,35.0666666666667,
2026-08-09 19:00:00,25.9333333333333,,27.0666666666667,57.3333333333333,30.7333333333333,42.2666666666667,82.2,34.6666666666667,29.7333333333333,37.8,
2026-08-09 19:15:00,25.4,,29.1333333333333,56.6,32.2,43.2,103.466666666667,37.0666666666667,31.7333333333333,41.4,
2026-08-09 19:30:00,26.4666666666667,,31.8666666666667,59.5333333333333,33.1333333333333,46.6,106.066666666667,36.2,30.5333333333333,44.2,
2026-08-09 19:45:00,28.6,,32.2666666666667,60.7333333333333,30.3333333333333,48.1333333333333,103.133333333333,36.2,40.5333333333333,45.2666666666667,
2026-08-09 20:00:00,27.2666666666667,,39.0666666666667,57.8666666666667,31.1333333333333,47.6,102.266666666667,47.5333333333333,76.2,50.0,
2026-08-09 20:15:00,29.4,,44.5333333333333,55.4666666666667,38.6666666666667,50.6,126.266666666667,53.0666666666667,69.8666666666667,49.4666666666667,
2026-08-09 20:30:00,37.0,,36.5333333333333,55.5333333333333,38.6666666666667,57.3333333333333,154.133333333333,44.9333333333333,89.4666666666667,49.7333333333333,
2026-08-09 20:45:00,33.2666666666667,,36.9333333333333,48.8,42.5333333333333,55.2,152.733333333333,52.3333333333333,107.533333333333,50.0666666666667,109.555555555556
2026-08-09 21:00:00,34.6666666666667,,35.2666666666667,44.1333333333333,39.2666666666667,49.6,155.6,54.2,75.4666666666667,56.8,121.8
2026-08-09 21:15:00,33.8,,41.6666666666667,40.8666666666667,40.0666666666667,59.6,171.6,69.0666666666667,70.8666666666667,54.6666666666667,164.066666666667
2026-08-09 21:30:00,33.9333333333333,,42.0,42.1333333333333,40.8666666666667,61.4,181.6,77.6,84.6,55.1333333333333,146.266666666667
2026-08-09 21:45:00,35.0666666666667,,48.8666666666667,43.6666666666667,41.8,57.8666666666667,177.0,78.8666666666667,113.466666666667,59.0,183.266666666667
2026-08-09 22:00:00,37.3333333333333,,50.6,43.7333333333333,51.4,61.2,211.2,84.1333333333333,133.466666666667,63.6,154.2
2026-08-09 22:15:00,38.4,,50.8666666666667,39.4,59.0666666666667,59.6,188.466666666667,87.0666666666667,150.133333333333,57.7333333333333,150.466666666667
2026-08-09 22:30:00,40.2666666666667,,53.0,42.0,56.1333333333333,60.8666666666667,216.533333333333,83.5333333333333,119.666666666667,59.0,167.133333333333
2026-08-09 22:45:00,46.6666666666667,,54.2666666666667,40.7333333333333,52.7333333333333,65.0,227.2,99.2,142.666666666667,63.1333333333333,179.066666666667
2026-08-09 23:00:00,45.3333333333333,,56.8666666666667,40.4666666666667,61.0,67.9333333333333,249.133333333333,88.4,120.733333333333,57.2,158.133333333333
2026-08-09 23:15:00,44.1333333333333,,61.9333333333333,40.6,61.5333333333333,68.7333333333333,242.533333333333,76.7333333333333,138.533333333333,63.8,199.533333333333
2026-08-09 23:30:00,38.6666666666667,,66.8666666666667,44.6,87.2666666666667,76.6666666666667,243.8,95.2666666666667,171.733333333333,110.666666666667,268.533333333333
2026-08-09 23:45:00,46.0666666666667,,75.3333333333333,41.7333333333333,89.0,74.2666666666667,269.8,109.866666666667,172.733333333333,126.133333333333,203.266666666667
2026-08-10 00:00:00,53.6,,78.3333333333333,43.3333333333333,85.9333333333333,80.8666666666667,263.866666666667,107.666666666667,154.2,105.533333333333,183.666666666667
2026-08-10 00:15:00,61.0,,79.2,41.3333333333333,92.6,89.0666666666667,273.266666666667,91.6666666666667,217.2,97.75,190.6
2026-08-10 00:30:00,73.2666666666667,,81.6,40.5333333333333,97.6,89.4666666666667,245.066666666667,111.8,184.333333333333,,155.4
2026-08-10 00:45:00,95.8,,80.8666666666667,40.5333333333333,106.2,94.6666666666667,258.4,115.266666666667,218.8,,193.466666666667
2026-08-10 01:00:00,101.866666666667,,85.1333333333333,39.7333333333333,106.866666666667,102.533333333333,259.0,80.6,174.733333333333,,188.533333333333
2026-08-10 01:15:00,91.8666666666667,,87.9333333333333,47.3333333333333,115.866666666667,106.4,265.4,81.1333333333333,205.4,,285.8
2026-08-10 01:30:00,76.8666666666667,,90.7333333333333,49.1333333333333,120.8,111.4,285.0,78.8666666666667,204.4,,191.933333333333
2026-08-10 01:45:00,94.4666666666667,,90.0666666666667,53.6666666666667,115.733333333333,113.6,274.933333333333,100.4,162.466666666667,,233.733333333333
2026-08-10 02:00:00,96.1333333333333,,92.6666666666667,51.7333333333333,116.866666666667,113.6,292.066666666667,100.866666666667,212.8,,176.4
2026-08-10 02:15:00,95.2666666666667,,94.6,53.9333333333333,115.666666666667,119.066666666667,285.6,86.8666666666667,179.933333333333,,200.4
2026-08-10 02:30:00,92.2666666666667,,92.4666666666667,53.4666666666667,101.8,121.133333333333,284.0,89.9333333333333,134.866666666667,,152.466666666667
2026-08-10 02:45:00,98.5333333333333,,97.6666666666667,54.4,116.266666666667,121.6,295.733333333333,81.0666666666667,155.0,,238.666666666667
2026-08-10 03:00:00,126.333333333333,,94.4,51.5333333333333,108.066666666667,132.133333333333,279.133333333333,91.7333333333333,163.066666666667,,307.133333333333
2026-08-10 03:15:00,125.4,,101.666666666667,50.2666666666667,110.0,143.133333333333,254.466666666667,90.7333333333333,175.466666666667,,254.466666666667
2026-08-10 03:30:00,121.133333333333,,95.5333333333333,53.5333333333333,118.266666666667,141.0,363.8,89.1333333333333,177.866666666667,,287.266666666667
2026-08-10 03:45:00,117.066666666667,,95.9333333333333,55.7333333333333,115.133333333333,136.2,250.4,96.7333333333333,148.133333333333,,212.0
2026-08-10 04:00:00,129.533333333333,,98.2,54.0666666666667,109.933333333333,136.466666666667,261.733333333333,112.866666666667,125.6,,259.8
2026-08-10 04:15:00,137.066666666667,,106.133333333333,55.7333333333333,115.8,142.4,292.2,110.0,123.933333333333,,191.933333333333
2026-08-10 04:30:00,141.6,,104.066666666667,56.4,117.133333333333,142.066666666667,271.933333333333,107.2,174.933333333333,,182.266666666667
2026-08-10 04:45:00,136.066666666667,,101.866666666667,54.6666666666667,109.466666666667,145.8,317.0,128.8,197.133333333333,,155.533333333333
2026-08-10 05:00:00,122.666666666667,,105.6,52.0,114.266666666667,143.133333333333,300.0,119.2,164.066666666667,,168.2
2026-08-10 05:15:00,111.933333333333,,107.533333333333,56.0666666666667,112.066666666667,141.733333333333,263.8,113.4,175.933333333333,,215.133333333333
2026-08-10 05:30:00,106.2,,107.266666666667,54.5333333333333,118.266666666667,142.2,280.266666666667,105.8,160.6,,180.0
2026-08-10 05:45:00,107.333333333333,,111.533333333333,51.4,127.733333333333,153.533333333333,275.066666666667,102.6,127.933333333333,,209.866666666667
2026-08-10 06:00:00,105.533333333333,,113.333333333333,50.8,132.333333333333,158.533333333333,275.933333333333,100.866666666667,123.133333333333,,165.866666666667
2026-08-10 06:15:00,104.8,,109.933333333333,52.2,131.0,165.6,283.2,99.6,200.666666666667,,152.733333333333
2026-08-10 06:30:00,108.866666666667,,113.0,51.4,132.2,163.066666666667,297.6,102.733333333333,172.133333333333,,204.2
2026-08-10 06:45:00,127.466666666667,,112.333333333333,55.8,139.133333333333,165.4,270.866666666667,99.6,175.8,,217.2
2026-08-10 07:00:00,112.133333333333,,107.2,63.4666666666667,133.466666666667,163.6,201.066666666667,102.8,124.533333333333,,235.0
2026-08-10 07:15:00,106.666666666667,,112.4,51.4,117.466666666667,160.266666666667,122.333333333333,105.6,115.6,,196.466666666667
2026-08-10 07:30:00,99.6666666666667,,117.133333333333,54.4666666666667,110.666666666667,164.733333333333,126.4,110.0,115.4,,168.533333333333
2026-08-10 07:45:00,97.3333333333333,,118.133333333333,68.9333333333333,113.6,160.8,117.133333333333,112.333333333333,121.533333333333,,154.466666666667
2026-08-10 08:00:00,102.866666666667,,125.466666666667,80.6,104.733333333333,159.333333333333,118.0,111.333333333333,123.933333333333,,129.4
2026-08-10 08:15:00,112.0,,116.666666666667,81.2,102.733333333333,156.466666666667,117.866666666667,113.533333333333,122.4,,122.266666666667
2026-08-10 08:30:00,86.0666666666667,,113.266666666667,67.8,99.0666666666667,150.533333333333,94.5333333333333,115.133333333333,133.933333333333,,106.733333333333
2026-08-10 08:45:00,70.9333333333333,,105.2,55.4666666666667,95.9333333333333,139.266666666667,94.8,105.2,127.266666666667,,130.266666666667
2026-08-10 09:00:00,67.0,,99.4666666666667,55.9333333333333,91.4666666666667,137.066666666667,93.9333333333333,101.133333333333,124.266666666667,,110.333333333333
2026-08-10 09:15:00,71.5333333333333,,96.7333333333333,55.6666666666667,90.0666666666667,135.8,82.6666666666667,96.3333333333333,120.533333333333,,103.8
2026-08-10 09:30:00,72.6666666666667,,92.3333333333333,53.2666666666667,85.4666666666667,130.4,94.8666666666667,162.733333333333,115.0,,93.0
2026-08-10 09:45:00,73.1333333333333,,89.1333333333333,55.9333333333333,81.6666666666667,131.4,82.0,124.333333333333,106.2,,103.333333333333
2026-08-10 10:00:00,78.8,,87.6666666666667,49.4666666666667,78.2,126.933333333333,76.3333333333333,85.3333333333333,110.0,,96.7333333333333
2026-08-10 10:15:00,70.4,,82.0,46.2666666666667,75.8,143.2,86.7333333333333,81.4666666666667,96.5333333333333,,86.6666666666667
2026-08-10 10:30:00,67.3333333333333,,79.8666666666667,47.4,76.1333333333333,120.866666666667,75.3333333333333,82.5333333333333,98.6,,82.1333333333333
2026-08-10 10:45:00,62.9333333333333,,77.9333333333333,39.2,71.0666666666667,117.333333333333,68.5333333333333,81.8666666666667,90.4,,89.6666666666667
2026-08-10 11:00:00,58.4,,79.0666666666667,44.1333333333333,68.8666666666667,112.533333333333,71.6666666666667,78.1333333333333,85.0666666666667,,93.0666666666667
2026-08-10 11:15:00,68.1333333333333,,84.7333333333333,38.4666666666667,70.2,139.2,72.0666666666667,95.7333333333333,86.8666666666667,,116.4
2026-08-10 11:30:00,84.6,,95.5333333333333,45.2,72.6666666666667,129.066666666667,78.8,274.333333333333,95.5333333333333,,146.466666666667
2026-08-10 11:45:00,88.0,,85.9333333333333,41.8,96.9333333333333,140.333333333333,74.0666666666667,60.0,101.666666666667,,104.666666666667
2026-08-10 12:00:00,79.4666666666667,,71.9333333333333,42.6,83.6666666666667,101.4,75.9333333333333,72.8666666666667,102.733333333333,,91.2
2026-08-10 12:15:00,64.5333333333333,,74.2666666666667,38.7333333333333,46.7333333333333,69.2,82.9333333333333,78.3333333333333,75.4666666666667,,81.6
2026-08-10 12:30:00,48.9333333333333,,48.8,38.3333333333333,49.1333333333333,64.8,121.8,50.3333333333333,73.6666666666667,,47.3333333333333
2026-08-10 12:45:00,36.6,,45.4666666666667,36.8,39.8666666666667,53.9333333333333,88.5333333333333,40.0,73.8,,61.8
2026-08-10 13:00:00,37.1333333333333,,42.8,38.7333333333333,31.4666666666667,59.4666666666667,105.533333333333,39.2666666666667,62.6666666666667,,50.0666666666667
2026-08-10 13:15:00,38.0,,43.2666666666667,42.5333333333333,49.7333333333333,61.9333333333333,84.1333333333333,38.4666666666667,53.8666666666667,,76.4666666666667
2026-08-10 13:30:00,36.2,,45.1333333333333,50.0666666666667,58.4,64.7333333333333,59.2,39.6666666666667,48.0666666666667,,56.7333333333333
2026-08-10 13:45:00,32.9333333333333,,36.7333333333333,48.0666666666667,54.4666666666667,62.2666666666667,52.1333333333333,41.4666666666667,38.2,,63.2
2026-08-10 14:00:00,33.2,,35.7333333333333,39.8,36.6,58.5333333333333,45.2,44.1333333333333,41.9333333333333,,52.0666666666667
2026-08-10 14:15:00,31.5333333333333,,48.4,38.7333333333333,46.7333333333333,57.5333333333333,40.1333333333333,44.1333333333333,59.6,,64.9333333333333
2026-08-10 14:30:00,36.9333333333333,,57.7333333333333,37.9333333333333,41.2666666666667,60.3333333333333,42.2666666666667,48.2,50.6666666666667,,210.6
2026-08-10 14:45:00,37.9333333333333,,58.2666666666667,48.6,53.6,65.1333333333333,52.4,49.2,65.4,,110.866666666667
2026-08-10 15:00:00,36.8,,61.2666666666667,38.6666666666667,59.4666666666667,70.2,54.2,46.2666666666667,45.6666666666667,,130.733333333333
2026-08-10 15:15:00,37.8666666666667,,79.6666666666667,52.2666666666667,52.5333333333333,67.5333333333333,53.0,50.9333333333333,76.6666666666667,,148.933333333333
2026-08-10 15:30:00,38.0,,65.9333333333333,38.2,49.8,70.8,60.7333333333333,49.7333333333333,48.2,,68.5333333333333
2026-08-10 15:45:00,38.1333333333333,,59.1333333333333,36.5333333333333,49.0,71.8,59.2666666666667,50.4666666666667,54.6,,91.6666666666667
2026-08-10 16:00:00,38.2,,61.7333333333333,38.8,53.2,71.0,57.0,49.4,58.0,,101.133333333333
2026-08-10 16:15:00,39.2,,61.6666666666667,34.9333333333333,50.9333333333333,68.6666666666667,59.2,54.8666666666667,55.2,,151.533333333333
2026-08-10 16:30:00,42.8,,65.4,33.1333333333333,51.4,70.3333333333333,66.7333333333333,55.3333333333333,54.8,,124.933333333333
2026-08-10 16:45:00,43.4666666666667,,63.7333333333333,35.2,54.2,68.6,71.6666666666667,51.2666666666667,59.5333333333333,,93.0666666666667
2026-08-10 17:00:00,38.6666666666667,,65.8666666666667,46.2666666666667,52.1333333333333,64.1333333333333,66.0,54.6666666666667,61.2,,241.133333333333
2026-08-10 17:15:00,40.5333333333333,20.0,71.0,54.7333333333333,52.2666666666667,66.6,60.3333333333333,54.6666666666667,48.9333333333333,,185.733333333333
2026-08-10 17:30:00,39.8,57.7142857142857,66.1333333333333,44.4666666666667,52.0666666666667,69.2666666666667,59.2666666666667,56.5333333333333,54.2,,270.066666666667
2026-08-10 17:45:00,41.5333333333333,57.3333333333333,64.2,41.6666666666667,51.4,72.7333333333333,53.1333333333333,58.4,51.2,,299.466666666667
2026-08-10 18:00:00,43.1333333333333,58.1333333333333,65.0,36.0666666666667,51.2,79.3333333333333,61.8,56.2,52.8666666666667,,232.333333333333
2026-08-10 18:15:00,43.2,60.6666666666667,65.8,38.1333333333333,51.0,66.2,50.1333333333333,51.5333333333333,69.6,,233.8
2026-08-10 18:30:00,46.1333333333333,59.4,73.2666666666667,40.4,48.8666666666667,70.5333333333333,53.4666666666667,56.0,65.0666666666667,,250.066666666667
2026-08-10 18:45:00,44.2666666666667,58.7333333333333,67.4666666666667,38.8666666666667,55.9333333333333,68.5333333333333,56.2666666666667,59.6,59.8,,288.266666666667
2026-08-10 19:00:00,46.0666666666667,63.4,65.7333333333333,37.5333333333333,52.2666666666667,67.0,68.6,58.1333333333333,55.1333333333333,,189.266666666667
2026-08-10 19:15:00,47.7333333333333,71.2,81.4666666666667,41.0666666666667,53.9333333333333,69.6666666666667,66.4666666666667,62.3333333333333,62.6,,270.933333333333
2026-08-10 19:30:00,51.0,70.2,73.2,44.8,60.8666666666667,77.0666666666667,74.4666666666667,63.2,57.6,,459.933333333333
2026-08-10 19:45:00,51.2,72.4,76.5333333333333,44.6666666666667,61.0,86.0,74.8666666666667,62.0666666666667,67.2666666666667,,336.133333333333
2026-08-10 20:00:00,49.5333333333333,74.5333333333333,75.0666666666667,48.6666666666667,61.3333333333333,94.4,77.2666666666667,65.0666666666667,68.4666666666667,,289.866666666667
2026-08-10 20:15:00,53.6,78.2666666666667,84.4,46.8,60.5333333333333,95.0,81.6,66.3333333333333,71.4666666666667,,233.133333333333
2026-08-10 20:30:00,53.2,80.4,90.8666666666667,43.8666666666667,63.4666666666667,100.933333333333,98.7333333333333,70.2666666666667,70.8666666666667,,212.333333333333
2026-08-10 20:45:00,59.6666666666667,78.0,87.6,45.9333333333333,67.2666666666667,100.066666666667,96.9333333333333,74.5333333333333,71.9333333333333,,378.4
2026-08-10 21:00:00,65.6666666666667,74.1333333333333,90.2,44.3333333333333,65.8666666666667,105.066666666667,100.066666666667,78.2,68.7333333333333,,351.4
2026-08-10 21:15:00,65.4,76.7333333333333,85.5333333333333,43.1333333333333,69.1333333333333,97.9333333333333,143.533333333333,83.9333333333333,78.3333333333333,,193.2
2026-08-10 21:30:00,69.6,71.4666666666667,86.5333333333333,39.3333333333333,67.8,101.6,244.266666666667,78.6,83.0666666666667,,291.2
2026-08-10 21:45:00,68.2,73.3333333333333,83.3333333333333,39.5333333333333,67.9333333333333,100.4,272.8,75.3333333333333,111.466666666667,,165.866666666667
2026-08-10 22:00:00,69.8,75.2666666666667,90.8,41.3333333333333,68.1333333333333,107.333333333333,238.333333333333,72.8666666666667,83.6,,182.0
2026-08-10 22:15:00,69.5333333333333,79.2666666666667,85.0,42.8,77.2666666666667,104.8,231.6,75.8666666666667,128.733333333333,,191.066666666667
2026-08-10 22:30:00,66.4666666666667,83.0,105.8,42.2,76.5333333333333,105.2,223.8,74.7333333333333,98.4666666666667,,223.866666666667
2026-08-10 22:45:00,62.6,94.3333333333333,100.666666666667,40.8,76.5333333333333,105.266666666667,256.466666666667,83.6,76.7333333333333,,148.733333333333
2026-08-10 23:00:00,70.0666666666667,99.2666666666667,108.266666666667,41.2666666666667,82.6,113.333333333333,220.6,93.4666666666667,80.2666666666667,,130.133333333333
2026-08-10 23:15:00,66.9333333333333,105.4,102.933333333333,40.1333333333333,82.2666666666667,119.933333333333,195.466666666667,101.933333333333,77.0,,138.733333333333
2026-08-10 23:30:00,69.2,105.6,101.6,38.4,81.8,127.6,208.8,116.933333333333,126.066666666667,,143.2
2026-08-10 23:45:00,74.0666666666667,112.8,115.8,37.1333333333333,81.0,126.333333333333,261.866666666667,98.8,99.2,,262.0
2026-08-11 00:00:00,84.9333333333333,129.533333333333,114.266666666667,34.7333333333333,81.5333333333333,133.4,240.333333333333,99.6666666666667,109.6,,374.733333333333
2026-08-11 00:15:00,84.9333333333333,123.666666666667,121.733333333333,36.5333333333333,88.2,124.266666666667,212.866666666667,112.4,79.6,,149.533333333333
2026-08-11 00:30:00,86.0,128.333333333333,113.066666666667,37.7333333333333,88.9333333333333,116.133333333333,252.933333333333,118.4,180.666666666667,,173.933333333333
2026-08-11 00:45:00,83.6,122.666666666667,114.533333333333,33.8,88.0,113.666666666667,218.866666666667,178.933333333333,140.4,,178.266666666667
2026-08-11 01:00:00,90.9333333333333,148.133333333333,112.733333333333,38.2666666666667,84.0666666666667,148.933333333333,252.8,139.266666666667,129.2,,313.733333333333
2026-08-11 01:15:00,89.0,149.2,130.333333333333,37.4,119.933333333333,150.533333333333,224.8,132.066666666667,167.733333333333,,316.533333333333
2026-08-11 01:30:00,82.3333333333333,135.8,141.466666666667,108.866666666667,112.466666666667,152.6,215.4,122.866666666667,139.8,,360.6
2026-08-11 01:45:00,98.8,121.4,148.733333333333,117.533333333333,112.4,147.666666666667,239.666666666667,132.2,105.333333333333,,156.6
2026-08-11 02:00:00,98.2,105.6,113.0,68.4666666666667,118.6,145.2,204.2,131.266666666667,104.4,,234.2
2026-08-11 02:15:00,84.1333333333333,94.4,90.0666666666667,61.6666666666667,115.2,135.733333333333,153.466666666667,97.5333333333333,92.2666666666667,,132.066666666667
2026-08-11 02:30:00,72.6,70.6666666666667,64.2666666666667,58.4666666666667,93.0,104.933333333333,109.0,75.9333333333333,71.6666666666667,,148.0
2026-08-11 02:45:00,59.6666666666667,68.8666666666667,62.6,52.9333333333333,65.6666666666667,83.6666666666667,97.8666666666667,72.5333333333333,59.1333333333333,,129.933333333333
2026-08-11 03:00:00,59.7333333333333,69.8666666666667,63.2,55.2,56.2,77.3333333333333,93.9333333333333,86.5333333333333,56.0,,146.333333333333
2026-08-11 03:15:00,62.2,69.5384615384615,68.6666666666667,71.0,57.4,86.9333333333333,144.866666666667,100.866666666667,63.6,,178.933333333333
2026-08-11 03:30:00,65.6,,84.6,64.8666666666667,64.4666666666667,91.6666666666667,120.533333333333,106.466666666667,62.1333333333333,,135.0
2026-08-11 03:45:00,68.0666666666667,,71.5333333333333,54.8,67.4,97.2,108.933333333333,118.533333333333,57.2,,158.133333333333
2026-08-11 04:00:00,65.1333333333333,,68.2666666666667,59.8,69.5333333333333,89.4666666666667,97.3333333333333,107.133333333333,54.0666666666667,,167.6
2026-08-11 04:15:00,57.2666666666667,,56.4,53.4666666666667,61.1333333333333,82.6,108.2,94.1333333333333,58.1333333333333,,168.133333333333
2026-08-11 04:30:00,54.0666666666667,,60.1333333333333,42.9333333333333,53.3333333333333,79.2,122.866666666667,83.8666666666667,61.2666666666667,,100.133333333333
2026-08-11 04:45:00,56.0666666666667,,83.6666666666667,43.0,67.1333333333333,91.4,128.333333333333,89.6666666666667,74.0666666666667,,136.866666666667
2026-08-11 05:00:00,56.0,,98.5333333333333,42.9333333333333,76.2,125.066666666667,125.666666666667,106.8,80.9333333333333,,138.933333333333
2026-08-11 05:15:00,62.9333333333333,,95.8,40.0666666666667,77.1333333333333,119.066666666667,116.6,101.933333333333,98.4,,140.933333333333
2026-08-11 05:30:00,70.0666666666667,,116.533333333333,34.0666666666667,76.1333333333333,129.533333333333,123.533333333333,110.266666666667,111.466666666667,,122.0
2026-08-11 05:45:00,74.3333333333333,,132.066666666667,31.2666666666667,96.1333333333333,148.8,121.333333333333,93.9333333333333,120.6,,98.2
2026-08-11 06:00:00,90.3333333333333,,127.533333333333,34.5333333333333,101.6,146.133333333333,143.333333333333,101.0,132.733333333333,,121.666666666667
2026-08-11 06:15:00,94.8,,118.533333333333,38.0666666666667,117.866666666667,136.0,173.0,106.533333333333,116.2,,165.733333333333
2026-08-11 06:30:00,90.6666666666667,,104.8,52.7333333333333,129.933333333333,139.466666666667,194.8,106.6,112.8,,173.933333333333
2026-08-11 06:45:00,93.0666666666667,,98.4,68.5333333333333,147.133333333333,146.933333333333,207.266666666667,95.6666666666667,130.533333333333,,170.333333333333
2026-08-11 07:00:00,96.1333333333333,,98.4,66.1333333333333,129.6,142.2,184.2,110.0,137.733333333333,,178.266666666667
2026-08-11 07:15:00,95.8,,90.5333333333333,63.7333333333333,118.8,133.666666666667,160.733333333333,110.2,96.4,,185.466666666667
2026-08-11 07:30:00,96.2666666666667,,119.6,79.3333333333333,109.133333333333,129.2,134.533333333333,108.4,145.133333333333,,185.733333333333
2026-08-11 07:45:00,89.4666666666667,,123.666666666667,65.7333333333333,114.666666666667,133.133333333333,108.066666666667,120.466666666667,108.333333333333,,184.933333333333
2026-08-11 08:00:00,91.2,,133.533333333333,91.9333333333333,109.466666666667,133.733333333333,106.666666666667,118.8,117.866666666667,,137.933333333333
2026-08-11 08:15:00,80.8,,132.733333333333,68.5333333333333,115.533333333333,140.0,108.333333333333,116.6,108.0,,120.666666666667
2026-08-11 08:30:00,75.6,,117.666666666667,71.4666666666667,107.133333333333,135.066666666667,92.6,116.866666666667,102.733333333333,,115.0
2026-08-11 08:45:00,77.4666666666667,,107.533333333333,53.6,108.0,119.066666666667,84.9333333333333,114.933333333333,119.0,,138.733333333333
2026-08-11 09:00:00,75.0666666666667,,92.8666666666667,47.6,123.466666666667,108.2,79.2666666666667,112.8,114.066666666667,,167.133333333333
2026-08-11 09:15:00,84.3333333333333,,94.1333333333333,41.8666666666667,95.2,108.333333333333,76.2,107.4,98.2,,140.8
2026-08-11 09:30:00,86.0,,91.3333333333333,41.5333333333333,82.3333333333333,110.333333333333,72.2666666666667,92.2,90.2666666666667,,107.133333333333
2026-08-11 09:45:00,82.7333333333333,,49.3333333333333,57.0666666666667,74.5333333333333,100.066666666667,78.0,62.0,78.8,,82.8666666666667
2026-08-11 10:00:00,80.6666666666667,,54.2,40.4,75.2666666666667,81.8,71.2,57.0666666666667,91.8666666666667,,79.2666666666667
2026-08-11 10:15:00,73.6,,57.6,37.1333333333333,54.7333333333333,72.8666666666667,62.6,81.5333333333333,79.1333333333333,,65.5333333333333
2026-08-11 10:30:00,59.4,,57.6666666666667,38.7333333333333,60.8666666666667,67.4,62.2,68.5333333333333,65.6666666666667,,66.3333333333333
2026-08-11 10:45:00,45.0666666666667,,51.8666666666667,39.4,53.2666666666667,67.1333333333333,64.9333333333333,67.4,54.9333333333333,,55.4
2026-08-11 11:00:00,42.2666666666667,,48.7333333333333,40.0666666666667,48.1333333333333,73.0666666666667,49.2666666666667,57.1333333333333,49.6,,56.6666666666667
2026-08-11 11:15:00,45.4,,53.1333333333333,39.0,53.8666666666667,67.0666666666667,43.9333333333333,52.8,61.4666666666667,,74.7333333333333
2026-08-11 11:30:00,45.8,,47.8,41.7333333333333,53.0666666666667,62.1333333333333,38.2666666666667,59.3333333333333,76.4666666666667,,64.6666666666667
2026-08-11 11:45:00,41.4666666666667,,51.2,47.6666666666667,47.8,58.8666666666667,36.8666666666667,57.6666666666667,56.2,,57.4666666666667
2026-08-11 12:00:00,41.9333333333333,,51.2666666666667,44.2666666666667,40.3333333333333,53.8,40.4,49.5333333333333,53.8,,51.6666666666667
2026-08-11 12:15:00,44.2,,40.4666666666667,43.2666666666667,43.5333333333333,51.2,37.3333333333333,44.5333333333333,56.3333333333333,,59.0666666666667
2026-08-11 12:30:00,43.2,,46.4666666666667,59.4666666666667,45.9333333333333,55.5333333333333,29.6666666666667,47.9333333333333,51.8,,88.4
2026-08-11 12:45:00,40.8,,47.6,43.0666666666667,44.1333333333333,54.6666666666667,36.0666666666667,37.0,57.8666666666667,,54.9333333333333
2026-08-11 13:00:00,38.2,,38.6,47.6,43.2666666666667,52.1333333333333,31.0666666666667,33.8,70.6,,45.2
2026-08-11 13:15:00,34.9333333333333,,32.8,43.5333333333333,37.1333333333333,49.1333333333333,31.4666666666667,33.6,66.4666666666667,,32.6666666666667
2026-08-11 13:30:00,36.3333333333333,,33.0666666666667,57.4,31.0,46.0,30.1333333333333,36.6666666666667,57.7333333333333,,36.7333333333333
2026-08-11 13:45:00,35.3333333333333,,31.2666666666667,38.7333333333333,36.5333333333333,45.3333333333333,30.4,35.0,51.8,,58.9333333333333
2026-08-11 14:00:00,30.6,,31.1333333333333,35.5333333333333,30.7333333333333,49.0666666666667,25.4666666666667,31.1333333333333,47.0,,56.7333333333333
2026-08-11 14:15:00,31.8,,37.4,36.1333333333333,31.5333333333333,39.6666666666667,31.6666666666667,32.7333333333333,42.2666666666667,,81.3333333333333
2026-08-11 14:30:00,29.3333333333333,,36.5333333333333,29.6,30.8,38.6666666666667,32.6666666666667,29.9333333333333,40.2666666666667,,85.7333333333333
2026-08-11 14:45:00,25.5333333333333,,25.8666666666667,32.0,28.0666666666667,34.7333333333333,37.6666666666667,29.0666666666667,36.8666666666667,,78.6666666666667
2026-08-11 15:00:00,25.5333333333333,,30.5333333333333,36.4666666666667,23.7333333333333,35.1333333333333,37.2666666666667,30.5333333333333,34.5333333333333,,64.3333333333333
2026-08-11 15:15:00,23.1333333333333,,30.5333333333333,29.9333333333333,24.3333333333333,33.2,35.5333333333333,28.2666666666667,40.8,,74.6666666666667
2026-08-11 15:30:00,22.2666666666667,,25.0666666666667,30.0,25.0,33.8,33.2666666666667,27.9333333333333,38.0,,88.4666666666667
2026-08-11 15:45:00,24.1333333333333,,25.9333333333333,27.1333333333333,23.3333333333333,32.6666666666667,28.5333333333333,33.0,34.2,,87.0
2026-08-11 16:00:00,24.6,,32.0,30.2,21.9333333333333,30.6666666666667,33.0666666666667,26.7333333333333,39.7333333333333,,84.8
2026-08-11 16:15:00,24.2,,34.2666666666667,32.4,22.6666666666667,33.0666666666667,30.0,29.2,35.7333333333333,,106.533333333333
2026-08-11 16:30:00,25.7333333333333,,36.1333333333333,36.8666666666667,23.5333333333333,34.2666666666667,34.3333333333333,26.5333333333333,42.4666666666667,,124.866666666667
2026-08-11 16:45:00,25.2666666666667,,35.8666666666667,35.5333333333333,23.6,37.9333333333333,35.0,29.2,45.8,,117.733333333333
2026-08-11 17:00:00,25.6,,35.2,27.2666666666667,24.2,37.6,33.4,29.0,39.8,,105.066666666667
2026-08-11 17:15:00,25.2,,28.0,33.0,24.8,39.7333333333333,33.1333333333333,30.8,36.0,,105.133333333333
2026-08-11 17:30:00,28.3333333333333,,30.7333333333333,29.0,27.8,40.1333333333333,35.6,35.1333333333333,39.4666666666667,,72.4666666666667
2026-08-11 17:45:00,29.3333333333333,,39.4,31.1333333333333,28.1333333333333,40.5333333333333,38.3333333333333,35.2666666666667,49.3333333333333,,113.8
2026-08-11 18:00:00,29.5333333333333,,42.9333333333333,32.8,32.0666666666667,49.0666666666667,38.4,36.0,70.5333333333333,,171.866666666667
2026-08-11 18:15:00,33.8,,48.4,30.1333333333333,31.4,46.6666666666667,40.6666666666667,37.1333333333333,44.2,,180.466666666667
2026-08-11 18:30:00,31.2,,45.3333333333333,29.0666666666667,33.9333333333333,46.0666666666667,38.8666666666667,37.0666666666667,42.8666666666667,,181.866666666667
2026-08-11 18:45:00,31.0666666666667,,44.6,29.8,32.8,45.2,34.5333333333333,35.4,35.4666666666667,,204.933333333333
2026-08-11 19:00:00,32.2,,42.7333333333333,32.3333333333333,32.5333333333333,46.0,35.3333333333333,36.8,44.6,,164.866666666667
2026-08-11 19:15:00,32.1333333333333,,52.8,32.6,28.8,45.6666666666667,38.8,34.0,44.5333333333333,,144.733333333333
2026-08-11 19:30:00,36.0,,39.0,40.2666666666667,28.3333333333333,44.3333333333333,47.8,35.8666666666667,51.0,,134.533333333333
2026-08-11 19:45:00,27.9333333333333,,39.5333333333333,30.7333333333333,36.6,43.8,47.4,35.0666666666667,54.2666666666667,,72.6
2026-08-11 20:00:00,27.6666666666667,,29.8666666666667,33.6,32.8666666666667,45.2666666666667,61.0,35.0,68.8666666666667,,99.0666666666667
2026-08-11 20:15:00,30.3333333333333,,30.2,35.8666666666667,33.4,47.8,83.7333333333333,35.6666666666667,90.7333333333333,,144.333333333333
2026-08-11 20:30:00,33.3333333333333,,42.6,35.4,32.4,49.6,98.5333333333333,36.0666666666667,101.266666666667,,164.133333333333
2026-08-11 20:45:00,33.0,,52.4,34.3333333333333,37.0666666666667,52.4666666666667,114.266666666667,40.6,108.333333333333,,178.0
2026-08-11 21:00:00,33.6666666666667,,55.9333333333333,34.5333333333333,41.6666666666667,63.4,140.2,40.8666666666667,60.8,,218.8
2026-08-11 21:15:00,34.0666666666667,,49.1333333333333,34.4,45.6,65.7333333333333,117.4,40.8666666666667,135.866666666667,,130.466666666667
2026-08-11 21:30:00,33.4666666666667,,49.1333333333333,33.3333333333333,48.1333333333333,66.5333333333333,123.733333333333,60.6666666666667,117.933333333333,,167.466666666667
2026-08-11 21:45:00,33.4666666666667,,72.2666666666667,35.0,49.5333333333333,69.0666666666667,206.333333333333,69.0666666666667,80.5333333333333,,265.133333333333
2026-08-11 22:00:00,40.0666666666667,,85.6666666666667,34.5333333333333,63.6666666666667,74.0666666666667,203.0,67.8,60.5333333333333,,224.0
2026-08-11 22:15:00,44.4666666666667,,89.5333333333333,40.4,69.4,65.5333333333333,182.266666666667,67.4666666666667,71.6666666666667,,281.8
2026-08-11 22:30:00,42.2,,97.3333333333333,43.0666666666667,63.7333333333333,73.6,156.733333333333,69.8,67.1333333333333,,372.933333333333
2026-08-11 22:45:00,38.2,,98.4,39.7333333333333,71.5333333333333,80.4,176.6,72.4,64.6,,250.866666666667
2026-08-11 23:00:00,38.2,,90.8,41.5333333333333,70.4666666666667,79.1333333333333,179.4,78.7333333333333,106.933333333333,,218.533333333333
2026-08-11 23:15:00,39.4,,87.9333333333333,40.8666666666667,76.0666666666667,77.3333333333333,165.0,78.6666666666667,82.5333333333333,,341.0
2026-08-11 23:30:00,45.1333333333333,,96.3333333333333,44.8666666666667,67.3333333333333,75.8666666666667,210.066666666667,77.6666666666667,129.8,,296.666666666667
2026-08-11 23:45:00,46.4,,108.066666666667,37.3333333333333,73.0666666666667,82.8,193.333333333333,85.7333333333333,84.7333333333333,,313.933333333333
2026-08-12 00:00:00,47.8,,112.333333333333,37.6666666666667,74.5333333333333,86.6,250.666666666667,92.0,76.3333333333333,,252.8
2026-08-12 00:15:00,50.0,,106.133333333333,39.0666666666667,82.2,93.2,233.933333333333,96.5333333333333,71.4666666666667,,286.266666666667
2026-08-12 00:30:00,56.8666666666667,,115.733333333333,38.4,71.8666666666667,99.4,273.2,97.5333333333333,83.6666666666667,,360.133333333333
2026-08-12 00:45:00,58.7333333333333,,118.666666666667,39.6666666666667,70.6666666666667,93.6,298.933333333333,94.2666666666667,75.2666666666667,,345.133333333333
2026-08-12 01:00:00,58.7333333333333,,108.133333333333,41.2,73.2,91.7333333333333,315.4,97.2,80.8666666666667,,414.866666666667
2026-08-12 01:15:00,62.0,,126.4,42.5333333333333,80.8666666666667,94.2666666666667,323.2,103.6,74.8666666666667,,369.8
2026-08-12 01:30:00,60.5333333333333,,116.533333333333,46.5333333333333,87.8,99.4666666666667,319.866666666667,106.533333333333,82.8666666666667,,462.4
2026-08-12 01:45:00,62.6,,113.8,45.4666666666667,92.1333333333333,104.133333333333,446.6,112.933333333333,87.0666666666667,,453.0
2026-08-12 02:00:00,65.2,,118.066666666667,49.6,97.8666666666667,107.066666666667,579.733333333333,104.666666666667,95.9333333333333,,366.2
2026-08-12 02:15:00,71.8,,125.466666666667,49.2,91.1333333333333,105.4,273.333333333333,99.7333333333333,83.6666666666667,,211.6
2026-08-12 02:30:00,72.1333333333333,,136.333333333333,53.1333333333333,86.9333333333333,102.8,343.666666666667,98.6666666666667,89.6,,232.333333333333
2026-08-12 02:45:00,70.4,,142.866666666667,50.8666666666667,85.6,98.4,266.466666666667,97.5333333333333,112.866666666667,133.466666666667,221.4
2026-08-12 03:00:00,73.5333333333333,,129.133333333333,51.5333333333333,81.1333333333333,91.5333333333333,355.666666666667,114.933333333333,113.266666666667,129.933333333333,242.133333333333
2026-08-12 03:15:00,70.8666666666667,,111.933333333333,53.0,69.3333333333333,93.2,254.866666666667,123.866666666667,80.0,105.6,290.733333333333
2026-08-12 03:30:00,68.8,,107.666666666667,50.4666666666667,71.2,96.0666666666667,157.333333333333,101.933333333333,85.6,103.533333333333,234.2
2026-08-12 03:45:00,62.0666666666667,,108.266666666667,50.2,76.9333333333333,91.8,126.6,88.1333333333333,77.3333333333333,100.133333333333,316.6
2026-08-12 04:00:00,55.4,,132.133333333333,47.9333333333333,80.2,80.8,112.466666666667,85.1333333333333,83.4666666666667,105.2,274.666666666667
2026-08-12 04:15:00,53.2666666666667,,147.2,56.5333333333333,75.0666666666667,72.6,110.8,88.1333333333333,73.2,118.0,221.666666666667
2026-08-12 04:30:00,54.4666666666667,,123.133333333333,51.2666666666667,72.2666666666667,75.6,116.2,82.2666666666667,63.0,91.6,235.666666666667
2026-08-12 04:45:00,53.1333333333333,,103.733333333333,52.3333333333333,76.9333333333333,78.1333333333333,117.333333333333,79.2,66.9333333333333,96.2,260.6
2026-08-12 05:00:00,54.0,,124.666666666667,51.6666666666667,75.2666666666667,82.3333333333333,108.133333333333,75.9333333333333,92.4666666666667,101.133333333333,253.066666666667
2026-08-12 05:15:00,65.1333333333333,,127.4,48.5333333333333,74.3333333333333,79.8666666666667,92.4,73.0666666666667,81.8,105.133333333333,251.666666666667
2026-08-12 05:30:00,61.3333333333333,,101.933333333333,45.4,63.6,73.4,96.5333333333333,76.8666666666667,71.0666666666667,99.6666666666667,263.4
2026-08-12 05:45:00,56.7333333333333,,82.2666666666667,53.7333333333333,64.5333333333333,73.2666666666667,82.9333333333333,85.2,60.8,94.4666666666667,268.933333333333
2026-08-12 06:00:00,57.9333333333333,,81.5333333333333,52.4666666666667,64.8,77.6666666666667,82.2,80.3333333333333,67.0666666666667,98.5333333333333,259.8
2026-08-12 06:15:00,58.0666666666667,,89.1333333333333,45.8666666666667,51.9333333333333,79.1333333333333,91.5333333333333,85.7333333333333,83.6666666666667,95.9333333333333,269.333333333333
2026-08-12 06:30:00,57.2,,90.8666666666667,51.1333333333333,52.1333333333333,82.2666666666667,93.9333333333333,80.7333333333333,62.0,92.4,292.2
2026-08-12 06:45:00,56.7333333333333,,92.4,53.9333333333333,53.0666666666667,83.4666666666667,93.9333333333333,84.9333333333333,72.1333333333333,85.6666666666667,324.6
2026-08-12 07:00:00,57.2666666666667,,98.1333333333333,50.4,60.1333333333333,80.8666666666667,75.0666666666667,77.8,93.8,85.8,259.133333333333
2026-08-12 07:15:00,58.3333333333333,,91.7333333333333,45.7333333333333,60.7333333333333,78.4666666666667,66.8,64.6666666666667,127.2,87.375,261.2
2026-08-12 07:30:00,70.9333333333333,,81.4,47.0666666666667,59.8,90.2,72.8666666666667,66.4666666666667,98.3333333333333,,212.6
2026-08-12 07:45:00,65.4,,85.9333333333333,49.7333333333333,73.6,84.4666666666667,75.8666666666667,74.4,70.8,,168.4
2026-08-12 08:00:00,58.6,,73.1333333333333,54.0,70.8666666666667,64.1333333333333,72.9333333333333,64.8,98.2,,265.2
2026-08-12 08:15:00,57.9333333333333,,80.7333333333333,49.8,59.6666666666667,77.3333333333333,70.1333333333333,62.4666666666667,83.3333333333333,,180.066666666667
2026-08-12 08:30:00,58.2,,78.0,47.8666666666667,50.3333333333333,79.7333333333333,68.2,64.0,86.7333333333333,,145.133333333333
2026-08-12 08:45:00,58.8666666666667,,66.5333333333333,84.8,43.4666666666667,63.0666666666667,62.4666666666667,63.1333333333333,91.3333333333333,,147.0
2026-08-12 09:00:00,57.4,,70.6666666666667,75.0,55.0,77.4666666666667,64.4666666666667,68.3333333333333,71.9333333333333,,128.666666666667
2026-08-12 09:15:00,54.5333333333333,,73.8666666666667,984.466666666667,51.6,71.5333333333333,56.5333333333333,60.9333333333333,77.2666666666667,,107.533333333333
2026-08-12 09:30:00,48.8,,75.2,123.0,50.2,78.1333333333333,64.7333333333333,56.2666666666667,79.7333333333333,,117.6
2026-08-12 09:45:00,58.4,,78.2666666666667,43.0666666666667,60.9333333333333,83.1333333333333,47.0666666666667,61.8666666666667,62.9333333333333,,161.6
2026-08-12 10:00:00,65.2666666666667,,71.4666666666667,43.6666666666667,59.2,80.5333333333333,44.7333333333333,67.1333333333333,57.4,,102.0
2026-08-12 10:15:00,64.2,,66.6666666666667,37.4,59.1333333333333,78.4,50.4666666666667,64.3333333333333,60.1333333333333,,109.4
2026-08-12 10:30:00,61.2,,56.0666666666667,30.1333333333333,58.6666666666667,79.8666666666667,44.3333333333333,54.0,64.8666666666667,59.5833333333333,101.333333333333
2026-08-12 10:45:00,60.4666666666667,,55.2666666666667,33.2666666666667,59.6,71.4666666666667,38.0,52.0,62.6666666666667,57.1333333333333,79.8666666666667
2026-08-12 11:00:00,58.9333333333333,,52.4666666666667,36.8666666666667,50.1333333333333,63.8666666666667,30.8666666666667,50.0666666666667,64.3333333333333,53.0,95.9333333333333
2026-08-12 11:15:00,54.9333333333333,,47.2,29.9333333333333,45.0666666666667,61.6,31.8,47.2,66.8,46.4,68.4
2026-08-12 11:30:00,142.4,,45.6666666666667,28.4,45.1333333333333,55.4,29.8666666666667,42.5333333333333,55.9333333333333,46.8666666666667,49.1333333333333
2026-08-12 11:45:00,50.6,,38.8666666666667,31.2,40.7333333333333,50.2666666666667,48.0666666666667,44.4,52.8,41.8666666666667,46.8666666666667
2026-08-12 12:00:00,41.3333333333333,,40.8666666666667,29.1333333333333,39.9333333333333,47.6666666666667,35.0,41.2,54.6,38.9333333333333,50.3333333333333
2026-08-12 12:15:00,37.3333333333333,,37.6,27.8,37.8,48.4,29.9333333333333,40.2666666666667,54.1333333333333,39.9333333333333,40.8
2026-08-12 12:30:00,35.2,,35.6666666666667,21.8666666666667,33.1333333333333,47.5333333333333,28.4,37.8,52.4,35.6,37.1333333333333
2026-08-12 12:45:00,33.9333333333333,,37.2666666666667,27.6666666666667,29.8,45.4666666666667,41.2666666666667,36.8,52.0,35.2,42.7333333333333
2026-08-12 13:00:00,34.0666666666667,,30.9333333333333,30.0,29.6666666666667,41.8,31.8,35.7333333333333,49.0666666666667,40.0666666666667,37.2
2026-08-12 13:15:00,32.8,,27.4,32.8,30.4,43.2666666666667,33.2666666666667,32.8666666666667,49.2666666666667,37.2,33.5333333333333
2026-08-12 13:30:00,34.5333333333333,,26.7333333333333,29.4,29.1333333333333,42.7333333333333,27.6666666666667,30.5333333333333,45.1333333333333,34.5333333333333,40.0666666666667
2026-08-12 13:45:00,32.8,,25.4666666666667,32.3333333333333,28.7333333333333,37.4666666666667,28.3333333333333,26.6,37.6666666666667,29.4666666666667,32.8
2026-08-12 14:00:00,28.4,,27.0666666666667,32.8666666666667,28.2,37.6,26.5333333333333,26.4666666666667,34.4666666666667,28.1333333333333,33.7333333333333
2026-08-12 14:15:00,29.3333333333333,,28.6,29.1333333333333,25.1333333333333,31.7333333333333,28.4666666666667,28.0,34.9333333333333,29.1333333333333,47.9333333333333
2026-08-12 14:30:00,29.8666666666667,,32.4,22.8,23.5333333333333,33.4666666666667,30.1333333333333,28.4,32.4,30.4,66.0
2026-08-12 14:45:00,29.4,,34.8666666666667,21.6,26.1333333333333,34.8,32.0,28.8,36.5333333333333,34.2,33.0
2026-08-12 15:00:00,30.9333333333333,,34.6666666666667,18.8,24.7333333333333,37.2666666666667,31.8,30.0,37.6666666666667,31.8,30.4666666666667
2026-08-12 15:15:00,28.0,,31.0666666666667,22.0,27.4666666666667,36.3333333333333,29.8666666666667,31.1333333333333,37.8,40.0,59.5333333333333
2026-08-12 15:30:00,29.4666666666667,,31.0666666666667,33.5333333333333,27.0666666666667,39.3333333333333,30.6666666666667,29.6666666666667,40.0666666666667,34.7333333333333,49.4
2026-08-12 15:45:00,30.3333333333333,,32.4,27.1333333333333,28.5333333333333,40.4666666666667,30.0666666666667,30.1333333333333,39.2,32.8666666666667,35.4666666666667
2026-08-12 16:00:00,26.6,,33.6666666666667,23.6666666666667,28.3333333333333,36.8666666666667,31.3333333333333,30.6,41.2,29.9333333333333,56.1333333333333
2026-08-12 16:15:00,29.2666666666667,,34.3333333333333,26.9333333333333,27.8666666666667,37.2666666666667,32.8666666666667,36.4,40.9333333333333,32.1333333333333,87.3333333333333
2026-08-12 16:30:00,28.6666666666667,,34.8666666666667,25.8666666666667,28.6,37.6,38.4666666666667,34.2,32.0666666666667,36.2,100.066666666667
2026-08-12 16:45:00,29.4666666666667,,36.6,28.8,31.0666666666667,41.9333333333333,95.1333333333333,40.6666666666667,38.4666666666667,39.8666666666667,119.266666666667
2026-08-12 17:00:00,29.1333333333333,,37.3333333333333,46.9333333333333,31.4,41.6666666666667,33.3333333333333,36.2,35.2,40.6,138.4
2026-08-12 17:15:00,33.1333333333333,,39.8,37.6,29.4,63.4666666666667,37.9333333333333,39.1333333333333,35.4,39.6666666666667,129.733333333333
2026-08-12 17:30:00,30.5333333333333,,41.4666666666667,41.6,30.5333333333333,48.4,36.9333333333333,37.9333333333333,60.4,38.9333333333333,132.2
2026-08-12 17:45:00,31.9333333333333,,39.6666666666667,47.4,30.8666666666667,42.4666666666667,42.6,37.0666666666667,43.1333333333333,44.0,113.333333333333
2026-08-12 18:00:00,36.2,,45.8,46.4,33.2666666666667,43.7333333333333,37.2,38.2,38.6666666666667,47.3333333333333,154.466666666667
2026-08-12 18:15:00,34.0666666666667,,45.2666666666667,34.2,32.0666666666667,46.2666666666667,40.6,36.8,42.6,44.8,156.8
2026-08-12 18:30:00,34.7333333333333,,45.2666666666667,31.6666666666667,32.9333333333333,45.7333333333333,71.4666666666667,39.8,35.4,50.6666666666667,137.933333333333
2026-08-12 18:45:00,37.2,,47.9333333333333,33.7333333333333,32.8666666666667,48.2666666666667,47.4666666666667,41.7333333333333,41.4,50.8666666666667,194.933333333333
2026-08-12 19:00:00,40.1333333333333,,49.6,29.8,33.4,49.2,48.6666666666667,42.7333333333333,41.8,46.4666666666667,215.533333333333
2026-08-12 19:15:00,38.8,,55.3333333333333,28.2666666666667,35.8666666666667,49.8,52.4,44.0,49.0666666666667,52.6666666666667,192.333333333333
2026-08-12 19:30:00,37.6666666666667,,52.5,35.6,38.2,51.8,50.2,44.8666666666667,48.6,57.6666666666667,235.333333333333
2026-08-12 19:45:00,40.5333333333333,,49.6,30.0,37.6666666666667,54.2666666666667,52.2,50.8,42.8,59.5333333333333,276.6
2026-08-12 20:00:00,43.8666666666667,,54.2666666666667,26.8666666666667,41.6,62.0,68.0,51.0,46.4666666666667,64.7333333333333,302.733333333333
2026-08-12 20:15:00,43.0666666666667,,53.4666666666667,24.4,44.1333333333333,63.4,60.4666666666667,50.9333333333333,47.4666666666667,58.0666666666667,314.666666666667
2026-08-12 20:30:00,41.1333333333333,,48.5333333333333,30.4,37.8,59.9333333333333,81.0666666666667,51.3333333333333,47.5333333333333,63.6,265.066666666667
2026-08-12 20:45:00,42.6666666666667,,47.9333333333333,35.2,41.2,56.0,107.333333333333,49.6666666666667,54.8666666666667,66.6666666666667,427.4
2026-08-12 21:00:00,38.7333333333333,,52.2,30.8,36.0666666666667,62.6,107.733333333333,53.0,44.6,69.5333333333333,497.666666666667
2026-08-12 21:15:00,37.7333333333333,,53.3333333333333,31.7333333333333,37.7333333333333,60.5333333333333,138.266666666667,62.0666666666667,63.4,66.4,615.6
2026-08-12 21:30:00,38.2666666666667,,54.3333333333333,30.0,43.2666666666667,58.4666666666667,127.933333333333,69.5333333333333,49.6666666666667,100.4,493.733333333333
2026-08-12 21:45:00,34.6,,51.8,36.8666666666667,49.4666666666667,60.7333333333333,82.3333333333333,61.5333333333333,43.2666666666667,115.333333333333,539.466666666667
2026-08-12 22:00:00,37.2666666666667,,58.2666666666667,36.2666666666667,53.1333333333333,72.6,83.9333333333333,63.8666666666667,94.7333333333333,110.666666666667,599.533333333333
2026-08-12 22:15:00,40.4666666666667,,65.4,39.0666666666667,58.1333333333333,79.1333333333333,84.8,70.2,58.1333333333333,110.533333333333,614.333333333333
2026-08-12 22:30:00,40.1333333333333,,82.0666666666667,31.7333333333333,58.6666666666667,78.4666666666667,99.0,65.2666666666667,114.533333333333,102.733333333333,688.666666666667
2026-08-12 22:45:00,42.6,,82.0,33.9333333333333,61.9333333333333,79.3333333333333,82.2666666666667,63.9333333333333,117.933333333333,96.0,652.6
2026-08-12 23:00:00,46.6,,90.0666666666667,38.7333333333333,65.8666666666667,83.8,82.4666666666667,71.4666666666667,126.266666666667,106.866666666667,671.266666666667
2026-08-12 23:15:00,53.4,,98.6,35.4,73.2666666666667,92.3333333333333,104.066666666667,74.2,67.5333333333333,107.733333333333,786.533333333333
2026-08-12 23:30:00,49.2666666666667,,100.333333333333,36.4666666666667,82.8,90.2666666666667,99.6,79.2666666666667,62.8,103.466666666667,800.466666666667
2026-08-12 23:45:00,52.9333333333333,,101.2,43.3333333333333,71.8666666666667,98.2666666666667,108.933333333333,77.6,77.4666666666667,98.9333333333333,1658.2
2026-08-13 00:00:00,57.7333333333333,,95.4666666666667,42.9333333333333,72.0666666666667,96.4666666666667,149.866666666667,82.0666666666667,80.2666666666667,99.1333333333333,301.266666666667
2026-08-13 00:15:00,54.6666666666667,,96.6666666666667,39.0,74.1333333333333,95.3333333333333,144.066666666667,86.3333333333333,76.8,119.866666666667,367.866666666667
2026-08-13 00:30:00,56.5333333333333,,93.0666666666667,38.4,80.0666666666667,95.0666666666667,161.133333333333,86.4,75.8,111.8,392.0
2026-08-13 00:45:00,59.2666666666667,,95.2666666666667,39.9333333333333,83.3333333333333,96.0666666666667,178.333333333333,86.6666666666667,81.9333333333333,111.333333333333,260.466666666667
2026-08-13 01:00:00,55.8,,95.6666666666667,53.8,79.8,96.1333333333333,190.6,86.9333333333333,69.4666666666667,109.533333333333,351.133333333333
2026-08-13 01:15:00,59.1333333333333,,95.3333333333333,40.6,71.6,88.9333333333333,192.6,89.8666666666667,71.1333333333333,108.266666666667,437.133333333333
2026-08-13 01:30:00,61.6,,102.733333333333,42.2,71.0,95.7333333333333,186.133333333333,85.5333333333333,67.4666666666667,102.666666666667,467.133333333333
2026-08-13 01:45:00,63.1333333333333,,97.6,40.2666666666667,66.6,91.9333333333333,176.066666666667,88.6666666666667,70.6,103.466666666667,431.8
2026-08-13 02:00:00,66.4666666666667,,79.6,38.2666666666667,67.8,92.0666666666667,203.733333333333,97.1333333333333,69.4,100.0,403.8
2026-08-13 02:15:00,61.8,,88.3333333333333,36.8,65.3333333333333,97.8666666666667,250.466666666667,84.3333333333333,75.2666666666667,104.666666666667,394.066666666667
2026-08-13 02:30:00,57.7333333333333,,91.4,37.0666666666667,65.1333333333333,92.6666666666667,241.933333333333,84.7333333333333,83.2666666666667,101.066666666667,386.533333333333
2026-08-13 02:45:00,58.3333333333333,,95.4666666666667,35.7333333333333,62.6,90.1333333333333,196.266666666667,84.1333333333333,78.2666666666667,106.4,391.866666666667
2026-08-13 03:00:00,60.8,,90.0666666666667,37.1333333333333,63.8666666666667,89.2,204.066666666667,83.6666666666667,77.0,103.266666666667,446.2
2026-08-13 03:15:00,60.4666666666667,,90.2666666666667,36.5333333333333,65.5333333333333,88.0666666666667,243.4,82.8666666666667,78.8,100.533333333333,405.8
2026-08-13 03:30:00,56.0666666666667,,88.0666666666667,33.3333333333333,63.5333333333333,87.7333333333333,267.266666666667,82.9333333333333,67.9333333333333,107.4,349.333333333333
2026-08-13 03:45:00,60.4,,83.0666666666667,32.0,63.3333333333333,91.0666666666667,267.4,83.1333333333333,74.3333333333333,109.0,204.866666666667
2026-08-13 04:00:00,57.5333333333333,,108.2,33.7333333333333,65.2,92.4,251.4,86.0666666666667,67.4,121.933333333333,182.533333333333
2026-08-13 04:15:00,57.1333333333333,,100.733333333333,30.6,62.2666666666667,89.9333333333333,227.6,87.0,73.1333333333333,147.2,244.733333333333
2026-08-13 04:30:00,59.8,,83.4666666666667,36.2,63.1333333333333,88.7333333333333,260.133333333333,83.8666666666667,77.4666666666667,140.533333333333,166.0
2026-08-13 04:45:00,62.9333333333333,,81.2666666666667,30.6,68.8666666666667,92.6666666666667,304.133333333333,82.2666666666667,88.0666666666667,129.866666666667,201.866666666667
2026-08-13 05:00:00,67.8,,87.9333333333333,30.5333333333333,69.4666666666667,96.7333333333333,298.733333333333,89.7333333333333,77.2,154.866666666667,241.066666666667
2026-08-13 05:15:00,63.7333333333333,,95.4,33.3333333333333,73.3333333333333,98.2,243.533333333333,91.4,82.4,153.0,213.666666666667
2026-08-13 05:30:00,64.6666666666667,,99.8,32.2666666666667,86.8,96.1333333333333,234.733333333333,92.7333333333333,97.5333333333333,145.4,181.4
2026-08-13 05:45:00,63.2,,104.8,32.4666666666667,86.8,96.8666666666667,223.4,97.2666666666667,126.866666666667,149.2,202.333333333333
2026-08-13 06:00:00,64.9333333333333,,112.333333333333,29.2666666666667,88.8666666666667,104.4,206.533333333333,117.533333333333,106.6,145.2,159.0
2026-08-13 06:15:00,64.7333333333333,,115.533333333333,32.7333333333333,93.4,110.733333333333,510.0,103.466666666667,142.8,134.733333333333,136.133333333333
2026-08-13 06:30:00,67.0666666666667,,112.333333333333,30.2666666666667,90.2666666666667,111.466666666667,229.133333333333,103.2,126.933333333333,116.2,138.8
2026-08-13 06:45:00,68.4,,112.8,45.0666666666667,85.0,130.266666666667,343.066666666667,101.733333333333,120.466666666667,118.4,130.933333333333
2026-08-13 07:00:00,68.2666666666667,,116.933333333333,55.5333333333333,93.1333333333333,126.266666666667,385.6,117.533333333333,119.866666666667,104.2,121.266666666667
2026-08-13 07:15:00,70.2,,104.333333333333,73.1333333333333,90.6666666666667,132.6,376.266666666667,123.866666666667,117.933333333333,101.466666666667,119.266666666667
2026-08-13 07:30:00,63.2666666666667,,99.0,63.7333333333333,88.5333333333333,141.666666666667,728.0,112.4,114.0,101.733333333333,112.666666666667
2026-08-13 07:45:00,64.0666666666667,,101.133333333333,62.4,89.2,159.4,364.2,97.8,109.0,92.6666666666667,119.133333333333
2026-08-13 08:00:00,122.666666666667,,105.2,58.4,90.5333333333333,162.6,74.7333333333333,89.2666666666667,85.5333333333333,88.7333333333333,94.5333333333333
2026-08-13 08:15:00,68.3333333333333,,98.8666666666667,81.6,93.0666666666667,120.733333333333,53.6666666666667,91.2,92.0,77.6,94.9333333333333
2026-08-13 08:30:00,73.2,,92.2,112.6,80.4,90.8,54.2,82.4666666666667,92.4666666666667,68.4,86.5333333333333
2026-08-13 08:45:00,67.7333333333333,,78.6,120.4,78.2,85.4,95.2,74.6666666666667,70.2666666666667,72.4666666666667,78.3333333333333
2026-08-13 09:00:00,53.2,,74.6666666666667,113.933333333333,62.5333333333333,82.7333333333333,81.2,76.4,63.7333333333333,62.0666666666667,82.2666666666667
2026-08-13 09:15:00,46.6666666666667,,92.0,85.5333333333333,54.5333333333333,75.7333333333333,75.2,82.6666666666667,60.1333333333333,71.0,80.2666666666667
2026-08-13 09:30:00,43.3333333333333,,61.4666666666667,90.3333333333333,51.4666666666667,70.0666666666667,71.4666666666667,82.8,64.0666666666667,72.9333333333333,80.0666666666667
2026-08-13 09:45:00,64.5333333333333,,70.9333333333333,83.0666666666667,45.8,75.2,59.2,73.6666666666667,66.7333333333333,61.4,68.4
2026-08-13 10:00:00,37.4,,56.1333333333333,79.7333333333333,48.4,65.2666666666667,52.9333333333333,56.0666666666667,53.9333333333333,54.0,61.8
2026-08-13 10:15:00,38.7333333333333,,53.8,58.1333333333333,42.4666666666667,56.4666666666667,64.0,56.0,49.8666666666667,47.8,55.2666666666667
2026-08-13 10:30:00,34.6666666666667,,53.9333333333333,47.0,38.9333333333333,60.8,50.5333333333333,58.4,57.4,41.2666666666667,65.4
2026-08-13 10:45:00,40.9333333333333,,48.7333333333333,52.2,41.0,59.0666666666667,73.4,55.8,52.2666666666667,38.9333333333333,55.2
2026-08-13 11:00:00,37.9333333333333,,49.0,43.4,43.0,64.8,50.8666666666667,40.3333333333333,45.6,39.5333333333333,37.6666666666667
2026-08-13 11:15:00,39.3333333333333,,46.5333333333333,34.5333333333333,39.8666666666667,60.5333333333333,74.6,36.9333333333333,46.4666666666667,43.0666666666667,37.2666666666667
2026-08-13 11:30:00,38.8666666666667,,46.2,27.4666666666667,42.2666666666667,59.4666666666667,46.9333333333333,42.2666666666667,46.9333333333333,43.2666666666667,43.3333333333333
2026-08-13 11:45:00,34.8666666666667,,44.4,31.4666666666667,41.1333333333333,57.2,76.0,45.4,39.9333333333333,38.8666666666667,39.4
2026-08-13 12:00:00,34.5333333333333,,39.2666666666667,33.2,41.5333333333333,49.8666666666667,48.2666666666667,43.0666666666667,38.2666666666667,33.8666666666667,38.4666666666667
2026-08-13 12:15:00,32.0666666666667,,41.3333333333333,31.4,40.3333333333333,46.8666666666667,40.7333333333333,36.2,41.3333333333333,35.9333333333333,39.0666666666667
2026-08-13 12:30:00,33.7333333333333,,41.2,36.2,39.5333333333333,44.4,192.333333333333,35.1333333333333,34.5333333333333,35.1333333333333,37.8666666666667
2026-08-13 12:45:00,28.0,,36.9333333333333,36.2666666666667,33.2666666666667,41.8666666666667,66.2,33.7333333333333,34.8,33.5333333333333,35.3333333333333
2026-08-13 13:00:00,26.0,,37.2666666666667,28.1333333333333,35.5333333333333,41.0666666666667,36.7333333333333,34.7333333333333,35.8,38.0666666666667,34.4666666666667
2026-08-13 13:15:00,26.1333333333333,,38.6,25.5333333333333,34.0,40.6666666666667,33.4666666666667,33.0666666666667,35.3333333333333,32.2666666666667,40.8
2026-08-13 13:30:00,26.1333333333333,,38.6,30.5333333333333,31.2666666666667,39.4,51.7333333333333,34.2,34.3333333333333,31.2,41.2666666666667
2026-08-13 13:45:00,28.4666666666667,,34.9333333333333,35.0,28.9333333333333,38.4,30.4,35.4666666666667,35.2666666666667,28.0,38.8
2026-08-13 14:00:00,32.1333333333333,,34.4666666666667,25.8666666666667,29.1333333333333,37.6,46.0666666666667,36.0,30.8,34.7333333333333,42.2
2026-08-13 14:15:00,30.9333333333333,,33.7333333333333,28.2,27.4,35.8666666666667,40.4666666666667,38.0,36.7333333333333,29.6666666666667,35.2
2026-08-13 14:30:00,30.1333333333333,,33.9333333333333,28.0666666666667,28.3333333333333,34.9333333333333,59.8,36.8666666666667,44.8666666666667,34.0,42.6
2026-08-13 14:45:00,29.4666666666667,,33.3333333333333,32.0,27.2666666666667,38.4666666666667,103.4,31.8,37.4666666666667,29.0,45.7333333333333
2026-08-13 15:00:00,31.8,,30.2666666666667,54.3333333333333,29.0666666666667,39.1333333333333,37.8,31.5333333333333,31.9333333333333,31.6,52.2666666666667
2026-08-13 15:15:00,31.2666666666667,,27.9333333333333,47.5333333333333,28.7333333333333,41.3333333333333,63.5333333333333,32.4666666666667,34.0666666666667,32.3333333333333,41.8
2026-08-13 15:30:00,32.4,,28.8666666666667,55.1333333333333,29.4666666666667,37.6666666666667,34.0666666666667,32.1333333333333,42.0,32.9333333333333,37.2666666666667
2026-08-13 15:45:00,31.7333333333333,,28.8,39.5333333333333,29.6666666666667,38.8,36.2,33.7333333333333,38.2,34.3333333333333,49.9333333333333
2026-08-13 16:00:00,31.0,,29.2666666666667,35.6,28.8666666666667,41.0666666666667,39.9333333333333,37.4,34.6666666666667,35.9333333333333,41.4
2026-08-13 16:15:00,29.4666666666667,,31.6666666666667,34.6666666666667,31.6666666666667,46.9333333333333,52.2666666666667,34.6,32.4666666666667,34.2666666666667,45.8666666666667
2026-08-13 16:30:00,29.1333333333333,,31.6666666666667,40.0,33.0666666666667,49.0666666666667,37.6666666666667,35.8,28.7333333333333,33.2,45.2666666666667
2026-08-13 16:45:00,29.2666666666667,,32.4666666666667,45.0,33.7333333333333,46.0666666666667,54.6666666666667,36.4,33.0666666666667,33.4,48.0666666666667
2026-08-13 17:00:00,28.0666666666667,,36.9333333333333,106.066666666667,31.7333333333333,42.2,40.0,37.6666666666667,37.0666666666667,34.0,37.4666666666667
2026-08-13 17:15:00,28.9333333333333,,32.6666666666667,50.2666666666667,30.5333333333333,39.9333333333333,41.6666666666667,32.4666666666667,40.7333333333333,31.2666666666667,84.8
2026-08-13 17:30:00,28.5333333333333,,33.0666666666667,44.6,29.9333333333333,39.4666666666667,44.6666666666667,35.5333333333333,42.2666666666667,32.5333333333333,63.0666666666667
2026-08-13 17:45:00,27.4,,32.6666666666667,32.2,28.7333333333333,38.7333333333333,48.8666666666667,34.2,41.7333333333333,34.2,62.0666666666667
2026-08-13 18:00:00,27.2666666666667,,35.4,27.1333333333333,30.0,39.6,49.2,36.8666666666667,43.1333333333333,36.0,102.333333333333
2026-08-13 18:15:00,33.4666666666667,,33.6666666666667,24.8,31.6666666666667,42.9333333333333,58.2666666666667,35.4,42.0666666666667,39.6,114.466666666667
2026-08-13 18:30:00,33.6,,33.0,27.7333333333333,33.6,43.3333333333333,49.2,36.0,39.9333333333333,41.4,103.666666666667
2026-08-13 18:45:00,40.3333333333333,,42.6,24.2,37.3333333333333,45.6666666666667,40.0666666666667,43.8666666666667,37.2,44.6666666666667,70.3333333333333
2026-08-13 19:00:00,36.8,,40.4666666666667,27.9333333333333,44.9333333333333,48.1333333333333,44.0,43.4,40.8,47.8666666666667,92.1333333333333
2026-08-13 19:15:00,41.6666666666667,,33.7333333333333,42.6,40.8666666666667,49.8,40.8666666666667,42.4,42.9333333333333,50.2,87.3333333333333
2026-08-13 19:30:00,40.4666666666667,,45.8666666666667,40.0,38.6666666666667,51.6,45.2,45.2666666666667,41.2,50.0,95.2
2026-08-13 19:45:00,39.8,,44.6666666666667,35.6,38.1333333333333,55.0666666666667,58.6666666666667,48.6,45.6666666666667,52.0,134.333333333333
2026-08-13 20:00:00,44.6666666666667,,46.6,41.8,44.3333333333333,60.2,86.3333333333333,53.3333333333333,53.6,56.1333333333333,158.733333333333
2026-08-13 20:15:00,45.2666666666667,,61.0666666666667,43.5333333333333,38.1333333333333,61.6,91.8,44.2666666666667,48.9333333333333,61.0666666666667,148.0
2026-08-13 20:30:00,58.5333333333333,,60.6,47.6666666666667,39.6666666666667,60.2666666666667,107.0,50.5333333333333,63.2,62.2666666666667,209.933333333333
2026-08-13 20:45:00,52.0666666666667,,83.8,58.8,42.8,63.5333333333333,98.8,51.6,51.3333333333333,58.5333333333333,176.4
2026-08-13 21:00:00,49.1333333333333,,68.0666666666667,49.7333333333333,38.9333333333333,62.6,134.333333333333,61.5333333333333,63.1333333333333,62.2,143.066666666667
2026-08-13 21:15:00,55.4666666666667,,68.3333333333333,52.2666666666667,36.2666666666667,60.9333333333333,130.266666666667,67.0666666666667,73.2666666666667,63.9333333333333,186.6
2026-08-13 21:30:00,47.8666666666667,,68.6,56.5333333333333,36.6666666666667,77.0666666666667,160.533333333333,63.5333333333333,108.266666666667,60.9333333333333,176.0
2026-08-13 21:45:00,55.2666666666667,,61.7333333333333,52.0,45.4,75.2666666666667,144.0,72.8,68.2,64.4,188.133333333333
2026-08-13 22:00:00,65.8666666666667,,78.8666666666667,55.3333333333333,58.1333333333333,66.5333333333333,167.533333333333,76.3333333333333,88.6666666666667,80.4,265.4
2026-08-13 22:15:00,60.3333333333333,,53.6,52.7333333333333,63.6666666666667,59.8666666666667,159.466666666667,85.0,126.266666666667,69.6,253.866666666667
2026-08-13 22:30:00,60.5333333333333,,61.9333333333333,53.4666666666667,65.0666666666667,61.0,162.066666666667,80.5333333333333,86.5333333333333,67.9333333333333,168.133333333333
2026-08-13 22:45:00,54.0,,65.4,54.3333333333333,70.1333333333333,65.8,165.6,76.3333333333333,87.1333333333333,66.5333333333333,292.6
2026-08-13 23:00:00,61.7333333333333,,71.8666666666667,53.6666666666667,72.8666666666667,74.6666666666667,160.466666666667,88.6666666666667,146.866666666667,68.6,264.533333333333
2026-08-13 23:15:00,64.6,,61.6,56.3333333333333,87.3333333333333,91.1333333333333,176.133333333333,82.4,130.266666666667,70.8,313.0
2026-08-13 23:30:00,55.8666666666667,,63.6666666666667,64.7333333333333,86.9333333333333,114.866666666667,165.6,78.0666666666667,106.666666666667,71.7333333333333,275.133333333333
2026-08-13 23:45:00,53.6666666666667,,64.4666666666667,59.0666666666667,71.8,124.666666666667,193.2,89.8,87.6666666666667,73.7333333333333,148.4
2026-08-14 00:00:00,97.4666666666667,,66.4,55.9333333333333,77.0,140.133333333333,187.666666666667,87.8666666666667,118.0,81.2666666666667,201.333333333333
2026-08-14 00:15:00,83.8666666666667,,74.9333333333333,53.9333333333333,93.1333333333333,141.666666666667,180.866666666667,113.933333333333,102.4,90.7333333333333,192.666666666667
2026-08-14 00:30:00,79.7333333333333,,89.5333333333333,52.2666666666667,115.133333333333,134.2,178.6,89.6,226.666666666667,100.4,221.6
2026-08-14 00:45:00,87.2666666666667,,96.9333333333333,54.2,117.066666666667,199.133333333333,177.333333333333,108.8,167.733333333333,103.733333333333,270.866666666667
2026-08-14 01:00:00,81.8666666666667,,103.466666666667,57.7333333333333,117.533333333333,188.4,196.066666666667,91.5333333333333,149.666666666667,110.533333333333,346.933333333333
2026-08-14 01:15:00,75.1333333333333,,97.2666666666667,60.0,107.466666666667,184.066666666667,191.733333333333,112.266666666667,183.6,118.066666666667,261.6
2026-08-14 01:30:00,76.0666666666667,,94.8,61.8666666666667,95.5333333333333,166.333333333333,222.066666666667,106.2,107.866666666667,114.2,281.733333333333
2026-08-14 01:45:00,85.0,,92.7333333333333,65.4666666666667,97.2666666666667,106.333333333333,235.6,112.666666666667,179.533333333333,134.8,272.933333333333
2026-08-14 02:00:00,89.6,,104.466666666667,59.8666666666667,74.4666666666667,114.733333333333,238.466666666667,128.8,182.533333333333,119.4,263.066666666667
2026-08-14 02:15:00,89.5333333333333,,104.8,65.2666666666667,65.5333333333333,140.666666666667,235.933333333333,105.666666666667,199.8,121.933333333333,244.666666666667
2026-08-14 02:30:00,88.0,,94.8666666666667,68.0666666666667,84.9333333333333,101.066666666667,219.533333333333,115.333333333333,181.733333333333,125.666666666667,290.2
2026-08-14 02:45:00,93.2,,80.8666666666667,64.0666666666667,96.0666666666667,79.9333333333333,216.266666666667,121.933333333333,134.8,134.2,261.933333333333
2026-08-14 03:00:00,104.933333333333,,86.6666666666667,64.9333333333333,98.6,91.3333333333333,213.266666666667,138.2,101.866666666667,141.466666666667,204.4
2026-08-14 03:15:00,105.933333333333,,71.5333333333333,77.7333333333333,97.8,114.4,251.466666666667,128.933333333333,115.2,136.466666666667,231.666666666667
2026-08-14 03:30:00,112.133333333333,,98.4666666666667,79.8666666666667,100.466666666667,137.2,280.133333333333,175.266666666667,98.3333333333333,131.066666666667,192.8
2026-08-14 03:45:00,113.666666666667,,135.266666666667,81.7333333333333,121.533333333333,178.333333333333,278.0,201.6,146.666666666667,129.6,176.666666666667
2026-08-14 04:00:00,116.2,,112.933333333333,78.0,137.533333333333,187.0,281.733333333333,118.466666666667,146.6,142.666666666667,263.4
2026-08-14 04:15:00,114.6,,112.533333333333,80.8666666666667,135.066666666667,154.6,281.666666666667,105.266666666667,143.533333333333,150.066666666667,245.8
2026-08-14 04:30:00,115.533333333333,,135.466666666667,77.0666666666667,143.666666666667,136.066666666667,235.0,117.6,158.533333333333,148.266666666667,201.0
2026-08-14 04:45:00,116.2,,115.266666666667,75.8666666666667,131.266666666667,109.4,244.8,100.466666666667,167.066666666667,143.2,202.333333333333
2026-08-14 05:00:00,124.666666666667,,104.133333333333,71.0666666666667,96.0666666666667,146.6,225.666666666667,134.066666666667,139.333333333333,144.066666666667,167.733333333333
2026-08-14 05:15:00,121.666666666667,,109.8,61.2666666666667,117.933333333333,114.733333333333,253.733333333333,129.066666666667,143.666666666667,135.6,188.266666666667
2026-08-14 05:30:00,120.733333333333,,99.5333333333333,56.9333333333333,117.4,119.866666666667,235.6,198.8,155.333333333333,136.533333333333,234.733333333333
2026-08-14 05:45:00,115.266666666667,,116.466666666667,62.7333333333333,131.733333333333,134.666666666667,246.4,130.733333333333,149.466666666667,132.733333333333,205.533333333333
2026-08-14 06:00:00,108.666666666667,,113.6,67.2666666666667,132.066666666667,131.0,220.8,121.066666666667,129.0,132.133333333333,225.733333333333
2026-08-14 06:15:00,113.8,,111.533333333333,66.2666666666667,100.933333333333,120.266666666667,223.8,125.6,159.933333333333,130.8,185.333333333333
2026-08-14 06:30:00,113.333333333333,,86.9333333333333,70.6666666666667,103.733333333333,139.133333333333,218.533333333333,140.733333333333,171.066666666667,123.4,232.0
2026-08-14 06:45:00,107.533333333333,,125.4,60.1333333333333,84.3333333333333,130.4,215.733333333333,116.2,156.866666666667,123.2,214.066666666667
2026-08-14 07:00:00,99.6,,135.0,69.2,100.0,120.0,203.266666666667,116.0,118.0,125.333333333333,224.466666666667
2026-08-14 07:15:00,99.2,,117.333333333333,77.2,97.8,109.666666666667,180.0,114.733333333333,184.866666666667,139.933333333333,200.733333333333
2026-08-14 07:30:00,102.933333333333,,101.333333333333,60.4666666666667,85.6666666666667,99.9333333333333,173.533333333333,129.866666666667,148.4,153.8,210.466666666667
2026-08-14 07:45:00,104.533333333333,,100.0,58.6,88.4,101.933333333333,190.6,122.866666666667,129.0,157.466666666667,169.133333333333
2026-08-14 08:00:00,106.333333333333,,98.0,53.2,79.3333333333333,106.333333333333,185.133333333333,127.8,134.066666666667,153.666666666667,181.133333333333
2026-08-14 08:15:00,104.933333333333,,100.066666666667,42.4666666666667,69.8666666666667,105.8,172.733333333333,120.2,122.933333333333,114.6,175.333333333333
2026-08-14 08:30:00,101.266666666667,,111.2,34.7333333333333,88.2666666666667,94.4,153.533333333333,113.133333333333,99.5333333333333,102.333333333333,182.4
2026-08-14 08:45:00,97.4,,103.066666666667,36.1333333333333,91.3333333333333,90.7333333333333,110.6,103.866666666667,91.4666666666667,90.6,209.266666666667
2026-08-14 09:00:00,99.0,,94.5333333333333,30.4666666666667,108.866666666667,123.733333333333,95.1333333333333,98.1333333333333,81.3333333333333,131.4,215.733333333333
2026-08-14 09:15:00,105.066666666667,,97.0,31.5333333333333,243.933333333333,158.733333333333,79.8666666666667,181.133333333333,69.6,172.2,205.066666666667
2026-08-14 09:30:00,121.4,,91.9333333333333,38.4666666666667,228.266666666667,166.6,76.2666666666667,179.333333333333,68.8,177.8,175.866666666667
2026-08-14 09:45:00,107.133333333333,,80.4666666666667,27.6666666666667,280.333333333333,161.733333333333,64.6,125.533333333333,71.8,169.133333333333,132.266666666667
2026-08-14 10:00:00,92.8666666666667,,71.4,22.6666666666667,149.133333333333,142.733333333333,58.2,91.8,68.6666666666667,135.866666666667,99.8666666666667
2026-08-14 10:15:00,2860.25,,66.7333333333333,21.0666666666667,114.266666666667,143.466666666667,48.7333333333333,85.9333333333333,66.0666666666667,92.8666666666667,76.9333333333333
2026-08-14 10:30:00,,,61.4,15.6,93.4,152.733333333333,45.0,73.2,67.4,84.7333333333333,61.6
2026-08-14 10:45:00,,,46.7333333333333,18.6,95.3333333333333,138.066666666667,41.5333333333333,65.2666666666667,69.8,87.5333333333333,58.1333333333333
2026-08-14 11:00:00,,,47.6,21.0666666666667,95.0,117.6,38.6,59.8,66.9333333333333,70.4,51.5333333333333
2026-08-14 11:15:00,,,53.7333333333333,19.2,78.6,112.333333333333,41.2,58.9333333333333,66.0,66.5333333333333,50.0666666666667
2026-08-14 11:30:00,,,53.0666666666667,25.4,72.6,116.0,42.5333333333333,51.6,65.9333333333333,65.0666666666667,52.2
2026-08-14 11:45:00,,,50.8666666666667,17.8,75.0,115.133333333333,43.0666666666667,53.1333333333333,70.6,72.0,48.7333333333333
2026-08-14 12:00:00,,,49.0,17.3333333333333,73.2666666666667,109.466666666667,39.0,45.6,76.2666666666667,79.6,52.1333333333333
2026-08-14 12:15:00,,,55.0,17.3333333333333,71.2666666666667,102.533333333333,37.2,44.6,73.6666666666667,88.5333333333333,51.0666666666667
2026-08-14 12:30:00,,,69.2,21.2666666666667,58.2666666666667,104.4,37.2666666666667,53.0,66.5333333333333,95.6666666666667,52.0
2026-08-14 12:45:00,,,50.4,20.8,61.8666666666667,107.666666666667,32.8,55.6,62.2,94.4,84.7333333333333
2026-08-14 13:00:00,,,56.6666666666667,16.8666666666667,60.0,112.666666666667,31.6,147.0,63.2666666666667,98.2,80.6
2026-08-14 13:15:00,,,53.7333333333333,18.0666666666667,54.8,147.933333333333,36.6,208.8,65.0666666666667,99.1333333333333,118.133333333333
2026-08-14 13:30:00,,,51.9333333333333,19.4666666666667,70.6,153.6,39.2666666666667,211.133333333333,83.4,76.3333333333333,132.733333333333
2026-08-14 13:45:00,,,41.5333333333333,18.4,88.8666666666667,130.8,39.0666666666667,184.933333333333,87.0,70.4666666666667,98.2
2026-08-14 14:00:00,,,30.6666666666667,19.0,82.4,106.8,43.4,259.133333333333,64.1333333333333,77.4666666666667,90.8
2026-08-14 14:15:00,,,40.6666666666667,18.4666666666667,72.4666666666667,87.2,51.9333333333333,132.333333333333,88.2,56.8666666666667,48.2
2026-08-14 14:30:00,,,60.4,21.2,66.0666666666667,63.4666666666667,57.9333333333333,53.6666666666667,58.9333333333333,44.9333333333333,35.5333333333333
2026-08-14 14:45:00,,,50.2,17.6666666666667,49.2666666666667,46.0666666666667,60.6,46.2666666666667,49.3333333333333,39.4666666666667,32.7333333333333
2026-08-14 15:00:00,,,42.4,20.2,38.2,49.0,64.0,38.8666666666667,40.8666666666667,37.5333333333333,37.7333333333333
2026-08-14 15:15:00,,,30.5333333333333,18.2666666666667,35.4666666666667,51.1333333333333,55.2,43.4666666666667,40.8,37.7333333333333,49.3333333333333
2026-08-14 15:30:00,,,30.9333333333333,22.0666666666667,41.0,46.7333333333333,42.8666666666667,44.1333333333333,42.0,43.1333333333333,34.8
2026-08-14 15:45:00,,,34.8666666666667,19.2,42.1333333333333,49.6666666666667,42.9333333333333,48.2666666666667,43.7333333333333,43.4,36.6666666666667
2026-08-14 16:00:00,,,28.6666666666667,18.0666666666667,43.0666666666667,46.6666666666667,42.1333333333333,37.4666666666667,41.4,44.4,48.6666666666667
2026-08-14 16:15:00,,,28.2,19.8666666666667,40.0666666666667,44.4,39.6666666666667,42.6666666666667,69.6666666666667,46.9333333333333,59.5333333333333
2026-08-14 16:30:00,,,47.6666666666667,21.7333333333333,49.4,46.3333333333333,47.0,39.8,54.0,43.0666666666667,70.8666666666667
2026-08-14 16:45:00,,,94.6666666666667,17.9333333333333,63.0,49.9333333333333,46.0,36.7333333333333,55.0,45.1333333333333,85.6666666666667
2026-08-14 17:00:00,,,42.2666666666667,15.8666666666667,60.0,53.1333333333333,48.0666666666667,40.3333333333333,59.5333333333333,44.2,92.6666666666667
2026-08-14 17:15:00,,,31.1333333333333,16.8666666666667,45.2666666666667,49.9333333333333,44.3333333333333,43.8666666666667,46.2,48.6,91.0666666666667
2026-08-14 17:30:00,,,40.4666666666667,18.5333333333333,36.6,48.7333333333333,51.2,40.3333333333333,51.5333333333333,50.7333333333333,175.666666666667
2026-08-14 17:45:00,,,41.2,15.8,36.1333333333333,46.6,77.2,96.1333333333333,52.5333333333333,46.1333333333333,147.666666666667
2026-08-14 18:00:00,,,32.8666666666667,19.8,35.0666666666667,46.3333333333333,105.8,57.6,54.0666666666667,58.2,165.6
2026-08-14 18:15:00,,,41.0666666666667,16.8,38.5333333333333,44.2,49.1333333333333,50.5333333333333,55.0,56.2,128.0
2026-08-14 18:30:00,,,39.8,13.0666666666667,42.0666666666667,44.4666666666667,54.5333333333333,44.1333333333333,71.3333333333333,47.7333333333333,120.2
2026-08-14 18:45:00,,,39.5333333333333,11.8666666666667,42.4666666666667,46.6,64.8,44.5333333333333,65.1333333333333,51.3333333333333,134.6
2026-08-14 19:00:00,,,36.2666666666667,14.2,40.5333333333333,54.7333333333333,48.6,43.1333333333333,59.7333333333333,62.1333333333333,152.2
2026-08-14 19:15:00,,,45.2666666666667,12.5333333333333,41.8666666666667,55.5333333333333,62.6666666666667,53.8,61.0,85.7333333333333,179.066666666667
2026-08-14 19:30:00,,,36.2666666666667,11.7333333333333,41.5333333333333,59.2666666666667,88.8666666666667,49.4666666666667,80.8666666666667,105.266666666667,190.8
2026-08-14 19:45:00,,,51.0,15.4,45.4666666666667,67.6666666666667,100.866666666667,52.6,78.0,97.3333333333333,175.666666666667
2026-08-14 20:00:00,,,57.3333333333333,14.1333333333333,61.5333333333333,71.9333333333333,158.933333333333,61.2,79.2,113.066666666667,238.2
2026-08-14 20:15:00,,,47.4666666666667,13.3333333333333,58.2666666666667,79.1333333333333,198.933333333333,83.6666666666667,96.6666666666667,119.0,171.866666666667
2026-08-14 20:30:00,,,49.0,20.0,57.2666666666667,81.0666666666667,219.666666666667,81.6,103.666666666667,119.466666666667,197.066666666667
2026-08-14 20:45:00,,,55.8,16.5333333333333,63.2666666666667,78.2666666666667,227.266666666667,87.3333333333333,116.066666666667,119.733333333333,171.6
2026-08-14 21:00:00,,,63.2,15.4666666666667,61.0,78.6666666666667,242.866666666667,82.1333333333333,213.6,113.466666666667,227.266666666667
2026-08-14 21:15:00,,,58.5333333333333,17.0,64.5333333333333,76.6666666666667,266.933333333333,95.8,285.533333333333,107.4,261.4
2026-08-14 21:30:00,,,57.6,18.1333333333333,72.7333333333333,82.8666666666667,328.266666666667,109.933333333333,160.6,122.4,225.066666666667
2026-08-14 21:45:00,,,51.5333333333333,18.8666666666667,82.9333333333333,80.0,530.066666666667,138.8,117.933333333333,133.333333333333,221.133333333333
2026-08-14 22:00:00,,,51.2666666666667,24.2,87.1333333333333,74.4666666666667,496.466666666667,144.0,201.733333333333,141.4,300.866666666667
2026-08-14 22:15:00,,,53.2666666666667,22.3333333333333,78.0666666666667,80.9333333333333,536.733333333333,120.2,155.6,139.4,273.333333333333
2026-08-14 22:30:00,,,56.7333333333333,20.2666666666667,84.2,80.5333333333333,656.533333333333,116.6,235.866666666667,149.333333333333,241.6
2026-08-14 22:45:00,,,69.2666666666667,20.2,96.4,77.6666666666667,764.0,161.6,244.933333333333,152.666666666667,247.0
2026-08-14 23:00:00,,,74.5333333333333,21.4,89.4666666666667,78.0666666666667,338.333333333333,146.2,207.333333333333,193.266666666667,268.333333333333
2026-08-14 23:15:00,,,87.9333333333333,22.4,85.6,80.3333333333333,438.266666666667,133.2,255.333333333333,195.466666666667,315.333333333333
2026-08-14 23:30:00,,,102.333333333333,21.6,116.266666666667,74.6666666666667,300.733333333333,174.6,228.733333333333,227.4,288.733333333333
2026-08-14 23:45:00,,,89.2,20.8666666666667,109.933333333333,87.0,449.066666666667,143.333333333333,181.933333333333,232.066666666667,298.2
2026-08-15 00:00:00,,,80.8,19.9333333333333,116.0,84.8666666666667,1180.66666666667,206.133333333333,223.2,292.4,311.666666666667
2026-08-15 00:15:00,,,81.9333333333333,21.7333333333333,110.8,87.8666666666667,417.2,188.733333333333,336.733333333333,282.533333333333,309.2
2026-08-15 00:30:00,,,72.8666666666667,20.4666666666667,96.2666666666667,99.7333333333333,593.466666666667,203.0,253.0,255.2,327.8
2026-08-15 00:45:00,,,64.0,17.6666666666667,81.6666666666667,109.333333333333,705.466666666667,194.2,305.133333333333,246.4,347.066666666667
2026-08-15 01:00:00,,,66.8,17.7333333333333,78.8666666666667,98.6666666666667,290.733333333333,218.733333333333,310.666666666667,245.466666666667,324.866666666667
2026-08-15 01:15:00,,,79.6666666666667,16.2666666666667,238.6,96.1333333333333,1619.53333333333,210.466666666667,260.133333333333,242.066666666667,392.266666666667
2026-08-15 01:30:00,,,198.066666666667,18.0,52.8,88.9333333333333,673.133333333333,187.4,234.466666666667,240.8,402.4
2026-08-15 01:45:00,,,182.266666666667,15.9333333333333,74.3333333333333,93.1333333333333,487.933333333333,218.066666666667,250.6,235.066666666667,368.4
2026-08-15 02:00:00,,,70.8,17.0,1426.06666666667,96.8,316.866666666667,238.0,260.733333333333,264.266666666667,1239.86666666667
2026-08-15 02:15:00,,,89.6,19.3333333333333,1368.26666666667,104.666666666667,487.2,282.733333333333,271.4,283.933333333333,819.8
2026-08-15 02:30:00,,,622.6,22.1333333333333,2217.2,97.2,272.066666666667,248.066666666667,202.266666666667,267.733333333333,486.666666666667
2026-08-15 02:45:00,,,3667.6,24.6,1208.46666666667,92.9333333333333,268.066666666667,208.6,255.0,270.733333333333,592.533333333333
2026-08-15 03:00:00,,,334.066666666667,24.4,3149.2,95.4,256.533333333333,186.133333333333,208.933333333333,277.333333333333,481.6
2026-08-15 03:15:00,,,96.6,25.7333333333333,3919.93333333333,118.6,216.8,253.933333333333,276.533333333333,404.6,497.866666666667
2026-08-15 03:30:00,,,565.2,25.2,3445.8,107.133333333333,586.6,292.866666666667,237.733333333333,1843.33333333333,496.666666666667
2026-08-15 03:45:00,,,232.733333333333,22.9333333333333,3426.8,109.466666666667,1038.33333333333,661.466666666667,282.0,2241.6,853.0
2026-08-15 04:00:00,,,82.1333333333333,20.8666666666667,1231.66666666667,141.533333333333,382.4,1091.93333333333,285.466666666667,2662.2,1963.13333333333
2026-08-15 04:15:00,,,722.4,19.6,1824.53333333333,299.533333333333,332.733333333333,808.133333333333,291.066666666667,953.266666666667,1314.13333333333
2026-08-15 04:30:00,,,510.4,24.0,1597.6,692.466666666667,434.533333333333,292.666666666667,220.133333333333,693.4,1185.26666666667
2026-08-15 04:45:00,,,724.4,22.1333333333333,3847.66666666667,1151.66666666667,447.4,621.2,251.933333333333,1002.2,633.266666666667
2026-08-15 05:00:00,,,407.0,23.0666666666667,2058.6,675.733333333333,577.4,675.533333333333,235.466666666667,1373.4,358.933333333333
2026-08-15 05:15:00,,,401.066666666667,24.0,892.866666666667,933.133333333333,457.933333333333,308.866666666667,285.666666666667,1460.46666666667,770.2
2026-08-15 05:30:00,,,290.333333333333,23.3333333333333,2169.66666666667,1578.2,360.133333333333,276.133333333333,270.2,636.0,767.4
2026-08-15 05:45:00,,,1183.4,25.2666666666667,829.266666666667,1527.66666666667,289.333333333333,264.0,236.733333333333,198.2,285.266666666667
2026-08-15 06:00:00,,,1038.46666666667,24.6666666666667,582.2,1666.93333333333,691.666666666667,351.8,232.6,176.933333333333,447.066666666667
2026-08-15 06:15:00,,,578.533333333333,22.8,1098.13333333333,2394.6,1202.73333333333,346.866666666667,186.066666666667,160.466666666667,669.8
2026-08-15 06:30:00,,,341.6,24.7333333333333,750.533333333333,5250.66666666667,332.4,382.666666666667,205.333333333333,172.333333333333,278.266666666667
2026-08-15 06:45:00,,,1149.53333333333,24.0,1001.13333333333,3891.13333333333,661.666666666667,389.066666666667,175.466666666667,370.266666666667,293.8
2026-08-15 07:00:00,,,1022.53333333333,38.0,1099.53333333333,4174.13333333333,407.533333333333,360.933333333333,155.466666666667,358.533333333333,222.6
2026-08-15 07:15:00,,,617.2,29.4,1018.33333333333,4473.06666666667,436.533333333333,510.2,115.533333333333,456.666666666667,382.533333333333
2026-08-15 07:30:00,,,489.733333333333,22.9333333333333,1711.07692307692,3777.53333333333,320.8,592.666666666667,96.3333333333333,661.733333333333,263.6
2026-08-15 07:45:00,,,1148.86666666667,21.6666666666667,,3429.06666666667,458.8,536.066666666667,130.533333333333,784.133333333333,257.2
2026-08-15 08:00:00,,,479.933333333333,25.6666666666667,,3233.26666666667,107.066666666667,535.066666666667,163.733333333333,402.933333333333,315.666666666667
2026-08-15 08:15:00,,,2636.53333333333,20.2666666666667,4.0,2106.2,466.666666666667,155.333333333333,126.733333333333,159.466666666667,123.733333333333
2026-08-15 08:30:00,,,3267.93333333333,22.8666666666667,,1360.53333333333,1731.93333333333,218.466666666667,89.7333333333333,168.2,93.0
2026-08-15 08:45:00,,,2618.6,20.2,,771.666666666667,341.933333333333,127.266666666667,77.4666666666667,142.533333333333,138.133333333333
2026-08-15 09:00:00,,,1248.8,18.7333333333333,,439.066666666667,85.0,111.333333333333,52.2,60.8666666666667,158.066666666667
2026-08-15 09:15:00,,,2432.8,15.8,,442.866666666667,48.8,111.666666666667,61.3333333333333,84.3333333333333,169.2
2026-08-15 09:30:00,,,1661.93333333333,24.2,,278.933333333333,46.2666666666667,109.4,72.1333333333333,60.4666666666667,184.466666666667
2026-08-15 09:45:00,,,122.0,22.4666666666667,,651.666666666667,47.5333333333333,106.6,60.6666666666667,43.4,200.066666666667
2026-08-15 10:00:00,,,46.8666666666667,27.4,,239.6,45.5333333333333,91.5333333333333,63.5333333333333,45.5333333333333,173.533333333333
2026-08-15 10:15:00,,,43.9333333333333,32.7333333333333,,102.733333333333,45.8666666666667,83.2,58.4666666666667,47.6666666666667,101.666666666667
2026-08-15 10:30:00,,,42.4666666666667,25.7333333333333,,83.2,47.8666666666667,79.0,60.8666666666667,43.6666666666667,60.5333333333333
2026-08-15 10:45:00,,,43.4666666666667,22.2666666666667,,71.8666666666667,48.8,64.9333333333333,74.7333333333333,,44.0666666666667
2026-08-15 11:00:00,,,43.4,20.8,,65.5333333333333,48.5333333333333,53.5333333333333,57.8,,41.0666666666667
2026-08-15 11:15:00,,,41.8,17.2666666666667,,59.8,47.8666666666667,51.1333333333333,51.2,,40.1333333333333
2026-08-15 11:30:00,,,40.9333333333333,21.2,,57.2,48.9333333333333,56.1333333333333,52.6,,39.9333333333333
2026-08-15 11:45:00,,,42.4666666666667,17.5333333333333,,51.4666666666667,54.4,45.5333333333333,65.2666666666667,,40.5333333333333
2026-08-15 12:00:00,,,42.1333333333333,18.8,,49.6,48.8666666666667,41.8888888888889,59.0,,38.4666666666667
2026-08-15 12:15:00,,,40.0,22.0,,62.2,49.7333333333333,10.8,59.9333333333333,,34.9333333333333
2026-08-15 12:30:00,,,39.5333333333333,22.0666666666667,,61.2666666666667,48.0666666666667,8.8,60.8,,6.46666666666667
2026-08-15 12:45:00,,,42.1333333333333,24.5333333333333,,57.7333333333333,49.8,5.5,48.1333333333333,,0.0
2026-08-15 13:00:00,,,39.9333333333333,22.4666666666667,,56.3333333333333,49.6,11.0,39.3333333333333,,0.0
2026-08-15 13:15:00,,,38.5333333333333,24.2666666666667,,49.3333333333333,49.2,,37.4,,0.0
2026-08-15 13:30:00,,,36.0666666666667,20.0666666666667,,47.8,43.7333333333333,,38.6666666666667,,0.0
2026-08-15 13:45:00,,,37.6,18.0666666666667,,50.2666666666667,43.3333333333333,36.6666666666667,34.3333333333333,,0.0
2026-08-15 14:00:00,,,34.8666666666667,19.4666666666667,,46.8666666666667,39.2666666666667,32.8,35.7333333333333,,0.0
2026-08-15 14:15:00,,,34.3333333333333,21.8,,47.2,41.0666666666667,34.7333333333333,34.8666666666667,,0.0
2026-08-15 14:30:00,,,33.8,23.9333333333333,,45.1333333333333,44.0666666666667,32.8,37.4666666666667,,0.0
2026-08-15 14:45:00,,,32.6,25.7333333333333,,43.7333333333333,37.8,33.8,34.6666666666667,,0.0
2026-08-15 15:00:00,,,33.2666666666667,25.0666666666667,,38.8,46.0,35.0666666666667,34.8,,0.0
2026-08-15 15:15:00,,,31.7333333333333,20.5333333333333,,40.6666666666667,39.7333333333333,34.1333333333333,36.4666666666667,,0.0
2026-08-15 15:30:00,,,34.4,21.8,,38.6,38.4,31.4,40.8666666666667,,0.0
2026-08-15 15:45:00,,,34.6,22.0666666666667,,37.4,39.4,33.3333333333333,39.2,,0.0
2026-08-15 16:00:00,,,33.3333333333333,21.4,,39.6,35.6666666666667,32.6,44.5333333333333,,0.0
2026-08-15 16:15:00,,,35.7333333333333,21.9333333333333,,40.3333333333333,35.4666666666667,37.0,33.1,,0.0
2026-08-15 16:30:00,,,35.2666666666667,24.6666666666667,,40.9333333333333,37.4,36.7333333333333,7.75,,0.0
2026-08-15 16:45:00,,,35.9333333333333,24.3333333333333,,45.9333333333333,38.5454545454545,51.6666666666667,2.42857142857143,,0.0
2026-08-15 17:00:00,,,38.0,21.8,,45.4,,55.8,,,0.0
2026-08-15 17:15:00,,,37.2,21.9333333333333,,44.2,,34.1333333333333,,,0.0
2026-08-15 17:30:00,,,39.0,21.4666666666667,,44.8666666666667,,35.4,,,0.0
2026-08-15 17:45:00,,,41.4,23.0666666666667,,44.8666666666667,,41.5333333333333,,,0.0
2026-08-15 18:00:00,,,38.6666666666667,26.1333333333333,,49.4,,42.4666666666667,,,0.0
2026-08-15 18:15:00,,,41.3333333333333,21.0666666666667,,526.266666666667,,38.6666666666667,,,0.0
2026-08-15 18:30:00,,,43.1333333333333,27.3333333333333,,1124.53333333333,,52.6666666666667,,,0.0
2026-08-15 18:45:00,,,42.6,22.4,,849.866666666667,,37.7333333333333,,,0.0
2026-08-15 19:00:00,,,37.5333333333333,26.4,,467.8,,44.7333333333333,,,0.0
2026-08-15 19:15:00,,,45.1333333333333,23.5333333333333,,55.2,,45.8,,,0.0
2026-08-15 19:30:00,,,45.7333333333333,24.4666666666667,,56.1333333333333,,44.7333333333333,,,0.0
2026-08-15 19:45:00,,,52.4666666666667,26.7333333333333,,58.7333333333333,,58.0,,,0.0
2026-08-15 20:00:00,,,49.9333333333333,26.4,,55.8666666666667,,68.9333333333333,,,0.0
2026-08-15 20:15:00,,,51.2,31.6,,65.0666666666667,,66.2666666666667,,,0.0
2026-08-15 20:30:00,,,48.9333333333333,32.8666666666667,,71.8,,73.8,,,0.0
2026-08-15 20:45:00,,,44.3333333333333,31.6,,71.3333333333333,,75.4,,,0.0
2026-08-15 21:00:00,,,41.9333333333333,27.8666666666667,,72.8,,56.3333333333333,,,0.0
2026-08-15 21:15:00,,,45.9333333333333,26.6666666666667,,69.2666666666667,,70.5333333333333,,,
2026-08-15 21:30:00,,,41.4,27.0,,65.6666666666667,,65.4666666666667,,,
2026-08-15 21:45:00,,,53.2,26.0,,64.4,,57.7333333333333,,,
2026-08-15 22:00:00,,,53.0,25.2,,67.2666666666667,,68.3333333333333,,,
2026-08-15 22:15:00,,,54.0666666666667,23.4,,75.2,,96.5333333333333,,,
2026-08-15 22:30:00,,,46.1333333333333,20.6,,106.533333333333,,76.4,,,
2026-08-15 22:45:00,,,42.2666666666667,19.2666666666667,,162.533333333333,,94.4,,,
2026-08-15 23:00:00,,,40.6666666666667,17.0,,233.466666666667,,104.466666666667,,,
2026-08-15 23:15:00,,,43.5333333333333,19.2666666666667,,225.466666666667,,113.733333333333,,,
2026-08-15 23:30:00,,,49.5333333333333,20.2,,404.266666666667,,110.333333333333,,,
2026-08-15 23:45:00,,,50.4666666666667,20.9333333333333,,723.533333333333,,108.666666666667,,,
2026-08-16 00:00:00,,,55.0666666666667,20.7333333333333,,760.466666666667,,121.066666666667,,,
2026-08-16 00:15:00,,,57.6666666666667,21.4,,822.933333333333,,99.3333333333333,,,
2026-08-16 00:30:00,,,60.6,23.2,,1058.53333333333,,96.7333333333333,,,
2026-08-16 00:45:00,,,74.8666666666667,22.2,,1363.46666666667,,106.866666666667,,,
2026-08-16 01:00:00,,,105.4,23.1333333333333,,1643.8,,118.533333333333,,,
2026-08-16 01:15:00,,,100.133333333333,23.3333333333333,,1862.33333333333,,91.1333333333333,,,
2026-08-16 01:30:00,,,84.4,22.0666666666667,,1989.53333333333,,84.6666666666667,,,
2026-08-16 01:45:00,,,75.7333333333333,21.9333333333333,,1840.73333333333,,84.4666666666667,,,
2026-08-16 02:00:00,,,69.5333333333333,23.9333333333333,,2094.2,,93.2,,,
2026-08-16 02:15:00,,,72.0666666666667,21.3333333333333,,3177.06666666667,,110.466666666667,,,
2026-08-16 02:30:00,,,72.8666666666667,21.4666666666667,,3793.86666666667,,115.666666666667,,,
2026-08-16 02:45:00,,,77.4666666666667,22.0666666666667,,3757.66666666667,,120.2,,,
2026-08-16 03:00:00,,,83.0666666666667,20.8,,3932.6,,103.266666666667,,,
2026-08-16 03:15:00,,,107.933333333333,21.2666666666667,,4060.73333333333,,93.1333333333333,,,
2026-08-16 03:30:00,,,111.533333333333,21.2666666666667,,3146.33333333333,,99.0666666666667,,,
2026-08-16 03:45:00,,,104.666666666667,20.7333333333333,,161.533333333333,,134.2,,,
2026-08-16 04:00:00,,,63.5333333333333,22.8666666666667,,134.866666666667,,209.6,,,
2026-08-16 04:15:00,,,70.4,23.2,,137.6,,173.4,,,
2026-08-16 04:30:00,,,85.6,23.4,,144.0,,83.0666666666667,,,
2026-08-16 04:45:00,,,92.4666666666667,23.7333333333333,,122.133333333333,,85.8666666666667,,,
2026-08-16 05:00:00,,,94.4,22.0,,132.866666666667,,72.1333333333333,,,
2026-08-16 05:15:00,,,88.8666666666667,22.8666666666667,,120.533333333333,,78.8,,,
2026-08-16 05:30:00,,,90.4666666666667,22.8,,140.266666666667,,82.0666666666667,,,
2026-08-16 05:45:00,,,80.8,23.8,,140.933333333333,,73.3333333333333,,,
2026-08-16 06:00:00,,,70.8666666666667,24.3333333333333,,124.333333333333,,66.7333333333333,,,
2026-08-16 06:15:00,,,81.7333333333333,24.8666666666667,,111.133333333333,,70.4,,,
2026-08-16 06:30:00,,,91.2666666666667,30.2,,108.666666666667,,81.9333333333333,,,
2026-08-16 06:45:00,,,91.1333333333333,27.7333333333333,,92.8,,74.4666666666667,,,
2026-08-16 07:00:00,,,92.6,27.3333333333333,,89.8,,72.4,,,
2026-08-16 07:15:00,,,97.9333333333333,28.0666666666667,,88.8666666666667,,81.6,,,
2026-08-16 07:30:00,,,96.4,25.9333333333333,,88.2,,82.4,,,
2026-08-16 07:45:00,,,90.6,27.1333333333333,,93.5333333333333,,84.3333333333333,,,
2026-08-16 08:00:00,,,89.2666666666667,27.3333333333333,,90.8666666666667,,81.1333333333333,,,
2026-08-16 08:15:00,,,86.4666666666667,29.1333333333333,,91.1333333333333,,80.5333333333333,,,
2026-08-16 08:30:00,,,83.7333333333333,28.2,,79.5333333333333,,76.4,,,
2026-08-16 08:45:00,,,84.3333333333333,27.5333333333333,,78.1333333333333,,77.0,,,
2026-08-16 09:00:00,,,75.4,26.6,,77.6,,85.8,,,
2026-08-16 09:15:00,,,67.2666666666667,29.0666666666667,,84.3333333333333,,65.9333333333333,,,
2026-08-16 09:30:00,,,63.8666666666667,32.5333333333333,,103.933333333333,,368.8,,,
2026-08-16 09:45:00,,,53.5333333333333,31.1333333333333,,115.466666666667,,138.066666666667,,,
2026-08-16 10:00:00,,,63.5333333333333,34.7333333333333,,130.866666666667,,46.4666666666667,,,
2026-08-16 10:15:00,,,49.3333333333333,40.5333333333333,,194.666666666667,,41.4666666666667,,,
2026-08-16 10:30:00,,,48.3333333333333,47.5333333333333,,681.133333333333,,42.4,,,
2026-08-16 10:45:00,,,44.9333333333333,32.0,,404.4,,39.6666666666667,,,
2026-08-16 11:00:00,,,49.2,38.2666666666667,,1224.8,,44.6,,,
2026-08-16 11:15:00,,,50.1333333333333,36.0666666666667,,1579.8,,44.5333333333333,,,
2026-08-16 11:30:00,,,49.0,34.2666666666667,,1990.53333333333,,45.3333333333333,,,
2026-08-16 11:45:00,,,56.0666666666667,32.0,,2232.13333333333,,44.7333333333333,,,
2026-08-16 12:00:00,,,57.1333333333333,37.5333333333333,,1623.33333333333,,47.7333333333333,,,
2026-08-16 12:15:00,,,56.4,38.7333333333333,,2205.4,,52.2666666666667,,,
2026-08-16 12:30:00,,,55.0666666666667,38.1333333333333,,2403.93333333333,,50.2666666666667,,,
2026-08-16 12:45:00,,,61.4,37.3333333333333,,2003.66666666667,,54.0,,,
2026-08-16 13:00:00,,,61.0,43.5333333333333,,2146.6,,58.4,,,
2026-08-16 13:15:00,,,68.2666666666667,36.7333333333333,,2163.06666666667,,93.3333333333333,,,
2026-08-16 13:30:00,,,74.6666666666667,39.6,,2015.8,,81.8,,,
2026-08-16 13:45:00,,,80.8,37.4,,1312.8,,85.9333333333333,,,
2026-08-16 14:00:00,,,86.2666666666667,36.6666666666667,,1342.5,,90.9333333333333,,,
2026-08-16 14:15:00,,,93.6666666666667,35.2666666666667,,,,89.0,,,
2026-08-16 14:30:00,,,97.6,37.4666666666667,,,,110.6,,,
2026-08-16 14:45:00,,,100.733333333333,42.2,,,,100.4,,,
2026-08-16 15:00:00,,,105.333333333333,37.9333333333333,,,,96.9333333333333,,,
2026-08-16 15:15:00,,,110.933333333333,32.8666666666667,,,,103.733333333333,,,
2026-08-16 15:30:00,,,100.0,30.8,,,,126.333333333333,,,
2026-08-16 15:45:00,,,113.8,34.4666666666667,,,,192.333333333333,,,
2026-08-16 16:00:00,,,89.8666666666667,44.2666666666667,,,,168.466666666667,,,
2026-08-16 16:15:00,,,91.4666666666667,51.2,,,,73.0,,,
2026-08-16 16:30:00,,,97.3333333333333,58.9333333333333,,,,,,,
2026-08-16 16:45:00,,,93.2,64.6666666666667,,,,,,,
2026-08-16 17:00:00,,,55.9333333333333,67.6,,,,,,,
2026-08-16 17:15:00,,,47.4666666666667,68.9333333333333,,,,,,,
2026-08-16 17:30:00,,,45.9333333333333,65.8666666666667,,,,,,,
2026-08-16 17:45:00,,,49.6666666666667,59.0,,,,,,,
2026-08-16 18:00:00,,,48.8666666666667,63.2666666666667,,,,,,,
2026-08-16 18:15:00,,,57.7333333333333,66.4666666666667,,,,,,,
2026-08-16 18:30:00,,,65.6,64.4666666666667,,,,,,,
2026-08-16 18:45:00,,,71.8,72.5333333333333,,,,,,,
2026-08-16 19:00:00,,,80.2,76.4666666666667,,,,,,,
2026-08-16 19:15:00,,,83.6,67.4666666666667,,,,,,,
2026-08-16 19:30:00,,,86.6,71.7333333333333,,,,,,,
2026-08-16 19:45:00,,,91.0666666666667,64.0,,,,,,,
2026-08-16 20:00:00,,,101.8,63.2,,,,,,,
2026-08-16 20:15:00,,,100.933333333333,65.8,,,,,,,
2026-08-16 20:30:00,,,107.533333333333,59.3333333333333,,,,,,,
2026-08-16 20:45:00,,,116.066666666667,59.6666666666667,,,,,,,
2026-08-16 21:00:00,,,127.4,57.8,,,,,,,
2026-08-16 21:15:00,,,135.133333333333,59.2,,,,,,,
2026-08-16 21:30:00,,,136.8,59.2666666666667,,,,,,,
2026-08-16 21:45:00,,,148.266666666667,59.2666666666667,,,,,,,
2026-08-16 22:00:00,,,155.266666666667,69.0666666666667,,,,,,,
2026-08-16 22:15:00,,,160.066666666667,67.4666666666667,,,,,,,
2026-08-16 22:30:00,,,157.2,70.8,,,,,,,
2026-08-16 22:45:00,,,166.0,73.4,,,,,,,
2026-08-16 23:00:00,,,171.066666666667,69.8666666666667,,,,,,,
2026-08-16 23:15:00,,,217.2,72.3333333333333,,,,,,,
2026-08-16 23:30:00,,,195.6,82.8,,,,,,,
2026-08-16 23:45:00,,,205.333333333333,81.5333333333333,,,,,,,
2026-08-17 00:00:00,,,188.266666666667,87.3333333333333,,,,,,,
2026-08-17 00:15:00,,,201.066666666667,114.666666666667,,,,,,,
2026-08-17 00:30:00,,,187.666666666667,135.066666666667,,,,,,,
2026-08-17 00:45:00,,,163.533333333333,156.933333333333,,,,,,,
2026-08-17 01:00:00,,,185.0,197.2,,,,,,,
2026-08-17 01:15:00,,,197.533333333333,206.266666666667,,,,,,,
2026-08-17 01:30:00,,,185.8,199.8,,,,,,,
2026-08-17 01:45:00,,,204.333333333333,203.866666666667,,,,,,,
2026-08-17 02:00:00,,,184.6,204.466666666667,,,,,,,
2026-08-17 02:15:00,,,174.666666666667,208.333333333333,,,,,,,
2026-08-17 02:30:00,,,204.666666666667,199.066666666667,,,,,,,
2026-08-17 02:45:00,,,208.666666666667,183.533333333333,,,,,,,
2026-08-17 03:00:00,,,244.466666666667,173.466666666667,,,,,,,
2026-08-17 03:15:00,,,213.2,160.733333333333,,,,,,,
2026-08-17 03:30:00,,,242.0,156.266666666667,,,,,,,
2026-08-17 03:45:00,,,123.133333333333,149.2,,,,,,,
2026-08-17 04:00:00,,,165.866666666667,147.533333333333,,,,,,,
2026-08-17 04:15:00,,,751.466666666667,147.133333333333,,,,,,,
2026-08-17 04:30:00,,,650.733333333333,144.866666666667,,,,,,,
2026-08-17 04:45:00,,,424.4,150.066666666667,,,,,,,
2026-08-17 05:00:00,,,157.0,150.6,,,,,,,
2026-08-17 05:15:00,,,153.0,161.933333333333,,,,,,,
2026-08-17 05:30:00,,,153.466666666667,157.733333333333,,,,,,,
2026-08-17 05:45:00,,,143.733333333333,167.6,,,,,,,
2026-08-17 06:00:00,,,141.6,192.8,,,,,,,
2026-08-17 06:15:00,,,155.733333333333,310.466666666667,,,,,,,
2026-08-17 06:30:00,,,143.733333333333,361.466666666667,,,,,,,
2026-08-17 06:45:00,,,147.666666666667,360.0,,,,,,,
2026-08-17 07:00:00,,,401.6,,,,,,,,
2026-08-17 07:15:00,,,530.733333333333,,,,,,,,
2026-08-17 07:30:00,,,155.066666666667,,,,,,,,
2026-08-17 07:45:00,,,142.4,,,,,,,,
2026-08-17 08:00:00,,,127.4,,,,,,,,
2026-08-17 08:15:00,,,122.066666666667,,,,,,,,
2026-08-17 08:30:00,,,122.666666666667,,,,,,,,
2026-08-17 08:45:00,,,108.666666666667,,,,,,,,
2026-08-17 09:00:00,,,109.066666666667,26.75,,,,,,,
2026-08-17 09:15:00,,,106.533333333333,,,,,,,,
2026-08-17 09:30:00,,16.0,95.4,,,,,,,,
2026-08-17 09:45:00,,,85.0,,,,,,,,
2026-08-17 10:00:00,,,81.4,,,,,,,,
2026-08-17 10:15:00,,,79.5333333333333,,,,,,,,
2026-08-17 10:30:00,,,79.2,,,,,,,,
2026-08-17 10:45:00,,,72.5333333333333,,,,,,,,
2026-08-17 11:00:00,,,61.1333333333333,,,,,,,,
2026-08-17 11:15:00,,,56.6,,,,,,,,
2026-08-17 11:30:00,,,53.9333333333333,,,,,,,,
2026-08-17 11:45:00,,,53.4666666666667,,,,,,,,
2026-08-17 12:00:00,,,49.3333333333333,,,,,,,,
2026-08-17 12:15:00,,,46.4,,,,,,,,
2026-08-17 12:30:00,,,56.0,,,,,,,,
2026-08-17 12:45:00,,,42.8,,,,,,,,
2026-08-17 13:00:00,,,39.9333333333333,,,,,,,,
2026-08-17 13:15:00,,,39.0,,,,,,,,
2026-08-17 13:30:00,,,56.6666666666667,,,,,,,,
2026-08-17 13:45:00,,,43.2,,,,,,,,
2026-08-17 14:00:00,,,36.8,,,,,,,,
2026-08-17 14:15:00,,,27.8,,,,,,,,
2026-08-17 14:30:00,,,21.4666666666667,,,,,,,,
2026-08-17 14:45:00,,,14.8,,,,,,,,
2026-08-17 15:00:00,,,23.5333333333333,,,,,,,,
2026-08-17 15:15:00,,,24.0,,,,,,,,
2026-08-17 15:30:00,,,25.2,,,,,,,,
2026-08-17 15:45:00,,,28.9333333333333,,,,,,,,
2026-08-17 16:00:00,,,39.0,,,,,,,,
2026-08-17 16:15:00,,,38.0,,,,,,,,
2026-08-17 16:30:00,,,37.8666666666667,,,,,,,,
2026-08-17 16:45:00,,,35.4,,,,,,,,
2026-08-17 17:00:00,,,37.2666666666667,,,,,,,,
2026-08-17 17:15:00,,,38.4,,,,,,,,
2026-08-17 17:30:00,,,39.7333333333333,,,,,,,,
2026-08-17 17:45:00,,,43.6666666666667,,,,,,,,
2026-08-17 18:00:00,,,50.7333333333333,,,,,,,,
2026-08-17 18:15:00,,,36.8666666666667,,,,,,,,
2026-08-17 18:30:00,,,28.4666666666667,,,,,,,,
2026-08-17 18:45:00,,,27.5333333333333,,,,,,,,
2026-08-17 19:00:00,,,28.8666666666667,,,,,,,,
2026-08-17 19:15:00,,,35.3333333333333,,,,,,,,
2026-08-17 19:30:00,,,35.0666666666667,,,,,,,,
2026-08-17 19:45:00,,,35.8666666666667,,,,,,,,
2026-08-17 20:00:00,,,32.8333333333333,,,,,,,,
