Date/Time,5388_O_OHRA,9991_O_ALTO,5635_O_SEWY,8445_O_LNPL,9063_O_COLS,1400_O_MCCA,4749_O_JEFF,9267_O_SQHL,3050_O_OHCO,1266_O_WLKG
2026-05-01 12:30:00,,,,,,,,24.0,,
2026-05-01 12:45:00,,,,,,,,17.93333333,,
2026-05-01 13:00:00,,,,,,,,15.73333333,,
2026-05-01 13:15:00,,,,,,,,15.33333333,,
2026-05-01 13:30:00,,,,,,,21.66666667,17.86666667,,
2026-05-01 13:45:00,,,,,,,17.6,23.33333333,,
2026-05-01 14:00:00,,,,,,20.16666667,17.33333333,28.13333333,,
2026-05-01 14:15:00,,,,,,24.66666667,25.4,34.73333333,,
2026-05-01 14:30:00,,,,,,24.93333333,24.53333333,31.4,,
2026-05-01 14:45:00,,,,,,28.93333333,46.13333333,25.4,,
2026-05-01 15:00:00,,,,,,37.53333333,25.73333333,24.33333333,,
2026-05-01 15:15:00,,,,,,33.13333333,23.06666667,24.2,,
2026-05-01 15:30:00,,,,,,31.86666667,21.46666667,21.93333333,,
2026-05-01 15:45:00,,25.53333333,,,,32.73333333,71.93333333,22.6,,
2026-05-01 16:00:00,,26.26666667,,,,32.4,19.0,31.93333333,,
2026-05-01 16:15:00,,19.4,,,,36.86666667,35.13333333,32.73333333,,
2026-05-01 16:30:00,,15.66666667,,,,39.66666667,23.26666667,34.46666667,,
2026-05-01 16:45:00,,16.73333333,,,,38.66666667,65.73333333,36.73333333,,
2026-05-01 17:00:00,,25.86666667,,,,34.8,37.6,34.73333333,,
2026-05-01 17:15:00,,17.66666667,,,,31.66666667,29.06666667,33.6,,
2026-05-01 17:30:00,,31.46666667,,,,32.33333333,25.4,35.0,,
2026-05-01 17:45:00,,21.06666667,,,,32.26666667,116.2,30.6,,
2026-05-01 18:00:00,,20.8,,,,31.06666667,24.46666667,26.13333333,,
2026-05-01 18:15:00,,23.66666667,,,,35.2,24.2,25.86666667,,
2026-05-01 18:30:00,,27.33333333,,,,37.86666667,22.93333333,24.06666667,,
2026-05-01 18:45:00,,24.0,,,,40.86666667,25.13333333,24.8,,
2026-05-01 19:00:00,,22.33333333,,,,31.0,24.8,32.86666667,,
2026-05-01 19:15:00,,23.73333333,,,,19.53333333,117.6,28.13333333,,
2026-05-01 19:30:00,,22.66666667,,,,20.2,27.13333333,21.66666667,,
2026-05-01 19:45:00,,23.6,,,,20.06666667,30.0,18.86666667,,
2026-05-01 20:00:00,,22.06666667,,,,16.86666667,24.93333333,18.2,,
2026-05-01 20:15:00,,20.26666667,,,,9.0,28.73333333,15.86666667,,
2026-05-01 20:30:00,,18.86666667,,,14.42857143,9.86666667,21.2,14.06666667,,
2026-05-01 20:45:00,,20.0,,,21.0,8.2,19.66666667,9.66666667,,
2026-05-01 21:00:00,,20.33333333,,,19.66666667,7.33333333,16.86666667,7.8,,
2026-05-01 21:15:00,,21.2,,,17.46666667,7.53333333,11.93333333,7.53333333,,
2026-05-01 21:30:00,,22.13333333,,,18.66666667,8.26666667,10.33333333,8.8,,
2026-05-01 21:45:00,,24.33333333,,,22.6,7.86666667,41.13333333,7.06666667,,
2026-05-01 22:00:00,,26.93333333,,,20.46666667,8.66666667,7.13333333,7.0,,
2026-05-01 22:15:00,,21.26666667,,,18.33333333,9.86666667,6.53333333,7.53333333,,
2026-05-01 22:30:00,,21.2,,,21.2,9.66666667,6.26666667,9.0,,
2026-05-01 22:45:00,,22.13333333,,,21.73333333,11.2,8.06666667,8.8,,
2026-05-01 23:00:00,,22.6,,,21.26666667,11.4,9.4,9.33333333,,
2026-05-01 23:15:00,,22.53333333,,,27.2,11.73333333,11.0,9.66666667,,
2026-05-01 23:30:00,,22.06666667,,,29.6,13.6,46.86666667,11.66666667,,
2026-05-01 23:45:00,,11.6,,,29.13333333,14.73333333,100.4,12.2,,
2026-05-02 00:00:00,,15.06666667,,,30.6,18.26666667,16.46666667,14.6,,
2026-05-02 00:15:00,,10.13333333,,,31.2,18.26666667,15.73333333,16.66666667,,
2026-05-02 00:30:00,,8.2,,,38.0,18.6,17.0,17.33333333,,
2026-05-02 00:45:00,,6.0,,,42.0,17.73333333,23.0,16.93333333,,
2026-05-02 01:00:00,,9.93333333,,,38.0,18.93333333,18.2,17.93333333,,
2026-05-02 01:15:00,,15.13333333,,,31.46666667,19.2,16.86666667,18.13333333,,
2026-05-02 01:30:00,,17.73333333,,,30.26666667,20.33333333,21.66666667,18.8,,
2026-05-02 01:45:00,,17.53333333,,,32.4,20.33333333,20.26666667,19.93333333,,
2026-05-02 02:00:00,,17.33333333,,,32.53333333,157.8,20.0,18.4,,
2026-05-02 02:15:00,,16.8,,,35.2,19.4,22.8,18.86666667,,
2026-05-02 02:30:00,,16.0,,,30.6,23.2,24.2,20.2,,
2026-05-02 02:45:00,,16.06666667,,,30.46666667,25.4,23.2,18.73333333,,
2026-05-02 03:00:00,,17.8,,,27.8,25.86666667,25.93333333,20.46666667,,
2026-05-02 03:15:00,,17.0,,,28.66666667,25.0,24.93333333,18.66666667,,
2026-05-02 03:30:00,,17.73333333,,,27.6,26.93333333,31.33333333,18.93333333,,
2026-05-02 03:45:00,,18.86666667,,,24.6,25.6,32.86666667,20.06666667,,
2026-05-02 04:00:00,,17.13333333,,,23.66666667,27.8,33.4,21.2,,
2026-05-02 04:15:00,,17.26666667,,,23.33333333,30.0,34.8,21.93333333,,
2026-05-02 04:30:00,,18.26666667,,,21.0,30.13333333,47.53333333,20.6,,
2026-05-02 04:45:00,,19.46666667,,,20.93333333,27.93333333,279.86666667,19.8,,
2026-05-02 05:00:00,,17.86666667,,,23.93333333,27.53333333,61.46666667,23.53333333,,
2026-05-02 05:15:00,,16.86666667,,,19.26666667,23.2,49.46666667,25.13333333,,
2026-05-02 05:30:00,,16.8,,,20.0,19.33333333,47.6,27.46666667,,
2026-05-02 05:45:00,,16.6,,,23.8,19.53333333,1168.06666667,30.66666667,,
2026-05-02 06:00:00,,17.46666667,,,25.26666667,23.8,267.2,29.46666667,,
2026-05-02 06:15:00,,26.4,,,25.06666667,24.46666667,28.46666667,25.93333333,,
2026-05-02 06:30:00,,26.13333333,,,30.8,24.4,42.86666667,26.0,,
2026-05-02 06:45:00,,23.73333333,,,36.8,26.4,40.66666667,27.0,,
2026-05-02 07:00:00,,23.53333333,,,28.53333333,35.06666667,44.73333333,28.53333333,,
2026-05-02 07:15:00,,21.4,,,29.6,27.93333333,44.06666667,30.73333333,,
2026-05-02 07:30:00,,20.2,,,19.53333333,29.73333333,62.26666667,36.33333333,,
2026-05-02 07:45:00,,18.4,,,18.2,35.93333333,55.73333333,41.8,,
2026-05-02 08:00:00,,21.86666667,,,18.6,37.26666667,55.66666667,148.6,,
2026-05-02 08:15:00,,21.0,,,16.53333333,38.06666667,56.33333333,34.0,,
2026-05-02 08:30:00,,20.93333333,,,15.86666667,35.6,51.06666667,74.06666667,,
2026-05-02 08:45:00,,18.93333333,,,17.13333333,31.86666667,127.13333333,30.26666667,,
2026-05-02 09:00:00,,19.8,,,18.86666667,29.0,42.0,28.0,,
2026-05-02 09:15:00,,18.93333333,,,19.4,27.93333333,56.46666667,21.0,,
2026-05-02 09:30:00,,17.2,,,18.86666667,24.26666667,25.33333333,20.8,,
2026-05-02 09:45:00,,17.06666667,,,17.26666667,23.46666667,19.93333333,21.46666667,,
2026-05-02 10:00:00,,19.6,,,15.33333333,22.86666667,22.46666667,20.33333333,,
2026-05-02 10:15:00,19.85714286,17.33333333,,,16.53333333,23.33333333,18.73333333,18.8,,
2026-05-02 10:30:00,20.8,17.0,,,16.86666667,27.53333333,72.2,20.26666667,,
2026-05-02 10:45:00,18.93333333,16.8,,,13.4,25.6,19.4,18.73333333,,
2026-05-02 11:00:00,17.86666667,16.13333333,,,12.73333333,24.33333333,36.06666667,18.93333333,,
2026-05-02 11:15:00,21.6,16.4,,,13.66666667,20.13333333,20.46666667,29.73333333,,
2026-05-02 11:30:00,20.2,15.73333333,,,14.33333333,14.73333333,89.33333333,21.93333333,,
2026-05-02 11:45:00,21.53333333,16.26666667,,,12.46666667,19.26666667,19.06666667,21.06666667,,
2026-05-02 12:00:00,21.33333333,15.26666667,,,14.2,16.2,16.2,20.26666667,,
2026-05-02 12:15:00,22.93333333,15.0,,,10.93333333,15.66666667,22.6,18.86666667,,
2026-05-02 12:30:00,31.4,14.6,,,8.8,14.73333333,20.4,17.46666667,,
2026-05-02 12:45:00,43.26666667,14.86666667,,,9.06666667,16.06666667,16.86666667,18.2,,
2026-05-02 13:00:00,31.06666667,17.93333333,,,10.8,18.33333333,51.86666667,18.46666667,,
2026-05-02 13:15:00,26.13333333,16.93333333,,,9.33333333,19.13333333,15.4,16.93333333,,
2026-05-02 13:30:00,21.66666667,18.86666667,,,10.13333333,19.53333333,15.6,16.53333333,,
2026-05-02 13:45:00,19.53333333,18.13333333,,,10.33333333,19.33333333,20.33333333,18.33333333,,
2026-05-02 14:00:00,16.73333333,17.13333333,,,9.86666667,30.8,16.13333333,17.46666667,,
2026-05-02 14:15:00,15.26666667,18.86666667,,,9.66666667,20.46666667,16.06666667,17.33333333,,
2026-05-02 14:30:00,17.0,19.86666667,,,9.4,19.73333333,355.93333333,18.73333333,,
2026-05-02 14:45:00,18.33333333,23.13333333,,,10.93333333,17.73333333,17.53333333,18.13333333,,
2026-05-02 15:00:00,18.2,20.86666667,,,10.33333333,16.4,19.6,338.06666667,,
2026-05-02 15:15:00,15.93333333,19.8,,,10.2,15.46666667,17.33333333,356.06666667,,
2026-05-02 15:30:00,17.13333333,17.4,,,10.0,15.13333333,49.66666667,19.33333333,,
2026-05-02 15:45:00,16.86666667,15.66666667,,,10.93333333,14.73333333,16.8,19.4,,
2026-05-02 16:00:00,16.33333333,17.93333333,,,10.8,12.73333333,18.6,17.6,,
2026-05-02 16:15:00,14.2,15.73333333,,,15.46666667,12.93333333,26.53333333,16.0,,
2026-05-02 16:30:00,13.86666667,19.86666667,,28.0,9.26666667,11.86666667,30.26666667,15.33333333,,
2026-05-02 16:45:00,13.53333333,18.33333333,,15.26666667,7.86666667,11.53333333,22.8,15.4,,
2026-05-02 17:00:00,11.73333333,18.4,,16.53333333,8.53333333,9.26666667,24.0,14.53333333,,
2026-05-02 17:15:00,11.26666667,16.8,,14.53333333,8.13333333,9.93333333,20.33333333,14.26666667,,
2026-05-02 17:30:00,14.53333333,16.13333333,,14.26666667,7.66666667,8.33333333,20.13333333,13.66666667,,
2026-05-02 17:45:00,11.46666667,16.66666667,,13.86666667,9.53333333,10.2,21.6,12.53333333,,
2026-05-02 18:00:00,10.66666667,18.4,,13.93333333,8.46666667,10.93333333,24.46666667,12.53333333,,
2026-05-02 18:15:00,9.66666667,16.8,,13.0,6.53333333,12.73333333,27.2,10.46666667,,
2026-05-02 18:30:00,9.46666667,16.4,,12.93333333,7.26666667,12.13333333,25.6,10.73333333,,
2026-05-02 18:45:00,10.86666667,15.06666667,,11.73333333,6.6,11.93333333,32.6,13.53333333,,
2026-05-02 19:00:00,17.0,15.13333333,,13.13333333,6.93333333,14.13333333,48.13333333,15.13333333,,
2026-05-02 19:15:00,12.26666667,14.93333333,,14.73333333,7.93333333,20.8,41.2,12.53333333,,
2026-05-02 19:30:00,11.66666667,20.93333333,,12.2,8.8,24.13333333,42.06666667,11.93333333,,
2026-05-02 19:45:00,13.0,14.8,,14.0,7.2,59.73333333,43.66666667,14.8,,
2026-05-02 20:00:00,11.33333333,14.2,,13.93333333,7.93333333,15.8,92.66666667,13.33333333,,
2026-05-02 20:15:00,25.73333333,16.73333333,,14.13333333,8.8,21.8,22.73333333,14.2,,
2026-05-02 20:30:00,12.6,16.93333333,,14.66666667,10.86666667,17.4,13.86666667,14.66666667,,
2026-05-02 20:45:00,13.26666667,16.2,,14.06666667,12.2,14.26666667,14.93333333,13.33333333,,
2026-05-02 21:00:00,12.8,15.73333333,,13.46666667,17.4,15.46666667,16.4,13.13333333,,
2026-05-02 21:15:00,14.8,14.4,,14.46666667,16.26666667,24.86666667,14.6,13.6,,
2026-05-02 21:30:00,15.6,14.4,,15.53333333,11.6,23.4,20.86666667,14.06666667,,
2026-05-02 21:45:00,14.66666667,16.06666667,,16.2,14.13333333,14.66666667,28.06666667,13.46666667,,
2026-05-02 22:00:00,14.46666667,16.06666667,,15.2,20.13333333,15.4,135.26666667,15.8,,
2026-05-02 22:15:00,17.33333333,12.33333333,,16.13333333,52.93333333,14.8,68.6,15.2,,
2026-05-02 22:30:00,19.33333333,12.8,,16.33333333,28.93333333,14.06666667,17.13333333,16.93333333,,
2026-05-02 22:45:00,21.13333333,13.4,,17.0,25.66666667,16.46666667,24.53333333,17.6,,
2026-05-02 23:00:00,24.26666667,13.66666667,,17.73333333,28.66666667,18.26666667,146.8,19.06666667,,
2026-05-02 23:15:00,19.86666667,12.06666667,,17.86666667,28.06666667,19.4,87.13333333,18.0,,
2026-05-02 23:30:00,16.2,13.93333333,,22.8,29.6,24.0,96.86666667,18.4,,
2026-05-02 23:45:00,17.66666667,14.06666667,,21.8,28.46666667,21.6,24.13333333,19.26666667,,
2026-05-03 00:00:00,14.4,13.66666667,,19.8,29.66666667,20.06666667,24.06666667,19.0,,
2026-05-03 00:15:00,16.86666667,15.4,,19.26666667,30.0,19.6,25.53333333,21.13333333,,
2026-05-03 00:30:00,18.4,16.46666667,,19.33333333,31.46666667,19.6,27.4,17.53333333,,
2026-05-03 00:45:00,18.06666667,17.93333333,,21.06666667,28.0,19.86666667,25.6,20.33333333,,
2026-05-03 01:00:00,17.86666667,15.4,,25.26666667,32.0,19.33333333,25.53333333,24.2,,
2026-05-03 01:15:00,18.13333333,17.66666667,,25.06666667,29.93333333,22.73333333,49.13333333,25.73333333,,
2026-05-03 01:30:00,16.0,15.2,,24.33333333,28.26666667,23.86666667,28.66666667,21.8,,
2026-05-03 01:45:00,16.6,15.86666667,,24.2,24.6,24.13333333,30.73333333,23.06666667,,
2026-05-03 02:00:00,21.13333333,17.26666667,,23.6,24.46666667,25.33333333,34.46666667,19.86666667,,
2026-05-03 02:15:00,17.6,18.06666667,,23.93333333,25.13333333,24.46666667,32.4,20.33333333,,
2026-05-03 02:30:00,16.4,18.6,,24.93333333,25.2,26.13333333,29.93333333,19.06666667,,
2026-05-03 02:45:00,17.8,18.53333333,,23.46666667,22.86666667,24.6,25.73333333,20.46666667,,
2026-05-03 03:00:00,18.86666667,17.53333333,,24.0,20.33333333,27.53333333,24.4,21.4,,
2026-05-03 03:15:00,19.33333333,15.53333333,,23.0,20.33333333,27.8,25.2,22.93333333,,
2026-05-03 03:30:00,22.26666667,14.93333333,,23.53333333,20.53333333,27.53333333,32.13333333,24.0,,
2026-05-03 03:45:00,19.13333333,15.93333333,,21.6,17.66666667,25.93333333,37.46666667,25.8,,
2026-05-03 04:00:00,19.86666667,16.66666667,,21.2,19.6,27.13333333,43.06666667,26.66666667,,
2026-05-03 04:15:00,22.33333333,16.8,,21.8,20.46666667,27.73333333,34.86666667,25.8,,
2026-05-03 04:30:00,21.8,17.8,,24.46666667,15.6,28.33333333,39.53333333,26.0,,
2026-05-03 04:45:00,19.86666667,17.4,,23.66666667,17.13333333,26.0,44.93333333,25.8,,
2026-05-03 05:00:00,21.66666667,17.4,,23.73333333,20.06666667,26.2,45.26666667,27.13333333,,
2026-05-03 05:15:00,21.46666667,19.0,,25.8,17.2,25.26666667,38.86666667,27.0,,
2026-05-03 05:30:00,22.33333333,17.86666667,,28.8,17.46666667,24.53333333,35.33333333,28.6,,
2026-05-03 05:45:00,23.73333333,19.06666667,,30.33333333,23.33333333,26.2,38.0,27.53333333,,
2026-05-03 06:00:00,23.6,18.53333333,,32.73333333,25.2,24.0,40.8,26.6,,
2026-05-03 06:15:00,23.06666667,19.06666667,,31.53333333,26.8,26.93333333,43.2,27.26666667,,
2026-05-03 06:30:00,26.8,16.86666667,,31.0,29.8,25.46666667,45.6,27.66666667,,
2026-05-03 06:45:00,26.8,16.06666667,,29.13333333,32.6,25.06666667,43.8,27.13333333,,
2026-05-03 07:00:00,26.06666667,22.4,,25.66666667,35.4,25.33333333,47.06666667,24.4,,
2026-05-03 07:15:00,26.8,18.66666667,,24.53333333,33.86666667,24.73333333,43.26666667,26.2,,
2026-05-03 07:30:00,26.0,18.4,,24.06666667,30.93333333,22.6,37.46666667,24.73333333,,
2026-05-03 07:45:00,24.86666667,17.0,,21.93333333,28.93333333,21.13333333,38.46666667,21.2,,
2026-05-03 08:00:00,26.4,16.46666667,,20.4,29.4,20.06666667,34.6,21.06666667,,
2026-05-03 08:15:00,21.53333333,15.26666667,,18.2,29.4,19.4,31.66666667,20.2,,
2026-05-03 08:30:00,21.2,14.46666667,,18.2,34.33333333,17.4,35.93333333,21.4,,
2026-05-03 08:45:00,20.13333333,15.2,,19.26666667,33.73333333,16.93333333,95.4,18.0,,
2026-05-03 09:00:00,18.8,13.73333333,,16.86666667,24.93333333,17.46666667,52.33333333,18.53333333,,
2026-05-03 09:15:00,18.73333333,14.0,,16.2,22.13333333,16.6,49.26666667,19.13333333,,
2026-05-03 09:30:00,16.93333333,15.06666667,,17.13333333,22.06666667,17.53333333,42.26666667,18.4,,
2026-05-03 09:45:00,17.53333333,14.8,,16.4,23.6,16.33333333,78.2,18.0,,
2026-05-03 10:00:00,16.8,16.66666667,,17.93333333,23.73333333,18.6,18.2,19.13333333,,
2026-05-03 10:15:00,15.53333333,17.53333333,,19.0,24.13333333,17.46666667,23.4,31.4,,
2026-05-03 10:30:00,17.46666667,18.93333333,,19.33333333,24.53333333,17.4,40.66666667,55.33333333,,
2026-05-03 10:45:00,18.13333333,17.26666667,,19.66666667,25.33333333,18.2,60.46666667,20.86666667,,
2026-05-03 11:00:00,18.66666667,19.33333333,,19.2,24.4,18.2,23.0,17.6,,
2026-05-03 11:15:00,21.0,16.6,,21.33333333,24.93333333,18.13333333,101.33333333,19.0,,
2026-05-03 11:30:00,21.86666667,19.86666667,,24.73333333,25.73333333,19.46666667,33.86666667,18.86666667,,
2026-05-03 11:45:00,19.4,19.13333333,,24.73333333,25.06666667,19.26666667,25.2,20.93333333,,
2026-05-03 12:00:00,20.6,18.66666667,,25.0,25.46666667,18.73333333,26.66666667,35.93333333,,
2026-05-03 12:15:00,21.46666667,18.06666667,,25.6,28.0,19.33333333,24.26666667,28.93333333,,
2026-05-03 12:30:00,22.0,18.53333333,,26.8,32.4,22.73333333,20.33333333,26.93333333,,
2026-05-03 12:45:00,22.53333333,19.13333333,,24.86666667,36.86666667,22.2,65.13333333,22.33333333,,
2026-05-03 13:00:00,24.6,19.46666667,,23.6,31.26666667,22.73333333,24.86666667,24.93333333,,
2026-05-03 13:15:00,22.8,19.6,,25.33333333,31.66666667,23.86666667,22.13333333,22.53333333,,
2026-05-03 13:30:00,26.0,20.93333333,,26.73333333,29.53333333,25.46666667,21.2,23.2,,
2026-05-03 13:45:00,25.93333333,21.2,,28.4,32.26666667,26.46666667,20.0,24.26666667,,
2026-05-03 14:00:00,28.46666667,22.93333333,,28.93333333,31.86666667,26.53333333,23.13333333,25.53333333,,
2026-05-03 14:15:00,26.8,26.8,,29.0,31.2,27.26666667,22.26666667,25.6,,
2026-05-03 14:30:00,1280.13333333,31.66666667,,32.86666667,29.53333333,29.46666667,34.0,28.6,,
2026-05-03 14:45:00,52.86666667,25.93333333,,31.13333333,28.4,28.53333333,150.53333333,28.26666667,,
2026-05-03 15:00:00,31.2,25.66666667,,30.86666667,27.0,29.6,82.2,29.4,,
2026-05-03 15:15:00,30.93333333,24.8,,32.2,27.86666667,31.13333333,164.4,27.53333333,,
2026-05-03 15:30:00,30.26666667,26.4,,32.46666667,28.4,30.66666667,22.73333333,29.13333333,,
2026-05-03 15:45:00,33.2,28.33333333,,31.13333333,28.26666667,32.53333333,23.0,30.13333333,,
2026-05-03 16:00:00,30.8,26.86666667,,33.8,27.66666667,58.2,40.2,30.06666667,,
2026-05-03 16:15:00,33.66666667,29.06666667,,33.6,25.6,42.8,51.0,31.0,,
2026-05-03 16:30:00,32.8,31.2,,32.73333333,27.66666667,45.4,58.6,33.66666667,,
2026-05-03 16:45:00,32.06666667,27.8,,32.2,27.06666667,31.93333333,67.33333333,31.8,,
2026-05-03 17:00:00,30.0,30.73333333,,32.66666667,28.86666667,33.8,78.4,29.8,,
2026-05-03 17:15:00,29.2,28.53333333,,31.6,29.46666667,28.33333333,39.06666667,27.26666667,,
2026-05-03 17:30:00,30.33333333,28.0,,29.4,29.0,28.26666667,32.0,27.4,,
2026-05-03 17:45:00,33.0,28.6,,29.73333333,30.33333333,30.93333333,25.66666667,28.66666667,,
2026-05-03 18:00:00,28.8,29.66666667,,29.6,29.86666667,28.66666667,137.6,28.0,,
2026-05-03 18:15:00,30.0,30.86666667,,28.93333333,28.8,27.33333333,65.06666667,28.4,,
2026-05-03 18:30:00,29.33333333,32.53333333,,28.6,36.86666667,28.13333333,35.66666667,31.93333333,,
2026-05-03 18:45:00,28.86666667,33.06666667,,28.8,47.66666667,29.33333333,404.86666667,32.06666667,,
2026-05-03 19:00:00,28.6,33.06666667,,30.0,41.06666667,31.46666667,78.4,27.6,,
2026-05-03 19:15:00,30.06666667,31.53333333,,36.26666667,40.33333333,31.26666667,24.13333333,32.53333333,,
2026-05-03 19:30:00,28.0,33.13333333,25.57142857,48.4,43.46666667,30.66666667,21.4,29.8,,
2026-05-03 19:45:00,28.0,30.26666667,28.13333333,34.53333333,34.0,30.33333333,20.8,28.73333333,,
2026-05-03 20:00:00,29.2,33.33333333,27.2,30.53333333,33.73333333,31.6,22.93333333,29.2,,
2026-05-03 20:15:00,27.66666667,32.8,27.2,36.66666667,35.26666667,31.26666667,21.8,31.2,,
2026-05-03 20:30:00,27.4,32.8,28.33333333,34.93333333,35.46666667,28.2,22.2,37.2,,
2026-05-03 20:45:00,26.53333333,35.13333333,28.8,34.86666667,41.73333333,31.0,23.13333333,30.53333333,,
2026-05-03 21:00:00,29.2,32.13333333,30.33333333,30.06666667,39.13333333,27.2,22.86666667,27.73333333,,
2026-05-03 21:15:00,29.93333333,29.86666667,32.8,31.46666667,39.13333333,30.0,24.8,25.6,,
2026-05-03 21:30:00,34.73333333,31.8,31.53333333,34.33333333,37.86666667,29.13333333,58.53333333,27.6,,
2026-05-03 21:45:00,31.6,48.26666667,31.73333333,30.6,39.06666667,30.26666667,62.6,28.2,,
2026-05-03 22:00:00,31.4,54.46666667,29.4,32.93333333,40.6,31.73333333,54.93333333,27.4,,
2026-05-03 22:15:00,32.06666667,55.86666667,29.4,29.0,41.26666667,34.0,49.13333333,28.53333333,,
2026-05-03 22:30:00,30.06666667,51.0,30.26666667,29.53333333,47.0,40.33333333,44.06666667,28.26666667,,
2026-05-03 22:45:00,28.13333333,47.86666667,30.13333333,26.93333333,43.66666667,38.4,40.8,26.6,,
2026-05-03 23:00:00,28.8,40.6,28.73333333,28.6,56.26666667,34.73333333,39.06666667,25.8,,
2026-05-03 23:15:00,27.73333333,43.93333333,28.26666667,27.33333333,47.53333333,33.26666667,34.2,25.6,,
2026-05-03 23:30:00,30.73333333,39.0,29.8,27.53333333,47.6,32.13333333,36.46666667,28.2,,
2026-05-03 23:45:00,30.73333333,40.4,28.73333333,27.66666667,42.0,30.53333333,36.0,27.86666667,,
2026-05-04 00:00:00,31.86666667,38.4,29.93333333,27.26666667,35.73333333,29.26666667,35.06666667,27.66666667,,
2026-05-04 00:15:00,29.26666667,37.46666667,29.13333333,28.06666667,36.46666667,29.6,32.73333333,27.26666667,,
2026-05-04 00:30:00,33.6,42.93333333,27.73333333,28.26666667,40.13333333,28.6,38.93333333,28.46666667,,
2026-05-04 00:45:00,31.4,43.73333333,29.46666667,30.2,36.53333333,29.2,34.2,27.8,,
2026-05-04 01:00:00,29.26666667,43.13333333,30.13333333,30.26666667,32.93333333,29.73333333,35.33333333,29.6,,
2026-05-04 01:15:00,29.26666667,42.6,30.4,30.2,33.13333333,28.86666667,32.33333333,28.86666667,,
2026-05-04 01:30:00,30.86666667,42.33333333,31.8,30.6,33.2,31.4,34.2,28.53333333,,
2026-05-04 01:45:00,31.2,39.6,31.8,28.73333333,45.73333333,30.53333333,34.33333333,26.66666667,,
2026-05-04 02:00:00,28.33333333,38.33333333,31.13333333,31.0,40.93333333,29.93333333,32.66666667,25.93333333,,
2026-05-04 02:15:00,32.4,33.33333333,29.13333333,29.86666667,38.53333333,31.86666667,29.26666667,28.86666667,,
2026-05-04 02:30:00,31.33333333,30.73333333,29.66666667,29.86666667,40.93333333,29.46666667,27.13333333,30.53333333,,
2026-05-04 02:45:00,33.26666667,31.73333333,29.4,27.6,40.86666667,31.53333333,28.86666667,29.0,,
2026-05-04 03:00:00,31.66666667,29.2,31.66666667,29.2,45.0,30.33333333,38.13333333,31.33333333,,
2026-05-04 03:15:00,29.06666667,28.2,31.13333333,29.6,45.06666667,31.93333333,35.33333333,29.86666667,,
2026-05-04 03:30:00,29.33333333,28.86666667,31.33333333,28.33333333,64.86666667,35.0,33.33333333,29.06666667,,
2026-05-04 03:45:00,28.8,33.93333333,31.6,29.93333333,43.26666667,35.13333333,35.0,28.86666667,,
2026-05-04 04:00:00,29.06666667,42.46666667,32.33333333,32.4,40.93333333,35.8,33.73333333,30.86666667,,
2026-05-04 04:15:00,30.73333333,42.73333333,32.53333333,31.66666667,43.33333333,35.13333333,37.53333333,31.26666667,,
2026-05-04 04:30:00,28.86666667,39.53333333,32.6,34.4,44.6,36.13333333,26.86666667,28.73333333,,
2026-05-04 04:45:00,31.13333333,42.2,33.6,36.53333333,43.73333333,36.66666667,27.4,28.06666667,,
2026-05-04 05:00:00,28.6,45.06666667,34.26666667,35.8,46.26666667,34.33333333,28.26666667,26.86666667,,
2026-05-04 05:15:00,30.26666667,37.46666667,37.13333333,31.26666667,54.0,36.93333333,28.4,29.66666667,,
2026-05-04 05:30:00,30.8,34.6,33.8,32.13333333,51.06666667,34.73333333,29.73333333,31.33333333,,
2026-05-04 05:45:00,31.4,36.06666667,35.13333333,32.26666667,53.86666667,35.86666667,30.53333333,30.26666667,,
2026-05-04 06:00:00,37.33333333,33.4,36.93333333,32.6,56.2,33.73333333,29.2,31.13333333,,
2026-05-04 06:15:00,36.66666667,47.4,36.93333333,32.93333333,62.86666667,36.13333333,29.26666667,35.53333333,,
2026-05-04 06:30:00,41.8,47.0,39.73333333,32.33333333,74.33333333,33.8,32.13333333,39.06666667,,
2026-05-04 06:45:00,44.33333333,34.66666667,41.0,39.2,80.33333333,37.93333333,30.53333333,37.73333333,,
2026-05-04 07:00:00,31.86666667,37.26666667,43.2,44.46666667,94.8,39.93333333,54.46666667,89.4,,
2026-05-04 07:15:00,32.66666667,34.86666667,41.53333333,55.33333333,82.13333333,42.0,81.53333333,46.26666667,,
2026-05-04 07:30:00,35.13333333,31.6,41.26666667,51.26666667,85.4,40.26666667,27.13333333,36.4,,
2026-05-04 07:45:00,36.8,35.06666667,38.2,42.93333333,106.46666667,39.86666667,27.26666667,37.46666667,,
2026-05-04 08:00:00,37.86666667,34.4,35.0,42.0,125.86666667,40.73333333,29.26666667,39.0,,
2026-05-04 08:15:00,45.26666667,38.6,34.73333333,36.66666667,80.2,39.86666667,27.86666667,34.93333333,,
2026-05-04 08:30:00,53.66666667,40.13333333,33.33333333,38.73333333,63.53333333,39.8,94.66666667,35.26666667,,
2026-05-04 08:45:00,42.8,41.93333333,35.46666667,51.6,56.93333333,38.33333333,29.33333333,38.33333333,,
2026-05-04 09:00:00,39.66666667,40.33333333,32.86666667,48.4,54.53333333,40.2,38.4,37.33333333,,
2026-05-04 09:15:00,35.2,36.26666667,34.73333333,63.46666667,65.13333333,39.53333333,52.13333333,40.6,,
2026-05-04 09:30:00,40.6,35.13333333,38.0,48.2,72.46666667,38.4,27.53333333,40.53333333,,
2026-05-04 09:45:00,38.6,35.26666667,37.13333333,46.73333333,82.06666667,39.26666667,60.46666667,44.0,,
2026-05-04 10:00:00,44.26666667,38.13333333,36.26666667,56.6,51.26666667,39.33333333,27.46666667,42.86666667,,
2026-05-04 10:15:00,43.8,50.66666667,38.26666667,56.73333333,49.2,41.86666667,28.93333333,42.73333333,,
2026-05-04 10:30:00,44.06666667,56.8,38.86666667,65.66666667,49.4,44.53333333,30.46666667,45.93333333,,
2026-05-04 10:45:00,43.0,63.8,40.26666667,53.6,51.06666667,47.6,32.06666667,41.73333333,,
2026-05-04 11:00:00,42.06666667,57.0,42.13333333,53.93333333,73.46666667,43.53333333,34.46666667,45.93333333,,
2026-05-04 11:15:00,42.8,51.26666667,43.13333333,49.93333333,44.93333333,43.0,34.26666667,46.8,,
2026-05-04 11:30:00,47.26666667,50.26666667,43.0,51.8,47.8,44.66666667,46.86666667,49.2,,
2026-05-04 11:45:00,44.73333333,47.66666667,45.46666667,56.8,47.8,43.2,35.13333333,46.93333333,,
2026-05-04 12:00:00,56.73333333,51.2,45.26666667,71.2,60.13333333,45.06666667,50.33333333,44.13333333,,
2026-05-04 12:15:00,49.86666667,52.2,45.0,53.46666667,44.0,45.4,50.93333333,43.8,,
2026-05-04 12:30:00,47.46666667,55.93333333,46.53333333,58.4,42.26666667,45.66666667,34.13333333,48.6,,
2026-05-04 12:45:00,49.06666667,55.6,45.73333333,63.53333333,45.4,50.2,33.4,48.8,,
2026-05-04 13:00:00,50.26666667,55.2,45.46666667,67.8,43.8,49.93333333,37.66666667,46.66666667,,
2026-05-04 13:15:00,49.53333333,54.4,46.13333333,63.0,42.13333333,47.13333333,37.26666667,49.33333333,,
2026-05-04 13:30:00,47.4,58.06666667,45.26666667,66.26666667,46.6,45.2,38.8,49.73333333,,
2026-05-04 13:45:00,53.2,52.33333333,46.26666667,55.93333333,45.8,46.0,37.06666667,49.46666667,,
2026-05-04 14:00:00,50.4,50.66666667,42.6,57.13333333,66.2,45.2,37.93333333,47.33333333,,
2026-05-04 14:15:00,47.46666667,55.93333333,45.33333333,58.66666667,53.06666667,50.06666667,76.86666667,45.26666667,,
2026-05-04 14:30:00,47.2,53.33333333,44.2,58.4,53.86666667,48.46666667,63.6,42.53333333,,
2026-05-04 14:45:00,46.6,55.4,43.33333333,60.26666667,76.73333333,51.8,102.4,42.93333333,,
2026-05-04 15:00:00,45.93333333,51.46666667,41.53333333,46.73333333,55.06666667,47.46666667,271.66666667,44.73333333,,
2026-05-04 15:15:00,43.33333333,51.4,42.86666667,46.2,67.0,44.86666667,164.4,43.13333333,,
2026-05-04 15:30:00,45.53333333,53.6,43.66666667,50.93333333,75.46666667,44.2,98.0,49.2,,
2026-05-04 15:45:00,46.66666667,51.6,42.8,49.2,101.33333333,44.86666667,82.53333333,45.13333333,,
2026-05-04 16:00:00,47.33333333,48.86666667,43.33333333,53.2,68.66666667,45.33333333,57.73333333,48.33333333,,
2026-05-04 16:15:00,46.0,53.33333333,41.33333333,49.13333333,56.4,43.4,45.66666667,46.26666667,,
2026-05-04 16:30:00,45.0,49.06666667,43.13333333,51.66666667,54.2,46.4,40.46666667,46.53333333,,
2026-05-04 16:45:00,48.33333333,42.8,42.6,49.93333333,41.6,44.26666667,1171.8,52.66666667,,
2026-05-04 17:00:00,46.2,50.33333333,46.53333333,49.66666667,42.06666667,48.86666667,121.2,49.66666667,,
2026-05-04 17:15:00,49.6,41.93333333,46.2,50.8,87.6,45.73333333,34.13333333,51.8,,
2026-05-04 17:30:00,46.86666667,53.33333333,46.53333333,51.06666667,54.6,46.73333333,38.26666667,50.8,,
2026-05-04 17:45:00,47.46666667,45.26666667,45.0,45.6,43.2,48.73333333,105.86666667,53.53333333,,
2026-05-04 18:00:00,48.46666667,44.26666667,47.53333333,47.86666667,40.06666667,45.66666667,51.13333333,53.8,,
2026-05-04 18:15:00,56.0,45.46666667,45.93333333,54.0,41.2,48.06666667,33.46666667,52.53333333,,
2026-05-04 18:30:00,50.13333333,48.33333333,47.26666667,51.66666667,45.46666667,44.93333333,39.13333333,48.86666667,,
2026-05-04 18:45:00,52.46666667,45.46666667,45.2,49.0,40.86666667,48.53333333,47.53333333,56.4,,
2026-05-04 19:00:00,55.6,45.06666667,42.86666667,54.8,42.93333333,47.13333333,47.4,50.13333333,,
2026-05-04 19:15:00,73.06666667,47.26666667,46.8,50.2,44.86666667,45.4,31.33333333,44.33333333,,
2026-05-04 19:30:00,57.46666667,61.53333333,45.26666667,47.06666667,45.8,46.06666667,53.73333333,42.4,,
2026-05-04 19:45:00,58.86666667,67.66666667,42.66666667,44.26666667,41.53333333,47.0,32.13333333,43.26666667,,
2026-05-04 20:00:00,46.13333333,64.93333333,43.0,46.33333333,42.0,44.33333333,32.2,44.93333333,,
2026-05-04 20:15:00,65.0,52.6,42.26666667,43.73333333,45.33333333,40.46666667,34.93333333,42.46666667,,
2026-05-04 20:30:00,40.93333333,47.33333333,41.33333333,46.86666667,48.4,40.86666667,35.4,41.2,,
2026-05-04 20:45:00,39.2,44.86666667,42.0,43.26666667,54.06666667,40.0,43.0,42.33333333,,
2026-05-04 21:00:00,40.66666667,46.0,40.8,44.93333333,48.73333333,39.93333333,41.26666667,40.26666667,,
2026-05-04 21:15:00,39.26666667,41.46666667,43.33333333,43.4,58.8,41.26666667,40.33333333,39.66666667,,
2026-05-04 21:30:00,41.13333333,45.46666667,41.46666667,43.46666667,65.13333333,40.86666667,58.8,37.46666667,,
2026-05-04 21:45:00,40.53333333,47.66666667,43.26666667,42.8,57.6,40.8,41.73333333,38.0,,
2026-05-04 22:00:00,45.2,47.0,41.4,42.8,56.66666667,39.4,37.73333333,38.66666667,,
2026-05-04 22:15:00,43.06666667,44.6,40.13333333,42.86666667,53.66666667,40.33333333,43.46666667,37.93333333,,
2026-05-04 22:30:00,39.2,57.86666667,44.4,40.93333333,51.4,39.93333333,35.4,39.73333333,,
2026-05-04 22:45:00,38.6,50.93333333,43.4,41.53333333,51.6,42.33333333,35.26666667,39.2,,
2026-05-04 23:00:00,37.13333333,39.4,42.66666667,40.73333333,48.0,43.13333333,37.26666667,37.93333333,,
2026-05-04 23:15:00,34.6,42.33333333,42.6,45.0,47.06666667,39.06666667,36.53333333,37.93333333,,
2026-05-04 23:30:00,36.8,39.0,41.4,45.46666667,46.0,42.4,33.4,39.46666667,,
2026-05-04 23:45:00,37.33333333,42.4,42.33333333,47.4,48.66666667,44.93333333,35.73333333,39.86666667,,
2026-05-05 00:00:00,39.66666667,43.86666667,44.86666667,48.4,50.13333333,40.86666667,35.2,39.86666667,,
2026-05-05 00:15:00,41.93333333,47.0,43.6,46.06666667,44.06666667,42.6,32.73333333,39.8,,
2026-05-05 00:30:00,42.33333333,45.6,41.4,46.4,47.4,45.86666667,33.06666667,41.0,,
2026-05-05 00:45:00,41.13333333,47.66666667,41.2,45.13333333,50.8,45.33333333,33.8,38.66666667,,
2026-05-05 01:00:00,41.46666667,49.66666667,44.4,46.06666667,46.2,43.2,34.33333333,40.0,,
2026-05-05 01:15:00,40.06666667,48.4,44.86666667,44.2,47.2,39.6,51.0,40.86666667,,
2026-05-05 01:30:00,46.53333333,43.4,43.26666667,46.6,46.2,41.8,40.8,40.33333333,,
2026-05-05 01:45:00,42.06666667,45.53333333,45.46666667,45.13333333,44.93333333,42.73333333,44.33333333,40.33333333,,
2026-05-05 02:00:00,40.93333333,53.46666667,46.33333333,46.0,46.33333333,42.0,41.33333333,39.53333333,,
2026-05-05 02:15:00,40.4,42.66666667,42.86666667,46.13333333,45.06666667,43.93333333,40.86666667,40.8,,
2026-05-05 02:30:00,41.2,39.46666667,47.6,45.33333333,45.13333333,63.26666667,41.73333333,41.26666667,,
2026-05-05 02:45:00,41.73333333,52.26666667,60.0,46.86666667,44.26666667,66.8,39.13333333,41.46666667,,
2026-05-05 03:00:00,76.66666667,48.93333333,55.06666667,47.46666667,46.86666667,52.4,40.2,44.4,,
2026-05-05 03:15:00,63.2,67.8,52.4,57.06666667,47.53333333,53.4,40.4,44.6,,
2026-05-05 03:30:00,48.93333333,78.73333333,50.8,49.4,48.2,47.46666667,39.8,41.13333333,,
2026-05-05 03:45:00,39.93333333,66.93333333,45.2,44.46666667,47.66666667,43.86666667,41.13333333,36.93333333,,
2026-05-05 04:00:00,35.53333333,51.2,44.53333333,39.46666667,54.66666667,42.13333333,40.33333333,32.0,,
2026-05-05 04:15:00,34.2,47.6,44.8,37.73333333,54.93333333,40.2,54.33333333,32.13333333,,
2026-05-05 04:30:00,32.6,48.2,44.46666667,39.26666667,50.0,39.6,57.13333333,34.66666667,,
2026-05-05 04:45:00,60.86666667,56.86666667,42.53333333,43.53333333,50.66666667,40.13333333,41.93333333,34.86666667,,
2026-05-05 05:00:00,45.8,45.33333333,45.93333333,46.8,47.6,41.46666667,41.06666667,39.4,,
2026-05-05 05:15:00,39.2,46.13333333,42.93333333,47.2,51.46666667,45.73333333,42.4,43.13333333,,
2026-05-05 05:30:00,54.53333333,43.2,44.8,49.86666667,57.66666667,46.86666667,40.26666667,45.26666667,,
2026-05-05 05:45:00,54.86666667,52.26666667,45.93333333,52.86666667,61.93333333,49.53333333,43.26666667,46.6,,
2026-05-05 06:00:00,52.6,52.0,48.46666667,52.46666667,56.0,47.86666667,42.06666667,45.2,,
2026-05-05 06:15:00,53.33333333,51.13333333,48.06666667,50.93333333,53.8,47.66666667,42.66666667,46.4,,
2026-05-05 06:30:00,65.26666667,48.2,47.46666667,53.06666667,56.26666667,45.46666667,41.0,56.6,,
2026-05-05 06:45:00,53.46666667,49.06666667,48.66666667,53.73333333,54.53333333,48.8,43.26666667,48.4,,
2026-05-05 07:00:00,66.33333333,43.53333333,48.4,54.46666667,48.06666667,49.33333333,58.46666667,55.93333333,,
2026-05-05 07:15:00,55.2,50.4,48.33333333,56.06666667,45.0,47.73333333,71.73333333,54.86666667,,
2026-05-05 07:30:00,48.66666667,47.13333333,47.33333333,104.66666667,45.26666667,47.86666667,48.0,50.26666667,,
2026-05-05 07:45:00,50.8,51.2,50.93333333,56.6,46.6,48.0,45.8,52.8,,
2026-05-05 08:00:00,52.93333333,55.46666667,50.86666667,67.0,53.73333333,50.86666667,43.73333333,50.4,,
2026-05-05 08:15:00,52.66666667,54.66666667,46.8,74.86666667,52.2,51.46666667,72.06666667,55.8,,
2026-05-05 08:30:00,52.8,54.0,47.86666667,73.46666667,49.86666667,48.93333333,57.0,55.66666667,,
2026-05-05 08:45:00,53.33333333,53.0,50.2,62.13333333,50.73333333,51.66666667,55.4,51.66666667,,
2026-05-05 09:00:00,50.53333333,52.06666667,48.93333333,62.4,53.66666667,54.53333333,47.6,58.66666667,,
2026-05-05 09:15:00,51.4,52.2,51.8,56.06666667,54.93333333,51.53333333,41.33333333,63.4,,
2026-05-05 09:30:00,52.06666667,50.66666667,52.46666667,68.0,54.8,56.13333333,36.26666667,60.2,,
2026-05-05 09:45:00,54.66666667,53.33333333,48.2,79.6,53.86666667,54.26666667,39.8,57.73333333,,
2026-05-05 10:00:00,55.86666667,49.53333333,51.2,94.06666667,53.13333333,50.66666667,39.86666667,59.8,,
2026-05-05 10:15:00,52.46666667,51.46666667,49.13333333,65.4,52.13333333,56.6,64.73333333,60.4,,
2026-05-05 10:30:00,56.06666667,54.73333333,50.73333333,66.73333333,50.13333333,56.0,87.13333333,68.33333333,,
2026-05-05 10:45:00,57.06666667,54.73333333,53.33333333,90.33333333,58.73333333,52.06666667,43.93333333,56.53333333,,
2026-05-05 11:00:00,55.26666667,56.13333333,49.26666667,69.0,48.46666667,56.53333333,43.66666667,61.06666667,,
2026-05-05 11:15:00,56.06666667,57.6,51.0,69.4,51.06666667,52.0,40.06666667,64.6,,
2026-05-05 11:30:00,56.53333333,54.73333333,49.13333333,85.8,46.93333333,49.2,46.2,64.86666667,,
2026-05-05 11:45:00,53.53333333,50.6,47.13333333,80.93333333,58.26666667,44.06666667,65.2,65.8,,
2026-05-05 12:00:00,54.93333333,50.8,45.6,72.46666667,58.46666667,43.73333333,47.53333333,53.46666667,,
2026-05-05 12:15:00,51.66666667,48.06666667,42.93333333,57.93333333,39.6,41.93333333,45.6,49.0,,
2026-05-05 12:30:00,46.26666667,44.8,40.93333333,50.0,45.2,44.26666667,36.8,56.73333333,,
2026-05-05 12:45:00,46.53333333,41.66666667,40.93333333,48.6,48.53333333,37.46666667,47.86666667,65.4,,
2026-05-05 13:00:00,57.33333333,38.4,43.53333333,46.4,54.93333333,38.8,51.8,47.4,,
2026-05-05 13:15:00,48.66666667,39.6,41.33333333,47.46666667,53.26666667,36.93333333,38.46666667,46.46666667,,
2026-05-05 13:30:00,54.0,37.73333333,39.46666667,47.13333333,56.66666667,37.6,50.06666667,52.73333333,,
2026-05-05 13:45:00,49.53333333,40.6,38.53333333,44.66666667,56.0,37.86666667,37.53333333,48.86666667,,
2026-05-05 14:00:00,41.86666667,44.4,36.6,41.2,66.6,34.53333333,33.46666667,41.73333333,,
2026-05-05 14:15:00,39.93333333,40.6,36.0,43.2,82.26666667,33.93333333,32.2,42.0,,
2026-05-05 14:30:00,41.73333333,43.0,37.33333333,44.93333333,85.66666667,34.0,32.73333333,41.93333333,,
2026-05-05 14:45:00,40.2,40.73333333,34.86666667,47.46666667,62.73333333,34.06666667,32.46666667,44.0,,
2026-05-05 15:00:00,42.73333333,39.26666667,36.6,50.0,69.4,35.8,61.06666667,41.8,,
2026-05-05 15:15:00,47.53333333,41.46666667,37.66666667,50.4,66.0,43.13333333,54.73333333,45.93333333,,
2026-05-05 15:30:00,44.0,40.86666667,37.0,50.33333333,55.2,71.06666667,51.26666667,43.53333333,,
2026-05-05 15:45:00,45.33333333,40.26666667,37.86666667,52.4,56.53333333,78.66666667,38.46666667,45.73333333,,
2026-05-05 16:00:00,50.46666667,175.8,41.86666667,54.33333333,53.4,53.33333333,37.2,46.0,,
2026-05-05 16:15:00,52.2,149.8,41.2,58.06666667,53.2,37.93333333,36.93333333,60.73333333,,
2026-05-05 16:30:00,59.73333333,46.33333333,47.26666667,57.86666667,47.13333333,38.46666667,38.26666667,53.4,,
2026-05-05 16:45:00,49.66666667,41.86666667,46.86666667,54.46666667,47.8,42.4,44.06666667,56.4,,
2026-05-05 17:00:00,53.2,44.93333333,45.86666667,63.53333333,57.13333333,54.53333333,44.2,52.46666667,,
2026-05-05 17:15:00,56.8,48.73333333,51.13333333,54.8,105.66666667,50.33333333,49.06666667,52.6,,
2026-05-05 17:30:00,51.66666667,54.8,48.2,56.33333333,64.33333333,49.8,46.66666667,49.33333333,,
2026-05-05 17:45:00,50.6,50.2,50.0,53.0,70.06666667,50.33333333,46.8,54.86666667,,
2026-05-05 18:00:00,52.2,45.93333333,49.33333333,54.8,82.66666667,52.2,41.26666667,49.6,,
2026-05-05 18:15:00,55.0,47.86666667,47.93333333,54.6,85.8,55.86666667,57.73333333,50.53333333,,
2026-05-05 18:30:00,53.06666667,50.06666667,49.26666667,52.8,87.93333333,49.0,34.33333333,57.33333333,,
2026-05-05 18:45:00,54.26666667,50.26666667,47.4,51.66666667,87.6,56.26666667,32.26666667,49.53333333,,
2026-05-05 19:00:00,47.63636364,46.8,47.33333333,53.6,83.73333333,50.4,58.93333333,52.66666667,,
2026-05-05 19:15:00,46.9,50.86666667,46.2,53.46666667,62.93333333,61.2,39.13333333,52.86666667,,
2026-05-05 19:30:00,,46.46666667,46.6,47.33333333,61.46666667,52.13333333,32.13333333,54.2,,
2026-05-05 19:45:00,,48.6,46.2,52.66666667,55.93333333,47.86666667,31.66666667,47.46666667,,
2026-05-05 20:00:00,,54.26666667,45.66666667,47.66666667,53.93333333,48.2,32.33333333,45.93333333,,
2026-05-05 20:15:00,,54.4,44.86666667,46.93333333,51.33333333,44.13333333,69.53333333,54.06666667,,
2026-05-05 20:30:00,48.55555556,51.06666667,45.2,48.4,58.86666667,44.6,31.8,53.93333333,,
2026-05-05 20:45:00,45.0,41.26666667,46.8,48.0,55.66666667,45.2,32.0,59.0,,
2026-05-05 21:00:00,40.93333333,41.73333333,44.33333333,46.46666667,53.26666667,46.2,32.06666667,54.13333333,,
2026-05-05 21:15:00,43.2,44.8,45.13333333,43.93333333,57.53333333,45.93333333,33.13333333,52.4,,
2026-05-05 21:30:00,42.0,44.6,45.66666667,43.93333333,62.4,45.2,34.2,48.33333333,,
2026-05-05 21:45:00,42.33333333,44.0,45.53333333,46.06666667,62.66666667,44.66666667,31.93333333,48.93333333,,
2026-05-05 22:00:00,44.46666667,46.13333333,46.26666667,47.4,54.8,44.33333333,42.53333333,53.6,,
2026-05-05 22:15:00,41.46666667,47.06666667,42.33333333,56.2,52.33333333,44.0,35.2,50.53333333,,
2026-05-05 22:30:00,40.0,47.33333333,40.93333333,44.46666667,50.26666667,41.6,33.93333333,47.33333333,,
2026-05-05 22:45:00,41.73333333,46.86666667,41.73333333,41.8,47.33333333,35.13333333,33.33333333,52.73333333,,
2026-05-05 23:00:00,43.8,49.8,36.53333333,42.2,37.93333333,26.86666667,33.73333333,47.8,,
2026-05-05 23:15:00,42.13333333,47.6,31.53333333,43.6,29.4,23.66666667,35.26666667,49.46666667,,
2026-05-05 23:30:00,45.8,48.26666667,28.53333333,44.0,21.13333333,23.8,32.93333333,44.53333333,,
2026-05-05 23:45:00,41.26666667,45.86666667,28.06666667,45.8,16.6,23.66666667,31.6,70.53333333,,
2026-05-06 00:00:00,40.0,44.66666667,28.33333333,48.4,17.06666667,26.53333333,38.13333333,52.06666667,,
2026-05-06 00:15:00,45.73333333,46.0,28.53333333,51.33333333,26.6,22.46666667,36.33333333,42.2,,
2026-05-06 00:30:00,37.6,45.66666667,29.53333333,49.86666667,34.33333333,27.13333333,33.93333333,48.33333333,,
2026-05-06 00:45:00,32.8,42.6,36.73333333,48.13333333,32.86666667,37.0,35.73333333,45.2,,
2026-05-06 01:00:00,32.33333333,44.66666667,39.46666667,47.0,33.93333333,38.66666667,33.26666667,46.86666667,,
2026-05-06 01:15:00,41.06666667,43.46666667,47.73333333,46.6,33.6,42.86666667,35.46666667,47.8,,
2026-05-06 01:30:00,43.0,42.93333333,46.73333333,44.46666667,27.8,39.46666667,36.0,43.66666667,,
2026-05-06 01:45:00,39.73333333,42.73333333,43.46666667,46.53333333,25.0,38.4,36.13333333,44.6,,
2026-05-06 02:00:00,40.46666667,43.73333333,50.73333333,48.8,24.33333333,44.2,39.13333333,47.26666667,,
2026-05-06 02:15:00,45.86666667,40.4,57.4,49.46666667,17.73333333,44.8,36.93333333,48.13333333,,
2026-05-06 02:30:00,46.06666667,38.2,53.6,49.4,15.0,51.06666667,38.53333333,47.46666667,,
2026-05-06 02:45:00,44.06666667,39.06666667,51.46666667,51.13333333,16.86666667,47.53333333,40.53333333,49.26666667,,
2026-05-06 03:00:00,41.2,38.0,49.13333333,50.8,16.13333333,49.8,46.0,44.0,,
2026-05-06 03:15:00,43.86666667,38.06666667,49.86666667,51.13333333,17.4,49.6,44.93333333,45.2,,
2026-05-06 03:30:00,42.26666667,39.86666667,49.73333333,56.73333333,15.53333333,49.86666667,46.4,48.6,,
2026-05-06 03:45:00,47.0,38.13333333,49.86666667,64.8,15.2,49.46666667,50.26666667,47.33333333,,
2026-05-06 04:00:00,50.4,40.73333333,55.06666667,75.73333333,17.53333333,53.93333333,51.33333333,55.13333333,,
2026-05-06 04:15:00,58.93333333,36.66666667,60.0,64.2,20.73333333,59.06666667,45.06666667,65.46666667,,
2026-05-06 04:30:00,63.86666667,39.33333333,64.46666667,59.13333333,17.93333333,59.6,54.26666667,71.13333333,,
2026-05-06 04:45:00,66.06666667,40.6,74.93333333,62.46666667,17.33333333,63.33333333,57.73333333,62.46666667,,
2026-05-06 05:00:00,72.26666667,38.66666667,82.2,65.33333333,14.53333333,65.06666667,54.13333333,66.8,,
2026-05-06 05:15:00,65.0,42.4,79.93333333,59.06666667,12.4,67.46666667,56.93333333,56.6,,
2026-05-06 05:30:00,62.06666667,44.93333333,67.13333333,62.53333333,12.2,67.46666667,52.66666667,57.0,,
2026-05-06 05:45:00,74.46666667,47.93333333,69.73333333,63.8,13.6,69.26666667,54.2,59.06666667,,
2026-05-06 06:00:00,86.26666667,42.73333333,68.66666667,67.26666667,18.2,69.73333333,57.93333333,68.46666667,,
2026-05-06 06:15:00,76.4,50.86666667,70.13333333,64.06666667,27.13333333,66.66666667,59.26666667,60.66666667,,
2026-05-06 06:30:00,56.33333333,60.33333333,64.53333333,58.46666667,30.6,62.53333333,59.26666667,54.8,,
2026-05-06 06:45:00,56.93333333,57.4,61.53333333,55.93333333,27.13333333,57.06666667,54.86666667,55.0,,
2026-05-06 07:00:00,55.86666667,69.53333333,63.53333333,57.66666667,27.2,53.46666667,54.26666667,46.4,,
2026-05-06 07:15:00,35.0,87.8,69.73333333,55.46666667,29.53333333,60.26666667,86.86666667,42.46666667,,
2026-05-06 07:30:00,37.33333333,83.6,48.0,56.13333333,30.8,30.66666667,44.73333333,46.66666667,,
2026-05-06 07:45:00,44.86666667,83.33333333,71.4,56.73333333,31.8,25.86666667,43.46666667,49.86666667,,
2026-05-06 08:00:00,47.66666667,70.93333333,41.46666667,59.0,31.26666667,23.26666667,52.66666667,55.53333333,,
2026-05-06 08:15:00,47.46666667,67.4,38.6,54.73333333,31.73333333,18.66666667,54.66666667,51.0,,
2026-05-06 08:30:00,56.73333333,70.33333333,27.46666667,51.73333333,28.93333333,18.13333333,304.73333333,32.73333333,,
2026-05-06 08:45:00,43.2,71.46666667,25.86666667,52.86666667,25.46666667,21.93333333,101.46666667,25.26666667,,
2026-05-06 09:00:00,43.2,86.26666667,21.93333333,29.46666667,24.06666667,16.33333333,84.6,23.26666667,,
2026-05-06 09:15:00,35.6,84.86666667,26.46666667,33.66666667,27.0,14.53333333,38.46666667,21.53333333,,
2026-05-06 09:30:00,33.26666667,72.0,29.8,24.4,33.33333333,17.46666667,37.26666667,19.4,,
2026-05-06 09:45:00,33.26666667,77.4,18.6,20.0,35.66666667,15.66666667,34.73333333,13.93333333,,
2026-05-06 10:00:00,25.6,70.4,19.26666667,17.46666667,35.6,14.46666667,38.13333333,12.8,,
2026-05-06 10:15:00,31.0,64.8,18.4,16.86666667,36.53333333,13.66666667,33.86666667,14.93333333,,
2026-05-06 10:30:00,27.66666667,62.0,17.26666667,17.66666667,36.33333333,15.6,31.2,14.86666667,,
2026-05-06 10:45:00,24.46666667,61.73333333,22.2,22.53333333,37.53333333,20.13333333,28.86666667,17.6,,
2026-05-06 11:00:00,25.06666667,60.73333333,18.66666667,20.66666667,34.13333333,15.46666667,20.53333333,16.6,,
2026-05-06 11:15:00,24.6,64.4,21.8,23.8,37.06666667,17.46666667,17.6,18.2,,
2026-05-06 11:30:00,21.86666667,69.73333333,26.73333333,19.93333333,37.6,16.33333333,35.0,18.8,,
2026-05-06 11:45:00,26.8,70.6,25.06666667,21.26666667,35.8,15.53333333,19.46666667,20.66666667,,
2026-05-06 12:00:00,25.46666667,70.2,29.6,19.46666667,38.6,19.8,19.26666667,20.06666667,,
2026-05-06 12:15:00,28.46666667,63.33333333,29.33333333,20.26666667,36.0,20.93333333,24.93333333,17.6,,
2026-05-06 12:30:00,27.86666667,67.6,33.4,23.6,36.06666667,22.4,41.6,18.73333333,,
2026-05-06 12:45:00,26.13333333,68.6,31.33333333,27.86666667,37.53333333,20.8,67.33333333,20.4,,
2026-05-06 13:00:00,29.0,28.66666667,42.0,26.93333333,38.86666667,22.73333333,14.86666667,22.66666667,,
2026-05-06 13:15:00,30.4,18.73333333,38.26666667,26.6,39.26666667,22.73333333,14.66666667,27.4,,
2026-05-06 13:30:00,34.53333333,21.33333333,35.4,30.33333333,41.46666667,26.66666667,24.0,24.86666667,,
2026-05-06 13:45:00,34.93333333,21.6,37.93333333,31.66666667,45.33333333,28.46666667,32.13333333,29.66666667,,
2026-05-06 14:00:00,35.53333333,21.6,33.33333333,31.33333333,46.46666667,28.4,17.8,31.93333333,,
2026-05-06 14:15:00,30.53333333,23.33333333,34.0,32.4,48.8,32.2,22.6,32.86666667,,
2026-05-06 14:30:00,29.2,28.26666667,36.93333333,34.2,51.0,37.06666667,20.26666667,33.2,,
2026-05-06 14:45:00,32.06666667,24.33333333,36.26666667,37.13333333,51.6,36.73333333,32.33333333,35.8,,
2026-05-06 15:00:00,34.86666667,25.0,38.26666667,36.33333333,48.33333333,36.0,36.93333333,34.13333333,,
2026-05-06 15:15:00,32.6,26.6,39.73333333,41.33333333,48.6,34.66666667,31.13333333,35.0,,
2026-05-06 15:30:00,34.46666667,28.33333333,43.53333333,43.6,49.53333333,37.73333333,40.0,33.53333333,,
2026-05-06 15:45:00,34.06666667,26.8,43.66666667,41.66666667,52.0,39.66666667,36.66666667,35.93333333,,
2026-05-06 16:00:00,38.33333333,27.26666667,43.0,43.0,52.06666667,38.0,88.93333333,39.13333333,,
2026-05-06 16:15:00,38.8,26.4,43.6,43.93333333,56.2,35.4,34.93333333,42.46666667,,
2026-05-06 16:30:00,39.6,28.0,41.8,47.26666667,54.2,38.33333333,34.33333333,42.2,,
2026-05-06 16:45:00,39.2,32.33333333,41.13333333,45.2,57.93333333,38.26666667,35.33333333,42.0,,
2026-05-06 17:00:00,38.53333333,30.86666667,44.26666667,46.0,59.2,40.86666667,36.46666667,42.13333333,,
2026-05-06 17:15:00,39.6,32.33333333,43.33333333,46.0,53.6,40.93333333,101.26666667,41.8,,
2026-05-06 17:30:00,39.2,32.2,44.6,45.06666667,56.13333333,41.73333333,37.53333333,42.53333333,,
2026-05-06 17:45:00,41.13333333,31.46666667,44.33333333,46.4,55.93333333,37.86666667,37.86666667,40.33333333,,
2026-05-06 18:00:00,43.4,35.2,40.46666667,45.8,54.46666667,39.2,42.2,40.26666667,,
2026-05-06 18:15:00,42.0,36.73333333,40.26666667,45.0,54.13333333,36.0,41.33333333,40.93333333,,
2026-05-06 18:30:00,43.13333333,42.46666667,36.93333333,47.66666667,51.26666667,34.93333333,41.8,43.66666667,,
2026-05-06 18:45:00,40.6,47.0,35.6,60.0,50.4,33.0,56.06666667,41.4,,
2026-05-06 19:00:00,41.2,50.53333333,32.2,48.6,52.26666667,29.2,58.4,39.93333333,,
2026-05-06 19:15:00,43.46666667,49.73333333,30.86666667,46.46666667,50.13333333,28.6,45.8,39.4,,
2026-05-06 19:30:00,45.2,44.4,29.73333333,49.6,53.73333333,29.46666667,48.73333333,37.53333333,,
2026-05-06 19:45:00,37.86666667,42.53333333,34.13333333,42.86666667,53.33333333,29.6,52.33333333,34.6,,
2026-05-06 20:00:00,32.86666667,40.6,31.4,39.86666667,51.66666667,28.86666667,48.73333333,29.93333333,,
2026-05-06 20:15:00,38.2,43.13333333,36.66666667,36.73333333,52.13333333,27.86666667,51.6,29.86666667,,
2026-05-06 20:30:00,33.4,41.93333333,32.53333333,35.86666667,51.4,29.86666667,60.2,27.26666667,,
2026-05-06 20:45:00,39.06666667,42.06666667,33.53333333,36.6,49.33333333,26.33333333,66.73333333,28.26666667,,
2026-05-06 21:00:00,34.66666667,43.8,32.53333333,37.53333333,51.33333333,28.4,51.33333333,28.73333333,,
2026-05-06 21:15:00,34.2,42.8,31.73333333,33.0,55.8,32.33333333,58.86666667,29.8,,
2026-05-06 21:30:00,33.46666667,42.4,31.46666667,32.13333333,56.4,32.33333333,59.4,28.33333333,,
2026-05-06 21:45:00,32.8,42.86666667,30.66666667,31.53333333,48.26666667,29.86666667,54.73333333,28.4,,
2026-05-06 22:00:00,33.93333333,42.13333333,32.4,32.26666667,50.26666667,29.06666667,55.66666667,28.06666667,,
2026-05-06 22:15:00,38.0,44.6,30.8,32.4,59.66666667,27.73333333,82.0,27.46666667,,
2026-05-06 22:30:00,44.73333333,38.66666667,30.13333333,31.66666667,56.66666667,29.26666667,79.66666667,27.86666667,,
2026-05-06 22:45:00,37.06666667,34.6,32.06666667,33.53333333,52.13333333,30.4,57.13333333,27.4,,
2026-05-06 23:00:00,39.2,33.33333333,29.66666667,32.6,51.8,28.66666667,59.4,27.53333333,,
2026-05-06 23:15:00,37.2,30.8,33.0,32.06666667,50.0,31.0,60.0,31.86666667,,
2026-05-06 23:30:00,36.06666667,32.86666667,29.66666667,30.93333333,49.93333333,28.0,65.46666667,31.0,,
2026-05-06 23:45:00,36.53333333,33.53333333,31.26666667,33.86666667,61.93333333,28.73333333,65.8,31.53333333,,
2026-05-07 00:00:00,46.53333333,32.06666667,31.46666667,34.13333333,61.46666667,30.06666667,64.8,30.13333333,,
2026-05-07 00:15:00,46.0,33.66666667,28.46666667,34.06666667,51.53333333,31.06666667,69.93333333,31.13333333,,
2026-05-07 00:30:00,42.26666667,30.6,31.13333333,32.8,49.26666667,28.8,74.8,31.6,,
2026-05-07 00:45:00,45.86666667,33.33333333,32.93333333,36.13333333,49.06666667,28.2,73.4,35.06666667,,
2026-05-07 01:00:00,42.73333333,31.93333333,34.0,35.8,53.0,28.2,75.93333333,35.8,,
2026-05-07 01:15:00,38.53333333,32.86666667,33.0,34.06666667,47.33333333,32.53333333,73.13333333,30.66666667,,
2026-05-07 01:30:00,36.53333333,32.73333333,33.53333333,37.6,50.8,29.2,75.93333333,33.8,,
2026-05-07 01:45:00,37.13333333,34.13333333,34.13333333,38.0,48.06666667,29.6,85.13333333,30.86666667,,
2026-05-07 02:00:00,36.73333333,34.06666667,34.33333333,39.66666667,47.13333333,30.2,92.26666667,35.46666667,,
2026-05-07 02:15:00,36.86666667,32.2,35.8,38.13333333,55.26666667,28.73333333,65.93333333,33.33333333,,
2026-05-07 02:30:00,42.6,32.8,33.0,36.4,53.46666667,27.66666667,59.4,34.73333333,,
2026-05-07 02:45:00,44.86666667,31.6,32.8,36.06666667,52.86666667,30.73333333,63.93333333,33.66666667,,
2026-05-07 03:00:00,44.0,31.53333333,33.73333333,37.0,54.6,32.46666667,59.0,33.53333333,,
2026-05-07 03:15:00,40.8,31.0,32.53333333,35.6,59.2,33.06666667,68.8,31.06666667,,
2026-05-07 03:30:00,42.86666667,31.53333333,29.53333333,38.13333333,57.53333333,30.73333333,58.86666667,31.33333333,,
2026-05-07 03:45:00,43.06666667,32.26666667,30.0,39.86666667,61.4,31.4,58.2,31.06666667,,
2026-05-07 04:00:00,44.26666667,33.66666667,29.86666667,36.66666667,64.2,31.93333333,69.13333333,34.13333333,,
2026-05-07 04:15:00,46.13333333,35.93333333,34.8,36.26666667,66.0,34.53333333,65.46666667,30.66666667,,
2026-05-07 04:30:00,44.86666667,34.86666667,30.86666667,39.46666667,60.8,32.6,66.66666667,33.33333333,,
2026-05-07 04:45:00,48.6,31.73333333,30.66666667,38.46666667,59.2,31.33333333,62.33333333,35.86666667,,
2026-05-07 05:00:00,47.26666667,34.8,32.86666667,36.33333333,72.6,40.6,60.2,46.46666667,,
2026-05-07 05:15:00,47.4,33.2,32.86666667,36.2,62.33333333,34.86666667,58.4,42.86666667,,
2026-05-07 05:30:00,47.4,30.06666667,32.6,37.66666667,64.2,41.4,57.93333333,47.06666667,,
2026-05-07 05:45:00,42.46666667,33.06666667,37.26666667,36.66666667,67.53333333,33.13333333,57.4,41.6,,
2026-05-07 06:00:00,46.8,41.66666667,41.2,44.33333333,65.86666667,35.66666667,60.6,44.66666667,,
2026-05-07 06:15:00,53.06666667,43.66666667,41.06666667,87.73333333,73.8,34.8,71.4,55.06666667,,
2026-05-07 06:30:00,52.6,54.8,42.53333333,83.06666667,76.46666667,35.4,123.4,76.06666667,,
2026-05-07 06:45:00,50.66666667,43.86666667,48.2,120.86666667,96.13333333,38.0,61.6,73.73333333,,
2026-05-07 07:00:00,57.2,44.0,58.33333333,131.66666667,87.53333333,35.46666667,166.2,82.53333333,,
2026-05-07 07:15:00,59.4,43.8,73.53333333,119.53333333,65.4,35.0,68.53333333,95.6,,
2026-05-07 07:30:00,60.0,39.26666667,70.4,103.53333333,57.2,44.8,68.33333333,120.6,,
2026-05-07 07:45:00,55.6,34.33333333,71.06666667,98.86666667,57.8,46.53333333,65.06666667,143.4,,
2026-05-07 08:00:00,58.4,37.86666667,64.33333333,87.86666667,57.86666667,51.6,65.26666667,70.26666667,,
2026-05-07 08:15:00,62.13333333,32.2,52.73333333,67.4,59.13333333,41.53333333,112.0,74.8,,
2026-05-07 08:30:00,68.26666667,35.33333333,44.0,71.93333333,54.4,38.06666667,86.66666667,64.46666667,,
2026-05-07 08:45:00,62.4,40.26666667,42.6,66.0,52.0,32.8,46.46666667,55.0,,
2026-05-07 09:00:00,65.2,35.26666667,49.46666667,53.26666667,54.6,37.53333333,171.8,44.2,,
2026-05-07 09:15:00,65.73333333,31.93333333,59.2,43.93333333,54.13333333,38.26666667,56.13333333,53.06666667,,
2026-05-07 09:30:00,57.66666667,28.53333333,67.53333333,47.0,65.8,38.93333333,43.13333333,50.46666667,,
2026-05-07 09:45:00,56.66666667,29.13333333,57.93333333,43.66666667,65.06666667,39.93333333,42.6,49.66666667,,
2026-05-07 10:00:00,50.13333333,28.93333333,48.6,44.53333333,66.6,41.86666667,37.66666667,59.53333333,,
2026-05-07 10:15:00,42.93333333,29.93333333,40.26666667,40.93333333,71.8,39.6,35.4,47.93333333,,
2026-05-07 10:30:00,42.46666667,34.06666667,41.66666667,42.2,75.93333333,39.6,33.26666667,51.4,,
2026-05-07 10:45:00,43.33333333,34.2,41.06666667,40.66666667,82.2,37.0,42.46666667,54.53333333,,
2026-05-07 11:00:00,42.53333333,32.93333333,37.66666667,39.4,80.33333333,37.46666667,33.53333333,51.93333333,,
2026-05-07 11:15:00,42.93333333,32.06666667,40.13333333,39.06666667,84.26666667,35.06666667,34.2,41.6,,
2026-05-07 11:30:00,43.46666667,33.53333333,40.46666667,38.66666667,81.53333333,34.73333333,91.8,41.4,,
2026-05-07 11:45:00,48.46666667,33.6,39.66666667,37.46666667,78.86666667,1041.33333333,35.8,61.8,,
2026-05-07 12:00:00,39.86666667,33.73333333,39.53333333,37.4,73.26666667,45.0,41.66666667,54.8,,
2026-05-07 12:15:00,38.73333333,32.33333333,39.53333333,36.26666667,60.73333333,37.53333333,37.53333333,61.53333333,,
2026-05-07 12:30:00,42.2,32.46666667,40.4,39.86666667,50.0,36.8,43.4,56.33333333,,
2026-05-07 12:45:00,42.46666667,32.6,37.0,38.4,47.4,37.0,238.8,39.53333333,,
2026-05-07 13:00:00,40.46666667,34.93333333,36.86666667,41.8,42.0,38.86666667,42.4,39.86666667,,
2026-05-07 13:15:00,50.93333333,32.06666667,39.53333333,41.2,36.8,34.46666667,35.0,38.86666667,,
2026-05-07 13:30:00,43.06666667,31.2,36.2,40.8,35.2,37.33333333,40.4,41.6,,
2026-05-07 13:45:00,42.8,31.46666667,36.66666667,43.6,35.6,35.86666667,51.8,40.33333333,,
2026-05-07 14:00:00,46.53333333,32.8,35.73333333,42.06666667,32.2,34.66666667,71.2,54.06666667,,
2026-05-07 14:15:00,38.0,34.2,37.86666667,42.6,35.33333333,37.2,37.33333333,38.66666667,,
2026-05-07 14:30:00,19.0,34.26666667,42.53333333,39.26666667,34.06666667,36.4,33.4,39.93333333,,
2026-05-07 14:45:00,39.93333333333333,32.93333333,41.93333333,42.2,41.0,37.4,49.73333333,58.46666667,,
2026-05-07 15:00:00,40.6,36.93333333,40.8,45.6,39.0,38.06666667,43.73333333,43.73333333,,
2026-05-07 15:15:00,40.53333333333333,46.13333333,40.26666667,48.13333333,41.66666667,40.13333333,54.4,43.73333333,,
2026-05-07 15:30:00,41.13333333333333,41.93333333,40.53333333,46.46666667,44.46666667,40.13333333,37.33333333,44.66666667,,
2026-05-07 15:45:00,41.6,38.2,39.73333333,44.0,45.93333333,40.8,37.4,66.8,,
2026-05-07 16:00:00,42.333333333333336,39.4,41.2,47.0,46.53333333,40.93333333,37.93333333,86.4,,
2026-05-07 16:15:00,41.266666666666666,39.53333333,42.0,52.33333333,49.26666667,42.46666667,39.53333333,71.6,,
2026-05-07 16:30:00,43.53333333333333,45.66666667,45.6,49.53333333,46.33333333,44.8,38.4,54.93333333,,
2026-05-07 16:45:00,44.13333333333333,40.86666667,47.46666667,43.93333333,49.0,44.66666667,42.33333333,41.73333333,,
2026-05-07 17:00:00,45.0,39.06666667,46.86666667,45.2,45.33333333,43.8,43.8,49.26666667,,
2026-05-07 17:15:00,45.46666666666667,47.26666667,44.06666667,45.6,43.66666667,43.26666667,42.13333333,87.6,,
2026-05-07 17:30:00,46.93333333333333,42.86666667,39.53333333,47.13333333,45.26666667,45.26666667,42.2,64.46666667,,
2026-05-07 17:45:00,46.4,40.2,43.13333333,47.13333333,49.06666667,46.86666667,64.2,47.66666667,,
2026-05-07 18:00:00,46.46666666666667,41.86666667,46.53333333,45.4,52.8,41.33333333,45.73333333,45.13333333,,
2026-05-07 18:15:00,47.733333333333334,40.33333333,44.73333333,46.06666667,53.06666667,43.13333333,42.73333333,43.73333333,,
2026-05-07 18:30:00,45.53333333333333,40.0,40.66666667,48.0,51.8,42.2,44.4,46.86666667,,
2026-05-07 18:45:00,45.53333333333333,44.0,39.86666667,45.86666667,51.13333333,2556.4,57.0,45.2,,
2026-05-07 19:00:00,45.733333333333334,43.0,42.26666667,47.33333333,53.6,549.53333333,42.93333333,44.66666667,,
2026-05-07 19:15:00,43.0,40.46666667,38.73333333,46.66666667,53.4,81.54545455,37.8,46.46666667,,
2026-05-07 19:30:00,38.333333333333336,45.0,49.73333333,44.53333333,56.26666667,16.0,31.2,45.73333333,,
2026-05-07 19:45:00,37.733333333333334,39.26666667,69.33333333,45.13333333,55.53333333,28.0,31.06666667,42.73333333,,
2026-05-07 20:00:00,40.93333333333333,40.06666667,38.93333333,46.93333333,57.0,,36.13333333,43.0,,
2026-05-07 20:15:00,40.93333333333333,44.13333333,34.26666667,60.0,55.4,,44.6,21.0,,
2026-05-07 20:30:00,39.53333333333333,42.46666667,33.13333333,51.0,54.73333333,,35.33333333,21.0,,
2026-05-07 20:45:00,35.733333333333334,45.8,32.2,39.93333333333333,54.0,,36.73333333,,,
2026-05-07 21:00:00,33.13333333333333,42.73333333,34.26666667,40.46666666666667,54.2,,32.93333333,,,
2026-05-07 21:15:00,32.666666666666664,44.46666667,30.86666667,38.733333333333334,57.33333333,,43.73333333,,,
2026-05-07 21:30:00,34.13333333333333,44.26666667,31.4,38.13333333333333,63.2,45.75,44.0,,,
2026-05-07 21:45:00,38.53333333333333,43.13333333,30.6,34.93333333333333,72.06666667,44.86666666666667,33.33333333,,,
2026-05-07 22:00:00,39.333333333333336,44.4,33.46666667,34.666666666666664,72.33333333,46.266666666666666,33.6,,,
2026-05-07 22:15:00,42.666666666666664,38.13333333,33.73333333,35.06666666666667,73.2,46.53333333333333,61.93333333,,,
2026-05-07 22:30:00,43.8,37.33333333,35.86666667,35.2,73.66666667,44.86666666666667,41.53333333,,,
2026-05-07 22:45:00,42.06666666666667,35.26666667,43.26666667,34.13333333333333,72.86666667,44.733333333333334,34.26666667,,,
2026-05-07 23:00:00,41.4,37.13333333,46.13333333,34.733333333333334,73.86666667,45.53333333333333,35.26666667,37.8,,
2026-05-07 23:15:00,41.46666666666667,40.46666667,39.6,35.2,74.06666667,43.53333333333333,34.26666667,38.53333333333333,,
2026-05-07 23:30:00,44.13333333333333,43.86666667,41.4,36.06666666666667,73.26666667,44.4,37.86666667,38.333333333333336,,
2026-05-07 23:45:00,42.8,41.86666667,40.73333333,33.333333333333336,77.66666667,44.6,35.73333333,39.333333333333336,,
2026-05-08 00:00:00,43.8,43.66666667,42.46666667,33.86666666666667,83.93333333,42.733333333333334,35.2,40.46666666666667,,
2026-05-08 00:15:00,42.53333333333333,43.46666667,37.13333333,34.6,78.53333333,44.46666666666667,39.33333333,46.86666666666667,,
2026-05-08 00:30:00,40.46666666666667,43.8,36.73333333,41.4,78.46666667,41.4,36.6,60.733333333333334,,
2026-05-08 00:45:00,39.06666666666667,42.13333333,35.73333333,43.4,75.6,43.46666666666667,36.4,62.2,,
2026-05-08 01:00:00,40.2,52.6,37.0,42.13333333333333,73.6,42.53333333333333,39.33333333,57.13333333333333,,
2026-05-08 01:15:00,39.86666666666667,44.73333333,37.93333333,41.46666666666667,66.46666667,42.0,44.13333333,48.13333333333333,,
2026-05-08 01:30:00,40.0,44.86666667,46.46666667,39.93333333333333,65.53333333,37.53333333333333,45.26666667,39.333333333333336,,
2026-05-08 01:45:00,38.4,43.53333333,48.4,41.666666666666664,65.53333333,40.666666666666664,41.0,36.733333333333334,,
2026-05-08 02:00:00,40.46666666666667,45.73333333,45.66666667,44.733333333333334,64.66666667,39.13333333333333,38.86666667,39.6,,
2026-05-08 02:15:00,41.6,42.53333333,49.46666667,48.6,66.8,40.666666666666664,39.26666667,43.4,,
2026-05-08 02:30:00,41.733333333333334,44.33333333,48.73333333,42.8,66.4,40.06666666666667,40.46666667,41.2,,
2026-05-08 02:45:00,41.53333333333333,44.73333333,50.13333333,42.86666666666667,63.8,39.46666666666667,47.46666667,38.0,,
2026-05-08 03:00:00,42.06666666666667,43.93333333,50.26666667,42.8,63.4,42.8,48.86666667,40.93333333333333,,
2026-05-08 03:15:00,40.4,44.26666667,50.73333333,44.333333333333336,66.06666667,44.93333333333333,47.73333333,42.93333333333333,,
2026-05-08 03:30:00,40.6,42.66666667,50.06666667,43.6,62.06666667,43.86666666666667,48.0,38.266666666666666,,
2026-05-08 03:45:00,40.93333333333333,45.86666667,52.53333333,45.666666666666664,59.46666667,48.333333333333336,48.26666667,40.0,,
2026-05-08 04:00:00,41.2,45.66666667,58.0,48.13333333333333,59.4,52.13333333333333,49.26666667,42.0,,
2026-05-08 04:15:00,43.333333333333336,45.53333333,58.4,55.4,63.46666667,51.2,48.93333333,41.666666666666664,,
2026-05-08 04:30:00,52.6,48.06666667,59.4,47.333333333333336,59.0,50.06666666666667,48.66666667,45.13333333333333,,
2026-05-08 04:45:00,52.666666666666664,53.26666667,59.13333333,49.53333333333333,65.8,54.666666666666664,51.46666667,48.86666666666667,,
2026-05-08 05:00:00,60.4,54.26666667,55.86666667,49.13333333333333,69.93333333,54.0,51.86666667,49.6,,
2026-05-08 05:15:00,66.26666666666667,52.46666667,54.66666667,49.2,90.86666667,52.2,51.0,47.8,,
2026-05-08 05:30:00,62.0,64.0,58.86666667,48.266666666666666,86.66666667,51.333333333333336,48.33333333,46.666666666666664,,
2026-05-08 05:45:00,76.53333333333333,68.2,61.46666667,51.13333333333333,96.33333333,54.333333333333336,44.53333333,49.4,,
2026-05-08 06:00:00,59.266666666666666,62.26666667,61.73333333,58.46666666666667,105.6,52.2,43.6,55.86666666666667,,
2026-05-08 06:15:00,66.26666666666667,67.66666667,64.0,97.06666666666666,107.13333333,53.733333333333334,44.0,61.666666666666664,,
2026-05-08 06:30:00,58.13333333333333,70.93333333,62.86666667,109.13333333333334,118.46666667,55.86666666666667,45.66666667,62.93333333333333,,
2026-05-08 06:45:00,56.86666666666667,68.06666667,65.33333333,85.73333333333333,125.06666667,57.93333333333333,48.0,60.6,,
2026-05-08 07:00:00,58.13333333333333,63.8,69.73333333,94.4,123.13333333,60.86666666666667,49.8,57.0,,
2026-05-08 07:15:00,60.666666666666664,57.53333333,68.73333333,98.06666666666666,127.93333333,62.8,279.33333333,59.53333333333333,,
2026-05-08 07:30:00,65.46666666666667,58.13333333,72.06666667,86.73333333333333,113.93333333,63.93333333333333,52.73333333,62.333333333333336,,
2026-05-08 07:45:00,67.6,60.6,77.46666667,95.13333333333334,85.93333333,65.86666666666666,50.6,81.93333333333334,,
2026-05-08 08:00:00,70.46666666666667,66.46666667,75.46666667,85.33333333333333,89.73333333,63.0,59.0,80.0,,
2026-05-08 08:15:00,72.53333333333333,62.46666667,71.26666667,73.53333333333333,88.0,63.2,662.13333333,85.73333333333333,,
2026-05-08 08:30:00,67.0,59.2,66.86666667,70.93333333333334,100.93333333,61.86666666666667,109.06666667,109.86666666666666,,
2026-05-08 08:45:00,76.66666666666667,60.53333333,66.93333333,71.66666666666667,85.93333333,62.6,135.06666667,88.0,,
2026-05-08 09:00:00,77.0,57.26666667,61.73333333,74.46666666666667,80.73333333,63.06666666666667,72.13333333,108.13333333333334,,
2026-05-08 09:15:00,79.53333333333333,62.4,67.4,77.33333333333333,88.8,64.0,165.93333333,71.46666666666667,,
2026-05-08 09:30:00,73.26666666666667,62.2,74.53333333,80.93333333333334,92.06666667,63.2,54.33333333,75.26666666666667,,
2026-05-08 09:45:00,73.86666666666666,62.33333333,75.2,76.13333333333334,95.8,62.13333333333333,56.2,79.33333333333333,,
2026-05-08 10:00:00,89.8,62.66666667,71.73333333,82.46666666666667,97.13333333,65.86666666666666,151.0,76.66666666666667,,
2026-05-08 10:15:00,71.8,66.2,69.66666667,76.2,101.2,63.13333333333333,49.73333333,69.86666666666666,,
2026-05-08 10:30:00,68.13333333333334,63.46666667,67.06666667,79.13333333333334,99.93333333,64.2,50.73333333,65.6,,
2026-05-08 10:45:00,69.2,63.13333333,63.0,71.6,94.06666667,60.8,51.6,67.4,,
2026-05-08 11:00:00,71.73333333333333,67.86666667,60.6,64.33333333333333,93.73333333,59.333333333333336,132.53333333,64.46666666666667,,
2026-05-08 11:15:00,76.2,66.66666667,56.46666667,61.53333333333333,86.86666667,58.6,56.53333333,68.53333333333333,,
2026-05-08 11:30:00,69.73333333333333,65.46666667,55.2,61.266666666666666,81.33333333,55.86666666666667,72.6,65.2,,
2026-05-08 11:45:00,71.06666666666666,61.06666667,53.46666667,60.86666666666667,83.53333333,57.46666666666667,1209.53333333,61.733333333333334,,
2026-05-08 12:00:00,67.13333333333334,62.4,51.73333333,62.46666666666667,78.46666667,54.8,87.33333333,64.93333333333334,,
2026-05-08 12:15:00,64.93333333333334,60.93333333,48.6,59.666666666666664,85.4,48.93333333333333,75.4,61.8,,
2026-05-08 12:30:00,64.66666666666667,63.2,46.33333333,61.86666666666667,84.73333333,45.93333333333333,64.46666667,62.8,,
2026-05-08 12:45:00,67.53333333333333,72.33333333,49.5,58.666666666666664,82.6,43.93333333333333,81.86666667,61.46666666666667,,
2026-05-08 13:00:00,65.2,72.4,,54.333333333333336,77.73333333,43.53333333333333,42.86666667,57.733333333333334,,
2026-05-08 13:15:00,60.8,74.0,,55.13333333333333,80.26666667,46.2,74.46666667,54.666666666666664,,
2026-05-08 13:30:00,69.0,77.63636364,,55.333333333333336,80.6,47.86666666666667,43.86666667,54.13333333333333,,
2026-05-08 13:45:00,69.33333333333333,,,55.4,84.4,53.13333333333333,42.26666667,65.4,,
2026-05-08 14:00:00,55.0,,,57.733333333333334,76.13333333,48.266666666666666,45.0,56.86666666666667,,
2026-05-08 14:15:00,53.6,,,58.86666666666667,64.53333333,53.8,95.53333333,66.26666666666667,,
2026-05-08 14:30:00,61.266666666666666,,,61.2,90.93333333,55.13333333333333,49.46666667,65.73333333333333,,
2026-05-08 14:45:00,61.333333333333336,,,64.8,77.2,56.333333333333336,49.8,60.666666666666664,,
2026-05-08 15:00:00,63.93333333333333,,,62.266666666666666,71.13333333,50.13333333333333,48.66666667,67.66666666666667,,
2026-05-08 15:15:00,59.666666666666664,,,63.46666666666667,81.8,50.266666666666666,56.2,63.53333333333333,,
2026-05-08 15:30:00,55.2,,,62.666666666666664,80.2,55.0,57.6,57.2,,
2026-05-08 15:45:00,58.733333333333334,,,61.46666666666667,79.0,52.266666666666666,76.33333333,56.86666666666667,,
2026-05-08 16:00:00,54.93333333333333,,,63.4,59.06666667,52.13333333333333,66.06666667,59.46666666666667,,
2026-05-08 16:15:00,53.86666666666667,,,62.8,67.26666667,57.06666666666667,47.73333333,59.53333333333333,,
2026-05-08 16:30:00,57.46666666666667,,,65.26666666666667,53.73333333,57.4,51.4,57.93333333333333,,
2026-05-08 16:45:00,71.46666666666667,,,69.6,52.73333333,57.0,48.06666667,58.4,,
2026-05-08 17:00:00,65.4,,22.84615385,70.93333333333334,55.8,61.06666666666667,47.2,61.13333333333333,,
2026-05-08 17:15:00,63.2,,22.916666666666668,68.66666666666667,53.26666667,59.6,60.06666667,58.6,,
2026-05-08 17:30:00,74.6,,,68.4,51.73333333,59.53333333333333,49.73333333,57.86666666666667,,
2026-05-08 17:45:00,64.6,,,65.13333333333334,55.06666667,58.6,38.33333333,65.33333333333333,,
2026-05-08 18:00:00,105.2,,,67.0,59.0,56.666666666666664,41.33333333,64.13333333333334,,
2026-05-08 18:15:00,67.8,,,66.53333333333333,60.0,57.13333333333333,39.06666667,63.13333333333333,,
2026-05-08 18:30:00,63.0,,,64.2,64.86666667,53.6,43.13333333,69.26666666666667,,
2026-05-08 18:45:00,68.93333333333334,,,69.0,58.93333333,56.93333333333333,68.06666667,64.4,,
2026-05-08 19:00:00,80.6,,,74.0,64.06666667,57.733333333333334,68.13333333,64.66666666666667,,
2026-05-08 19:15:00,95.4,,,70.13333333333334,57.46666667,56.666666666666664,63.2,73.93333333333334,,
2026-05-08 19:30:00,80.06666666666666,,,77.53333333333333,56.93333333,55.666666666666664,45.4,69.73333333333333,,
2026-05-08 19:45:00,68.06666666666666,,,76.53333333333333,55.13333333,56.333333333333336,40.26666667,67.6,,
2026-05-08 20:00:00,63.6,,,77.4,60.0,56.266666666666666,49.86666667,65.93333333333334,,
2026-05-08 20:15:00,59.266666666666666,,,81.66666666666667,60.93333333,59.2,49.46666667,63.13333333333333,,
2026-05-08 20:30:00,59.333333333333336,,,78.0,58.93333333,55.266666666666666,84.53333333,63.53333333333333,,
2026-05-08 20:45:00,62.46666666666667,,,72.8,59.8,56.13333333333333,44.13333333,60.266666666666666,,
2026-05-08 21:00:00,61.93333333333333,,,73.2,63.53333333,57.733333333333334,65.86666667,63.333333333333336,,
2026-05-08 21:15:00,65.0,,,68.06666666666666,59.06666667,57.0,54.4,64.33333333333333,,
2026-05-08 21:30:00,64.2,,,70.86666666666666,53.93333333,53.13333333333333,40.8,62.266666666666666,,
2026-05-08 21:45:00,58.86666666666667,,,69.8,53.13333333,54.8,42.8,60.333333333333336,,
2026-05-08 22:00:00,60.06666666666667,,,69.33333333333333,52.46666667,55.266666666666666,45.2,57.266666666666666,,
2026-05-08 22:15:00,58.8,,62.84615385,71.0,53.26666667,55.86666666666667,52.8,58.13333333333333,,
2026-05-08 22:30:00,62.4,,66.33333333,87.2,62.6,55.333333333333336,41.13333333,60.06666666666667,,
2026-05-08 22:45:00,68.6,,60.06666667,80.33333333333333,67.2,52.333333333333336,48.73333333,60.13333333333333,,
2026-05-08 23:00:00,63.733333333333334,,55.66666667,95.06666666666666,63.46666667,52.93333333333333,89.06666667,58.333333333333336,,
2026-05-08 23:15:00,68.0,,56.46666667,73.4,67.06666667,52.13333333333333,64.93333333,53.86666666666667,,
2026-05-08 23:30:00,70.4,,56.33333333,78.2,59.0,53.333333333333336,59.26666667,54.06666666666667,,
2026-05-08 23:45:00,70.26666666666667,,55.73333333,123.0,62.93333333,53.13333333333333,139.46666667,52.86666666666667,,
2026-05-09 00:00:00,66.66666666666667,,52.53333333,253.33333333333334,66.13333333,55.86666666666667,58.8,51.333333333333336,,
2026-05-09 00:15:00,64.73333333333333,,53.8,321.4,67.6,59.53333333333333,46.06666667,50.266666666666666,,
2026-05-09 00:30:00,62.46666666666667,,51.4,450.06666666666666,57.2,60.2,46.13333333,50.666666666666664,,
2026-05-09 00:45:00,67.2,,49.2,362.1333333333333,50.46666667,55.666666666666664,43.46666667,51.2,,
2026-05-09 01:00:00,55.13333333333333,,50.33333333,172.53333333333333,48.93333333,56.06666666666667,61.33333333,51.46666666666667,,
2026-05-09 01:15:00,51.46666666666667,,51.8,218.53333333333333,50.8,54.53333333333333,67.53333333,48.53333333333333,,
2026-05-09 01:30:00,52.333333333333336,,50.8,231.0,49.33333333,52.0,65.93333333,48.666666666666664,,
2026-05-09 01:45:00,52.666666666666664,,46.33333333,94.6,49.73333333,48.4,66.46666667,47.86666666666667,,
2026-05-09 02:00:00,47.0,,51.6,70.26666666666667,52.6,49.93333333333333,57.33333333,50.93333333333333,,
2026-05-09 02:15:00,43.6,,48.66666667,68.13333333333334,53.2,50.666666666666664,54.46666667,50.2,,
2026-05-09 02:30:00,46.333333333333336,,49.6,65.33333333333333,54.0,52.0,50.46666667,57.2,,
2026-05-09 02:45:00,46.93333333333333,,49.86666667,65.13333333333334,52.0,50.2,48.46666667,58.6,,
2026-05-09 03:00:00,46.2,,48.53333333,63.13333333333333,56.73333333,50.2,45.86666667,56.86666666666667,,
2026-05-09 03:15:00,47.2,,47.8,61.6,55.86666667,48.53333333333333,46.06666667,52.333333333333336,,
2026-05-09 03:30:00,43.666666666666664,,48.53333333,65.6,56.06666667,51.0,54.53333333,50.333333333333336,,
2026-05-09 03:45:00,46.333333333333336,,47.4,66.6,51.0,49.06666666666667,54.06666667,49.4,,
2026-05-09 04:00:00,41.53333333333333,,51.6,67.13333333333334,51.93333333,47.6,44.46666667,47.333333333333336,,
2026-05-09 04:15:00,43.13333333333333,,48.73333333,65.6,46.26666667,49.06666666666667,46.2,49.0,,
2026-05-09 04:30:00,41.6,,44.26666667,71.73333333333333,43.4,50.733333333333334,41.53333333,50.06666666666667,,
2026-05-09 04:45:00,50.4,,51.8,69.4,37.8,51.8,39.2,55.13333333333333,,
2026-05-09 05:00:00,44.333333333333336,,61.53333333,63.06666666666667,28.8,54.53333333333333,36.4,60.13333333333333,,
2026-05-09 05:15:00,51.93333333333333,,65.6,55.46666666666667,27.06666667,60.0,32.53333333,55.93333333333333,,
2026-05-09 05:30:00,54.333333333333336,,65.33333333,48.06666666666667,30.53333333,63.8,32.2,48.333333333333336,,
2026-05-09 05:45:00,48.46666666666667,,61.13333333,46.333333333333336,34.0,62.333333333333336,34.93333333,44.06666666666667,,
2026-05-09 06:00:00,46.13333333333333,,58.26666667,44.666666666666664,36.86666667,64.13333333333334,33.26666667,40.333333333333336,,
2026-05-09 06:15:00,51.666666666666664,,54.73333333,44.06666666666667,39.4,61.86666666666667,35.73333333,38.333333333333336,,
2026-05-09 06:30:00,40.2,,49.13333333,44.93333333333333,37.13333333,56.86666666666667,34.73333333,37.6,,
2026-05-09 06:45:00,37.86666666666667,,49.46666667,43.13333333333333,33.86666667,50.0,36.0,39.0,,
2026-05-09 07:00:00,38.06666666666667,,48.26666667,42.333333333333336,33.33333333,45.46666666666667,32.86666667,38.2,,
2026-05-09 07:15:00,45.46666666666667,,48.66666667,45.06666666666667,30.13333333,48.333333333333336,35.13333333,45.93333333333333,,
2026-05-09 07:30:00,46.2,,46.53333333,46.4,32.53333333,46.333333333333336,38.06666667,41.6,,
2026-05-09 07:45:00,42.53333333333333,,45.53333333,43.93333333333333,34.2,44.93333333333333,39.53333333,38.8,,
2026-05-09 08:00:00,51.8,,47.4,43.93333333333333,28.2,47.266666666666666,39.4,39.266666666666666,,
2026-05-09 08:15:00,47.13333333333333,,48.26666667,44.0,34.4,47.93333333333333,38.33333333,41.53333333333333,,
2026-05-09 08:30:00,44.733333333333334,,51.33333333,41.8,42.66666667,48.6,40.73333333,39.46666666666667,,
2026-05-09 08:45:00,48.86666666666667,,46.53333333,44.46666666666667,55.86666667,48.06666666666667,35.33333333,42.6,,
2026-05-09 09:00:00,41.06666666666667,,49.0,43.13333333333333,32.26666667,46.13333333333333,36.2,42.333333333333336,,
2026-05-09 09:15:00,42.4,,44.33333333,40.46666666666667,27.0,48.13333333333333,111.53333333,42.2,,
2026-05-09 09:30:00,41.06666666666667,,43.26666667,40.4,28.86666667,47.6,61.4,39.2,,
2026-05-09 09:45:00,43.266666666666666,,45.2,42.4,29.06666667,45.93333333333333,36.22222222,39.86666666666667,,
2026-05-09 10:00:00,37.266666666666666,,40.53333333,42.733333333333334,24.8,46.4,,40.13333333333333,,
2026-05-09 10:15:00,37.06666666666667,,44.93333333,43.06666666666667,25.26666667,45.2,,39.4,,
2026-05-09 10:30:00,33.266666666666666,,43.46666667,42.0,28.66666667,42.266666666666666,,37.733333333333334,,
2026-05-09 10:45:00,35.0,,41.93333333,40.2,26.53333333,44.46666666666667,,36.6,,
2026-05-09 11:00:00,34.06666666666667,,40.53333333,38.8,28.66666667,42.733333333333334,,34.8,,
2026-05-09 11:15:00,35.666666666666664,,37.66666667,37.06666666666667,25.8,38.666666666666664,,37.46666666666667,,
2026-05-09 11:30:00,34.6,,39.33333333,41.4,24.46666667,35.2,,34.666666666666664,,
2026-05-09 11:45:00,67.8,,36.0,45.46666666666667,26.33333333,31.0,,36.266666666666666,,
2026-05-09 12:00:00,35.86666666666667,,42.0,42.8,23.53333333,30.6,,34.6,,
2026-05-09 12:15:00,40.46666666666667,,39.46666667,41.8,21.06666667,26.733333333333334,,33.666666666666664,,
2026-05-09 12:30:00,37.8,,33.6,40.266666666666666,22.06666667,27.6,,31.8,,
2026-05-09 12:45:00,30.266666666666666,,31.46666667,34.8,26.0,29.733333333333334,,32.8,,
2026-05-09 13:00:00,29.4,,33.2,33.06666666666667,21.2,27.866666666666667,,31.8,,
2026-05-09 13:15:00,26.2,,34.0,32.333333333333336,20.4,27.466666666666665,,31.8,,
2026-05-09 13:30:00,26.733333333333334,,35.66666667,31.666666666666668,21.6,27.866666666666667,,30.266666666666666,,
2026-05-09 13:45:00,28.0,,34.6,33.46666666666667,21.6,29.733333333333334,31.75,30.466666666666665,,
2026-05-09 14:00:00,27.533333333333335,,37.0,32.6,22.86666667,30.533333333333335,37.6,28.866666666666667,,
2026-05-09 14:15:00,27.6,,34.26666667,33.13333333333333,22.2,29.066666666666666,103.0,30.466666666666665,,
2026-05-09 14:30:00,27.933333333333334,,31.8,34.733333333333334,25.4,27.866666666666667,103.0,30.6,,
2026-05-09 14:45:00,24.4,,33.25,31.466666666666665,27.0,27.6,48.0,27.666666666666668,,
2026-05-09 15:00:00,27.2,,35.2,31.066666666666666,26.06666667,28.133333333333333,77.8,28.066666666666666,,
2026-05-09 15:15:00,25.866666666666667,,32.4,28.533333333333335,26.33333333,27.133333333333333,47.86666666666667,27.533333333333335,,
2026-05-09 15:30:00,27.066666666666666,,30.66666667,28.6,26.13333333,27.8,129.0,26.333333333333332,,
2026-05-09 15:45:00,27.0,,31.93333333,29.866666666666667,27.33333333,27.733333333333334,85.46666666666667,26.266666666666666,,
2026-05-09 16:00:00,24.933333333333334,,30.93333333,32.733333333333334,31.4,26.466666666666665,63.53333333333333,29.8,,
2026-05-09 16:15:00,28.066666666666666,,31.6,32.46666666666667,27.6,28.266666666666666,42.733333333333334,28.666666666666668,,
2026-05-09 16:30:00,27.266666666666666,,32.26666667,37.86666666666667,30.0,28.533333333333335,30.533333333333335,30.533333333333335,,
2026-05-09 16:45:00,31.066666666666666,,31.73333333,37.46666666666667,29.2,29.533333333333335,33.333333333333336,30.466666666666665,,
2026-05-09 17:00:00,32.53333333333333,,31.93333333,44.93333333333333,33.93333333,29.2,45.06666666666667,33.6,,
2026-05-09 17:15:00,34.13333333333333,,37.26666667,46.733333333333334,33.8,31.266666666666666,50.4,33.733333333333334,,
2026-05-09 17:30:00,34.13333333333333,,34.53333333,41.13333333333333,33.2,29.466666666666665,35.4,35.86666666666667,,
2026-05-09 17:45:00,33.0,,32.73333333,34.333333333333336,34.8,32.266666666666666,33.8,32.733333333333334,,
2026-05-09 18:00:00,33.2,,34.73333333,32.333333333333336,35.86666667,33.46666666666667,41.2,35.53333333333333,,
2026-05-09 18:15:00,34.4,,32.2,32.6,38.66666667,33.0,42.86666666666667,35.06666666666667,,
2026-05-09 18:30:00,38.13333333333333,,18.5,32.666666666666664,41.26666667,33.8,35.06666666666667,36.53333333333333,,
2026-05-09 18:45:00,40.2,,18.7,33.93333333333333,45.06666667,33.06666666666667,33.266666666666666,36.53333333333333,,
2026-05-09 19:00:00,41.0,,28.733333333333334,34.13333333333333,44.53333333,35.4,33.06666666666667,37.266666666666666,,
2026-05-09 19:15:00,40.666666666666664,,37.4,37.0,47.66666667,35.93333333333333,30.2,37.53333333333333,,
2026-05-09 19:30:00,48.86666666666667,,38.06666666666667,37.6,46.13333333,36.46666666666667,64.46666666666667,36.2,,
2026-05-09 19:45:00,53.666666666666664,,39.266666666666666,38.733333333333334,44.73333333,37.93333333333333,47.46666666666667,36.2,,
2026-05-09 20:00:00,51.666666666666664,,39.86666666666667,39.46666666666667,44.13333333,36.86666666666667,33.266666666666666,37.733333333333334,,
2026-05-09 20:15:00,55.2,,36.93333333333333,40.8,43.06666667,40.86666666666667,35.53333333333333,40.8,,
2026-05-09 20:30:00,43.733333333333334,,38.46666666666667,41.0,42.46666667,38.13333333333333,36.733333333333334,44.733333333333334,,
2026-05-09 20:45:00,40.86666666666667,,37.93333333333333,42.4,45.66666667,38.6,35.53333333333333,43.6,,
2026-05-09 21:00:00,59.4,,38.2,42.46666666666667,43.53333333,38.86666666666667,34.06666666666667,42.666666666666664,,
2026-05-09 21:15:00,50.333333333333336,,40.333333333333336,41.733333333333334,45.66666667,38.53333333333333,56.733333333333334,39.46666666666667,,
2026-05-09 21:30:00,56.06666666666667,,40.93333333333333,39.666666666666664,46.26666667,38.53333333333333,37.0,38.13333333333333,,
2026-05-09 21:45:00,40.13333333333333,,32.266666666666666,39.53333333333333,45.53333333,36.6,36.4,37.0,,
2026-05-09 22:00:00,35.733333333333334,,43.13333333333333,40.93333333333333,48.2,60.333333333333336,37.06666666666667,32.06666666666667,,
2026-05-09 22:15:00,25.0,,54.266666666666666,41.46666666666667,48.4,63.6,40.2,20.066666666666666,,
2026-05-09 22:30:00,43.733333333333334,,53.4,56.8,47.6,56.06666666666667,38.733333333333334,45.6,,
2026-05-09 22:45:00,41.4,,55.666666666666664,47.0,50.8,72.86666666666666,75.46666666666667,38.4,,
2026-05-09 23:00:00,62.733333333333334,,36.6,42.46666666666667,52.33333333,52.333333333333336,38.46666666666667,41.93333333333333,,
2026-05-09 23:15:00,48.06666666666667,,34.4,33.86666666666667,50.4,53.666666666666664,42.46666666666667,34.666666666666664,,
2026-05-09 23:30:00,36.4,,32.8,30.266666666666666,50.93333333,55.93333333333333,49.666666666666664,36.6,,
2026-05-09 23:45:00,35.2,,32.4,34.46666666666667,54.46666667,47.6,43.266666666666666,33.666666666666664,,
2026-05-10 00:00:00,34.8,,28.333333333333332,78.73333333333333,52.4,50.06666666666667,69.86666666666666,27.866666666666667,,
2026-05-10 00:15:00,39.86666666666667,,27.6,135.13333333333333,50.8,37.666666666666664,39.333333333333336,31.533333333333335,,
2026-05-10 00:30:00,57.53333333333333,,35.666666666666664,89.33333333333333,52.73333333,36.46666666666667,47.93333333333333,29.666666666666668,,
2026-05-10 00:45:00,47.8,,38.4,65.06666666666666,54.46666667,38.333333333333336,42.13333333333333,37.86666666666667,,
2026-05-10 01:00:00,84.33333333333333,,34.6,64.8,56.46666667,30.933333333333334,42.46666666666667,43.6,,
2026-05-10 01:15:00,2040.4666666666667,,3289.133333333333,70.46666666666667,57.53333333,45.13333333333333,39.0,60.333333333333336,,
2026-05-10 01:30:00,1576.8,,35.93333333333333,41.2,54.4,69.4,43.666666666666664,56.06666666666667,,
2026-05-10 01:45:00,54.53333333333333,,34.6,62.733333333333334,45.8,42.46666666666667,43.266666666666666,58.8,,
2026-05-10 02:00:00,318.1333333333333,,27.2,34.333333333333336,43.4,47.266666666666666,44.53333333333333,34.0,,
2026-05-10 02:15:00,724.2,,28.066666666666666,32.2,42.26666667,46.86666666666667,41.46666666666667,37.0,,
2026-05-10 02:30:00,41.86666666666667,,35.333333333333336,33.6,44.6,47.6,38.0,34.93333333333333,,
2026-05-10 02:45:00,60.2,,41.2,34.733333333333334,43.8,56.4,37.53333333333333,36.666666666666664,,
2026-05-10 03:00:00,44.733333333333334,,35.8,31.8,44.0,46.4,37.666666666666664,37.666666666666664,,
2026-05-10 03:15:00,43.6,,50.733333333333334,36.0,42.93333333,47.86666666666667,47.0,38.46666666666667,,
2026-05-10 03:30:00,49.06666666666667,,48.53333333333333,36.666666666666664,40.93333333,47.53333333333333,45.13333333333333,37.86666666666667,,
2026-05-10 03:45:00,42.13333333333333,,51.733333333333334,42.53333333333333,43.0,52.0,42.266666666666666,37.8,,
2026-05-10 04:00:00,45.6,,44.53333333333333,41.86666666666667,44.13333333,52.46666666666667,43.4,39.53333333333333,,
2026-05-10 04:15:00,68.73333333333333,,51.53333333333333,44.93333333333333,54.26666667,52.86666666666667,42.93333333333333,40.53333333333333,,
2026-05-10 04:30:00,61.4,,50.2,44.2,72.26666667,52.6,39.46666666666667,43.13333333333333,,
2026-05-10 04:45:00,378.06666666666666,,53.6,46.6,77.86666667,525.8666666666667,41.0,41.8,,
2026-05-10 05:00:00,65.93333333333334,,56.0,48.733333333333334,78.06666667,71.13333333333334,42.266666666666666,40.2,,
2026-05-10 05:15:00,66.46666666666667,,55.06666666666667,49.8,76.26666667,52.86666666666667,43.93333333333333,42.4,,
2026-05-10 05:30:00,201.0,,64.46666666666667,49.4,73.46666667,63.53333333333333,46.333333333333336,41.93333333333333,,
2026-05-10 05:45:00,100.6,,63.4,49.86666666666667,71.26666667,73.93333333333334,43.0,47.4,,
2026-05-10 06:00:00,64.53333333333333,,93.6,49.666666666666664,68.26666667,62.6,47.46666666666667,43.2,,
2026-05-10 06:15:00,108.5,,50.46666666666667,49.2,69.26666667,145.86666666666667,46.13333333333333,46.46666666666667,,
2026-05-10 06:30:00,115.2,,49.86666666666667,54.666666666666664,67.93333333,94.6,44.46666666666667,46.4,,
2026-05-10 06:45:00,,,59.93333333333333,53.2,66.53333333,53.733333333333334,47.13333333333333,45.53333333333333,,
2026-05-10 07:00:00,,,66.53333333333333,53.666666666666664,68.46666667,119.13333333333334,42.8,43.13333333333333,,
2026-05-10 07:15:00,,,68.66666666666667,55.93333333333333,67.4,123.46666666666667,42.46666666666667,50.53333333333333,,
2026-05-10 07:30:00,,,66.2,56.86666666666667,66.0,67.66666666666667,44.266666666666666,54.13333333333333,,
2026-05-10 07:45:00,,,67.93333333333334,58.733333333333334,61.33333333,66.6,48.06666666666667,57.06666666666667,,
2026-05-10 08:00:00,,,91.4,62.13333333333333,60.93333333,71.8,41.6,59.06666666666667,,
2026-05-10 08:15:00,,,75.4,64.06666666666666,59.13333333,73.66666666666667,40.86666666666667,62.6,,
2026-05-10 08:30:00,,,70.0,63.4,57.8,73.66666666666667,92.06666666666666,58.733333333333334,,
2026-05-10 08:45:00,,,78.33333333333333,65.53333333333333,51.0,73.06666666666666,144.66666666666666,62.333333333333336,,
2026-05-10 09:00:00,,,79.93333333333334,68.86666666666666,42.53333333,76.8,37.13333333333333,66.13333333333334,,
2026-05-10 09:15:00,,,75.73333333333333,69.73333333333333,39.33333333,74.53333333333333,148.13333333333333,65.4,,
2026-05-10 09:30:00,,,80.33333333333333,74.4,39.26666667,71.0,40.8,64.86666666666666,,
2026-05-10 09:45:00,,,75.26666666666667,71.6,45.0,73.33333333333333,41.266666666666666,57.733333333333334,,
2026-05-10 10:00:00,,,76.66666666666667,72.53333333333333,44.0,76.26666666666667,81.8,60.6,,
2026-05-10 10:15:00,,,75.93333333333334,73.66666666666667,42.53333333,77.66666666666667,39.13333333333333,55.733333333333334,,
2026-05-10 10:30:00,,,72.8,73.13333333333334,42.0,74.0,362.0,57.666666666666664,,
2026-05-10 10:45:00,,,71.93333333333334,70.26666666666667,45.6,70.06666666666666,66.53333333333333,62.06666666666667,,
2026-05-10 11:00:00,,,69.26666666666667,69.0,44.73333333,61.333333333333336,114.4,60.93333333333333,,
2026-05-10 11:15:00,,,66.13333333333334,66.46666666666667,45.66666667,62.06666666666667,398.4,62.0,,
2026-05-10 11:30:00,,,62.4,65.0,41.6,67.53333333333333,58.6,59.266666666666666,,
2026-05-10 11:45:00,,,67.0,65.33333333333333,41.69230769,68.4,53.93333333333333,62.53333333333333,,
2026-05-10 12:00:00,,,66.33333333333333,67.33333333333333,,55.93333333333333,53.46666666666667,52.8,,
2026-05-10 12:15:00,,,59.6,63.266666666666666,,49.6,55.4,49.4,,
2026-05-10 12:30:00,,,54.6,59.333333333333336,,50.13333333333333,59.46666666666667,47.4,,
2026-05-10 12:45:00,,,50.4,53.733333333333334,,49.733333333333334,49.733333333333334,42.0,,
2026-05-10 13:00:00,,,51.0,48.666666666666664,,48.86666666666667,49.53333333333333,45.93333333333333,,
2026-05-10 13:15:00,,,51.46666666666667,48.666666666666664,,50.2,47.4,46.2,,
2026-05-10 13:30:00,,,49.733333333333334,47.333333333333336,,48.06666666666667,76.46666666666667,44.266666666666666,,
2026-05-10 13:45:00,,,51.06666666666667,48.46666666666667,,48.53333333333333,50.0,42.13333333333333,,
2026-05-10 14:00:00,,,57.13333333333333,47.266666666666666,,44.13333333333333,61.8,47.4,,
2026-05-10 14:15:00,,,52.2,50.86666666666667,,44.266666666666666,55.8,45.4,,
2026-05-10 14:30:00,,,44.0,48.06666666666667,,40.8,55.6,49.8,,
2026-05-10 14:45:00,,,40.86666666666667,51.733333333333334,,36.13333333333333,50.8,46.53333333333333,,
2026-05-10 15:00:00,,,44.4,51.06666666666667,,37.666666666666664,69.53333333333333,46.53333333333333,,
2026-05-10 15:15:00,,,41.2,51.06666666666667,,37.0,45.666666666666664,43.86666666666667,,
2026-05-10 15:30:00,,,38.4,52.0,,33.93333333333333,44.13333333333333,41.46666666666667,,
2026-05-10 15:45:00,,,37.6,50.86666666666667,,36.0,47.93333333333333,38.46666666666667,,
2026-05-10 16:00:00,,,32.46666666666667,44.733333333333334,,32.333333333333336,49.13333333333333,38.53333333333333,,
2026-05-10 16:15:00,,,33.666666666666664,46.06666666666667,44.0,34.333333333333336,43.666666666666664,40.0,,
2026-05-10 16:30:00,,,31.333333333333332,44.93333333333333,32.733333333333334,86.66666666666667,42.06666666666667,37.733333333333334,,
2026-05-10 16:45:00,,,31.4,48.06666666666667,31.066666666666666,32.53333333333333,44.333333333333336,39.46666666666667,,
2026-05-10 17:00:00,,,30.466666666666665,43.0,32.0,29.133333333333333,42.93333333333333,35.333333333333336,,
2026-05-10 17:15:00,,,29.866666666666667,40.06666666666667,30.933333333333334,80.8,45.4,35.6,,
2026-05-10 17:30:00,,,29.066666666666666,39.333333333333336,29.0,27.466666666666665,47.8,32.2,,
2026-05-10 17:45:00,,,22.6,1542.3333333333333,28.733333333333334,24.2,58.733333333333334,32.4,,
2026-05-10 18:00:00,,,19.666666666666668,31.2,27.066666666666666,23.866666666666667,43.333333333333336,28.2,,
2026-05-10 18:15:00,,,22.133333333333333,42.666666666666664,29.2,39.6,45.666666666666664,26.6,,
2026-05-10 18:30:00,,,24.333333333333332,27.4,28.4,23.066666666666666,46.8,23.666666666666668,,
2026-05-10 18:45:00,,,22.4,25.333333333333332,29.066666666666666,31.066666666666666,45.8,22.933333333333334,,
2026-05-10 19:00:00,,,21.8,24.266666666666666,28.466666666666665,17.733333333333334,47.13333333333333,20.533333333333335,,
2026-05-10 19:15:00,,,21.333333333333332,21.666666666666668,28.933333333333334,25.266666666666666,45.4,21.2,,
2026-05-10 19:30:00,,,21.933333333333334,25.266666666666666,28.066666666666666,25.266666666666666,43.86666666666667,21.533333333333335,,
2026-05-10 19:45:00,,,17.4,22.533333333333335,26.933333333333334,35.4,39.46666666666667,19.266666666666666,,
2026-05-10 20:00:00,,,17.0,19.0,27.133333333333333,14.533333333333333,102.6,18.466666666666665,,
2026-05-10 20:15:00,,,21.466666666666665,19.866666666666667,27.266666666666666,15.333333333333334,42.46666666666667,18.6,,
2026-05-10 20:30:00,,,14.866666666666667,19.866666666666667,30.2,14.533333333333333,41.2,16.6,,
2026-05-10 20:45:00,,,14.4,21.6,25.6,12.133333333333333,39.4,13.8,,
2026-05-10 21:00:00,,,13.933333333333334,17.2,25.133333333333333,13.0,46.266666666666666,13.666666666666666,,
2026-05-10 21:15:00,,,12.666666666666666,16.866666666666667,25.6,11.666666666666666,33.666666666666664,13.0,,
2026-05-10 21:30:00,,,14.866666666666667,14.866666666666667,25.466666666666665,11.866666666666667,26.133333333333333,12.733333333333333,,
2026-05-10 21:45:00,,,12.866666666666667,14.733333333333333,27.8,12.666666666666666,24.2,11.733333333333333,,
2026-05-10 22:00:00,,,11.4,15.066666666666666,28.2,12.6,22.4,13.866666666666667,,
2026-05-10 22:15:00,,,11.666666666666666,14.466666666666667,25.933333333333334,12.066666666666666,21.333333333333332,13.133333333333333,,
2026-05-10 22:30:00,,,11.066666666666666,15.8,25.666666666666668,11.2,20.733333333333334,11.4,,
2026-05-10 22:45:00,,,10.733333333333333,16.0,26.6,10.733333333333333,49.86666666666667,13.133333333333333,,
2026-05-10 23:00:00,,,9.933333333333334,15.6,33.93333333333333,11.866666666666667,20.333333333333332,13.0,,
2026-05-10 23:15:00,,,9.866666666666667,15.733333333333333,37.13333333333333,12.666666666666666,22.133333333333333,14.266666666666667,,
2026-05-10 23:30:00,,,9.333333333333334,17.2,35.733333333333334,11.333333333333334,18.866666666666667,15.4,,
2026-05-10 23:45:00,,,10.533333333333333,15.8,33.86666666666667,11.066666666666666,21.666666666666668,16.4,,
2026-05-11 00:00:00,,,11.6,15.4,37.0,12.4,26.133333333333333,15.333333333333334,,
2026-05-11 00:15:00,,,12.6,15.533333333333333,40.333333333333336,13.466666666666667,39.53333333333333,16.866666666666667,,
2026-05-11 00:30:00,,,11.466666666666667,45.13333333333333,38.666666666666664,12.666666666666666,35.733333333333334,16.333333333333332,,
2026-05-11 00:45:00,,,11.733333333333333,39.333333333333336,33.13333333333333,15.066666666666666,37.4,18.933333333333334,,
2026-05-11 01:00:00,,,11.6,34.266666666666666,28.333333333333332,20.0,41.86666666666667,16.466666666666665,,
2026-05-11 01:15:00,,,14.866666666666667,24.266666666666666,27.533333333333335,21.666666666666668,32.06666666666667,16.6,,
2026-05-11 01:30:00,,,13.666666666666666,19.666666666666668,28.4,28.0,37.333333333333336,14.533333333333333,,
2026-05-11 01:45:00,,,12.466666666666667,13.466666666666667,27.4,25.866666666666667,75.0,19.133333333333333,,
2026-05-11 02:00:00,,,11.066666666666666,12.2,26.933333333333334,22.266666666666666,39.93333333333333,16.0,,
2026-05-11 02:15:00,,,14.733333333333333,12.866666666666667,25.4,17.533333333333335,30.933333333333334,15.6,,
2026-05-11 02:30:00,,,12.666666666666666,12.466666666666667,28.4,16.4,44.93333333333333,13.933333333333334,,
2026-05-11 02:45:00,,,12.133333333333333,12.266666666666667,27.2,16.8,33.86666666666667,14.066666666666666,,
2026-05-11 03:00:00,,,12.066666666666666,11.866666666666667,27.933333333333334,20.4,30.466666666666665,15.4,,
2026-05-11 03:15:00,,,11.8,13.666666666666666,30.933333333333334,19.733333333333334,29.8,18.066666666666666,,
2026-05-11 03:30:00,,,11.4,13.4,26.733333333333334,20.666666666666668,26.466666666666665,24.466666666666665,,
2026-05-11 03:45:00,,,13.133333333333333,13.666666666666666,25.666666666666668,18.6,28.133333333333333,22.6,,
2026-05-11 04:00:00,,,16.8,15.666666666666666,28.466666666666665,19.0,75.06666666666666,24.533333333333335,,
2026-05-11 04:15:00,,,15.466666666666667,17.666666666666668,33.93333333333333,18.733333333333334,29.266666666666666,26.733333333333334,,
2026-05-11 04:30:00,,,15.6,52.0,31.4,18.133333333333333,30.0,26.333333333333332,,
2026-05-11 04:45:00,,,16.066666666666666,47.666666666666664,38.666666666666664,18.133333333333333,28.4,26.8,,
2026-05-11 05:00:00,,,16.2,51.4,33.13333333333333,18.066666666666666,34.53333333333333,26.4,,
2026-05-11 05:15:00,,,17.6,74.6,34.2,21.333333333333332,34.46666666666667,29.2,,
2026-05-11 05:30:00,,,20.733333333333334,75.26666666666667,37.53333333333333,21.6,32.93333333333333,29.0,,
2026-05-11 05:45:00,,,20.8,80.26666666666667,33.86666666666667,19.666666666666668,34.13333333333333,30.266666666666666,,
2026-05-11 06:00:00,,,22.066666666666666,67.6,39.86666666666667,18.6,36.06666666666667,31.4,,
2026-05-11 06:15:00,,,19.466666666666665,56.2,37.8,21.6,30.333333333333332,31.466666666666665,,
2026-05-11 06:30:00,,,20.666666666666668,57.0,40.0,21.266666666666666,39.13333333333333,33.53333333333333,,
2026-05-11 06:45:00,,,22.0,63.733333333333334,48.53333333333333,21.533333333333335,42.0,34.4,,
2026-05-11 07:00:00,,,31.933333333333334,74.06666666666666,44.93333333333333,24.933333333333334,38.6,36.86666666666667,,
2026-05-11 07:15:00,,,45.53333333333333,75.46666666666667,46.46666666666667,23.133333333333333,43.46666666666667,43.46666666666667,,
2026-05-11 07:30:00,,,42.53333333333333,79.93333333333334,51.333333333333336,37.0,45.6,38.666666666666664,,
2026-05-11 07:45:00,,,38.06666666666667,70.8,68.4,44.4,50.333333333333336,39.06666666666667,,
2026-05-11 08:00:00,,,36.2,56.8,90.86666666666666,32.666666666666664,72.66666666666667,40.333333333333336,,
2026-05-11 08:15:00,,,33.0,48.46666666666667,100.13333333333334,22.6,54.86666666666667,39.53333333333333,,
2026-05-11 08:30:00,,,35.06666666666667,50.2,114.93333333333334,20.666666666666668,45.666666666666664,40.8,,
2026-05-11 08:45:00,,,33.266666666666666,53.666666666666664,93.4,23.133333333333333,39.46666666666667,40.666666666666664,,
2026-05-11 09:00:00,,,26.533333333333335,53.666666666666664,80.13333333333334,29.933333333333334,38.06666666666667,46.93333333333333,,
2026-05-11 09:15:00,,,20.733333333333334,51.06666666666667,68.13333333333334,24.133333333333333,74.26666666666667,54.6,,
2026-05-11 09:30:00,,,19.6,50.06666666666667,63.06666666666667,13.733333333333333,41.333333333333336,73.46666666666667,,
2026-05-11 09:45:00,,,19.4,47.2,51.86666666666667,12.933333333333334,31.666666666666668,44.4,,
2026-05-11 10:00:00,,,20.466666666666665,29.6,44.0,14.8,82.13333333333334,40.2,,
2026-05-11 10:15:00,,,19.666666666666668,24.866666666666667,47.06666666666667,15.933333333333334,26.0,33.13333333333333,,
2026-05-11 10:30:00,,,22.733333333333334,25.466666666666665,38.86666666666667,19.2,361.53333333333336,29.333333333333332,,
2026-05-11 10:45:00,,,23.666666666666668,51.6,44.4,21.933333333333334,24.0,28.2,,
2026-05-11 11:00:00,,,24.333333333333332,40.666666666666664,36.53333333333333,20.933333333333334,103.53333333333333,22.4,,
2026-05-11 11:15:00,,,26.066666666666666,36.0,39.46666666666667,20.333333333333332,65.13333333333334,22.933333333333334,,
2026-05-11 11:30:00,,,25.4,25.733333333333334,37.53333333333333,21.2,24.8,23.933333333333334,,
2026-05-11 11:45:00,,,24.533333333333335,30.4,56.06666666666667,21.6,16.0,24.133333333333333,,
2026-05-11 12:00:00,,,23.866666666666667,26.4,39.8,23.866666666666667,16.6,24.6,,
2026-05-11 12:15:00,,,24.866666666666667,29.533333333333335,39.733333333333334,23.533333333333335,19.133333333333333,23.466666666666665,,
2026-05-11 12:30:00,,,24.933333333333334,30.4,35.666666666666664,24.533333333333335,25.2,24.333333333333332,,
2026-05-11 12:45:00,,,26.866666666666667,31.866666666666667,36.13333333333333,23.6,23.8,25.533333333333335,,
2026-05-11 13:00:00,,,25.533333333333335,28.4,30.4,24.666666666666668,23.933333333333334,24.933333333333334,,
2026-05-11 13:15:00,,,25.666666666666668,29.933333333333334,28.133333333333333,27.533333333333335,22.4,24.533333333333335,,
2026-05-11 13:30:00,,,23.666666666666668,27.666666666666668,29.866666666666667,26.066666666666666,25.8,25.866666666666667,,
2026-05-11 13:45:00,,,27.666666666666668,28.666666666666668,31.866666666666667,27.933333333333334,29.933333333333334,28.866666666666667,,
2026-05-11 14:00:00,,,25.866666666666667,28.933333333333334,34.333333333333336,28.733333333333334,24.333333333333332,26.6,,
2026-05-11 14:15:00,,,28.733333333333334,30.2,34.13333333333333,26.733333333333334,31.533333333333335,27.066666666666666,,
2026-05-11 14:30:00,,,28.466666666666665,28.8,36.0,26.866666666666667,22.733333333333334,29.4,,
2026-05-11 14:45:00,,,27.266666666666666,29.733333333333334,33.733333333333334,25.4,24.133333333333333,27.533333333333335,,
2026-05-11 15:00:00,,,27.6,29.666666666666668,33.13333333333333,25.4,25.8,25.533333333333335,,
2026-05-11 15:15:00,,,25.066666666666666,29.133333333333333,33.333333333333336,27.066666666666666,73.73333333333333,29.4,,
2026-05-11 15:30:00,,,22.666666666666668,28.733333333333334,35.86666666666667,25.466666666666665,27.6,26.533333333333335,,
2026-05-11 15:45:00,,,25.866666666666667,29.066666666666666,33.93333333333333,24.466666666666665,24.866666666666667,28.466666666666665,,
2026-05-11 16:00:00,,,25.333333333333332,30.066666666666666,34.333333333333336,24.533333333333335,25.133333333333333,26.0,,
2026-05-11 16:15:00,,,23.2,28.8,34.266666666666666,24.0,27.133333333333333,25.533333333333335,,
2026-05-11 16:30:00,,,23.666666666666668,29.733333333333334,35.13333333333333,24.933333333333334,24.466666666666665,29.8,,
2026-05-11 16:45:00,,,25.133333333333333,29.333333333333332,35.53333333333333,25.533333333333335,28.333333333333332,26.333333333333332,,
2026-05-11 17:00:00,,,24.533333333333335,27.2,35.6,25.866666666666667,28.533333333333335,24.866666666666667,,
2026-05-11 17:15:00,,,25.533333333333335,26.8,34.93333333333333,24.666666666666668,28.066666666666666,24.933333333333334,,
2026-05-11 17:30:00,,,23.666666666666668,33.6,36.733333333333334,24.2,155.0,26.066666666666666,,
2026-05-11 17:45:00,,,23.666666666666668,48.6,38.13333333333333,23.533333333333335,28.333333333333332,25.133333333333333,,
2026-05-11 18:00:00,,,25.266666666666666,43.666666666666664,37.2,25.266666666666666,46.06666666666667,27.933333333333334,,
2026-05-11 18:15:00,,,26.666666666666668,108.46666666666667,42.13333333333333,26.6,33.666666666666664,25.6,,
2026-05-11 18:30:00,,,31.6,51.2,38.666666666666664,29.6,32.6,26.0,,
2026-05-11 18:45:00,,,33.86666666666667,30.133333333333333,42.266666666666666,28.866666666666667,289.8,26.4,,
2026-05-11 19:00:00,,,33.6,34.4,41.0,28.933333333333334,32.4,27.666666666666668,,
2026-05-11 19:15:00,,,32.6,40.8,37.4,30.066666666666666,26.933333333333334,30.333333333333332,,
2026-05-11 19:30:00,,,28.533333333333335,33.733333333333334,39.4,28.866666666666667,27.066666666666666,30.066666666666666,,
2026-05-11 19:45:00,,,28.066666666666666,30.4,39.266666666666666,28.333333333333332,27.266666666666666,40.4,,
2026-05-11 20:00:00,,,29.466666666666665,32.4,43.8,29.133333333333333,28.2,46.53333333333333,,
2026-05-11 20:15:00,,,29.133333333333333,35.2,43.6,27.933333333333334,53.2,37.46666666666667,,
2026-05-11 20:30:00,,,29.6,35.6,48.13333333333333,27.2,55.333333333333336,32.46666666666667,,
2026-05-11 20:45:00,,,29.333333333333332,34.46666666666667,57.4,27.733333333333334,30.466666666666665,30.133333333333333,,
2026-05-11 21:00:00,,,27.266666666666666,38.53333333333333,48.666666666666664,25.933333333333334,27.466666666666665,30.2,,
2026-05-11 21:15:00,,,27.333333333333332,49.06666666666667,51.13333333333333,28.6,28.6,30.2,,
2026-05-11 21:30:00,,,27.6,40.53333333333333,50.0,25.933333333333334,32.333333333333336,30.133333333333333,,
2026-05-11 21:45:00,,,27.533333333333335,67.4,55.733333333333334,26.4,29.333333333333332,30.533333333333335,,
2026-05-11 22:00:00,,,26.933333333333334,32.8,65.0,27.2,29.8,29.4,,
2026-05-11 22:15:00,,,27.0,30.933333333333334,57.2,26.466666666666665,32.86666666666667,27.066666666666666,,
2026-05-11 22:30:00,,,25.0,31.266666666666666,49.266666666666666,27.266666666666666,30.0,28.266666666666666,,
2026-05-11 22:45:00,,,26.333333333333332,45.0,45.6,27.2,36.93333333333333,25.733333333333334,,
2026-05-11 23:00:00,,,24.466666666666665,39.53333333333333,42.86666666666667,25.533333333333335,28.266666666666666,27.066666666666666,,
2026-05-11 23:15:00,,,24.266666666666666,37.86666666666667,42.46666666666667,25.933333333333334,30.2,27.4,,
2026-05-11 23:30:00,,,24.733333333333334,33.8,42.2,24.266666666666666,31.066666666666666,28.4,,
2026-05-11 23:45:00,,,20.8,33.06666666666667,42.06666666666667,24.333333333333332,30.333333333333332,28.2,,
2026-05-12 00:00:00,,,20.466666666666665,38.46666666666667,46.8,24.4,48.13333333333333,26.733333333333334,,
2026-05-12 00:15:00,,,20.733333333333334,74.73333333333333,44.266666666666666,23.733333333333334,34.666666666666664,27.466666666666665,,
2026-05-12 00:30:00,,,20.066666666666666,79.46666666666667,38.06666666666667,22.333333333333332,32.4,28.8,,
2026-05-12 00:45:00,,,21.4,38.0,37.2,23.133333333333333,32.93333333333333,148.13333333333333,,
2026-05-12 01:00:00,,,22.733333333333334,55.13333333333333,36.2,21.933333333333334,30.533333333333335,123.66666666666667,,
2026-05-12 01:15:00,,,20.266666666666666,94.73333333333333,37.2,21.4,31.666666666666668,69.06666666666666,,
2026-05-12 01:30:00,,,19.666666666666668,69.8,38.333333333333336,20.266666666666666,30.6,43.8,,
2026-05-12 01:45:00,,,20.933333333333334,113.46666666666667,38.6,19.6,31.666666666666668,53.53333333333333,,
2026-05-12 02:00:00,,,18.733333333333334,88.86666666666666,38.0,19.733333333333334,29.866666666666667,46.13333333333333,,
2026-05-12 02:15:00,,,20.666666666666668,85.66666666666667,36.733333333333334,19.933333333333334,33.4,37.4,,
2026-05-12 02:30:00,,,21.8,52.93333333333333,38.333333333333336,19.6,34.6,31.866666666666667,,
2026-05-12 02:45:00,,,22.533333333333335,68.06666666666666,35.13333333333333,21.0,33.46666666666667,26.866666666666667,,
2026-05-12 03:00:00,,,25.333333333333332,57.6,33.93333333333333,19.933333333333334,31.6,27.2,,
2026-05-12 03:15:00,,,25.266666666666666,63.266666666666666,35.0,19.533333333333335,31.733333333333334,27.533333333333335,,
2026-05-12 03:30:00,,,24.133333333333333,42.86666666666667,33.266666666666666,20.2,34.333333333333336,26.8,,
2026-05-12 03:45:00,,,24.866666666666667,44.266666666666666,32.733333333333334,19.533333333333335,32.666666666666664,26.6,,
2026-05-12 04:00:00,,,26.4,33.266666666666666,33.53333333333333,20.2,34.86666666666667,27.933333333333334,,
2026-05-12 04:15:00,,,25.066666666666666,37.333333333333336,34.53333333333333,21.2,37.733333333333334,27.133333333333333,,
2026-05-12 04:30:00,,,23.533333333333335,47.4,31.8,19.133333333333333,103.4,27.733333333333334,,
2026-05-12 04:45:00,,,22.066666666666666,43.266666666666666,28.0,19.8,91.26666666666667,30.333333333333332,,
2026-05-12 05:00:00,,,20.0,49.666666666666664,28.866666666666667,19.6,96.13333333333334,34.06666666666667,,
2026-05-12 05:15:00,,,22.466666666666665,40.53333333333333,28.4,20.333333333333332,76.26666666666667,32.733333333333334,,
2026-05-12 05:30:00,,,22.666666666666668,32.8,28.2,21.733333333333334,56.6,33.333333333333336,,
2026-05-12 05:45:00,,,21.8,32.06666666666667,29.666666666666668,20.8,50.6,37.0,,
2026-05-12 06:00:00,,,21.2,32.6,30.266666666666666,21.4,48.06666666666667,37.06666666666667,,
2026-05-12 06:15:00,,,21.466666666666665,34.266666666666666,31.066666666666666,19.333333333333332,54.4,37.2,,
2026-05-12 06:30:00,,,22.133333333333333,34.333333333333336,30.933333333333334,21.2,62.46666666666667,34.8,,
2026-05-12 06:45:00,,,21.4,36.6,33.666666666666664,23.066666666666666,50.8,41.93333333333333,,
2026-05-12 07:00:00,,,22.333333333333332,40.733333333333334,37.0,22.0,40.86666666666667,45.46666666666667,,
2026-05-12 07:15:00,,,23.066666666666666,50.8,37.06666666666667,24.933333333333334,43.06666666666667,51.266666666666666,,
2026-05-12 07:30:00,,,22.2,100.66666666666667,40.53333333333333,24.533333333333335,45.46666666666667,46.93333333333333,,
2026-05-12 07:45:00,,,24.0,115.26666666666667,42.333333333333336,23.666666666666668,42.93333333333333,45.4,,
2026-05-12 08:00:00,,,23.0,98.73333333333333,41.333333333333336,25.066666666666666,42.733333333333334,47.266666666666666,,
2026-05-12 08:15:00,,46.57142857142857,22.533333333333335,79.93333333333334,40.06666666666667,26.533333333333335,41.13333333333333,47.06666666666667,,
2026-05-12 08:30:00,,46.86666666666667,25.0,81.53333333333333,37.2,27.2,41.733333333333334,45.2,,
2026-05-12 08:45:00,,41.46666666666667,24.066666666666666,64.46666666666667,38.666666666666664,25.866666666666667,45.333333333333336,42.06666666666667,,
2026-05-12 09:00:00,,50.333333333333336,23.4,59.8,38.8,26.0,36.266666666666666,41.06666666666667,,
2026-05-12 09:15:00,,33.93333333333333,28.066666666666666,81.13333333333334,49.2,24.333333333333332,32.266666666666666,32.733333333333334,,
2026-05-12 09:30:00,,26.666666666666668,29.866666666666667,69.53333333333333,44.266666666666666,23.333333333333332,30.266666666666666,37.4,,
2026-05-12 09:45:00,,26.133333333333333,27.6,42.733333333333334,40.46666666666667,22.666666666666668,36.266666666666666,43.0,,
2026-05-12 10:00:00,,35.333333333333336,39.266666666666666,33.0,42.06666666666667,23.0,36.333333333333336,44.2,,
2026-05-12 10:15:00,,373.06666666666666,39.4,68.66666666666667,52.8,24.466666666666665,47.46666666666667,54.46666666666667,,
2026-05-12 10:30:00,,508.46666666666664,59.06666666666667,43.2,44.46666666666667,24.4,31.266666666666666,62.266666666666666,,
2026-05-12 10:45:00,,1076.6,53.6,41.13333333333333,48.333333333333336,24.866666666666667,33.6,48.333333333333336,,
2026-05-12 11:00:00,,842.3333333333334,38.666666666666664,40.6,55.0,28.933333333333334,35.86666666666667,44.06666666666667,,
2026-05-12 11:15:00,,5178.733333333334,45.266666666666666,69.4,48.333333333333336,26.8,33.06666666666667,48.0,,
2026-05-12 11:30:00,,199.73333333333332,42.06666666666667,45.06666666666667,48.46666666666667,28.466666666666665,56.666666666666664,41.4,,
2026-05-12 11:45:00,,87.2,33.13333333333333,54.8,54.53333333333333,28.866666666666667,33.733333333333334,37.733333333333334,,
2026-05-12 12:00:00,,31.133333333333333,33.4,47.266666666666666,58.6,28.333333333333332,35.8,39.333333333333336,,
2026-05-12 12:15:00,,32.06666666666667,41.4,44.13333333333333,59.8,28.666666666666668,42.06666666666667,40.06666666666667,,
2026-05-12 12:30:00,,29.666666666666668,47.06666666666667,48.333333333333336,66.4,30.0,322.46666666666664,37.53333333333333,,
2026-05-12 12:45:00,,33.13333333333333,45.4,48.4,53.266666666666666,30.866666666666667,37.8,41.266666666666666,,
2026-05-12 13:00:00,,29.733333333333334,40.266666666666666,45.733333333333334,55.53333333333333,49.86666666666667,36.266666666666666,43.46666666666667,,
2026-05-12 13:15:00,,43.13333333333333,40.333333333333336,43.733333333333334,56.6,58.0,36.13333333333333,47.2,,
2026-05-12 13:30:00,,30.866666666666667,41.333333333333336,40.666666666666664,71.93333333333334,30.4,61.93333333333333,45.666666666666664,,
2026-05-12 13:45:00,,63.6,38.6,39.733333333333334,82.06666666666666,35.4,41.13333333333333,44.93333333333333,,
2026-05-12 14:00:00,,37.06666666666667,38.0,38.6,86.6,40.13333333333333,35.4,42.13333333333333,,
2026-05-12 14:15:00,,61.666666666666664,38.333333333333336,41.266666666666666,83.6,38.2,38.93333333333333,42.13333333333333,,
2026-05-12 14:30:00,,33.46666666666667,38.2,38.333333333333336,71.2,46.46666666666667,40.266666666666666,41.86666666666667,,
2026-05-12 14:45:00,,33.4,37.4,37.53333333333333,68.86666666666666,48.93333333333333,77.13333333333334,37.2,,
2026-05-12 15:00:00,,75.93333333333334,35.266666666666666,35.86666666666667,53.93333333333333,59.86666666666667,64.13333333333334,40.266666666666666,,
2026-05-12 15:15:00,,33.86666666666667,37.666666666666664,37.46666666666667,53.733333333333334,36.666666666666664,44.06666666666667,36.13333333333333,,
2026-05-12 15:30:00,,36.8,33.4,34.733333333333334,49.86666666666667,35.86666666666667,61.4,35.333333333333336,,
2026-05-12 15:45:00,,40.86666666666667,33.53333333333333,37.13333333333333,43.733333333333334,36.2,37.2,32.13333333333333,,
2026-05-12 16:00:00,,46.733333333333334,34.266666666666666,38.46666666666667,42.266666666666666,32.733333333333334,240.26666666666668,33.6,,
2026-05-12 16:15:00,,75.13333333333334,31.933333333333334,37.6,41.93333333333333,32.266666666666666,269.53333333333336,34.2,,
2026-05-12 16:30:00,,36.06666666666667,33.93333333333333,37.0,42.86666666666667,32.06666666666667,59.13333333333333,30.333333333333332,,
2026-05-12 16:45:00,,36.06666666666667,46.333333333333336,35.53333333333333,38.8,33.0,51.93333333333333,32.666666666666664,,
2026-05-12 17:00:00,,36.333333333333336,29.666666666666668,35.0,41.4,32.46666666666667,61.2,31.266666666666666,,
2026-05-12 17:15:00,,39.0,31.2,36.333333333333336,42.8,31.266666666666666,87.6,30.133333333333333,,
2026-05-12 17:30:00,,40.06666666666667,30.933333333333334,34.0,41.93333333333333,30.866666666666667,33.333333333333336,31.466666666666665,,
2026-05-12 17:45:00,,36.4,31.666666666666668,33.4,44.8,33.266666666666666,29.666666666666668,31.733333333333334,,
2026-05-12 18:00:00,,42.333333333333336,36.2,32.4,45.666666666666664,34.13333333333333,51.266666666666666,33.266666666666666,,
2026-05-12 18:15:00,,37.46666666666667,34.4,37.13333333333333,44.93333333333333,35.6,67.33333333333333,33.06666666666667,,
2026-05-12 18:30:00,,36.0,34.2,36.46666666666667,42.666666666666664,36.46666666666667,70.13333333333334,35.666666666666664,,
2026-05-12 18:45:00,,35.86666666666667,35.333333333333336,37.266666666666666,45.2,36.666666666666664,386.26666666666665,36.2,,
2026-05-12 19:00:00,,80.6,35.13333333333333,41.86666666666667,49.4,35.666666666666664,54.4,34.46666666666667,,
2026-05-12 19:15:00,,78.86666666666666,36.4,40.53333333333333,44.333333333333336,36.0,108.33333333333333,36.333333333333336,,
2026-05-12 19:30:00,,67.33333333333333,36.266666666666666,41.6,47.2,38.86666666666667,52.266666666666666,44.266666666666666,,
2026-05-12 19:45:00,,35.13333333333333,34.266666666666666,44.86666666666667,52.06666666666667,37.8,33.333333333333336,38.8,,
2026-05-12 20:00:00,,43.733333333333334,36.06666666666667,47.86666666666667,52.0,41.6,37.266666666666666,37.53333333333333,,
2026-05-12 20:15:00,,40.266666666666666,37.46666666666667,42.46666666666667,62.0,37.8,40.8,36.2,,
2026-05-12 20:30:00,,42.13333333333333,36.666666666666664,44.06666666666667,53.333333333333336,40.4,43.0,37.46666666666667,,
2026-05-12 20:45:00,,59.53333333333333,37.733333333333334,42.46666666666667,55.46666666666667,40.0,41.86666666666667,44.333333333333336,,
2026-05-12 21:00:00,,58.0,38.6,45.93333333333333,84.2,38.06666666666667,44.266666666666666,44.733333333333334,,
2026-05-12 21:15:00,,49.333333333333336,41.2,49.666666666666664,88.0,42.666666666666664,37.733333333333334,43.666666666666664,,
2026-05-12 21:30:00,,47.6,39.6,51.06666666666667,101.13333333333334,41.46666666666667,37.13333333333333,42.333333333333336,,
2026-05-12 21:45:00,,47.333333333333336,38.4,48.6,111.66666666666667,45.13333333333333,31.666666666666668,41.06666666666667,,
2026-05-12 22:00:00,,42.53333333333333,47.93333333333333,50.06666666666667,96.06666666666666,44.6,39.266666666666666,42.733333333333334,,
2026-05-12 22:15:00,,42.0,50.266666666666666,49.333333333333336,86.13333333333334,47.86666666666667,35.8,46.6,,
2026-05-12 22:30:00,,7365.533333333334,47.6,84.73333333333333,77.13333333333334,47.666666666666664,35.733333333333334,50.06666666666667,,
2026-05-12 22:45:00,,12547.733333333334,49.46666666666667,138.8,71.2,45.666666666666664,46.2,85.86666666666666,,
2026-05-12 23:00:00,,11503.466666666667,49.13333333333333,208.6,80.2,41.86666666666667,41.4,118.13333333333334,,
2026-05-12 23:15:00,,10825.533333333333,50.86666666666667,190.46666666666667,82.2,40.0,40.8,94.46666666666667,,
2026-05-12 23:30:00,,9969.0,52.13333333333333,178.4,78.6,41.333333333333336,37.4,134.06666666666666,,
2026-05-12 23:45:00,,12992.466666666667,49.13333333333333,181.53333333333333,92.6,42.666666666666664,38.4,151.2,,
2026-05-13 00:00:00,,10198.466666666667,52.4,136.06666666666666,93.53333333333333,43.06666666666667,37.86666666666667,130.4,,
2026-05-13 00:15:00,,9180.333333333334,53.8,130.0,103.33333333333333,46.46666666666667,36.733333333333334,122.2,,
2026-05-13 00:30:00,,8660.066666666668,52.333333333333336,143.33333333333334,91.6,46.6,35.86666666666667,159.4,,
2026-05-13 00:45:00,,49.6,52.86666666666667,159.66666666666666,82.8,46.53333333333333,38.86666666666667,162.06666666666666,,
2026-05-13 01:00:00,,55.266666666666666,58.333333333333336,140.6,68.8,45.0,42.8,145.26666666666668,,
2026-05-13 01:15:00,,71.4,55.333333333333336,113.66666666666667,61.0,46.733333333333334,40.2,152.06666666666666,,
2026-05-13 01:30:00,,76.0,53.6,156.73333333333332,58.4,46.2,50.666666666666664,151.8,,
2026-05-13 01:45:00,,73.86666666666666,50.46666666666667,127.06666666666666,60.666666666666664,46.06666666666667,50.733333333333334,138.26666666666668,,
2026-05-13 02:00:00,,62.6,48.93333333333333,95.53333333333333,56.733333333333334,48.13333333333333,52.06666666666667,111.33333333333333,,
2026-05-13 02:15:00,,54.0,46.333333333333336,84.26666666666667,59.06666666666667,48.93333333333333,67.86666666666666,83.66666666666667,,
2026-05-13 02:30:00,,50.6,45.2,70.8,56.4,52.6,62.333333333333336,90.6,,
2026-05-13 02:45:00,,48.2,46.666666666666664,68.53333333333333,56.86666666666667,51.733333333333334,58.93333333333333,117.33333333333333,,
2026-05-13 03:00:00,,59.0,47.4,90.73333333333333,61.2,49.8,53.4,128.13333333333333,,
2026-05-13 03:15:00,,54.733333333333334,47.06666666666667,86.2,65.26666666666667,49.06666666666667,52.86666666666667,124.86666666666666,,
2026-05-13 03:30:00,,62.13333333333333,43.2,73.66666666666667,56.2,51.93333333333333,51.0,129.46666666666667,,
2026-05-13 03:45:00,,62.13333333333333,44.13333333333333,67.0,58.46666666666667,51.53333333333333,47.86666666666667,137.4,,
2026-05-13 04:00:00,,61.53333333333333,43.6,59.86666666666667,58.53333333333333,52.4,45.266666666666666,125.2,,
2026-05-13 04:15:00,,69.13333333333334,43.86666666666667,53.06666666666667,56.53333333333333,47.4,44.46666666666667,92.26666666666667,,
2026-05-13 04:30:00,,73.66666666666667,47.2,49.666666666666664,60.333333333333336,47.4,41.8,72.73333333333333,,
2026-05-13 04:45:00,,75.8,46.6,50.666666666666664,58.53333333333333,42.53333333333333,38.266666666666666,64.93333333333334,,
2026-05-13 05:00:00,,85.33333333333333,45.0,46.13333333333333,57.333333333333336,41.06666666666667,37.86666666666667,60.86666666666667,,
2026-05-13 05:15:00,,120.53333333333333,46.2,47.93333333333333,52.53333333333333,45.4,38.266666666666666,55.666666666666664,,
2026-05-13 05:30:00,,124.33333333333333,48.333333333333336,49.46666666666667,50.8,48.733333333333334,36.46666666666667,47.6,,
2026-05-13 05:45:00,,134.46666666666667,51.0,53.333333333333336,51.0,46.266666666666666,36.666666666666664,43.6,,
2026-05-13 06:00:00,,166.46666666666667,44.13333333333333,52.13333333333333,49.53333333333333,42.8,37.733333333333334,45.266666666666666,,
2026-05-13 06:15:00,,183.26666666666668,42.13333333333333,55.46666666666667,49.53333333333333,45.333333333333336,36.733333333333334,47.0,,
2026-05-13 06:30:00,,214.33333333333334,44.13333333333333,54.93333333333333,50.0,47.8,39.53333333333333,51.53333333333333,,
2026-05-13 06:45:00,,166.86666666666667,45.4,61.4,51.333333333333336,50.93333333333333,38.4,53.733333333333334,,
2026-05-13 07:00:00,,182.2,50.06666666666667,66.53333333333333,50.266666666666666,57.13333333333333,109.06666666666666,53.266666666666666,,
2026-05-13 07:15:00,,198.86666666666667,73.53333333333333,71.2,51.8,600.4,132.4,61.13333333333333,,
2026-05-13 07:30:00,,179.93333333333334,77.06666666666666,69.26666666666667,53.6,493.8666666666667,38.13333333333333,57.266666666666666,,
2026-05-13 07:45:00,,212.06666666666666,66.8,81.53333333333333,55.8,62.13333333333333,37.53333333333333,56.0,,
2026-05-13 08:00:00,,182.86666666666667,64.86666666666666,70.13333333333334,53.2,61.266666666666666,63.4,49.86666666666667,,
2026-05-13 08:15:00,,189.73333333333332,58.46666666666667,73.33333333333333,55.86666666666667,57.13333333333333,46.13333333333333,53.8,,
2026-05-13 08:30:00,,192.26666666666668,58.4,70.2,67.8,62.46666666666667,572.2,57.4,,
2026-05-13 08:45:00,,141.73333333333332,54.13333333333333,68.2,62.266666666666666,60.13333333333333,74.4,61.8,,
2026-05-13 09:00:00,,145.0,53.666666666666664,65.6,66.06666666666666,54.46666666666667,85.73333333333333,61.8,,
2026-05-13 09:15:00,,306.53333333333336,53.2,74.86666666666666,72.73333333333333,52.86666666666667,51.2,56.2,,
2026-05-13 09:30:00,,495.8666666666667,51.2,70.86666666666666,78.6,57.06666666666667,80.33333333333333,55.4,,
2026-05-13 09:45:00,,1086.9333333333334,42.93333333333333,59.6,99.6,53.86666666666667,38.8,51.6,,
2026-05-13 10:00:00,,2058.5333333333333,44.733333333333334,60.666666666666664,128.66666666666666,48.06666666666667,39.666666666666664,59.53333333333333,,
2026-05-13 10:15:00,,2710.0,45.53333333333333,56.46666666666667,136.8,45.733333333333334,72.26666666666667,46.93333333333333,,
2026-05-13 10:30:00,,3604.0666666666666,47.86666666666667,62.8,146.13333333333333,47.06666666666667,75.6,48.2,,
2026-05-13 10:45:00,,6131.666666666667,45.86666666666667,57.86666666666667,146.86666666666667,55.666666666666664,35.46666666666667,45.666666666666664,,
2026-05-13 11:00:00,,8153.2,51.46666666666667,58.266666666666666,125.6,51.06666666666667,35.266666666666666,45.333333333333336,,
2026-05-13 11:15:00,,11102.666666666666,55.6,59.53333333333333,125.2,53.13333333333333,36.4,49.8,,
2026-05-13 11:30:00,,12303.066666666668,68.53333333333333,67.53333333333333,111.73333333333333,61.13333333333333,35.733333333333334,57.86666666666667,,
2026-05-13 11:45:00,,12231.533333333333,70.26666666666667,63.13333333333333,109.13333333333334,68.6,229.73333333333332,62.2,,
2026-05-13 12:00:00,,11999.066666666668,72.86666666666666,71.66666666666667,104.06666666666666,75.4,37.13333333333333,56.666666666666664,,
2026-05-13 12:15:00,,12135.0,76.8,86.4,101.8,78.46666666666667,34.93333333333333,63.06666666666667,,
2026-05-13 12:30:00,,12223.133333333333,86.0,77.46666666666667,106.8,100.6,33.0,57.733333333333334,,
2026-05-13 12:45:00,,12398.2,89.53333333333333,65.93333333333334,111.8,97.06666666666666,29.933333333333334,57.86666666666667,,
2026-05-13 13:00:00,,12420.533333333333,108.73333333333333,69.73333333333333,98.13333333333334,115.4,31.933333333333334,70.26666666666667,,
2026-05-13 13:15:00,,12338.933333333332,265.3333333333333,69.53333333333333,92.93333333333334,105.46666666666667,33.266666666666666,71.26666666666667,,
2026-05-13 13:30:00,,9625.066666666668,86.06666666666666,69.06666666666666,95.06666666666666,94.93333333333334,72.4,60.86666666666667,,
2026-05-13 13:45:00,,9717.333333333334,90.66666666666667,72.26666666666667,91.73333333333333,103.2,37.93333333333333,67.6,,
2026-05-13 14:00:00,,8472.733333333334,94.6,84.2,86.2,99.66666666666667,38.86666666666667,79.73333333333333,,
2026-05-13 14:15:00,,8743.866666666667,87.26666666666667,77.33333333333333,85.4,97.06666666666666,39.4,93.66666666666667,,
2026-05-13 14:30:00,,9371.466666666667,88.93333333333334,96.6,86.73333333333333,98.86666666666666,354.93333333333334,100.2,,
2026-05-13 14:45:00,,9165.6,90.53333333333333,86.2,87.2,85.53333333333333,159.53333333333333,107.66666666666667,,
2026-05-13 15:00:00,,6606.266666666666,91.53333333333333,81.86666666666666,79.4,93.8,77.06666666666666,92.46666666666667,,
2026-05-13 15:15:00,,1691.3333333333333,83.53333333333333,87.86666666666666,78.86666666666666,90.06666666666666,85.46666666666667,99.73333333333333,,
2026-05-13 15:30:00,,2427.133333333333,79.33333333333333,71.66666666666667,76.33333333333333,86.8,61.86666666666667,80.8,,
2026-05-13 15:45:00,,1722.1333333333334,83.33333333333333,62.4,75.53333333333333,113.06666666666666,65.06666666666666,91.26666666666667,,
2026-05-13 16:00:00,,5054.2,91.13333333333334,62.0,68.66666666666667,114.46666666666667,72.4,58.333333333333336,,
2026-05-13 16:15:00,,6112.8,96.2,53.266666666666666,63.266666666666666,89.73333333333333,90.6,77.26666666666667,,
2026-05-13 16:30:00,,5784.066666666667,96.33333333333333,66.46666666666667,57.46666666666667,92.06666666666666,77.33333333333333,77.2,,
2026-05-13 16:45:00,,5052.0,85.33333333333333,72.73333333333333,53.46666666666667,96.93333333333334,66.53333333333333,76.53333333333333,,
2026-05-13 17:00:00,,2350.6,73.6,74.06666666666666,50.2,93.53333333333333,76.2,87.8,,
2026-05-13 17:15:00,,2832.0,63.0,83.6,47.6,71.6,155.06666666666666,88.8,,
2026-05-13 17:30:00,,7277.666666666667,58.2,85.93333333333334,43.266666666666666,64.0,91.8,78.6,,
2026-05-13 17:45:00,,5847.0,52.6,84.0,33.93333333333333,60.733333333333334,83.93333333333334,72.06666666666666,,
2026-05-13 18:00:00,,4246.466666666666,49.0,66.06666666666666,28.2,53.2,105.53333333333333,53.6,,
2026-05-13 18:15:00,,1166.8666666666666,51.93333333333333,55.6,25.4,53.2,138.0,55.4,,
2026-05-13 18:30:00,,2316.4,44.666666666666664,56.666666666666664,25.533333333333335,46.733333333333334,60.86666666666667,71.8,,
2026-05-13 18:45:00,,7841.733333333334,42.733333333333334,60.0,22.4,42.733333333333334,52.2,66.2,,
2026-05-13 19:00:00,,7171.133333333333,38.46666666666667,62.06666666666667,20.2,39.93333333333333,47.333333333333336,56.6,,
2026-05-13 19:15:00,,6682.133333333333,37.53333333333333,50.6,17.333333333333332,37.8,45.333333333333336,44.6,,
2026-05-13 19:30:00,,6361.266666666666,36.666666666666664,45.266666666666666,20.0,35.0,41.46666666666667,38.8,,
2026-05-13 19:45:00,,6082.666666666667,35.733333333333334,38.86666666666667,21.933333333333334,33.733333333333334,151.33333333333334,32.6,,
2026-05-13 20:00:00,,5860.466666666666,30.733333333333334,38.06666666666667,19.2,29.933333333333334,40.666666666666664,32.2,,
2026-05-13 20:15:00,,5883.333333333333,30.666666666666668,36.8,14.333333333333334,29.4,35.733333333333334,29.8,,
2026-05-13 20:30:00,,5830.4,30.266666666666666,33.666666666666664,13.8,30.066666666666666,38.06666666666667,30.266666666666666,,
2026-05-13 20:45:00,,8346.466666666667,25.533333333333335,32.266666666666666,12.866666666666667,27.933333333333334,33.2,28.6,,
2026-05-13 21:00:00,,9713.866666666667,27.666666666666668,31.066666666666666,13.8,28.733333333333334,46.86666666666667,26.666666666666668,,
2026-05-13 21:15:00,,9892.2,29.533333333333335,29.266666666666666,17.666666666666668,27.733333333333334,71.93333333333334,41.6,,
2026-05-13 21:30:00,,9994.8,28.6,29.0,19.266666666666666,29.266666666666666,27.933333333333334,27.533333333333335,,
2026-05-13 21:45:00,,9871.733333333334,27.066666666666666,29.866666666666667,19.866666666666667,30.133333333333333,36.86666666666667,27.2,,
2026-05-13 22:00:00,,2819.6,28.533333333333335,29.0,17.266666666666666,28.266666666666666,24.266666666666666,26.0,,
2026-05-13 22:15:00,,110.86666666666666,27.466666666666665,27.733333333333334,16.866666666666667,28.666666666666668,22.666666666666668,26.4,,
2026-05-13 22:30:00,,107.6,26.2,31.0,14.933333333333334,27.2,24.0,27.2,,
2026-05-13 22:45:00,,189.26666666666668,25.466666666666665,27.866666666666667,15.066666666666666,29.333333333333332,24.466666666666665,25.8,,
2026-05-13 23:00:00,,406.3333333333333,25.466666666666665,27.066666666666666,15.333333333333334,26.6,24.066666666666666,24.266666666666666,,
2026-05-13 23:15:00,,931.6,24.266666666666666,25.666666666666668,16.8,25.0,23.266666666666666,23.6,,
2026-05-13 23:30:00,,1071.8666666666666,20.866666666666667,27.733333333333334,15.8,19.4,22.733333333333334,23.733333333333334,,
2026-05-13 23:45:00,,744.3333333333334,19.933333333333334,27.266666666666666,14.133333333333333,19.333333333333332,26.133333333333333,22.2,,
2026-05-14 00:00:00,,310.3333333333333,20.4,26.466666666666665,12.266666666666667,18.6,27.8,22.266666666666666,,
2026-05-14 00:15:00,,349.8,18.066666666666666,20.2,13.866666666666667,20.266666666666666,30.266666666666666,20.133333333333333,,
2026-05-14 00:30:00,,310.6,17.333333333333332,18.933333333333334,18.333333333333332,17.6,30.333333333333332,20.666666666666668,,
2026-05-14 00:45:00,,233.0,19.066666666666666,19.4,18.8,18.533333333333335,33.266666666666666,17.933333333333334,,
2026-05-14 01:00:00,,109.06666666666666,18.4,16.466666666666665,17.466666666666665,19.266666666666666,29.333333333333332,16.666666666666668,,
2026-05-14 01:15:00,,180.0,22.0,16.266666666666666,17.8,18.4,28.733333333333334,15.466666666666667,,
2026-05-14 01:30:00,,247.46666666666667,23.4,18.933333333333334,18.266666666666666,20.133333333333333,26.0,15.333333333333334,,
2026-05-14 01:45:00,,170.33333333333334,23.466666666666665,18.6,17.733333333333334,22.066666666666666,24.2,16.6,,
2026-05-14 02:00:00,,86.26666666666667,23.066666666666666,22.8,16.333333333333332,22.933333333333334,24.066666666666666,17.933333333333334,,
2026-05-14 02:15:00,,104.93333333333334,25.6,20.666666666666668,17.466666666666665,23.866666666666667,25.733333333333334,19.133333333333333,,
2026-05-14 02:30:00,,294.93333333333334,25.8,22.4,14.533333333333333,23.666666666666668,24.066666666666666,20.6,,
2026-05-14 02:45:00,,211.0,23.6,24.8,13.066666666666666,22.066666666666666,23.466666666666665,18.733333333333334,,
2026-05-14 03:00:00,,190.53333333333333,25.133333333333333,25.2,10.733333333333333,18.933333333333334,22.133333333333333,18.266666666666666,,
2026-05-14 03:15:00,,174.2,24.333333333333332,25.666666666666668,8.0,21.333333333333332,19.133333333333333,19.4,,
2026-05-14 03:30:00,,198.26666666666668,24.133333333333333,24.933333333333334,9.333333333333334,27.6,20.466666666666665,18.266666666666666,,
2026-05-14 03:45:00,,251.13333333333333,22.133333333333333,24.066666666666666,10.666666666666666,29.733333333333334,18.4,18.0,,
2026-05-14 04:00:00,,225.8,20.733333333333334,23.733333333333334,9.2,27.6,14.066666666666666,19.666666666666668,,
2026-05-14 04:15:00,,226.26666666666668,22.133333333333333,25.133333333333333,7.533333333333333,23.733333333333334,14.933333333333334,22.2,,
2026-05-14 04:30:00,,235.26666666666668,23.933333333333334,22.8,8.733333333333333,23.466666666666665,21.333333333333332,23.466666666666665,,
2026-05-14 04:45:00,,180.06666666666666,25.4,21.266666666666666,7.933333333333334,24.2,25.2,22.466666666666665,,
2026-05-14 05:00:00,,310.26666666666665,25.733333333333334,20.8,8.8,24.933333333333334,28.466666666666665,20.466666666666665,,
2026-05-14 05:15:00,,242.86666666666667,27.266666666666666,26.533333333333335,8.866666666666667,21.0,31.266666666666666,20.0,,
2026-05-14 05:30:00,,279.4,26.0,29.8,9.4,18.533333333333335,34.53333333333333,21.133333333333333,,
2026-05-14 05:45:00,,195.26666666666668,25.533333333333335,28.733333333333334,9.4,18.2,40.4,19.133333333333333,,
2026-05-14 06:00:00,,99.46666666666667,25.266666666666666,29.466666666666665,10.466666666666667,18.866666666666667,42.13333333333333,19.066666666666666,,
2026-05-14 06:15:00,,34.8,20.0,28.4,10.333333333333334,18.066666666666666,39.6,17.8,,
2026-05-14 06:30:00,,29.133333333333333,17.266666666666666,24.533333333333335,9.866666666666667,18.133333333333333,36.53333333333333,22.666666666666668,,
2026-05-14 06:45:00,,49.6,18.066666666666666,19.533333333333335,14.0,18.0,33.6,21.4,,
2026-05-14 07:00:00,,100.66666666666667,19.533333333333335,17.733333333333334,11.6,16.6,85.4,19.133333333333333,,
2026-05-14 07:15:00,,156.8,21.2,18.866666666666667,12.933333333333334,17.866666666666667,27.2,20.4,,
2026-05-14 07:30:00,,193.66666666666666,20.066666666666666,19.4,13.866666666666667,19.2,21.466666666666665,23.333333333333332,,
2026-05-14 07:45:00,,235.4,20.066666666666666,19.2,14.866666666666667,19.533333333333335,18.933333333333334,22.333333333333332,,
2026-05-14 08:00:00,,282.8666666666667,20.466666666666665,18.666666666666668,15.2,19.666666666666668,18.666666666666668,21.733333333333334,,
2026-05-14 08:15:00,,298.6,20.533333333333335,19.0,15.733333333333333,23.8,65.73333333333333,22.0,,
2026-05-14 08:30:00,,316.1333333333333,20.733333333333334,21.2,15.2,21.6,126.26666666666667,23.133333333333333,,
2026-05-14 08:45:00,,308.3333333333333,19.266666666666666,20.333333333333332,17.133333333333333,19.733333333333334,21.6,24.333333333333332,,
2026-05-14 09:00:00,,506.26666666666665,17.133333333333333,19.466666666666665,14.866666666666667,17.933333333333334,56.266666666666666,24.266666666666666,,
2026-05-14 09:15:00,,439.1333333333333,20.266666666666666,20.866666666666667,20.0,16.933333333333334,17.666666666666668,32.53333333333333,,
2026-05-14 09:30:00,,509.53333333333336,17.133333333333333,20.4,14.133333333333333,19.4,17.066666666666666,22.4,,
2026-05-14 09:45:00,,653.0666666666667,17.0,17.866666666666667,16.0,14.666666666666666,15.066666666666666,22.666666666666668,,
2026-05-14 10:00:00,,1218.5333333333333,16.333333333333332,18.933333333333334,16.333333333333332,11.666666666666666,12.466666666666667,17.2,,
2026-05-14 10:15:00,,1671.6666666666667,14.133333333333333,14.466666666666667,14.866666666666667,11.866666666666667,14.133333333333333,19.866666666666667,27.8,
2026-05-14 10:30:00,,2528.133333333333,12.6,12.133333333333333,15.4,10.933333333333334,14.133333333333333,18.133333333333333,27.4,
2026-05-14 10:45:00,,646.6666666666666,13.266666666666667,12.333333333333334,14.733333333333333,11.2,80.33333333333333,16.2,29.933333333333334,
2026-05-14 11:00:00,,1410.8,12.533333333333333,13.8,16.466666666666665,9.266666666666667,14.066666666666666,17.266666666666666,28.533333333333335,
2026-05-14 11:15:00,,3366.733333333333,13.666666666666666,12.133333333333333,15.8,9.266666666666667,11.8,19.666666666666668,30.666666666666668,
2026-05-14 11:30:00,,2981.6,13.666666666666666,15.466666666666667,14.733333333333333,9.333333333333334,60.86666666666667,13.2,35.666666666666664,
2026-05-14 11:45:00,,4912.0,11.8,14.6,15.933333333333334,11.933333333333334,40.733333333333334,14.066666666666666,35.6,
2026-05-14 12:00:00,,3091.866666666667,12.933333333333334,13.866666666666667,16.666666666666668,11.666666666666666,31.4,17.266666666666666,31.6,
2026-05-14 12:15:00,,1938.8666666666666,14.0,17.4,20.066666666666666,10.733333333333333,115.13333333333334,15.466666666666667,27.866666666666667,
2026-05-14 12:30:00,,2661.4666666666667,13.466666666666667,14.2,15.933333333333334,10.8,14.0,15.933333333333334,41.46666666666667,
2026-05-14 12:45:00,,3201.4666666666667,13.8,14.0,17.4,11.0,13.933333333333334,19.066666666666666,31.533333333333335,
2026-05-14 13:00:00,,6267.4,13.4,15.066666666666666,18.266666666666666,10.733333333333333,15.133333333333333,36.4,28.4,
2026-05-14 13:15:00,,9809.466666666667,13.733333333333333,15.6,16.533333333333335,11.533333333333333,17.8,16.2,33.0,
2026-05-14 13:30:00,,9853.466666666667,15.133333333333333,14.133333333333333,20.066666666666666,13.0,22.066666666666666,16.933333333333334,31.2,
2026-05-14 13:45:00,,9382.066666666668,14.466666666666667,15.666666666666666,16.6,16.066666666666666,22.266666666666666,14.933333333333334,35.666666666666664,18.8
2026-05-14 14:00:00,,8366.8,16.066666666666666,18.2,16.866666666666667,17.266666666666666,87.6,15.666666666666666,36.333333333333336,19.066666666666666
2026-05-14 14:15:00,,3097.6,17.733333333333334,20.4,16.466666666666665,16.066666666666666,30.533333333333335,17.666666666666668,39.06666666666667,19.066666666666666
2026-05-14 14:30:00,,6421.066666666667,19.133333333333333,19.266666666666666,17.0,19.133333333333333,27.733333333333334,17.4,37.2,18.2
2026-05-14 14:45:00,,8701.2,16.666666666666668,21.066666666666666,17.533333333333335,20.4,309.8,18.133333333333333,31.4,19.6
2026-05-14 15:00:00,,7666.533333333334,20.466666666666665,23.066666666666666,17.533333333333335,21.266666666666666,32.86666666666667,23.133333333333333,29.8,18.666666666666668
2026-05-14 15:15:00,,6815.933333333333,19.933333333333334,25.0,20.866666666666667,23.866666666666667,21.133333333333333,23.533333333333335,24.533333333333335,18.533333333333335
2026-05-14 15:30:00,,6949.0,21.333333333333332,24.2,20.4,23.466666666666665,19.866666666666667,22.666666666666668,33.6,19.2
2026-05-14 15:45:00,17.4,6853.4,21.8,24.466666666666665,25.533333333333335,23.266666666666666,20.533333333333335,22.4,31.466666666666665,20.333333333333332
2026-05-14 16:00:00,27.4,6823.066666666667,21.466666666666665,23.933333333333334,36.13333333333333,21.4,31.866666666666667,23.533333333333335,29.133333333333333,17.933333333333334
2026-05-14 16:15:00,20.666666666666668,6622.266666666666,22.0,26.333333333333332,60.8,21.133333333333333,36.666666666666664,22.8,32.53333333333333,23.466666666666665
2026-05-14 16:30:00,19.466666666666665,6930.4,23.2,23.6,19.2,22.0,20.2,23.866666666666667,29.266666666666666,34.13333333333333
2026-05-14 16:45:00,20.133333333333333,7126.6,25.333333333333332,25.2,24.866666666666667,21.133333333333333,21.733333333333334,24.333333333333332,36.53333333333333,23.866666666666667
2026-05-14 17:00:00,20.8,6930.266666666666,22.4,24.4,19.6,21.333333333333332,21.533333333333335,22.8,29.8,24.4
2026-05-14 17:15:00,21.733333333333334,6746.533333333334,22.266666666666666,25.533333333333335,21.333333333333332,23.133333333333333,22.466666666666665,24.066666666666666,28.333333333333332,25.266666666666666
2026-05-14 17:30:00,23.0,6641.2,21.266666666666666,25.6,23.066666666666666,22.8,29.6,23.2,30.533333333333335,23.866666666666667
2026-05-14 17:45:00,28.2,6886.333333333333,23.266666666666666,25.333333333333332,20.8,23.866666666666667,106.26666666666667,23.4,38.0,24.4
2026-05-14 18:00:00,30.2,6708.866666666667,23.133333333333333,24.2,23.4,23.266666666666666,204.33333333333334,22.866666666666667,36.266666666666666,24.6
2026-05-14 18:15:00,28.0,6995.466666666666,21.466666666666665,25.6,22.066666666666666,21.0,26.666666666666668,25.466666666666665,46.266666666666666,24.666666666666668
2026-05-14 18:30:00,21.4,7216.133333333333,22.4,25.866666666666667,25.2,22.8,26.6,25.933333333333334,29.6,27.533333333333335
2026-05-14 18:45:00,21.2,7023.4,23.066666666666666,27.866666666666667,23.2,23.2,24.866666666666667,23.133333333333333,27.133333333333333,26.733333333333334
2026-05-14 19:00:00,23.2,6917.6,20.133333333333333,28.8,24.066666666666666,24.2,24.666666666666668,24.933333333333334,25.8,23.733333333333334
2026-05-14 19:15:00,24.333333333333332,6706.066666666667,22.0,27.066666666666666,597.1333333333333,23.333333333333332,27.6,26.733333333333334,31.066666666666666,26.666666666666668
2026-05-14 19:30:00,20.4,6917.066666666667,22.2,26.4,35.13333333333333,25.533333333333335,122.8,23.733333333333334,30.8,27.866666666666667
2026-05-14 19:45:00,22.0,7225.533333333334,21.066666666666666,27.2,23.866666666666667,25.8,22.4,26.933333333333334,29.2,28.933333333333334
2026-05-14 20:00:00,23.6,7263.333333333333,23.666666666666668,30.666666666666668,28.266666666666666,26.666666666666668,22.066666666666666,30.666666666666668,28.0,29.133333333333333
2026-05-14 20:15:00,23.666666666666668,7319.133333333333,24.4,27.8,26.866666666666667,25.533333333333335,24.066666666666666,27.466666666666665,29.333333333333332,31.333333333333332
2026-05-14 20:30:00,22.4,6172.6,22.533333333333335,27.4,27.133333333333333,26.2,106.6,27.333333333333332,33.333333333333336,32.6
2026-05-14 20:45:00,23.266666666666666,1767.9333333333334,23.066666666666666,27.2,22.6,28.866666666666667,24.8,27.533333333333335,32.86666666666667,37.6
2026-05-14 21:00:00,22.533333333333335,2783.266666666667,25.866666666666667,26.933333333333334,24.666666666666668,27.466666666666665,22.8,27.2,33.733333333333334,37.2
2026-05-14 21:15:00,22.8,2397.2,26.4,28.333333333333332,23.8,29.6,23.2,24.4,38.8,37.93333333333333
2026-05-14 21:30:00,25.133333333333333,2179.3333333333335,27.266666666666666,30.2,24.2,30.466666666666665,22.8,27.466666666666665,40.733333333333334,35.53333333333333
2026-05-14 21:45:00,25.8,2116.0,27.933333333333334,29.666666666666668,29.6,28.066666666666666,24.266666666666666,27.6,42.0,34.266666666666666
2026-05-14 22:00:00,27.0,9425.666666666666,26.4,30.266666666666666,39.333333333333336,30.0,86.0,27.866666666666667,39.4,32.53333333333333
2026-05-14 22:15:00,29.266666666666666,9957.8,24.733333333333334,30.6,42.8,28.2,103.13333333333334,26.733333333333334,37.86666666666667,33.13333333333333
2026-05-14 22:30:00,30.266666666666666,9987.333333333334,26.866666666666667,29.8,40.46666666666667,28.933333333333334,27.266666666666666,28.4,43.13333333333333,34.2
2026-05-14 22:45:00,30.666666666666668,9832.4,27.133333333333333,31.4,38.6,28.0,26.4,29.266666666666666,46.6,30.333333333333332
2026-05-14 23:00:00,30.733333333333334,9408.466666666667,27.333333333333332,32.06666666666667,36.86666666666667,28.533333333333335,25.666666666666668,26.533333333333335,52.06666666666667,29.933333333333334
2026-05-14 23:15:00,29.666666666666668,9337.466666666667,26.4,31.266666666666666,34.53333333333333,27.8,25.933333333333334,26.466666666666665,41.86666666666667,31.8
2026-05-14 23:30:00,30.466666666666665,3996.8,25.933333333333334,30.666666666666668,37.53333333333333,28.666666666666668,27.4,26.866666666666667,49.4,35.53333333333333
2026-05-14 23:45:00,31.266666666666666,1704.4,26.4,28.8,32.0,29.066666666666666,29.0,26.8,49.93333333333333,36.6
2026-05-15 00:00:00,29.466666666666665,1588.8666666666666,28.733333333333334,29.466666666666665,33.4,27.466666666666665,29.466666666666665,26.333333333333332,68.2,37.333333333333336
2026-05-15 00:15:00,29.666666666666668,1518.6,28.666666666666668,29.333333333333332,33.86666666666667,26.333333333333332,32.2,25.666666666666668,68.13333333333334,40.06666666666667
2026-05-15 00:30:00,32.2,1518.0,25.2,28.8,32.4,28.066666666666666,33.13333333333333,25.0,79.33333333333333,39.86666666666667
2026-05-15 00:45:00,28.8,1486.2,25.466666666666665,29.8,38.266666666666666,27.266666666666666,33.46666666666667,27.066666666666666,64.26666666666667,39.733333333333334
2026-05-15 01:00:00,27.266666666666666,1490.1333333333334,26.666666666666668,27.466666666666665,39.06666666666667,28.666666666666668,35.53333333333333,28.666666666666668,71.46666666666667,47.46666666666667
2026-05-15 01:15:00,28.133333333333333,1442.2666666666667,29.933333333333334,27.266666666666666,39.0,28.4,38.13333333333333,29.866666666666667,69.26666666666667,44.733333333333334
2026-05-15 01:30:00,27.8,1421.5333333333333,27.866666666666667,26.866666666666667,40.06666666666667,30.0,36.666666666666664,28.6,76.2,43.0
2026-05-15 01:45:00,29.6,1347.6666666666667,29.333333333333332,27.333333333333332,35.733333333333334,27.933333333333334,39.333333333333336,27.933333333333334,86.53333333333333,45.06666666666667
2026-05-15 02:00:00,29.066666666666666,1282.0,30.133333333333333,27.866666666666667,35.0,29.4,39.6,27.333333333333332,100.2,47.333333333333336
2026-05-15 02:15:00,28.133333333333333,1292.4666666666667,31.066666666666666,25.266666666666666,36.86666666666667,27.0,37.0,27.2,103.33333333333333,47.8
2026-05-15 02:30:00,28.066666666666666,1285.9333333333334,33.4,27.066666666666666,37.0,27.533333333333335,36.86666666666667,30.2,95.66666666666667,46.733333333333334
2026-05-15 02:45:00,28.266666666666666,1268.1333333333334,31.4,27.666666666666668,37.86666666666667,26.666666666666668,36.93333333333333,28.066666666666666,97.4,50.2
2026-05-15 03:00:00,29.0,1266.2666666666667,30.0,27.4,39.266666666666666,26.933333333333334,35.93333333333333,27.266666666666666,101.13333333333334,49.06666666666667
2026-05-15 03:15:00,29.2,1259.0,30.733333333333334,27.6,39.333333333333336,27.066666666666666,37.46666666666667,30.6,109.06666666666666,49.8
2026-05-15 03:30:00,33.13333333333333,1173.5333333333333,28.266666666666666,28.0,38.46666666666667,28.066666666666666,42.733333333333334,29.6,105.4,52.4
2026-05-15 03:45:00,29.466666666666665,1123.2,29.933333333333334,25.866666666666667,39.2,27.0,41.2,31.6,103.26666666666667,47.93333333333333
2026-05-15 04:00:00,29.333333333333332,1234.0666666666666,31.466666666666665,26.466666666666665,37.333333333333336,27.333333333333332,44.06666666666667,27.933333333333334,113.86666666666666,47.86666666666667
2026-05-15 04:15:00,27.866666666666667,1127.2666666666667,31.466666666666665,28.266666666666666,42.06666666666667,27.8,38.53333333333333,26.266666666666666,119.26666666666667,51.8
2026-05-15 04:30:00,27.066666666666666,1236.8666666666666,25.4,26.133333333333333,41.86666666666667,24.933333333333334,36.46666666666667,27.266666666666666,113.33333333333333,55.733333333333334
2026-05-15 04:45:00,27.333333333333332,1357.4666666666667,23.733333333333334,24.266666666666666,42.0,25.2,41.2,27.866666666666667,108.73333333333333,53.2
2026-05-15 05:00:00,27.2,1415.7333333333333,23.333333333333332,24.133333333333333,40.53333333333333,22.266666666666666,41.733333333333334,24.8,97.86666666666666,53.666666666666664
2026-05-15 05:15:00,27.066666666666666,1341.8,26.266666666666666,24.533333333333335,47.4,24.266666666666666,40.13333333333333,25.933333333333334,98.13333333333334,58.93333333333333
2026-05-15 05:30:00,28.8,1593.4666666666667,25.2,25.466666666666665,58.333333333333336,25.4,40.266666666666666,25.2,99.93333333333334,52.8
2026-05-15 05:45:00,26.0,2058.2,24.066666666666666,26.133333333333333,51.0,24.333333333333332,45.333333333333336,27.733333333333334,112.33333333333333,54.333333333333336
2026-05-15 06:00:00,30.066666666666666,1472.8666666666666,29.466666666666665,27.4,57.8,25.0,41.06666666666667,27.4,122.4,53.666666666666664
2026-05-15 06:15:00,26.0,1848.7333333333333,29.8,27.466666666666665,58.4,26.466666666666665,43.6,27.466666666666665,139.66666666666666,51.53333333333333
2026-05-15 06:30:00,26.533333333333335,2003.4666666666667,26.466666666666665,26.133333333333333,58.93333333333333,26.6,43.0,29.0,142.66666666666666,50.333333333333336
2026-05-15 06:45:00,26.266666666666666,1664.2,27.0,27.533333333333335,67.73333333333333,25.866666666666667,43.86666666666667,32.2,143.8,47.266666666666666
2026-05-15 07:00:00,29.4,1220.5333333333333,26.533333333333335,30.333333333333332,67.53333333333333,25.866666666666667,65.73333333333333,31.2,147.6,53.4
2026-05-15 07:15:00,34.53333333333333,1522.5333333333333,27.733333333333334,34.93333333333333,82.73333333333333,28.333333333333332,85.06666666666666,31.466666666666665,129.4,49.8
2026-05-15 07:30:00,26.933333333333334,1765.8,24.133333333333333,37.8,95.4,26.4,33.06666666666667,31.933333333333334,127.33333333333333,53.86666666666667
2026-05-15 07:45:00,25.8,2353.4,28.333333333333332,37.666666666666664,115.73333333333333,26.466666666666665,32.666666666666664,31.0,136.73333333333332,49.2
2026-05-15 08:00:00,42.2,3379.6,24.533333333333335,34.2,201.53333333333333,24.666666666666668,30.466666666666665,27.266666666666666,146.53333333333333,44.733333333333334
2026-05-15 08:15:00,45.46666666666667,2947.266666666667,25.4,33.0,244.46666666666667,25.2,1839.1333333333334,25.133333333333333,162.86666666666667,37.06666666666667
2026-05-15 08:30:00,48.93333333333333,2761.133333333333,23.8,32.86666666666667,245.86666666666667,25.2,517.2666666666667,25.0,172.93333333333334,34.2
2026-05-15 08:45:00,54.53333333333333,4236.066666666667,28.533333333333335,28.133333333333333,250.86666666666667,22.933333333333334,28.2,24.8,205.93333333333334,30.6
2026-05-15 09:00:00,48.0,5797.2,29.733333333333334,32.06666666666667,240.53333333333333,20.466666666666665,43.06666666666667,27.8,244.06666666666666,26.4
2026-05-15 09:15:00,41.0,7090.533333333334,23.933333333333334,28.4,251.86666666666667,21.333333333333332,72.2,26.8,292.8,26.466666666666665
2026-05-15 09:30:00,38.46666666666667,7736.666666666667,21.266666666666666,27.066666666666666,216.93333333333334,19.666666666666668,25.066666666666666,24.866666666666667,234.46666666666667,25.866666666666667
2026-05-15 09:45:00,42.8,7054.333333333333,19.866666666666667,27.933333333333334,204.26666666666668,20.533333333333335,24.4,25.4,121.53333333333333,26.4
2026-05-15 10:00:00,40.8,7297.266666666666,19.733333333333334,29.133333333333333,233.26666666666668,17.4,22.333333333333332,65.26666666666667,135.26666666666668,25.4
2026-05-15 10:15:00,36.6,8456.066666666668,23.0,25.466666666666665,212.93333333333334,22.333333333333332,111.26666666666667,88.0,160.2,23.666666666666668
2026-05-15 10:30:00,27.933333333333334,8659.133333333333,25.0,32.13333333333333,109.46666666666667,19.066666666666666,57.6,89.41666666666667,240.73333333333332,24.933333333333334
2026-05-15 10:45:00,19.666666666666668,11316.933333333332,25.466666666666665,28.533333333333335,95.13333333333334,17.733333333333334,18.866666666666667,49.714285714285715,260.73333333333335,25.466666666666665
2026-05-15 11:00:00,17.133333333333333,12116.333333333334,23.333333333333332,26.733333333333334,81.8,16.466666666666665,19.133333333333333,22.533333333333335,271.0,21.4
2026-05-15 11:15:00,18.4,13099.933333333332,22.266666666666666,24.866666666666667,68.6,15.466666666666667,16.133333333333333,27.0,268.53333333333336,19.466666666666665
2026-05-15 11:30:00,18.0,13592.466666666667,21.066666666666666,27.2,52.06666666666667,20.066666666666666,17.4,49.2,191.66666666666666,19.666666666666668
2026-05-15 11:45:00,18.6,14543.066666666668,21.466666666666665,25.266666666666666,45.8,21.133333333333333,47.46666666666667,35.8,141.86666666666667,20.266666666666666
2026-05-15 12:00:00,17.133333333333333,14324.533333333333,20.0,20.933333333333334,45.53333333333333,20.066666666666666,21.266666666666666,45.266666666666666,107.8,20.533333333333335
2026-05-15 12:15:00,18.066666666666666,13916.8,16.533333333333335,19.866666666666667,46.0,18.666666666666668,54.333333333333336,39.266666666666666,114.73333333333333,20.6
2026-05-15 12:30:00,25.8,13398.2,18.0,36.06666666666667,37.06666666666667,16.466666666666665,170.66666666666666,31.933333333333334,96.53333333333333,19.066666666666666
2026-05-15 12:45:00,22.333333333333332,11659.533333333333,18.533333333333335,19.6,32.4,15.2,40.733333333333334,20.2,81.2,18.333333333333332
2026-05-15 13:00:00,21.133333333333333,11040.333333333334,17.0,19.466666666666665,27.8,16.4,17.466666666666665,21.666666666666668,65.6,18.6
2026-05-15 13:15:00,25.8,10934.0,17.466666666666665,19.666666666666668,30.666666666666668,15.333333333333334,14.466666666666667,19.4,60.733333333333334,15.866666666666667
2026-05-15 13:30:00,27.666666666666668,10347.933333333332,17.066666666666666,18.466666666666665,31.0,14.4,35.06666666666667,21.4,68.4,15.866666666666667
2026-05-15 13:45:00,24.6,10554.2,16.066666666666666,24.2,31.266666666666666,14.4,14.466666666666667,20.2,55.333333333333336,16.933333333333334
2026-05-15 14:00:00,32.8,10899.6,14.8,16.533333333333335,30.533333333333335,15.866666666666667,17.533333333333335,21.666666666666668,41.13333333333333,22.0
2026-05-15 14:15:00,29.6,11132.666666666666,16.4,15.8,27.6,15.6,18.266666666666666,18.933333333333334,44.733333333333334,19.0
2026-05-15 14:30:00,19.6,10745.466666666667,15.4,17.266666666666666,29.533333333333335,17.733333333333334,20.6,19.066666666666666,44.4,24.466666666666665
2026-05-15 14:45:00,20.0,11038.8,19.933333333333334,18.533333333333335,34.333333333333336,17.4,19.933333333333334,20.2,36.45454545454545,26.066666666666666
2026-05-15 15:00:00,19.133333333333333,9707.333333333334,16.133333333333333,19.266666666666666,28.8,17.533333333333335,28.733333333333334,22.4,18.566666666666666,26.733333333333334
2026-05-15 15:15:00,20.133333333333333,11572.933333333332,16.6,20.733333333333334,28.0,16.2,22.6,17.933333333333334,2.466666666666667,24.4
2026-05-15 15:30:00,18.866666666666667,11713.333333333334,17.133333333333333,20.933333333333334,27.666666666666668,16.266666666666666,28.466666666666665,17.933333333333334,15.0,22.666666666666668
2026-05-15 15:45:00,20.4,11901.0,18.266666666666666,20.533333333333335,27.266666666666666,18.066666666666666,28.466666666666665,17.733333333333334,,27.533333333333335
2026-05-15 16:00:00,19.6,12016.733333333334,19.333333333333332,18.466666666666665,31.2,17.2,66.86666666666666,20.266666666666666,,30.533333333333335
2026-05-15 16:15:00,18.866666666666667,12036.866666666667,16.066666666666666,19.733333333333334,41.86666666666667,18.866666666666667,93.4,18.6,,19.133333333333333
2026-05-15 16:30:00,19.933333333333334,12034.666666666666,15.8,23.333333333333332,35.86666666666667,18.466666666666665,69.2,17.4,,21.8
2026-05-15 16:45:00,20.733333333333334,11975.4,16.933333333333334,23.0,30.133333333333333,18.866666666666667,32.733333333333334,17.4,,19.533333333333335
2026-05-15 17:00:00,18.666666666666668,11984.0,16.6,31.4,30.133333333333333,17.2,14.466666666666667,16.333333333333332,,31.2
2026-05-15 17:15:00,17.666666666666668,11789.666666666666,16.6,30.0,29.4,16.666666666666668,15.2,16.8,,17.8
2026-05-15 17:30:00,21.933333333333334,11760.666666666666,16.466666666666665,40.53333333333333,23.733333333333334,17.6,27.933333333333334,17.533333333333335,,27.066666666666666
2026-05-15 17:45:00,21.133333333333333,11635.266666666666,17.333333333333332,41.666666666666664,22.933333333333334,17.0,18.066666666666666,18.866666666666667,,22.466666666666665
2026-05-15 18:00:00,22.6,11642.266666666666,17.133333333333333,28.8,31.4,18.2,62.6,21.0,,24.133333333333333
2026-05-15 18:15:00,18.866666666666667,11778.4,16.6,21.266666666666666,24.666666666666668,16.8,25.733333333333334,19.666666666666668,,25.533333333333335
2026-05-15 18:30:00,28.466666666666665,11791.666666666666,19.066666666666666,23.733333333333334,26.133333333333333,18.266666666666666,427.8666666666667,21.066666666666666,,24.333333333333332
2026-05-15 18:45:00,19.933333333333334,11601.6,17.533333333333335,23.266666666666666,27.466666666666665,20.266666666666666,35.4,24.2,,28.466666666666665
2026-05-15 19:00:00,22.666666666666668,11532.866666666667,18.133333333333333,21.466666666666665,27.0,23.0,20.4,20.4,,27.933333333333334
2026-05-15 19:15:00,22.0,11571.133333333333,20.6,24.133333333333333,29.533333333333335,18.133333333333333,18.933333333333334,20.0,,35.6
2026-05-15 19:30:00,25.2,11508.933333333332,19.8,23.333333333333332,27.066666666666666,21.666666666666668,21.466666666666665,18.733333333333334,,30.666666666666668
2026-05-15 19:45:00,28.666666666666668,11360.466666666667,20.266666666666666,22.466666666666665,21.933333333333334,20.8,27.133333333333333,19.733333333333334,,35.13333333333333
2026-05-15 20:00:00,22.066666666666666,11763.466666666667,18.533333333333335,24.533333333333335,23.8,22.266666666666666,44.266666666666666,19.266666666666666,,45.6
2026-05-15 20:15:00,28.866666666666667,10202.8,19.266666666666666,26.785714285714285,24.2,24.066666666666666,58.46666666666667,18.866666666666667,,35.53333333333333
2026-05-15 20:30:00,30.933333333333334,7015.4,22.866666666666667,27.076923076923077,26.733333333333334,23.266666666666666,24.533333333333335,18.866666666666667,,61.2
2026-05-15 20:45:00,39.46666666666667,2904.5333333333333,28.133333333333333,,29.8,24.866666666666667,20.533333333333335,20.533333333333335,,29.466666666666665
2026-05-15 21:00:00,27.533333333333335,2836.866666666667,27.066666666666666,,25.866666666666667,25.466666666666665,18.333333333333332,20.266666666666666,,30.266666666666666
2026-05-15 21:15:00,27.933333333333334,4267.533333333334,31.533333333333335,39.44444444444444,28.0,28.2,23.333333333333332,21.733333333333334,,30.666666666666668
2026-05-15 21:30:00,26.466666666666665,5297.0,29.8,29.6,47.86666666666667,30.733333333333334,56.93333333333333,23.133333333333333,,29.133333333333333
2026-05-15 21:45:00,24.6,7185.6,33.53333333333333,31.933333333333334,76.06666666666666,29.666666666666668,29.2,24.333333333333332,,28.4
2026-05-15 22:00:00,25.0,10956.4,33.53333333333333,34.06666666666667,89.06666666666666,34.06666666666667,37.666666666666664,26.4,,38.0
2026-05-15 22:15:00,27.2,9575.666666666666,36.266666666666666,32.0,92.53333333333333,32.8,28.4,25.333333333333332,,34.93333333333333
2026-05-15 22:30:00,30.0,7051.4,34.46666666666667,31.6,100.73333333333333,36.733333333333334,30.933333333333334,26.4,,27.266666666666666
2026-05-15 22:45:00,36.4,6609.933333333333,31.266666666666666,31.0,107.33333333333333,32.53333333333333,29.866666666666667,25.8,,27.933333333333334
2026-05-15 23:00:00,30.333333333333332,5329.533333333334,31.133333333333333,31.8,75.26666666666667,32.13333333333333,30.733333333333334,26.533333333333335,,26.933333333333334
2026-05-15 23:15:00,32.0,4030.266666666667,30.733333333333334,31.933333333333334,42.53333333333333,31.6,35.666666666666664,26.2,,28.333333333333332
2026-05-15 23:30:00,34.266666666666666,4760.333333333333,30.266666666666666,33.8,33.4,32.93333333333333,57.266666666666666,29.066666666666666,,28.2
2026-05-15 23:45:00,35.6,9025.2,31.0,32.06666666666667,32.8,31.933333333333334,36.06666666666667,26.733333333333334,,29.466666666666665
2026-05-16 00:00:00,37.733333333333334,9094.0,29.266666666666666,33.333333333333336,34.266666666666666,33.93333333333333,34.6,25.0,,27.0
2026-05-16 00:15:00,32.733333333333334,9056.733333333334,28.866666666666667,35.8,37.6,35.666666666666664,39.13333333333333,25.333333333333332,,25.6
2026-05-16 00:30:00,38.666666666666664,9421.466666666667,29.333333333333332,35.8,45.86666666666667,37.06666666666667,51.733333333333334,27.266666666666666,,26.8
2026-05-16 00:45:00,32.13333333333333,9063.4,30.266666666666666,85.0,55.8,37.06666666666667,60.13333333333333,26.466666666666665,,27.333333333333332
2026-05-16 01:00:00,32.13333333333333,6845.733333333334,30.0,93.66666666666667,65.73333333333333,39.86666666666667,57.733333333333334,27.466666666666665,,26.066666666666666
2026-05-16 01:15:00,34.8,5282.333333333333,31.666666666666668,99.66666666666667,73.4,36.2,52.06666666666667,41.46666666666667,,28.4
2026-05-16 01:30:00,37.2,5136.333333333333,41.2,122.26666666666667,68.93333333333334,33.266666666666666,40.86666666666667,55.06666666666667,,27.2
2026-05-16 01:45:00,35.733333333333334,4138.533333333334,42.93333333333333,79.93333333333334,54.266666666666666,32.86666666666667,39.06666666666667,72.26666666666667,,27.333333333333332
2026-05-16 02:00:00,36.6,3970.133333333333,36.2,60.53333333333333,46.666666666666664,35.266666666666666,40.6,78.8,,27.933333333333334
2026-05-16 02:15:00,39.8,3647.3333333333335,37.06666666666667,52.8,39.53333333333333,33.666666666666664,37.86666666666667,69.06666666666666,,29.866666666666667
2026-05-16 02:30:00,33.266666666666666,2692.733333333333,33.266666666666666,70.53333333333333,31.466666666666665,34.0,39.53333333333333,69.2,,27.333333333333332
2026-05-16 02:45:00,36.8,2933.5333333333333,33.4,105.06666666666666,28.266666666666666,34.733333333333334,41.733333333333334,63.53333333333333,,26.933333333333334
2026-05-16 03:00:00,34.13333333333333,1516.1333333333334,36.333333333333336,112.36363636363636,32.2,33.733333333333334,40.666666666666664,74.0,,29.133333333333333
2026-05-16 03:15:00,36.666666666666664,1662.8666666666666,34.93333333333333,,37.93333333333333,34.4,37.53333333333333,66.2,,28.266666666666666
2026-05-16 03:30:00,38.13333333333333,1546.2,34.6,,35.93333333333333,35.13333333333333,38.333333333333336,61.8,,28.733333333333334
2026-05-16 03:45:00,37.13333333333333,604.2666666666667,35.333333333333336,,32.8,35.53333333333333,39.13333333333333,68.66666666666667,,30.933333333333334
2026-05-16 04:00:00,41.0,686.4666666666667,32.2,,33.733333333333334,35.46666666666667,40.93333333333333,73.2,,31.133333333333333
2026-05-16 04:15:00,44.266666666666666,533.8666666666667,29.933333333333334,,28.733333333333334,34.53333333333333,40.13333333333333,74.8,,30.2
2026-05-16 04:30:00,46.733333333333334,551.2,29.933333333333334,,32.53333333333333,35.53333333333333,37.8,87.86666666666666,,30.266666666666666
2026-05-16 04:45:00,50.266666666666666,439.0,30.333333333333332,85.0,32.666666666666664,38.266666666666666,37.2,92.8,,29.6
2026-05-16 05:00:00,44.6,485.0,32.93333333333333,71.46666666666667,30.466666666666665,35.8,38.0,101.6,,30.6
2026-05-16 05:15:00,43.2,399.6,35.06666666666667,73.93333333333334,34.46666666666667,38.333333333333336,38.86666666666667,88.2,,30.933333333333334
2026-05-16 05:30:00,42.13333333333333,172.4,35.6,95.2,32.733333333333334,37.75,41.06666666666667,86.86666666666666,,32.86666666666667
2026-05-16 05:45:00,72.26666666666667,205.53333333333333,38.93333333333333,113.26666666666667,36.266666666666666,32.25,38.0,90.93333333333334,,31.6
2026-05-16 06:00:00,41.8,250.86666666666667,44.733333333333334,152.6,34.0,37.4,35.266666666666666,76.2,,32.06666666666667
2026-05-16 06:15:00,70.66666666666667,158.13333333333333,53.53333333333333,152.4,32.2,44.13333333333333,45.06666666666667,83.93333333333334,,33.0
2026-05-16 06:30:00,76.26666666666667,157.93333333333334,50.333333333333336,129.46666666666667,39.86666666666667,47.53333333333333,45.733333333333334,102.86666666666666,,32.2
2026-05-16 06:45:00,67.0,232.86666666666667,43.53333333333333,166.6,35.53333333333333,47.733333333333334,46.333333333333336,89.6,,40.53333333333333
2026-05-16 07:00:00,47.93333333333333,246.8,44.4,150.33333333333334,38.13333333333333,49.333333333333336,46.733333333333334,77.53333333333333,,45.53333333333333
2026-05-16 07:15:00,81.2,435.0,45.06666666666667,108.73333333333333,35.93333333333333,47.46666666666667,48.86666666666667,81.93333333333334,,42.6
2026-05-16 07:30:00,65.0,762.9333333333333,41.86666666666667,80.73333333333333,33.733333333333334,54.8,43.733333333333334,77.06666666666666,,42.6
2026-05-16 07:45:00,53.733333333333334,1503.4666666666667,45.8,71.13333333333334,36.46666666666667,54.733333333333334,41.666666666666664,68.8,,44.0
2026-05-16 08:00:00,51.86666666666667,2582.3333333333335,38.666666666666664,110.0,64.4,57.333333333333336,39.8,76.73333333333333,,45.46666666666667
2026-05-16 08:15:00,42.333333333333336,4032.6666666666665,43.13333333333333,134.6,68.8,60.666666666666664,36.93333333333333,82.6,,45.266666666666666
2026-05-16 08:30:00,37.2,4956.866666666667,38.93333333333333,69.66666666666667,74.33333333333333,57.46666666666667,34.733333333333334,81.33333333333333,,46.0
2026-05-16 08:45:00,36.13333333333333,6367.666666666667,39.666666666666664,57.333333333333336,59.86666666666667,54.8,30.0,68.46666666666667,,41.93333333333333
2026-05-16 09:00:00,38.266666666666666,8713.333333333334,42.93333333333333,50.8,73.06666666666666,49.46666666666667,28.714285714285715,59.266666666666666,,38.13333333333333
2026-05-16 09:15:00,48.93333333333333,9694.6,51.6,43.666666666666664,87.0,38.666666666666664,35.2,45.666666666666664,,39.733333333333334
2026-05-16 09:30:00,72.6,11187.6,75.13333333333334,40.666666666666664,77.13333333333334,36.0,53.0,39.266666666666666,,40.86666666666667
2026-05-16 09:45:00,61.06666666666667,11799.266666666666,54.4,41.8,92.0,35.333333333333336,47.4,40.666666666666664,,37.733333333333334
2026-05-16 10:00:00,63.8,10548.733333333334,46.266666666666666,42.2,183.06666666666666,35.06666666666667,31.266666666666666,34.666666666666664,,42.266666666666666
2026-05-16 10:15:00,67.26666666666667,9824.933333333332,40.06666666666667,44.93333333333333,110.46666666666667,35.4,20.6,37.46666666666667,,35.2
2026-05-16 10:30:00,60.46666666666667,10429.133333333333,41.8,38.6,95.33333333333333,32.733333333333334,20.0,29.733333333333334,,40.666666666666664
2026-05-16 10:45:00,41.86666666666667,11246.533333333333,36.86666666666667,37.333333333333336,106.93333333333334,55.666666666666664,,30.666666666666668,,30.2
2026-05-16 11:00:00,42.6,11375.333333333334,37.53333333333333,41.13333333333333,119.0,,,30.2,,31.333333333333332
2026-05-16 11:15:00,41.53333333333333,11620.933333333332,86.26666666666667,42.06666666666667,110.86666666666666,,,27.466666666666665,,32.266666666666666
2026-05-16 11:30:00,43.0,11834.066666666668,63.06666666666667,37.86666666666667,82.2,,,29.133333333333333,,31.4
2026-05-16 11:45:00,38.93333333333333,11964.466666666667,46.86666666666667,33.86666666666667,81.0,,,36.06666666666667,,30.133333333333333
2026-05-16 12:00:00,40.266666666666666,8368.4,46.93333333333333,33.2,52.8,,,27.533333333333335,,34.86666666666667
2026-05-16 12:15:00,35.86666666666667,8002.555555555556,43.46666666666667,36.46666666666667,43.733333333333334,,,29.4,,34.266666666666666
2026-05-16 12:30:00,36.0,,40.2,34.46666666666667,41.46666666666667,,,30.2,,36.733333333333334
2026-05-16 12:45:00,39.8,,38.6,42.13333333333333,42.333333333333336,,,39.06666666666667,,37.46666666666667
2026-05-16 13:00:00,40.53333333333333,,42.46666666666667,36.4,44.06666666666667,,,42.0,,50.53333333333333
2026-05-16 13:15:00,40.53333333333333,,41.733333333333334,46.46666666666667,54.46666666666667,,,31.733333333333334,,67.4
2026-05-16 13:30:00,46.53333333333333,,44.2,51.93333333333333,58.333333333333336,,,32.8,,52.733333333333334
2026-05-16 13:45:00,51.8,,49.2,48.333333333333336,55.13333333333333,,,35.333333333333336,,43.06666666666667
2026-05-16 14:00:00,45.6,,47.6,51.6,49.4,,,40.06666666666667,,41.13333333333333
2026-05-16 14:15:00,63.0,,43.266666666666666,53.0,46.93333333333333,,,46.6,,68.0
2026-05-16 14:30:00,49.733333333333334,,40.53333333333333,42.13333333333333,44.86666666666667,,,40.6,,61.0
2026-05-16 14:45:00,44.06666666666667,,40.733333333333334,43.2,42.333333333333336,,,37.46666666666667,,43.53333333333333
2026-05-16 15:00:00,46.4,,39.93333333333333,44.13333333333333,42.86666666666667,,,35.6,,44.733333333333334
2026-05-16 15:15:00,41.46666666666667,,38.6,47.13333333333333,43.13333333333333,,32.0,37.333333333333336,,46.06666666666667
2026-05-16 15:30:00,43.06666666666667,,40.266666666666666,40.733333333333334,45.0,,72.66666666666667,36.53333333333333,,57.93333333333333
2026-05-16 15:45:00,50.2,,39.6,40.4,36.46666666666667,,45.46666666666667,37.666666666666664,,45.333333333333336
2026-05-16 16:00:00,38.733333333333334,,38.53333333333333,38.53333333333333,38.4,,45.666666666666664,35.4,,41.666666666666664
2026-05-16 16:15:00,46.13333333333333,,40.266666666666666,43.06666666666667,38.86666666666667,,41.93333333333333,38.0,,41.2
2026-05-16 16:30:00,40.2,,38.2,42.93333333333333,38.06666666666667,,40.266666666666666,34.666666666666664,,38.86666666666667
2026-05-16 16:45:00,34.733333333333334,,38.2,43.93333333333333,36.53333333333333,,37.13333333333333,38.333333333333336,,37.93333333333333
2026-05-16 17:00:00,36.666666666666664,55.833333333333336,38.266666666666666,45.4,38.333333333333336,,41.13333333333333,35.13333333333333,,39.06666666666667
2026-05-16 17:15:00,39.2,46.46666666666667,39.0,43.666666666666664,39.6,,117.66666666666667,36.733333333333334,,36.46666666666667
2026-05-16 17:30:00,44.6,37.13333333333333,37.46666666666667,42.4,39.666666666666664,,29.666666666666668,36.333333333333336,,33.8
2026-05-16 17:45:00,46.0,36.86666666666667,35.93333333333333,40.266666666666666,41.93333333333333,,30.866666666666667,36.6,,32.733333333333334
2026-05-16 18:00:00,42.2,33.06666666666667,36.93333333333333,43.0,39.93333333333333,,32.06666666666667,36.06666666666667,,33.333333333333336
2026-05-16 18:15:00,42.06666666666667,31.866666666666667,36.0,37.8,38.6,,33.2,34.4,,36.266666666666666
2026-05-16 18:30:00,48.0,30.4,36.333333333333336,37.4,39.666666666666664,,31.066666666666666,33.266666666666666,,37.13333333333333
2026-05-16 18:45:00,37.266666666666666,29.2,35.6,35.266666666666666,40.6,,33.13333333333333,30.666666666666668,,38.2
2026-05-16 19:00:00,44.4,26.866666666666667,36.06666666666667,40.93333333333333,37.13333333333333,,35.6,29.866666666666667,,42.2
2026-05-16 19:15:00,44.6,25.866666666666667,34.266666666666666,40.6,39.6,,42.6,28.133333333333333,,43.266666666666666
2026-05-16 19:30:00,47.733333333333334,24.133333333333333,34.666666666666664,38.8,41.46666666666667,,38.06666666666667,29.733333333333334,,43.06666666666667
2026-05-16 19:45:00,49.46666666666667,20.466666666666665,32.93333333333333,36.06666666666667,43.333333333333336,,49.733333333333334,31.4,,45.4
2026-05-16 20:00:00,47.46666666666667,21.266666666666666,33.333333333333336,37.0,39.93333333333333,,43.2,31.4,,47.666666666666664
2026-05-16 20:15:00,41.2,22.8,37.8,39.266666666666666,41.53333333333333,,42.13333333333333,33.6,,49.93333333333333
2026-05-16 20:30:00,43.666666666666664,23.933333333333334,38.13333333333333,43.2,43.6,,47.2,32.46666666666667,,48.4
2026-05-16 20:45:00,35.06666666666667,23.866666666666667,37.6,40.06666666666667,43.2,,52.2,33.13333333333333,,54.53333333333333
2026-05-16 21:00:00,32.6,28.266666666666666,39.8,43.333333333333336,45.06666666666667,,54.06666666666667,34.8,,61.0
2026-05-16 21:15:00,36.6,30.4,39.266666666666666,46.6,46.333333333333336,,61.86666666666667,34.6,,60.333333333333336
2026-05-16 21:30:00,36.266666666666666,32.93333333333333,41.6,47.86666666666667,44.6,,54.333333333333336,35.733333333333334,,64.53333333333333
2026-05-16 21:45:00,39.46666666666667,32.86666666666667,43.13333333333333,45.4,47.53333333333333,,55.46666666666667,37.13333333333333,,60.4
2026-05-16 22:00:00,39.8,33.13333333333333,43.8,46.0,46.86666666666667,,88.06666666666666,40.8,,54.93333333333333
2026-05-16 22:15:00,37.2,35.666666666666664,44.06666666666667,47.86666666666667,47.06666666666667,,63.0,40.266666666666666,,55.666666666666664
2026-05-16 22:30:00,33.666666666666664,37.266666666666666,45.666666666666664,51.266666666666666,47.46666666666667,41.63636363636363,55.333333333333336,42.6,,64.26666666666667
2026-05-16 22:45:00,41.0,40.733333333333334,46.733333333333334,50.4,47.8,44.53333333333333,61.46666666666667,40.6,,59.266666666666666
2026-05-16 23:00:00,41.666666666666664,41.0,45.666666666666664,53.06666666666667,48.266666666666666,46.53333333333333,55.13333333333333,41.86666666666667,,58.4
2026-05-16 23:15:00,44.86666666666667,46.4,46.6,51.86666666666667,46.2,47.333333333333336,65.8,42.86666666666667,,57.53333333333333
2026-05-16 23:30:00,42.8,46.2,47.666666666666664,56.06666666666667,47.0,49.8,60.2,44.733333333333334,,62.8
2026-05-16 23:45:00,44.6,47.2,48.4,56.4,45.46666666666667,49.4,62.13333333333333,43.2,,65.46666666666667
2026-05-17 00:00:00,45.666666666666664,45.46666666666667,47.13333333333333,54.333333333333336,45.666666666666664,51.53333333333333,56.0,44.0,,61.53333333333333
2026-05-17 00:15:00,47.53333333333333,46.13333333333333,48.333333333333336,56.2,43.733333333333334,49.8,54.86666666666667,45.0,,69.06666666666666
2026-05-17 00:30:00,50.6,47.666666666666664,47.46666666666667,57.6,46.266666666666666,49.733333333333334,62.06666666666667,46.2,,74.26666666666667
2026-05-17 00:45:00,46.333333333333336,49.733333333333334,50.8,58.06666666666667,45.93333333333333,50.4,54.4,47.266666666666666,,76.66666666666667
2026-05-17 01:00:00,49.0,48.733333333333334,50.733333333333334,59.8,44.8,49.6,53.2,48.333333333333336,,114.26666666666667
2026-05-17 01:15:00,45.93333333333333,124.4,49.93333333333333,57.733333333333334,45.2,51.266666666666666,56.8,46.93333333333333,,553.6
2026-05-17 01:30:00,48.46666666666667,126.4,48.0,60.86666666666667,43.8,52.333333333333336,53.6,46.86666666666667,,122.53333333333333
2026-05-17 01:45:00,48.666666666666664,88.93333333333334,47.6,58.93333333333333,44.86666666666667,49.2,50.8,47.46666666666667,,49.53333333333333
2026-05-17 02:00:00,44.06666666666667,76.46666666666667,48.53333333333333,59.13333333333333,44.733333333333334,48.6,67.4,46.53333333333333,,45.53333333333333
2026-05-17 02:15:00,53.666666666666664,88.93333333333334,47.666666666666664,59.06666666666667,47.46666666666667,52.2,48.46666666666667,45.666666666666664,,57.53333333333333
2026-05-17 02:30:00,47.46666666666667,75.86666666666666,49.93333333333333,59.333333333333336,51.8,50.6,58.93333333333333,43.6,,168.66666666666666
2026-05-17 02:45:00,47.13333333333333,57.333333333333336,50.46666666666667,60.666666666666664,50.4,49.2,46.0,43.666666666666664,,112.73333333333333
2026-05-17 03:00:00,45.46666666666667,58.666666666666664,48.2,57.6,52.86666666666667,49.13333333333333,90.13333333333334,43.06666666666667,,121.06666666666666
2026-05-17 03:15:00,42.0,57.53333333333333,50.0,58.4,57.666666666666664,50.4,222.46666666666667,43.86666666666667,,45.733333333333334
2026-05-17 03:30:00,39.333333333333336,52.86666666666667,50.86666666666667,58.93333333333333,62.733333333333334,50.53333333333333,75.0,42.46666666666667,,108.93333333333334
2026-05-17 03:45:00,42.333333333333336,57.733333333333334,53.2,58.733333333333334,62.8,53.06666666666667,56.4,40.86666666666667,,97.2
2026-05-17 04:00:00,39.46666666666667,54.666666666666664,55.93333333333333,59.86666666666667,60.6,52.86666666666667,40.13333333333333,43.86666666666667,,108.6
2026-05-17 04:15:00,38.2,53.46666666666667,50.4,66.53333333333333,58.13333333333333,52.06666666666667,34.266666666666666,46.266666666666666,,108.46666666666667
2026-05-17 04:30:00,40.86666666666667,54.0,52.2,66.26666666666667,57.46666666666667,47.0,33.93333333333333,50.46666666666667,,210.46666666666667
2026-05-17 04:45:00,39.13333333333333,51.733333333333334,50.8,86.33333333333333,57.0,47.53333333333333,56.53333333333333,51.733333333333334,,220.8
2026-05-17 05:00:00,42.333333333333336,51.6,58.53333333333333,75.13333333333334,57.2,45.0,62.4,56.733333333333334,,531.2666666666667
2026-05-17 05:15:00,47.733333333333334,54.2,58.2,68.26666666666667,59.666666666666664,42.53333333333333,72.46666666666667,55.266666666666666,,626.5333333333333
2026-05-17 05:30:00,45.46666666666667,53.6,53.93333333333333,67.93333333333334,63.333333333333336,49.333333333333336,63.8,54.46666666666667,,168.4
2026-05-17 05:45:00,42.0,55.8,48.53333333333333,68.46666666666667,63.333333333333336,48.733333333333334,46.93333333333333,51.4,,66.0
2026-05-17 06:00:00,41.46666666666667,57.333333333333336,54.333333333333336,68.86666666666666,68.26666666666667,49.8,49.333333333333336,50.86666666666667,,76.06666666666666
2026-05-17 06:15:00,58.13333333333333,61.2,48.13333333333333,71.53333333333333,63.06666666666667,52.13333333333333,47.8,50.333333333333336,,69.06666666666666
2026-05-17 06:30:00,48.666666666666664,56.333333333333336,49.0,68.0,55.46666666666667,50.46666666666667,67.2,53.86666666666667,,66.93333333333334
2026-05-17 06:45:00,49.86666666666667,59.53333333333333,52.666666666666664,64.26666666666667,53.4,49.666666666666664,46.266666666666666,52.733333333333334,,65.26666666666667
2026-05-17 07:00:00,53.13333333333333,57.266666666666666,49.733333333333334,62.733333333333334,54.2,54.53333333333333,57.93333333333333,52.733333333333334,,68.13333333333334
2026-05-17 07:15:00,62.6,53.4,47.733333333333334,60.93333333333333,54.06666666666667,53.0,64.46666666666667,52.46666666666667,,78.46666666666667
2026-05-17 07:30:00,58.2,52.86666666666667,49.4,58.53333333333333,48.6,54.53333333333333,51.333333333333336,51.733333333333334,,64.46666666666667
2026-05-17 07:45:00,57.666666666666664,52.06666666666667,51.6,54.53333333333333,49.666666666666664,57.13333333333333,51.8,49.6,,66.06666666666666
2026-05-17 08:00:00,54.13333333333333,52.266666666666666,50.6,52.93333333333333,52.733333333333334,54.733333333333334,60.2,47.86666666666667,,66.33333333333333
2026-05-17 08:15:00,53.2,50.93333333333333,48.8,52.733333333333334,54.266666666666666,55.2,64.06666666666666,44.46666666666667,,49.0
2026-05-17 08:30:00,49.13333333333333,48.53333333333333,47.86666666666667,51.0,58.8,49.8,45.13333333333333,44.46666666666667,,48.666666666666664
2026-05-17 08:45:00,46.6,51.86666666666667,46.4,49.13333333333333,71.86666666666666,48.53333333333333,90.93333333333334,41.4,,55.333333333333336
2026-05-17 09:00:00,44.13333333333333,54.733333333333334,42.666666666666664,47.8,75.53333333333333,46.13333333333333,45.6,41.333333333333336,,58.4
2026-05-17 09:15:00,46.0,52.53333333333333,41.666666666666664,49.733333333333334,80.0,43.13333333333333,223.4,42.13333333333333,,57.06666666666667
2026-05-17 09:30:00,49.0,51.2,42.266666666666666,47.13333333333333,70.2,41.93333333333333,64.73333333333333,38.46666666666667,,51.666666666666664
2026-05-17 09:45:00,48.46666666666667,51.4,40.13333333333333,46.666666666666664,55.4,42.53333333333333,38.86666666666667,37.93333333333333,,52.733333333333334
2026-05-17 10:00:00,41.266666666666666,45.8,35.8,43.46666666666667,52.733333333333334,43.13333333333333,45.4,36.333333333333336,,54.4
2026-05-17 10:15:00,35.13333333333333,43.86666666666667,33.733333333333334,39.8,53.666666666666664,42.46666666666667,45.2,37.93333333333333,,55.0
2026-05-17 10:30:00,37.93333333333333,42.86666666666667,32.53333333333333,37.53333333333333,,36.0,35.733333333333334,35.4,,51.111111111111114
2026-05-17 10:45:00,32.2,41.333333333333336,34.733333333333334,37.333333333333336,,40.13333333333333,32.6,34.2,,
2026-05-17 11:00:00,34.06666666666667,40.6,35.4,35.733333333333334,,32.4,30.933333333333334,28.6,,14.8
2026-05-17 11:15:00,35.2,39.46666666666667,32.733333333333334,34.46666666666667,,33.86666666666667,46.2,28.666666666666668,,
2026-05-17 11:30:00,28.533333333333335,38.666666666666664,34.2,37.86666666666667,,35.8,32.13333333333333,31.866666666666667,,
2026-05-17 11:45:00,30.066666666666666,34.86666666666667,33.666666666666664,37.0,,38.266666666666666,33.666666666666664,31.933333333333334,,
2026-05-17 12:00:00,31.2,33.13333333333333,34.06666666666667,36.53333333333333,,36.4,28.8,30.466666666666665,,
2026-05-17 12:15:00,33.6,30.733333333333334,32.333333333333336,35.8,,33.53333333333333,23.533333333333335,33.266666666666666,,
2026-05-17 12:30:00,29.4,33.333333333333336,29.733333333333334,39.06666666666667,,33.6,21.333333333333332,30.733333333333334,,
2026-05-17 12:45:00,32.4,36.46666666666667,31.333333333333332,36.86666666666667,,35.0,21.6,30.2,,26.0
2026-05-17 13:00:00,30.8,34.06666666666667,28.8,31.466666666666665,,38.0,23.0,29.133333333333333,,21.533333333333335
2026-05-17 13:15:00,35.06666666666667,27.333333333333332,28.133333333333333,31.466666666666665,,29.8,22.533333333333335,28.333333333333332,,23.266666666666666
2026-05-17 13:30:00,34.93333333333333,24.666666666666668,28.066666666666666,34.266666666666666,,27.133333333333333,501.2,28.0,,21.533333333333335
2026-05-17 13:45:00,30.0,24.4,32.93333333333333,44.93333333333333,,30.333333333333332,53.266666666666666,29.8,,21.066666666666666
2026-05-17 14:00:00,32.46666666666667,24.066666666666666,33.666666666666664,38.4,,30.0,31.8,30.333333333333332,,22.133333333333333
2026-05-17 14:15:00,33.13333333333333,24.4,36.13333333333333,41.6,,32.266666666666666,26.466666666666665,31.333333333333332,,24.666666666666668
2026-05-17 14:30:00,32.8,27.133333333333333,39.93333333333333,39.93333333333333,,31.8,29.266666666666666,31.8,,25.266666666666666
2026-05-17 14:45:00,31.133333333333333,24.2,37.53333333333333,40.2,,36.86666666666667,35.333333333333336,33.4,,25.333333333333332
2026-05-17 15:00:00,38.6,27.133333333333333,36.06666666666667,40.6,,37.93333333333333,27.266666666666666,34.06666666666667,,26.933333333333334
2026-05-17 15:15:00,36.666666666666664,25.466666666666665,30.933333333333334,37.86666666666667,,37.8,25.333333333333332,30.8,,28.266666666666666
2026-05-17 15:30:00,35.13333333333333,26.333333333333332,30.6,38.666666666666664,,36.0,55.06666666666667,32.53333333333333,,28.133333333333333
2026-05-17 15:45:00,34.666666666666664,25.866666666666667,36.46666666666667,33.733333333333334,,32.4,28.533333333333335,33.4,,31.266666666666666
2026-05-17 16:00:00,33.53333333333333,26.333333333333332,35.46666666666667,36.46666666666667,,30.6,35.86666666666667,32.2,,35.4
2026-05-17 16:15:00,30.333333333333332,28.666666666666668,20.2,38.333333333333336,,32.06666666666667,29.266666666666666,33.13333333333333,,36.46666666666667
2026-05-17 16:30:00,36.2,34.0,20.0,36.733333333333334,,39.666666666666664,32.266666666666666,33.0,,36.333333333333336
2026-05-17 16:45:00,33.86666666666667,30.666666666666668,,39.4,,39.13333333333333,32.333333333333336,30.6,,38.4
2026-05-17 17:00:00,35.86666666666667,35.2,14.333333333333334,39.733333333333334,,40.2,31.066666666666666,28.466666666666665,,39.266666666666666
2026-05-17 17:15:00,34.0,38.93333333333333,14.333333333333334,41.333333333333336,,39.13333333333333,32.266666666666666,35.93333333333333,,39.53333333333333
2026-05-17 17:30:00,35.86666666666667,39.46666666666667,,41.333333333333336,45.8,40.86666666666667,31.866666666666667,36.46666666666667,,41.93333333333333
2026-05-17 17:45:00,42.93333333333333,39.06666666666667,,40.333333333333336,37.2,43.46666666666667,33.6,36.93333333333333,,42.8
2026-05-17 18:00:00,37.93333333333333,43.0,,41.13333333333333,34.13333333333333,40.0,32.4,35.8,,41.6
2026-05-17 18:15:00,48.266666666666666,42.8,,43.86666666666667,34.06666666666667,40.93333333333333,31.866666666666667,37.13333333333333,,44.4
2026-05-17 18:30:00,50.8,40.0,,38.93333333333333,32.733333333333334,40.8,47.666666666666664,38.333333333333336,,40.0
2026-05-17 18:45:00,50.53333333333333,36.733333333333334,,41.46666666666667,33.733333333333334,38.0,31.8,38.53333333333333,,40.93333333333333
2026-05-17 19:00:00,61.0,40.86666666666667,,41.733333333333334,34.6,40.733333333333334,31.0,37.86666666666667,,38.333333333333336
2026-05-17 19:15:00,65.66666666666667,37.733333333333334,,41.333333333333336,35.6,41.93333333333333,31.8,40.0,,38.733333333333334
2026-05-17 19:30:00,57.6,40.8,,43.0,34.93333333333333,42.86666666666667,32.4,39.86666666666667,,41.6
2026-05-17 19:45:00,50.6,43.333333333333336,,44.266666666666666,45.6,42.2,35.4,39.2,,53.13333333333333
2026-05-17 20:00:00,59.0,42.666666666666664,,47.733333333333334,41.46666666666667,44.666666666666664,41.2,40.13333333333333,,42.266666666666666
2026-05-17 20:15:00,58.0,53.733333333333334,,46.4,38.93333333333333,49.333333333333336,38.266666666666666,38.8,,46.13333333333333
2026-05-17 20:30:00,51.2,55.4,,48.46666666666667,37.06666666666667,45.8,48.46666666666667,40.6,,48.13333333333333
2026-05-17 20:45:00,50.266666666666666,61.93333333333333,,49.333333333333336,37.733333333333334,46.86666666666667,38.8,41.4,,49.8
2026-05-17 21:00:00,85.13333333333334,78.93333333333334,,47.0,38.53333333333333,47.6,53.53333333333333,38.266666666666666,,53.4
2026-05-17 21:15:00,73.33333333333333,61.46666666666667,,46.06666666666667,36.93333333333333,49.06666666666667,46.0,39.46666666666667,,55.4
2026-05-17 21:30:00,52.13333333333333,61.666666666666664,,48.2,39.06666666666667,48.8,43.86666666666667,38.93333333333333,,69.73333333333333
2026-05-17 21:45:00,46.733333333333334,67.46666666666667,,53.6,42.333333333333336,48.8,46.86666666666667,46.0,,56.4
2026-05-17 22:00:00,44.06666666666667,64.46666666666667,,54.46666666666667,51.06666666666667,50.266666666666666,46.06666666666667,44.6,,55.733333333333334
2026-05-17 22:15:00,51.0,65.06666666666666,,47.2,70.06666666666666,48.4,48.8,43.0,,58.266666666666666
2026-05-17 22:30:00,51.53333333333333,65.4,,45.4,90.8,51.8,190.86666666666667,39.4,,58.333333333333336
2026-05-17 22:45:00,53.06666666666667,63.86666666666667,,48.2,64.06666666666666,50.86666666666667,47.13333333333333,38.53333333333333,,53.53333333333333
2026-05-17 23:00:00,61.46666666666667,65.4,,47.266666666666666,60.6,56.8,43.4,37.666666666666664,,50.6
2026-05-17 23:15:00,59.93333333333333,62.86666666666667,,49.86666666666667,55.733333333333334,50.4,46.6,38.266666666666666,,76.0
2026-05-17 23:30:00,59.333333333333336,61.666666666666664,,68.66666666666667,50.6,50.666666666666664,47.333333333333336,39.13333333333333,,49.93333333333333
2026-05-17 23:45:00,59.13333333333333,67.73333333333333,,101.8,51.86666666666667,49.93333333333333,44.0,41.4,,51.0
2026-05-18 00:00:00,59.733333333333334,68.8,,135.0,45.666666666666664,49.6,44.4,43.13333333333333,,52.93333333333333
2026-05-18 00:15:00,59.06666666666667,69.86666666666666,,126.6,44.4,49.86666666666667,45.46666666666667,48.2,,87.93333333333334
2026-05-18 00:30:00,52.06666666666667,70.0,,114.6,44.2,47.8,45.666666666666664,59.2,,66.26666666666667
2026-05-18 00:45:00,57.13333333333333,60.6,,83.86666666666666,43.333333333333336,48.86666666666667,42.733333333333334,70.46666666666667,,64.46666666666667
2026-05-18 01:00:00,57.666666666666664,60.93333333333333,,64.26666666666667,43.86666666666667,44.86666666666667,45.8,74.2,,51.266666666666666
2026-05-18 01:15:00,58.6,57.8,,53.06666666666667,44.8,45.53333333333333,41.93333333333333,74.2,,56.8
2026-05-18 01:30:00,59.4,55.266666666666666,,51.86666666666667,46.4,50.53333333333333,39.86666666666667,68.2,,73.26666666666667
2026-05-18 01:45:00,57.06666666666667,54.13333333333333,,49.8,63.333333333333336,48.0,44.733333333333334,66.66666666666667,,49.266666666666666
2026-05-18 02:00:00,65.73333333333333,56.8,,48.733333333333334,45.8,52.13333333333333,47.06666666666667,68.33333333333333,,55.4
2026-05-18 02:15:00,57.53333333333333,60.6,,50.666666666666664,50.6,47.0,42.13333333333333,64.93333333333334,,39.6
2026-05-18 02:30:00,57.733333333333334,58.13333333333333,,50.2,67.0,46.6,39.666666666666664,62.86666666666667,,38.4
2026-05-18 02:45:00,57.53333333333333,59.6,,58.6,107.73333333333333,45.8,45.666666666666664,94.8,,51.2
2026-05-18 03:00:00,58.06666666666667,57.53333333333333,,111.8,143.86666666666667,48.8,39.53333333333333,135.73333333333332,,59.733333333333334
2026-05-18 03:15:00,59.13333333333333,56.6,,113.8,140.8,51.93333333333333,37.666666666666664,139.86666666666667,,52.86666666666667
2026-05-18 03:30:00,63.46666666666667,60.266666666666666,,99.8,127.46666666666667,49.0,39.666666666666664,133.4,,61.06666666666667
2026-05-18 03:45:00,58.13333333333333,57.8,,100.6,114.8,47.53333333333333,39.86666666666667,125.4,,53.46666666666667
2026-05-18 04:00:00,77.13333333333334,59.0,,107.26666666666667,95.8,48.46666666666667,36.666666666666664,97.46666666666667,,69.2
2026-05-18 04:15:00,69.13333333333334,57.4,,85.66666666666667,86.46666666666667,48.06666666666667,37.733333333333334,131.33333333333334,,55.666666666666664
2026-05-18 04:30:00,68.73333333333333,57.4,,80.46666666666667,82.93333333333334,49.46666666666667,38.8,119.26666666666667,,49.333333333333336
2026-05-18 04:45:00,62.46666666666667,55.53333333333333,,97.33333333333333,77.93333333333334,48.333333333333336,40.0,106.4,,54.13333333333333
2026-05-18 05:00:00,68.26666666666667,58.86666666666667,,92.8,78.66666666666667,48.46666666666667,40.6,108.0,,60.53333333333333
2026-05-18 05:15:00,59.06666666666667,62.666666666666664,,146.8,93.4,49.666666666666664,40.733333333333334,112.33333333333333,,63.53333333333333
2026-05-18 05:30:00,61.8,62.733333333333334,,156.06666666666666,72.6,54.06666666666667,44.666666666666664,131.73333333333332,,71.53333333333333
2026-05-18 05:45:00,76.2,64.2,,176.46666666666667,116.6,59.46666666666667,43.2,152.26666666666668,,52.266666666666666
2026-05-18 06:00:00,99.0,61.2,,193.73333333333332,87.46666666666667,66.46666666666667,42.46666666666667,129.13333333333333,,70.2
2026-05-18 06:15:00,69.93333333333334,65.53333333333333,,229.46666666666667,77.4,73.26666666666667,40.93333333333333,118.06666666666666,,58.06666666666667
2026-05-18 06:30:00,108.2,65.73333333333333,,335.8666666666667,79.46666666666667,81.13333333333334,38.0,112.86666666666666,,46.86666666666667
2026-05-18 06:45:00,61.0,65.46666666666667,,259.6,79.06666666666666,71.6,40.86666666666667,100.26666666666667,,56.8
2026-05-18 07:00:00,66.0,69.0,,240.8,80.2,78.26666666666667,54.0,110.46666666666667,,69.93333333333334
2026-05-18 07:15:00,64.93333333333334,75.0,,155.66666666666666,97.46666666666667,86.26666666666667,80.33333333333333,106.13333333333334,,58.13333333333333
2026-05-18 07:30:00,70.26666666666667,77.33333333333333,,105.8,110.86666666666666,84.4,63.4,91.66666666666667,,53.86666666666667
2026-05-18 07:45:00,70.33333333333333,77.13333333333334,,95.93333333333334,107.2,82.4,57.8,88.0,,49.93333333333333
2026-05-18 08:00:00,69.6,74.13333333333334,,98.13333333333334,127.06666666666666,78.66666666666667,55.333333333333336,78.86666666666666,,46.0
2026-05-18 08:15:00,69.46666666666667,77.33333333333333,,96.2,107.53333333333333,67.33333333333333,54.8,69.66666666666667,,42.0
2026-05-18 08:30:00,74.0,67.8,,97.66666666666667,83.66666666666667,62.46666666666667,56.46666666666667,65.13333333333334,,36.06666666666667
2026-05-18 08:45:00,84.93333333333334,53.13333333333333,,97.46666666666667,65.26666666666667,58.13333333333333,53.4,62.6,,39.13333333333333
2026-05-18 09:00:00,80.33333333333333,56.8,,108.6,60.666666666666664,57.666666666666664,50.8,62.0,,49.333333333333336
2026-05-18 09:15:00,89.53333333333333,64.86666666666666,,88.86666666666666,62.6,56.6,56.333333333333336,71.73333333333333,,56.333333333333336
2026-05-18 09:30:00,67.06666666666666,61.4,,76.33333333333333,60.2,52.733333333333334,62.2,74.73333333333333,,61.93333333333333
2026-05-18 09:45:00,72.93333333333334,60.53333333333333,,77.0,54.8,57.8,46.53333333333333,61.266666666666666,,62.2
2026-05-18 10:00:00,68.4,61.333333333333336,,105.86666666666666,57.46666666666667,57.266666666666666,42.2,54.93333333333333,,54.93333333333333
2026-05-18 10:15:00,63.53333333333333,60.8,,123.86666666666666,58.0,54.8,42.333333333333336,55.93333333333333,,51.6
2026-05-18 10:30:00,58.2,64.4,,103.53333333333333,53.6,57.2,43.2,54.733333333333334,,54.53333333333333
2026-05-18 10:45:00,68.6,70.53333333333333,,82.86666666666666,53.333333333333336,59.13333333333333,45.266666666666666,53.0,,51.333333333333336
2026-05-18 11:00:00,64.73333333333333,62.733333333333334,,159.66666666666666,50.93333333333333,56.333333333333336,54.53333333333333,51.46666666666667,,47.93333333333333
2026-05-18 11:15:00,66.0,54.4,,84.46666666666667,54.333333333333336,50.266666666666666,40.8,50.333333333333336,,45.6
2026-05-18 11:30:00,51.6,45.266666666666666,,61.266666666666666,53.2,48.53333333333333,41.333333333333336,51.333333333333336,,41.0
2026-05-18 11:45:00,50.06666666666667,41.333333333333336,,56.86666666666667,48.4,50.13333333333333,37.4,51.13333333333333,,40.53333333333333
2026-05-18 12:00:00,50.93333333333333,40.46666666666667,,90.66666666666667,49.13333333333333,46.733333333333334,40.266666666666666,44.733333333333334,,39.6
2026-05-18 12:15:00,53.46666666666667,43.666666666666664,,57.13333333333333,48.93333333333333,42.333333333333336,35.46666666666667,42.733333333333334,,39.8
2026-05-18 12:30:00,43.93333333333333,40.266666666666666,,53.266666666666666,48.6,42.8,33.46666666666667,40.2,,37.8
2026-05-18 12:45:00,43.6,41.86666666666667,,57.46666666666667,54.266666666666666,39.13333333333333,36.733333333333334,36.733333333333334,,39.86666666666667
2026-05-18 13:00:00,54.93333333333333,42.93333333333333,,64.2,49.266666666666666,38.666666666666664,33.4,39.93333333333333,,37.6
2026-05-18 13:15:00,36.4,35.8,,49.6,49.4,36.333333333333336,47.333333333333336,37.46666666666667,,39.666666666666664
2026-05-18 13:30:00,36.733333333333334,33.86666666666667,,71.53333333333333,49.86666666666667,36.2,36.13333333333333,32.333333333333336,,36.2
2026-05-18 13:45:00,35.8,36.333333333333336,,58.4,48.86666666666667,38.86666666666667,44.0,34.06666666666667,,37.53333333333333
2026-05-18 14:00:00,35.2,37.333333333333336,,61.2,48.4,40.0,93.0,33.8,,35.266666666666666
2026-05-18 14:15:00,34.4,36.06666666666667,,80.8,43.733333333333334,35.86666666666667,73.13333333333334,33.0,,36.666666666666664
2026-05-18 14:30:00,34.13333333333333,38.93333333333333,,65.4,40.333333333333336,41.13333333333333,29.466666666666665,37.8,,35.53333333333333
2026-05-18 14:45:00,36.53333333333333,39.53333333333333,,69.66666666666667,42.93333333333333,40.6,29.266666666666666,34.333333333333336,,38.13333333333333
2026-05-18 15:00:00,45.6,44.733333333333334,,60.4,42.0,42.4,28.066666666666666,36.0,,35.46666666666667
2026-05-18 15:15:00,47.46666666666667,42.333333333333336,,70.06666666666666,41.2,39.2,31.2,34.733333333333334,,34.46666666666667
2026-05-18 15:30:00,38.2,38.93333333333333,,123.46666666666667,44.93333333333333,40.733333333333334,35.06666666666667,39.666666666666664,,34.666666666666664
2026-05-18 15:45:00,35.266666666666666,39.266666666666666,,69.13333333333334,45.266666666666666,43.8,28.666666666666668,35.13333333333333,,32.8
2026-05-18 16:00:00,217.26666666666668,37.666666666666664,,67.73333333333333,42.8,39.733333333333334,31.6,35.4,,36.666666666666664
2026-05-18 16:15:00,42.4,41.6,,51.733333333333334,42.06666666666667,41.46666666666667,32.733333333333334,34.666666666666664,,33.333333333333336
2026-05-18 16:30:00,35.46666666666667,41.93333333333333,,49.666666666666664,44.0,41.2,41.333333333333336,33.93333333333333,,36.666666666666664
2026-05-18 16:45:00,34.333333333333336,42.93333333333333,,53.666666666666664,44.46666666666667,43.4,32.53333333333333,33.666666666666664,,33.86666666666667
2026-05-18 17:00:00,35.86666666666667,40.2,,66.53333333333333,39.8,40.4,28.133333333333333,35.8,,34.46666666666667
2026-05-18 17:15:00,43.8,41.266666666666666,,44.333333333333336,41.86666666666667,47.4,29.2,33.13333333333333,,35.8
2026-05-18 17:30:00,37.8,38.93333333333333,,46.93333333333333,43.4,39.06666666666667,27.266666666666666,34.0,,29.933333333333334
2026-05-18 17:45:00,45.13333333333333,43.53333333333333,,45.733333333333334,41.93333333333333,35.666666666666664,27.666666666666668,30.733333333333334,,33.06666666666667
2026-05-18 18:00:00,40.46666666666667,48.666666666666664,,40.2,41.4,35.46666666666667,26.933333333333334,32.0,,33.06666666666667
2026-05-18 18:15:00,37.06666666666667,47.06666666666667,,39.2,36.6,37.266666666666666,60.666666666666664,33.13333333333333,,33.4
2026-05-18 18:30:00,40.6,46.0,,41.6,41.0,46.666666666666664,28.866666666666667,32.0,,45.46666666666667
2026-05-18 18:45:00,38.733333333333334,48.06666666666667,,34.13333333333333,38.46666666666667,49.4,25.933333333333334,32.8,,61.53333333333333
2026-05-18 19:00:00,49.53333333333333,51.86666666666667,,35.86666666666667,39.733333333333334,35.4,30.533333333333335,32.86666666666667,,35.266666666666666
2026-05-18 19:15:00,33.06666666666667,46.733333333333334,,39.93333333333333,41.2,38.2,28.133333333333333,33.93333333333333,,35.733333333333334
2026-05-18 19:30:00,54.666666666666664,57.733333333333334,,44.06666666666667,43.0,558.7333333333333,33.333333333333336,32.46666666666667,,35.6
2026-05-18 19:45:00,55.666666666666664,55.6,,55.93333333333333,52.2,156.0,29.466666666666665,32.93333333333333,,56.266666666666666
2026-05-18 20:00:00,54.266666666666666,66.13333333333334,,47.93333333333333,36.733333333333334,82.73333333333333,101.33333333333333,31.933333333333334,,42.53333333333333
2026-05-18 20:15:00,53.4,63.8,,45.8,27.066666666666666,49.06666666666667,62.53333333333333,33.53333333333333,,48.666666666666664
2026-05-18 20:30:00,66.26666666666667,76.6,,48.53333333333333,27.066666666666666,41.06666666666667,64.8,34.266666666666666,,47.0
2026-05-18 20:45:00,68.4,80.53333333333333,,60.86666666666667,26.066666666666666,37.733333333333334,55.6,32.86666666666667,,54.2
2026-05-18 21:00:00,48.666666666666664,90.8,,47.0,25.266666666666666,36.93333333333333,64.8,37.2,,52.46666666666667
2026-05-18 21:15:00,43.666666666666664,85.66666666666667,,44.53333333333333,27.8,47.2,43.266666666666666,35.13333333333333,,58.666666666666664
2026-05-18 21:30:00,41.13333333333333,78.26666666666667,,44.93333333333333,25.733333333333334,44.86666666666667,41.86666666666667,36.4,,55.46666666666667
2026-05-18 21:45:00,39.0,89.4,,45.06666666666667,23.266666666666666,40.333333333333336,48.266666666666666,35.86666666666667,,59.266666666666666
2026-05-18 22:00:00,42.333333333333336,96.6,,44.8,25.266666666666666,40.46666666666667,47.46666666666667,33.8,,54.8
2026-05-18 22:15:00,40.6,177.53333333333333,,45.333333333333336,28.8,42.6,45.6,35.2,,54.06666666666667
2026-05-18 22:30:00,39.06666666666667,113.4,,44.6,30.266666666666666,41.46666666666667,44.53333333333333,33.53333333333333,,54.86666666666667
2026-05-18 22:45:00,39.733333333333334,93.53333333333333,,46.666666666666664,29.133333333333333,42.666666666666664,46.4,33.13333333333333,,53.93333333333333
2026-05-18 23:00:00,40.6,92.8,,49.333333333333336,29.8,39.53333333333333,48.666666666666664,34.06666666666667,,52.333333333333336
2026-05-18 23:15:00,41.666666666666664,86.66666666666667,,47.93333333333333,30.266666666666666,40.0,52.93333333333333,33.8,,52.733333333333334
2026-05-18 23:30:00,40.6,83.6,,50.266666666666666,34.266666666666666,41.4,68.06666666666666,33.8,,51.2
2026-05-18 23:45:00,40.266666666666666,91.46666666666667,,49.86666666666667,31.866666666666667,43.733333333333334,57.53333333333333,34.6,,58.13333333333333
2026-05-19 00:00:00,40.266666666666666,90.8,,63.4,34.733333333333334,44.06666666666667,53.6,43.53333333333333,,62.266666666666666
2026-05-19 00:15:00,48.46666666666667,75.33333333333333,,58.06666666666667,36.266666666666666,41.0,56.6,82.93333333333334,,56.4
2026-05-19 00:30:00,39.6,67.73333333333333,,55.13333333333333,32.0,44.2,55.06666666666667,120.8,,51.06666666666667
2026-05-19 00:45:00,42.666666666666664,66.13333333333334,,61.0,33.2,42.2,50.266666666666666,104.4,,48.8
2026-05-19 01:00:00,40.53333333333333,67.53333333333333,,53.86666666666667,39.8,44.0,53.13333333333333,108.0,,56.13333333333333
2026-05-19 01:15:00,42.733333333333334,68.8,,56.733333333333334,51.333333333333336,48.46666666666667,60.13333333333333,90.53333333333333,,52.86666666666667
2026-05-19 01:30:00,46.86666666666667,65.53333333333333,,75.46666666666667,47.86666666666667,46.46666666666667,63.2,70.93333333333334,,51.733333333333334
2026-05-19 01:45:00,45.06666666666667,65.6,,92.66666666666667,41.53333333333333,48.93333333333333,61.0,82.0,,50.6
2026-05-19 02:00:00,43.4,65.53333333333333,,99.13333333333334,38.2,47.46666666666667,61.733333333333334,92.0,,52.2
2026-05-19 02:15:00,46.0,65.93333333333334,,93.26666666666667,31.533333333333335,46.733333333333334,61.93333333333333,85.2,,47.46666666666667
2026-05-19 02:30:00,48.6,67.53333333333333,,88.8,33.4,48.0,63.2,100.8,,53.4
2026-05-19 02:45:00,48.8,65.2,,81.53333333333333,30.4,48.333333333333336,57.93333333333333,88.73333333333333,,52.93333333333333
2026-05-19 03:00:00,49.6,63.6,,69.86666666666666,28.866666666666667,51.93333333333333,57.666666666666664,73.33333333333333,,52.06666666666667
2026-05-19 03:15:00,50.733333333333334,63.266666666666666,,61.8,28.8,49.4,55.4,59.46666666666667,,52.6
2026-05-19 03:30:00,51.8,65.0,,59.0,29.533333333333335,47.53333333333333,57.06666666666667,55.13333333333333,,52.46666666666667
2026-05-19 03:45:00,47.0,64.8,,57.733333333333334,35.0,48.666666666666664,53.6,48.86666666666667,,53.0
2026-05-19 04:00:00,48.46666666666667,63.86666666666667,,55.13333333333333,32.4,53.4,54.333333333333336,43.06666666666667,,54.733333333333334
2026-05-19 04:15:00,50.333333333333336,67.66666666666667,,53.6,33.8,53.0,58.46666666666667,42.666666666666664,,51.2
2026-05-19 04:30:00,50.86666666666667,65.6,,53.4,35.93333333333333,50.6,52.8,41.266666666666666,,61.266666666666666
2026-05-19 04:45:00,49.6,73.4,,55.13333333333333,35.93333333333333,52.0,51.06666666666667,42.8,,60.86666666666667
2026-05-19 05:00:00,49.53333333333333,66.93333333333334,,55.06666666666667,38.266666666666666,50.13333333333333,53.0,43.46666666666667,,59.333333333333336
2026-05-19 05:15:00,56.733333333333334,69.06666666666666,,55.86666666666667,39.266666666666666,51.6,51.93333333333333,41.8,,59.2
2026-05-19 05:30:00,46.93333333333333,72.33333333333333,,57.266666666666666,42.733333333333334,52.266666666666666,52.266666666666666,44.666666666666664,,62.666666666666664
2026-05-19 05:45:00,46.733333333333334,78.13333333333334,,56.666666666666664,57.8,50.666666666666664,49.46666666666667,43.6,,65.73333333333333
2026-05-19 06:00:00,48.46666666666667,76.53333333333333,,59.86666666666667,55.266666666666666,53.93333333333333,54.06666666666667,42.86666666666667,,65.73333333333333
2026-05-19 06:15:00,46.86666666666667,72.8,,61.333333333333336,50.2,55.666666666666664,52.8,42.266666666666666,,65.06666666666666
2026-05-19 06:30:00,63.06666666666667,81.6,,58.2,48.86666666666667,55.733333333333334,50.6,44.53333333333333,,66.66666666666667
2026-05-19 06:45:00,64.46666666666667,79.46666666666667,,63.0,49.46666666666667,55.0,48.86666666666667,44.46666666666667,,69.13333333333334
2026-05-19 07:00:00,56.46666666666667,82.0,,72.0,51.666666666666664,57.06666666666667,43.4,42.93333333333333,,68.53333333333333
2026-05-19 07:15:00,48.0,70.4,,81.73333333333333,51.2,57.8,69.66666666666667,42.8,,58.666666666666664
2026-05-19 07:30:00,46.666666666666664,74.8,,72.8,57.46666666666667,51.53333333333333,38.4,44.0,,59.333333333333336
2026-05-19 07:45:00,48.8,80.53333333333333,,65.73333333333333,53.6,56.8,35.93333333333333,42.666666666666664,,49.4
2026-05-19 08:00:00,48.0,78.06666666666666,,64.93333333333334,73.0,55.333333333333336,38.0,42.6,,45.733333333333334
2026-05-19 08:15:00,58.0,78.86666666666666,,65.33333333333333,78.13333333333334,53.666666666666664,35.4,41.13333333333333,,40.4
2026-05-19 08:30:00,56.13333333333333,58.333333333333336,,67.8,75.8,50.93333333333333,87.53333333333333,42.06666666666667,,42.93333333333333
2026-05-19 08:45:00,49.46666666666667,45.6,,100.06666666666666,69.6,157.86666666666667,45.46666666666667,44.46666666666667,,41.733333333333334
2026-05-19 09:00:00,56.46666666666667,44.0,,63.666666666666664,75.8,263.93333333333334,42.6,53.8,,48.6
2026-05-19 09:15:00,57.266666666666666,46.4,,77.33333333333333,64.2,87.6,44.06666666666667,50.53333333333333,,48.86666666666667
2026-05-19 09:30:00,53.733333333333334,39.13333333333333,,94.53333333333333,51.53333333333333,59.06666666666667,50.53333333333333,51.733333333333334,,51.6
2026-05-19 09:45:00,49.0,36.13333333333333,,92.93333333333334,54.266666666666666,68.73333333333333,38.0,46.6,,56.2
2026-05-19 10:00:00,44.6,30.4,,86.86666666666666,51.86666666666667,95.93333333333334,39.333333333333336,43.86666666666667,,55.4
2026-05-19 10:15:00,50.86666666666667,30.533333333333335,,116.33333333333333,52.46666666666667,188.46666666666667,39.2,44.6,,47.666666666666664
2026-05-19 10:30:00,58.733333333333334,41.2,,93.06666666666666,53.86666666666667,109.86666666666666,40.8,51.53333333333333,,47.4
2026-05-19 10:45:00,55.733333333333334,47.0,,62.93333333333333,54.0,54.46666666666667,42.06666666666667,49.86666666666667,,44.733333333333334
2026-05-19 11:00:00,54.4,45.53333333333333,,72.8,50.06666666666667,55.333333333333336,41.93333333333333,50.0,,46.13333333333333
2026-05-19 11:15:00,60.06666666666667,43.666666666666664,,69.13333333333334,62.53333333333333,51.8,42.93333333333333,55.4,,49.666666666666664
2026-05-19 11:30:00,58.53333333333333,44.53333333333333,,65.46666666666667,63.53333333333333,50.4,42.13333333333333,58.2,,58.733333333333334
2026-05-19 11:45:00,54.8,45.0,,58.93333333333333,63.13333333333333,53.46666666666667,49.93333333333333,55.2,,48.13333333333333
2026-05-19 12:00:00,52.6,44.53333333333333,,60.93333333333333,64.13333333333334,57.13333333333333,56.2,90.73333333333333,,47.86666666666667
2026-05-19 12:15:00,59.266666666666666,45.93333333333333,,63.0,78.46666666666667,52.0,53.0,71.4,,48.666666666666664
2026-05-19 12:30:00,51.06666666666667,48.53333333333333,,63.93333333333333,84.13333333333334,47.6,38.8,52.8,,48.4
2026-05-19 12:45:00,43.13333333333333,47.4,,87.73333333333333,69.73333333333333,44.93333333333333,39.13333333333333,59.86666666666667,,47.4
2026-05-19 13:00:00,47.4,41.266666666666666,,62.666666666666664,78.73333333333333,52.266666666666666,39.266666666666666,63.53333333333333,,51.86666666666667
2026-05-19 13:15:00,47.266666666666666,45.86666666666667,,84.93333333333334,58.4,53.86666666666667,48.13333333333333,58.86666666666667,,49.666666666666664
2026-05-19 13:30:00,46.333333333333336,64.93333333333334,,73.86666666666666,65.6,54.6,123.73333333333333,54.13333333333333,,55.86666666666667
2026-05-19 13:45:00,49.93333333333333,74.06666666666666,,65.8,57.93333333333333,52.266666666666666,72.2,52.6,,51.86666666666667
2026-05-19 14:00:00,49.2,78.8,,53.2,51.8,52.06666666666667,91.13333333333334,49.666666666666664,,55.8
2026-05-19 14:15:00,44.8,75.93333333333334,,79.26666666666667,50.2,51.6,61.8,41.13333333333333,,57.6
2026-05-19 14:30:00,40.0,75.53333333333333,,85.13333333333334,47.6,55.6,55.6,41.266666666666666,,58.266666666666666
2026-05-19 14:45:00,39.53333333333333,78.13333333333334,,65.93333333333334,43.266666666666666,54.53333333333333,54.8,43.06666666666667,,55.86666666666667
2026-05-19 15:00:00,46.4,76.4,,67.0,46.733333333333334,54.0,53.733333333333334,44.666666666666664,,58.46666666666667
2026-05-19 15:15:00,46.46666666666667,59.86666666666667,,63.333333333333336,81.0,50.4,50.333333333333336,43.13333333333333,,54.666666666666664
2026-05-19 15:30:00,42.266666666666666,54.13333333333333,,67.8,76.0,48.733333333333334,51.86666666666667,44.666666666666664,,51.8
2026-05-19 15:45:00,40.6,44.4,,65.0,74.73333333333333,48.46666666666667,55.13333333333333,46.2,,51.0
2026-05-19 16:00:00,49.13333333333333,42.733333333333334,,63.266666666666666,55.733333333333334,45.2,58.46666666666667,44.8,,50.93333333333333
2026-05-19 16:15:00,48.53333333333333,56.733333333333334,,68.53333333333333,63.8,48.53333333333333,53.06666666666667,56.13333333333333,,54.93333333333333
2026-05-19 16:30:00,47.86666666666667,49.8,,72.6,52.06666666666667,49.06666666666667,54.0,52.0,,53.2
2026-05-19 16:45:00,42.86666666666667,51.4,,75.0,43.733333333333334,45.8,46.86666666666667,46.46666666666667,,45.6
2026-05-19 17:00:00,44.2,50.4,,59.0,46.06666666666667,48.666666666666664,42.2,47.0,,45.06666666666667
2026-05-19 17:15:00,61.46666666666667,46.46666666666667,,53.4,47.53333333333333,51.6,45.6,48.266666666666666,,44.46666666666667
2026-05-19 17:30:00,60.666666666666664,42.266666666666666,,49.666666666666664,45.333333333333336,54.2,41.06666666666667,47.333333333333336,,40.8
2026-05-19 17:45:00,70.6,36.733333333333334,,58.0,42.266666666666666,49.333333333333336,37.733333333333334,44.266666666666666,,40.4
2026-05-19 18:00:00,71.0,37.2,,49.93333333333333,43.93333333333333,52.666666666666664,37.4,46.53333333333333,,37.6
2026-05-19 18:15:00,59.6,76.93333333333334,,50.8,48.0,49.13333333333333,38.6,44.86666666666667,,36.53333333333333
2026-05-19 18:30:00,59.4,89.53333333333333,,45.733333333333334,44.733333333333334,46.8,40.06666666666667,48.13333333333333,,36.53333333333333
2026-05-19 18:45:00,58.86666666666667,51.13333333333333,,49.266666666666666,47.733333333333334,45.2,36.266666666666666,46.93333333333333,,38.06666666666667
2026-05-19 19:00:00,53.0,51.733333333333334,,46.46666666666667,47.0,40.93333333333333,41.53333333333333,46.46666666666667,,37.4
2026-05-19 19:15:00,72.73333333333333,51.86666666666667,,48.93333333333333,54.46666666666667,41.6,37.13333333333333,45.266666666666666,,36.93333333333333
2026-05-19 19:30:00,60.266666666666666,76.86666666666666,,50.733333333333334,50.93333333333333,45.8,36.46666666666667,39.53333333333333,,35.266666666666666
2026-05-19 19:45:00,61.333333333333336,278.53333333333336,,52.266666666666666,45.86666666666667,45.4,44.93333333333333,38.13333333333333,,36.93333333333333
2026-05-19 20:00:00,57.333333333333336,151.93333333333334,,53.6,52.266666666666666,43.86666666666667,47.666666666666664,40.13333333333333,,39.8
2026-05-19 20:15:00,55.06666666666667,79.4,,51.0,49.2,45.13333333333333,139.66666666666666,40.733333333333334,,42.266666666666666
2026-05-19 20:30:00,55.333333333333336,56.8,,56.733333333333334,45.733333333333334,46.733333333333334,47.46666666666667,40.6,,48.06666666666667
2026-05-19 20:45:00,64.06666666666666,67.66666666666667,,55.53333333333333,70.42857142857143,49.2,49.13333333333333,40.666666666666664,,45.333333333333336
2026-05-19 21:00:00,39.333333333333336,70.6,,53.6,49.06666666666667,48.6,38.86666666666667,41.46666666666667,,44.0
2026-05-19 21:15:00,37.8,76.26666666666667,,51.8,150.93333333333334,49.46666666666667,41.666666666666664,41.733333333333334,,44.733333333333334
2026-05-19 21:30:00,40.6,71.33333333333333,,53.0,109.0,51.13333333333333,44.6,42.6,,43.13333333333333
2026-05-19 21:45:00,36.6,68.8,,50.266666666666666,61.2,47.93333333333333,42.333333333333336,35.333333333333336,,53.86666666666667
2026-05-19 22:00:00,34.333333333333336,65.0,,42.4,52.2,39.8,47.13333333333333,36.4,,56.733333333333334
2026-05-19 22:15:00,32.86666666666667,67.53333333333333,,36.0,51.2,32.46666666666667,49.53333333333333,33.53333333333333,,55.86666666666667
2026-05-19 22:30:00,33.2,68.26666666666667,,34.86666666666667,51.53333333333333,28.866666666666667,52.2,32.93333333333333,,58.666666666666664
2026-05-19 22:45:00,29.266666666666666,69.06666666666666,,35.733333333333334,48.2,29.866666666666667,49.06666666666667,29.466666666666665,,56.266666666666666
2026-05-19 23:00:00,31.933333333333334,65.6,,36.46666666666667,53.86666666666667,31.4,49.06666666666667,32.93333333333333,,59.4
2026-05-19 23:15:00,31.666666666666668,69.73333333333333,,35.06666666666667,58.53333333333333,30.666666666666668,50.266666666666666,31.333333333333332,,60.93333333333333
2026-05-19 23:30:00,32.46666666666667,73.06666666666666,,35.2,59.86666666666667,33.53333333333333,49.666666666666664,31.933333333333334,,62.266666666666666
2026-05-19 23:45:00,37.6,70.33333333333333,,35.4,61.733333333333334,54.93333333333333,48.266666666666666,32.2,,60.6
2026-05-20 00:00:00,56.86666666666667,74.46666666666667,,53.0,60.86666666666667,53.666666666666664,45.93333333333333,41.2,,64.4
2026-05-20 00:15:00,48.333333333333336,68.66666666666667,,44.93333333333333,73.8,39.8,50.0,38.0,,55.733333333333334
2026-05-20 00:30:00,41.46666666666667,66.53333333333333,,50.666666666666664,58.93333333333333,33.4,43.6,37.4,,49.6
2026-05-20 00:45:00,34.53333333333333,62.93333333333333,,47.93333333333333,56.666666666666664,30.333333333333332,36.06666666666667,33.46666666666667,,42.6
2026-05-20 01:00:00,28.933333333333334,63.8,,44.6,61.333333333333336,29.066666666666666,32.733333333333334,29.6,,42.0
2026-05-20 01:15:00,27.333333333333332,61.93333333333333,,41.93333333333333,64.2,35.46666666666667,31.333333333333332,31.133333333333333,,37.86666666666667
2026-05-20 01:30:00,27.066666666666666,65.53333333333333,,41.8,67.33333333333333,36.86666666666667,31.533333333333335,31.533333333333335,,36.53333333333333
2026-05-20 01:45:00,29.733333333333334,64.53333333333333,,37.13333333333333,67.93333333333334,36.8,29.0,30.0,,35.333333333333336
2026-05-20 02:00:00,45.333333333333336,60.86666666666667,,38.4,67.8,39.8,28.933333333333334,29.333333333333332,,41.266666666666666
2026-05-20 02:15:00,50.266666666666666,57.86666666666667,,36.4,72.26666666666667,38.13333333333333,31.333333333333332,29.533333333333335,,40.06666666666667
2026-05-20 02:30:00,35.53333333333333,58.8,,39.06666666666667,75.46666666666667,38.666666666666664,31.933333333333334,26.133333333333333,,37.53333333333333
2026-05-20 02:45:00,36.2,53.8,,41.266666666666666,76.46666666666667,40.8,31.866666666666667,26.866666666666667,,38.8
2026-05-20 03:00:00,45.13333333333333,53.06666666666667,,39.06666666666667,78.66666666666667,40.666666666666664,32.06666666666667,27.266666666666666,,38.2
2026-05-20 03:15:00,52.53333333333333,50.13333333333333,,40.4,82.73333333333333,40.6,35.53333333333333,25.333333333333332,,39.4
2026-05-20 03:30:00,37.13333333333333,47.13333333333333,,42.8,92.13333333333334,41.333333333333336,33.93333333333333,26.533333333333335,,41.53333333333333
2026-05-20 03:45:00,35.6,47.2,,41.4,98.53333333333333,44.06666666666667,38.0,25.733333333333334,,38.93333333333333
2026-05-20 04:00:00,30.2,49.53333333333333,,41.0,108.0,44.4,,27.933333333333334,,39.333333333333336
2026-05-20 04:15:00,30.8,49.53333333333333,,40.46666666666667,108.06666666666666,43.333333333333336,,30.266666666666666,,38.13333333333333
2026-05-20 04:30:00,34.6,51.266666666666666,,40.8,110.4,40.666666666666664,,31.866666666666667,,41.0
2026-05-20 04:45:00,45.2,51.733333333333334,,40.733333333333334,102.46666666666667,40.666666666666664,,32.733333333333334,,42.13333333333333
2026-05-20 05:00:00,42.4,51.733333333333334,,39.266666666666666,109.53333333333333,41.93333333333333,,31.2,,43.2
2026-05-20 05:15:00,57.06666666666667,58.2,,37.93333333333333,113.4,48.53333333333333,,32.46666666666667,,43.4
2026-05-20 05:30:00,57.4,59.2,,38.6,118.6,54.266666666666666,,33.53333333333333,,42.666666666666664
2026-05-20 05:45:00,43.06666666666667,58.733333333333334,,37.733333333333334,129.86666666666667,44.666666666666664,,35.0,,57.53333333333333
2026-05-20 06:00:00,46.13333333333333,58.46666666666667,,38.2,126.0,46.46666666666667,40.5,32.0,,51.6
2026-05-20 06:15:00,40.6,51.733333333333334,,43.53333333333333,116.26666666666667,46.266666666666666,33.8,33.666666666666664,,46.13333333333333
2026-05-20 06:30:00,51.86666666666667,62.06666666666667,,51.4,121.4,48.2,37.6,31.8,,49.266666666666666
2026-05-20 06:45:00,77.2,77.06666666666666,,48.46666666666667,113.53333333333333,45.13333333333333,47.86666666666667,33.333333333333336,,43.13333333333333
2026-05-20 07:00:00,37.666666666666664,55.2,,56.333333333333336,123.86666666666666,45.8,45.8,35.06666666666667,,43.8
2026-05-20 07:15:00,76.6,54.2,,61.46666666666667,134.53333333333333,44.333333333333336,41.0,32.666666666666664,,48.2
2026-05-20 07:30:00,45.13333333333333,60.6,,57.4,187.33333333333334,42.13333333333333,40.266666666666666,33.2,,49.0
2026-05-20 07:45:00,60.06666666666667,40.8,,63.13333333333333,77.73333333333333,44.6,39.4,33.53333333333333,,44.93333333333333
2026-05-20 08:00:00,47.733333333333334,36.46666666666667,,71.0,56.86666666666667,41.13333333333333,38.86666666666667,35.13333333333333,,45.53333333333333
2026-05-20 08:15:00,54.8,35.93333333333333,,62.6,38.8,43.93333333333333,41.4,41.86666666666667,,45.13333333333333
2026-05-20 08:30:00,45.333333333333336,35.4,,118.46666666666667,34.2,42.266666666666666,39.666666666666664,53.733333333333334,,42.0
2026-05-20 08:45:00,49.733333333333334,34.06666666666667,,75.26666666666667,37.53333333333333,46.333333333333336,42.13333333333333,67.26666666666667,,38.13333333333333
2026-05-20 09:00:00,49.266666666666666,31.466666666666665,,61.333333333333336,37.2,41.2,42.4,72.26666666666667,,67.33333333333333
2026-05-20 09:15:00,49.4,32.6,,62.2,33.266666666666666,42.733333333333334,48.6,62.6,,64.8
2026-05-20 09:30:00,47.13333333333333,35.06666666666667,,60.06666666666667,29.933333333333334,42.333333333333336,39.266666666666666,48.666666666666664,,56.06666666666667
2026-05-20 09:45:00,37.0,32.46666666666667,,60.46666666666667,38.333333333333336,56.8,37.666666666666664,48.46666666666667,,49.4
2026-05-20 10:00:00,37.53333333333333,33.8,,63.13333333333333,50.733333333333334,47.333333333333336,38.4,48.6,,50.93333333333333
2026-05-20 10:15:00,41.733333333333334,35.4,,64.6,52.13333333333333,48.13333333333333,38.8,58.733333333333334,,56.733333333333334
2026-05-20 10:30:00,42.13333333333333,43.93333333333333,,65.26666666666667,53.53333333333333,56.733333333333334,42.93333333333333,65.06666666666666,,46.13333333333333
2026-05-20 10:45:00,47.46666666666667,45.46666666666667,,59.13333333333333,50.06666666666667,57.0,47.93333333333333,67.6,,47.733333333333334
2026-05-20 11:00:00,46.93333333333333,45.13333333333333,,55.2,38.666666666666664,63.2,40.833333333333336,62.53333333333333,,50.8
2026-05-20 11:15:00,43.733333333333334,42.53333333333333,,59.4,41.13333333333333,108.53333333333333,,66.4,,54.2
2026-05-20 11:30:00,80.53333333333333,37.733333333333334,,77.73333333333333,42.06666666666667,139.8,,104.8,,57.6
2026-05-20 11:45:00,144.73333333333332,36.6,,79.8,37.266666666666666,102.8,,92.33333333333333,,56.13333333333333
2026-05-20 12:00:00,84.46666666666667,33.2,,72.0,34.13333333333333,76.13333333333334,,72.26666666666667,,57.666666666666664
2026-05-20 12:15:00,77.4,27.2,,56.333333333333336,28.4,62.733333333333334,,57.2,,57.86666666666667
2026-05-20 12:30:00,44.06666666666667,28.066666666666666,,51.4,20.733333333333334,55.333333333333336,,57.733333333333334,,54.266666666666666
2026-05-20 12:45:00,35.666666666666664,28.0,,55.86666666666667,22.933333333333334,53.733333333333334,,54.333333333333336,,96.06666666666666
2026-05-20 13:00:00,64.8,32.06666666666667,,57.46666666666667,27.733333333333334,46.666666666666664,,43.0,,107.26666666666667
2026-05-20 13:15:00,39.266666666666666,34.53333333333333,,43.266666666666666,29.466666666666665,40.6,,39.0,,113.33333333333333
2026-05-20 13:30:00,35.06666666666667,38.06666666666667,,35.46666666666667,24.466666666666665,41.0,,66.93333333333334,,108.2
2026-05-20 13:45:00,43.4,43.53333333333333,,30.933333333333334,24.333333333333332,35.53333333333333,,78.4,,106.13333333333334
2026-05-20 14:00:00,50.46666666666667,50.333333333333336,,57.0,23.266666666666666,30.666666666666668,,48.86666666666667,,121.73333333333333
2026-05-20 14:15:00,40.93333333333333,51.86666666666667,,70.26666666666667,24.133333333333333,31.866666666666667,,46.13333333333333,,114.26666666666667
2026-05-20 14:30:00,35.8,47.93333333333333,,63.13333333333333,22.933333333333334,34.0,,33.266666666666666,,89.2
2026-05-20 14:45:00,36.2,73.6,,68.26666666666667,26.0,28.733333333333334,,30.8,,75.06666666666666
2026-05-20 15:00:00,34.2,84.53333333333333,,51.733333333333334,24.6,29.266666666666666,,30.866666666666667,,68.26666666666667
2026-05-20 15:15:00,30.933333333333334,103.06666666666666,,43.4,24.466666666666665,31.8,,30.733333333333334,,56.93333333333333
2026-05-20 15:30:00,32.93333333333333,91.6,,37.0,23.133333333333333,42.333333333333336,,28.533333333333335,,51.0
2026-05-20 15:45:00,32.8,80.2,,33.666666666666664,22.133333333333333,57.93333333333333,,27.4,,50.86666666666667
2026-05-20 16:00:00,46.2,70.06666666666666,,37.2,26.6,55.733333333333334,,29.4,,49.0
2026-05-20 16:15:00,43.8,71.33333333333333,,30.8,45.266666666666666,59.93333333333333,,33.13333333333333,,60.6
2026-05-20 16:30:00,48.06666666666667,64.46666666666667,,36.2,29.0,68.33333333333333,,39.13333333333333,,59.53333333333333
2026-05-20 16:45:00,56.0,58.6,,41.333333333333336,31.133333333333333,79.8,,45.666666666666664,,168.6
2026-05-20 17:00:00,54.733333333333334,67.46666666666667,,44.8,29.533333333333335,56.4,,49.666666666666664,,310.46666666666664
2026-05-20 17:15:00,51.4,79.26666666666667,,52.2,24.466666666666665,107.93333333333334,,51.666666666666664,,135.86666666666667
2026-05-20 17:30:00,56.6,67.0,,60.4,22.666666666666668,92.13333333333334,,49.0,,76.86666666666666
2026-05-20 17:45:00,44.266666666666666,59.266666666666666,,59.4,21.6,99.86666666666666,,47.46666666666667,,76.6
2026-05-20 18:00:00,42.266666666666666,43.8,,56.666666666666664,18.8,48.6,,42.86666666666667,,80.6
2026-05-20 18:15:00,44.93333333333333,38.86666666666667,,50.4,21.133333333333333,63.2,,38.333333333333336,,55.13333333333333
2026-05-20 18:30:00,45.93333333333333,34.06666666666667,,45.266666666666666,23.066666666666666,60.733333333333334,,38.46666666666667,,58.86666666666667
2026-05-20 18:45:00,44.0,36.2,,49.333333333333336,32.53333333333333,50.333333333333336,,38.6,,62.333333333333336
2026-05-20 19:00:00,45.0,49.93333333333333,,44.4,24.466666666666665,48.6,,36.733333333333334,,72.26666666666667
2026-05-20 19:15:00,46.06666666666667,48.4,,41.266666666666666,27.6,48.8,,38.86666666666667,,80.33333333333333
2026-05-20 19:30:00,43.0,61.666666666666664,,43.266666666666666,31.6,48.266666666666666,,41.86666666666667,,85.8
2026-05-20 19:45:00,42.2,42.13333333333333,,46.266666666666666,32.266666666666666,45.93333333333333,,43.53333333333333,,91.26666666666667
2026-05-20 20:00:00,40.93333333333333,36.8,,49.6,32.2,44.266666666666666,,42.86666666666667,,86.33333333333333
2026-05-20 20:15:00,42.266666666666666,36.266666666666666,,46.733333333333334,28.6,38.06666666666667,,43.266666666666666,,79.2
2026-05-20 20:30:00,41.733333333333334,36.733333333333334,,48.93333333333333,21.0,46.333333333333336,,39.13333333333333,,80.53333333333333
2026-05-20 20:45:00,37.0,37.53333333333333,,46.93333333333333,25.466666666666665,39.53333333333333,,32.6,,85.8
2026-05-20 21:00:00,31.266666666666666,36.46666666666667,,39.0,26.4,38.8,,33.86666666666667,,88.33333333333333
2026-05-20 21:15:00,35.46666666666667,35.13333333333333,,33.733333333333334,25.333333333333332,39.333333333333336,,37.333333333333336,,88.0
2026-05-20 21:30:00,36.0,52.266666666666666,,33.266666666666666,21.133333333333333,40.333333333333336,91.64285714285714,37.8,,89.2
2026-05-20 21:45:00,37.13333333333333,36.46666666666667,,39.8,23.333333333333332,35.13333333333333,63.6,33.13333333333333,,93.6
2026-05-20 22:00:00,42.0,37.8,,38.4,23.8,50.13333333333333,69.6,33.13333333333333,,89.26666666666667
2026-05-20 22:15:00,40.13333333333333,39.666666666666664,,36.8,23.533333333333335,44.8,84.93333333333334,30.066666666666666,,93.33333333333333
2026-05-20 22:30:00,42.266666666666666,44.06666666666667,,35.733333333333334,22.733333333333334,39.93333333333333,106.8,30.0,,87.0
2026-05-20 22:45:00,45.333333333333336,47.53333333333333,,34.333333333333336,20.933333333333334,38.8,64.66666666666667,28.6,,80.0
2026-05-20 23:00:00,48.46666666666667,46.333333333333336,,36.333333333333336,19.6,40.8,59.2,27.266666666666666,,75.8
2026-05-20 23:15:00,48.93333333333333,47.06666666666667,,29.933333333333334,22.066666666666666,39.666666666666664,54.333333333333336,27.8,,71.8
2026-05-20 23:30:00,50.666666666666664,50.53333333333333,,31.466666666666665,23.266666666666666,41.46666666666667,49.8,25.533333333333335,,71.0
2026-05-20 23:45:00,46.46666666666667,45.0,,35.06666666666667,34.4,44.8,52.13333333333333,27.933333333333334,,72.06666666666666
2026-05-21 00:00:00,44.13333333333333,46.266666666666666,,35.93333333333333,25.866666666666667,42.333333333333336,60.06666666666667,29.666666666666668,,79.13333333333334
2026-05-21 00:15:00,47.53333333333333,49.0,,35.8,24.666666666666668,41.4,57.86666666666667,30.733333333333334,,79.93333333333334
2026-05-21 00:30:00,46.06666666666667,48.53333333333333,,39.733333333333334,23.333333333333332,40.4,59.666666666666664,32.333333333333336,,82.86666666666666
2026-05-21 00:45:00,46.333333333333336,48.6,,38.06666666666667,21.2,41.333333333333336,60.8,34.666666666666664,,85.06666666666666
2026-05-21 01:00:00,46.266666666666666,47.06666666666667,,42.46666666666667,20.466666666666665,41.06666666666667,61.86666666666667,35.266666666666666,,82.4
2026-05-21 01:15:00,49.333333333333336,45.53333333333333,,39.93333333333333,20.933333333333334,39.8,66.46666666666667,35.333333333333336,,76.46666666666667
2026-05-21 01:30:00,47.266666666666666,48.13333333333333,,38.8,19.933333333333334,41.86666666666667,64.13333333333334,34.666666666666664,,69.46666666666667
2026-05-21 01:45:00,46.733333333333334,46.2,,40.2,20.266666666666666,44.4,53.86666666666667,33.8,,71.2
2026-05-21 02:00:00,44.86666666666667,44.733333333333334,,37.53333333333333,21.533333333333335,42.2,39.333333333333336,33.06666666666667,,66.0
2026-05-21 02:15:00,45.0,49.53333333333333,,37.266666666666666,19.6,44.8,34.666666666666664,34.53333333333333,,57.333333333333336
2026-05-21 02:30:00,42.46666666666667,46.2,,38.4,19.866666666666667,44.13333333333333,37.93333333333333,31.933333333333334,,66.86666666666666
2026-05-21 02:45:00,44.2,41.46666666666667,,38.4,20.666666666666668,43.93333333333333,39.86666666666667,33.0,,58.266666666666666
2026-05-21 03:00:00,48.6,40.53333333333333,,36.8,19.133333333333333,40.53333333333333,40.6,33.13333333333333,,59.53333333333333
2026-05-21 03:15:00,46.2,45.93333333333333,,35.4,18.533333333333335,42.4,40.86666666666667,32.8,,54.2
2026-05-21 03:30:00,45.333333333333336,43.2,,36.0,16.8,43.13333333333333,42.0,31.4,,56.93333333333333
2026-05-21 03:45:00,46.8,38.86666666666667,,34.666666666666664,17.133333333333333,44.266666666666666,38.86666666666667,32.53333333333333,,53.46666666666667
2026-05-21 04:00:00,48.06666666666667,35.266666666666666,,35.6,16.533333333333335,46.4,37.8,32.06666666666667,,46.733333333333334
2026-05-21 04:15:00,55.86666666666667,33.4,,36.53333333333333,16.666666666666668,51.86666666666667,38.93333333333333,32.46666666666667,,49.13333333333333
2026-05-21 04:30:00,57.666666666666664,42.0,,37.46666666666667,17.933333333333334,48.46666666666667,34.2,33.0,,52.333333333333336
2026-05-21 04:45:00,52.06666666666667,48.8,,39.0,15.466666666666667,55.4,35.6,37.733333333333334,,57.0
2026-05-21 05:00:00,58.93333333333333,46.0,,40.4,14.933333333333334,57.4,37.86666666666667,36.4,,56.46666666666667
2026-05-21 05:15:00,64.33333333333333,40.2,,39.666666666666664,15.266666666666667,48.93333333333333,42.266666666666666,35.266666666666666,,55.266666666666666
2026-05-21 05:30:00,68.4,34.4,,40.733333333333334,15.333333333333334,51.6,48.93333333333333,36.93333333333333,,55.733333333333334
2026-05-21 05:45:00,70.86666666666666,43.13333333333333,,40.733333333333334,16.133333333333333,56.53333333333333,49.666666666666664,35.86666666666667,,57.86666666666667
2026-05-21 06:00:00,62.666666666666664,51.733333333333334,,41.333333333333336,15.733333333333333,59.46666666666667,52.266666666666666,39.266666666666666,,55.733333333333334
2026-05-21 06:15:00,63.6,51.06666666666667,,42.06666666666667,19.266666666666666,54.666666666666664,56.0,37.6,,61.13333333333333
2026-05-21 06:30:00,64.66666666666667,46.6,,43.06666666666667,17.4,51.06666666666667,59.86666666666667,37.8,,56.46666666666667
2026-05-21 06:45:00,72.8,50.06666666666667,,43.4,16.466666666666665,48.46666666666667,71.33333333333333,39.8,,60.333333333333336
2026-05-21 07:00:00,72.46666666666667,56.86666666666667,,45.4,17.066666666666666,46.733333333333334,77.6,40.0,,55.46666666666667
2026-05-21 07:15:00,58.733333333333334,41.8,,44.2,16.266666666666666,55.53333333333333,89.0,41.06666666666667,,59.13333333333333
2026-05-21 07:30:00,57.53333333333333,39.733333333333334,,46.53333333333333,18.0,50.06666666666667,74.86666666666666,40.333333333333336,,56.86666666666667
2026-05-21 07:45:00,57.6,36.6,,46.0,16.2,47.266666666666666,76.73333333333333,42.2,,58.06666666666667
2026-05-21 08:00:00,55.93333333333333,46.53333333333333,,48.4,18.533333333333335,46.8,78.06666666666666,43.53333333333333,,62.6
2026-05-21 08:15:00,54.6,41.86666666666667,,47.8,23.0,44.266666666666666,79.2,40.8,,59.8
2026-05-21 08:30:00,52.6,38.06666666666667,,46.6,20.733333333333334,46.53333333333333,292.6666666666667,43.266666666666666,,65.33333333333333
2026-05-21 08:45:00,53.8,40.86666666666667,,47.666666666666664,18.133333333333333,44.8,78.73333333333333,43.53333333333333,,59.0
2026-05-21 09:00:00,50.2,42.4,,45.86666666666667,16.266666666666666,42.86666666666667,72.33333333333333,42.266666666666666,,56.8
2026-05-21 09:15:00,53.46666666666667,45.2,,45.93333333333333,15.866666666666667,46.53333333333333,65.06666666666666,38.733333333333334,,55.8
2026-05-21 09:30:00,49.6,42.93333333333333,,43.86666666666667,18.266666666666666,43.46666666666667,58.733333333333334,43.2,,56.0
2026-05-21 09:45:00,53.53333333333333,42.666666666666664,,42.4,19.866666666666667,41.266666666666666,116.66666666666667,43.86666666666667,,50.2
2026-05-21 10:00:00,47.733333333333334,55.333333333333336,,41.333333333333336,17.4,40.666666666666664,73.33333333333333,41.86666666666667,,47.2
2026-05-21 10:15:00,50.333333333333336,52.666666666666664,,41.4,18.533333333333335,41.8,49.2,40.333333333333336,,45.6
2026-05-21 10:30:00,49.333333333333336,49.53333333333333,,42.46666666666667,19.466666666666665,38.2,41.8,40.86666666666667,,42.333333333333336
2026-05-21 10:45:00,49.46666666666667,48.733333333333334,,42.13333333333333,15.533333333333333,39.06666666666667,50.46666666666667,41.2,,41.93333333333333
2026-05-21 11:00:00,44.4,45.46666666666667,,39.6,17.933333333333334,41.733333333333334,48.333333333333336,40.46666666666667,,40.93333333333333
2026-05-21 11:15:00,46.2,46.06666666666667,,40.733333333333334,15.133333333333333,40.8,41.86666666666667,37.13333333333333,,38.666666666666664
2026-05-21 11:30:00,42.86666666666667,49.86666666666667,,50.266666666666666,15.066666666666666,39.46666666666667,33.06666666666667,42.46666666666667,,41.733333333333334
2026-05-21 11:45:00,45.2,47.333333333333336,,47.86666666666667,17.266666666666666,39.333333333333336,29.8,41.46666666666667,,39.93333333333333
2026-05-21 12:00:00,57.333333333333336,45.333333333333336,,43.333333333333336,17.133333333333333,37.93333333333333,30.266666666666666,39.86666666666667,,40.666666666666664
2026-05-21 12:15:00,45.733333333333334,43.8,,47.333333333333336,16.333333333333332,38.13333333333333,30.4,40.733333333333334,,42.6
2026-05-21 12:30:00,42.733333333333334,45.06666666666667,,45.46666666666667,15.333333333333334,37.333333333333336,27.066666666666666,39.4,,44.8
2026-05-21 12:45:00,41.93333333333333,47.06666666666667,,40.4,14.666666666666666,38.4,29.2,38.4,,41.93333333333333
2026-05-21 13:00:00,41.53333333333333,53.53333333333333,,43.86666666666667,16.733333333333334,40.93333333333333,26.2,34.733333333333334,,42.333333333333336
2026-05-21 13:15:00,43.4,55.6,,46.0,19.8,36.53333333333333,36.53333333333333,33.666666666666664,,43.06666666666667
2026-05-21 13:30:00,40.8,47.86666666666667,,47.2,15.4,39.0,26.133333333333333,34.666666666666664,,41.8
2026-05-21 13:45:00,40.53333333333333,46.93333333333333,,56.666666666666664,17.4,40.266666666666666,29.133333333333333,33.53333333333333,,56.733333333333334
2026-05-21 14:00:00,39.0,49.6,,42.266666666666666,16.4,39.86666666666667,25.533333333333335,33.46666666666667,,41.666666666666664
2026-05-21 14:15:00,45.733333333333334,51.13333333333333,,40.6,19.333333333333332,37.6,23.733333333333334,37.46666666666667,,43.46666666666667
2026-05-21 14:30:00,39.2,49.13333333333333,,37.8,19.533333333333335,38.733333333333334,26.4,34.4,,38.93333333333333
2026-05-21 14:45:00,39.46666666666667,58.266666666666666,,43.8,19.466666666666665,37.53333333333333,30.4,36.06666666666667,,41.46666666666667
2026-05-21 15:00:00,33.8,50.266666666666666,,44.666666666666664,24.866666666666667,34.46666666666667,29.666666666666668,34.266666666666666,,43.53333333333333
2026-05-21 15:15:00,37.333333333333336,55.333333333333336,,35.6,20.666666666666668,35.06666666666667,28.066666666666666,33.6,,49.13333333333333
2026-05-21 15:30:00,35.86666666666667,51.733333333333334,,34.46666666666667,22.0,32.6,28.333333333333332,29.133333333333333,,42.06666666666667
2026-05-21 15:45:00,39.666666666666664,54.46666666666667,,38.93333333333333,21.933333333333334,31.2,25.066666666666666,29.533333333333335,,47.53333333333333
2026-05-21 16:00:00,54.2,57.333333333333336,,41.13333333333333,21.266666666666666,29.266666666666666,27.466666666666665,29.066666666666666,,44.2
2026-05-21 16:15:00,41.46666666666667,50.6,,44.2,21.333333333333332,30.6,27.6,29.8,,43.333333333333336
2026-05-21 16:30:00,120.06666666666666,51.0,,43.53333333333333,21.4,30.866666666666667,32.266666666666666,28.866666666666667,,50.93333333333333
2026-05-21 16:45:00,87.6,56.46666666666667,,43.666666666666664,23.533333333333335,33.333333333333336,55.6,29.133333333333333,,52.53333333333333
2026-05-21 17:00:00,37.333333333333336,49.733333333333334,,40.733333333333334,26.2,29.733333333333334,38.46666666666667,30.933333333333334,,46.46666666666667
2026-05-21 17:15:00,34.0,48.2,,36.266666666666666,25.866666666666667,29.133333333333333,32.666666666666664,29.266666666666666,,51.53333333333333
2026-05-21 17:30:00,40.93333333333333,51.2,,39.13333333333333,27.333333333333332,28.466666666666665,35.0,30.133333333333333,,55.666666666666664
2026-05-21 17:45:00,38.666666666666664,52.266666666666666,,35.666666666666664,26.333333333333332,27.4,41.666666666666664,30.133333333333333,,47.06666666666667
2026-05-21 18:00:00,35.13333333333333,49.8,,44.53333333333333,27.866666666666667,29.266666666666666,45.06666666666667,29.133333333333333,,44.6
2026-05-21 18:15:00,42.06666666666667,45.333333333333336,,56.46666666666667,26.2,29.866666666666667,54.93333333333333,30.733333333333334,,55.733333333333334
2026-05-21 18:30:00,43.06666666666667,57.4,,49.6,28.6,31.066666666666666,66.06666666666666,31.8,,52.86666666666667
2026-05-21 18:45:00,43.333333333333336,42.666666666666664,,45.93333333333333,27.4,32.0,46.13333333333333,31.866666666666667,,51.93333333333333
2026-05-21 19:00:00,55.666666666666664,45.2,,52.266666666666666,30.466666666666665,34.2,44.333333333333336,41.13333333333333,,58.333333333333336
2026-05-21 19:15:00,50.86666666666667,47.46666666666667,,45.6,27.2,33.4,39.6,41.333333333333336,,53.46666666666667
2026-05-21 19:30:00,63.06666666666667,47.06666666666667,,48.666666666666664,27.133333333333333,33.733333333333334,37.46666666666667,44.53333333333333,,69.46666666666667
2026-05-21 19:45:00,56.333333333333336,47.266666666666666,,36.666666666666664,26.266666666666666,33.2,38.06666666666667,46.6,,51.733333333333334
2026-05-21 20:00:00,55.93333333333333,50.93333333333333,,42.13333333333333,25.2,43.266666666666666,37.13333333333333,40.4,,47.53333333333333
2026-05-21 20:15:00,76.33333333333333,52.733333333333334,,47.30769230769231,27.2,37.266666666666666,40.0,38.4,,47.4
2026-05-21 20:30:00,67.53846153846153,57.13333333333333,,,25.133333333333333,45.53333333333333,39.86666666666667,37.13333333333333,,49.0
2026-05-21 20:45:00,18.333333333333332,57.13333333333333,,,32.4,46.46666666666667,42.46666666666667,32.46666666666667,,59.0
2026-05-21 21:00:00,14.333333333333334,49.333333333333336,,49.5,27.533333333333335,45.6,38.8,34.06666666666667,,51.8
2026-05-21 21:15:00,109.2,46.93333333333333,,43.8,26.933333333333334,45.86666666666667,42.4,34.6,,53.333333333333336
2026-05-21 21:30:00,37.266666666666666,52.06666666666667,,39.0,27.666666666666668,46.733333333333334,38.6,33.86666666666667,,53.0
2026-05-21 21:45:00,39.266666666666666,50.6,,41.0,33.86666666666667,48.6,42.4,35.4,,52.53333333333333
2026-05-21 22:00:00,38.86666666666667,50.06666666666667,,43.6,28.466666666666665,44.46666666666667,44.266666666666666,35.8,,51.6
2026-05-21 22:15:00,48.06666666666667,49.06666666666667,,43.0,32.8,46.6,43.266666666666666,32.86666666666667,,53.733333333333334
2026-05-21 22:30:00,39.0,47.266666666666666,,43.46666666666667,34.0,42.4,47.93333333333333,34.0,,54.46666666666667
2026-05-21 22:45:00,41.733333333333334,52.333333333333336,,45.46666666666667,32.2,42.46666666666667,41.8,33.733333333333334,,51.733333333333334
2026-05-21 23:00:00,43.53333333333333,50.4,,43.53333333333333,31.0,44.86666666666667,39.53333333333333,34.4,,52.266666666666666
2026-05-21 23:15:00,44.4,48.13333333333333,,44.86666666666667,29.666666666666668,49.86666666666667,51.4,35.6,,54.46666666666667
2026-05-21 23:30:00,47.06666666666667,47.266666666666666,,45.0,32.0,41.4,45.86666666666667,36.53333333333333,,57.46666666666667
2026-05-21 23:45:00,47.333333333333336,48.06666666666667,,42.93333333333333,32.86666666666667,43.93333333333333,47.266666666666666,37.2,,57.46666666666667
2026-05-22 00:00:00,49.666666666666664,47.0,,41.53333333333333,36.266666666666666,45.86666666666667,51.53333333333333,37.8,,57.2
2026-05-22 00:15:00,47.266666666666666,52.13333333333333,,43.333333333333336,32.86666666666667,45.733333333333334,45.333333333333336,36.266666666666666,,65.06666666666666
2026-05-22 00:30:00,48.13333333333333,51.733333333333334,,42.86666666666667,34.8,44.333333333333336,44.8,37.8,,60.06666666666667
2026-05-22 00:45:00,48.4,57.86666666666667,,44.86666666666667,33.86666666666667,45.6,43.333333333333336,38.4,,56.4
2026-05-22 01:00:00,49.13333333333333,53.13333333333333,,45.93333333333333,33.93333333333333,44.4,44.733333333333334,39.46666666666667,,53.8
2026-05-22 01:15:00,49.4,50.6,,49.53333333333333,36.4,44.666666666666664,45.4,38.93333333333333,,53.333333333333336
2026-05-22 01:30:00,51.06666666666667,51.06666666666667,,44.13333333333333,34.733333333333334,47.266666666666666,43.53333333333333,40.86666666666667,,52.8
2026-05-22 01:45:00,50.666666666666664,48.4,,45.266666666666666,32.2,47.333333333333336,43.2,40.6,,55.733333333333334
2026-05-22 02:00:00,49.8,46.86666666666667,,45.733333333333334,34.46666666666667,49.733333333333334,43.06666666666667,41.06666666666667,,51.13333333333333
2026-05-22 02:15:00,51.6,39.86666666666667,,43.46666666666667,39.666666666666664,50.2,42.666666666666664,41.266666666666666,,51.86666666666667
2026-05-22 02:30:00,51.86666666666667,40.46666666666667,,43.46666666666667,40.06666666666667,48.86666666666667,40.86666666666667,41.4,,51.333333333333336
2026-05-22 02:45:00,51.86666666666667,37.733333333333334,,45.0,40.46666666666667,49.266666666666666,41.733333333333334,41.93333333333333,,53.86666666666667
2026-05-22 03:00:00,53.733333333333334,39.4,,47.733333333333334,38.46666666666667,47.93333333333333,41.4,41.6,,53.86666666666667
2026-05-22 03:15:00,51.333333333333336,38.86666666666667,,57.6,37.333333333333336,51.8,43.0,45.0,,54.8
2026-05-22 03:30:00,51.8,41.4,,65.93333333333334,36.93333333333333,50.93333333333333,49.06666666666667,43.6,,60.13333333333333
2026-05-22 03:45:00,51.53333333333333,37.2,,69.73333333333333,37.4,50.86666666666667,49.733333333333334,45.8,,72.66666666666667
2026-05-22 04:00:00,51.666666666666664,37.93333333333333,,81.6,36.8,49.46666666666667,51.06666666666667,43.6,,88.13333333333334
2026-05-22 04:15:00,52.733333333333334,40.2,,68.86666666666666,40.4,44.8,55.53333333333333,43.53333333333333,,84.26666666666667
2026-05-22 04:30:00,51.53333333333333,36.733333333333334,,53.733333333333334,40.0,46.666666666666664,63.13333333333333,44.2,,87.66666666666667
2026-05-22 04:45:00,50.53333333333333,38.86666666666667,,54.06666666666667,40.06666666666667,44.266666666666666,68.26666666666667,45.2,,91.13333333333334
2026-05-22 05:00:00,50.666666666666664,42.266666666666666,,51.13333333333333,40.333333333333336,43.333333333333336,74.73333333333333,43.266666666666666,,92.13333333333334
2026-05-22 05:15:00,52.733333333333334,43.333333333333336,,55.266666666666666,39.6,40.8,86.53333333333333,42.8,,92.53333333333333
2026-05-22 05:30:00,57.266666666666666,41.333333333333336,,77.4,41.13333333333333,43.8,94.46666666666667,43.333333333333336,,87.8
2026-05-22 05:45:00,54.333333333333336,40.2,,84.0,42.13333333333333,42.93333333333333,86.8,42.2,,88.0
2026-05-22 06:00:00,52.46666666666667,41.666666666666664,,81.46666666666667,47.2,43.8,85.0,42.333333333333336,,89.53333333333333
2026-05-22 06:15:00,55.93333333333333,36.266666666666666,,60.266666666666666,46.13333333333333,45.4,89.8,42.733333333333334,,87.66666666666667
2026-05-22 06:30:00,56.333333333333336,35.13333333333333,,51.2,44.13333333333333,41.8,73.2,41.2,,78.33333333333333
2026-05-22 06:45:00,52.93333333333333,33.733333333333334,,46.8,47.53333333333333,43.8,62.06666666666667,45.8,,75.4
2026-05-22 07:00:00,52.6,38.2,,48.666666666666664,54.06666666666667,45.266666666666666,70.66666666666667,47.266666666666666,,64.6
2026-05-22 07:15:00,52.8,40.06666666666667,,49.0,54.93333333333333,43.666666666666664,61.93333333333333,45.86666666666667,,50.4
2026-05-22 07:30:00,54.53333333333333,40.666666666666664,,47.86666666666667,56.0,45.4,55.06666666666667,44.06666666666667,,50.333333333333336
2026-05-22 07:45:00,55.266666666666666,38.666666666666664,,52.4,59.46666666666667,46.46666666666667,44.666666666666664,45.0,,46.53333333333333
2026-05-22 08:00:00,55.6,43.53333333333333,,56.733333333333334,63.8,50.0,42.333333333333336,43.8,,48.86666666666667
2026-05-22 08:15:00,58.733333333333334,45.666666666666664,,53.8,59.0,47.733333333333334,40.733333333333334,50.333333333333336,,39.8
2026-05-22 08:30:00,53.06666666666667,46.2,,52.266666666666666,55.333333333333336,46.53333333333333,31.533333333333335,48.733333333333334,,35.333333333333336
2026-05-22 08:45:00,53.93333333333333,51.46666666666667,,50.53333333333333,51.666666666666664,45.4,29.933333333333334,41.53333333333333,,47.6
2026-05-22 09:00:00,54.0,49.86666666666667,,47.93333333333333,100.4,49.333333333333336,22.0,39.46666666666667,,35.93333333333333
2026-05-22 09:15:00,51.13333333333333,51.86666666666667,,43.0,3864.4666666666667,49.93333333333333,14.533333333333333,40.53333333333333,,32.6
2026-05-22 09:30:00,50.13333333333333,52.333333333333336,,38.2,2289.733333333333,48.666666666666664,15.4,40.2,,36.06666666666667
2026-05-22 09:45:00,55.733333333333334,53.2,,34.666666666666664,369.8,46.93333333333333,12.6,40.53333333333333,,31.2
2026-05-22 10:00:00,50.06666666666667,51.2,,32.53333333333333,87.66666666666667,48.0,13.733333333333333,38.13333333333333,,37.0
2026-05-22 10:15:00,45.266666666666666,50.2,,34.46666666666667,58.8,50.13333333333333,12.066666666666666,34.53333333333333,,39.0
2026-05-22 10:30:00,49.06666666666667,40.666666666666664,,31.533333333333335,52.4,49.666666666666664,12.866666666666667,33.46666666666667,,30.533333333333335
2026-05-22 10:45:00,53.266666666666666,42.333333333333336,,33.53333333333333,53.6,46.333333333333336,15.666666666666666,30.733333333333334,,26.466666666666665
2026-05-22 11:00:00,38.666666666666664,52.333333333333336,,31.866666666666667,10139.666666666666,44.86666666666667,13.8,31.8,,20.133333333333333
2026-05-22 11:15:00,35.86666666666667,43.6,,31.133333333333333,10086.6,41.6,26.6,31.133333333333333,,24.266666666666666
2026-05-22 11:30:00,36.13333333333333,47.733333333333334,,37.4,7084.666666666667,40.6,18.733333333333334,32.6,,26.866666666666667
2026-05-22 11:45:00,38.93333333333333,43.4,,45.666666666666664,5561.333333333333,41.666666666666664,27.533333333333335,32.666666666666664,,31.133333333333333
2026-05-22 12:00:00,41.8,40.86666666666667,,33.333333333333336,5137.533333333334,39.46666666666667,12.866666666666667,32.13333333333333,,27.466666666666665
2026-05-22 12:15:00,181.13333333333333,44.266666666666666,,38.86666666666667,3851.5333333333333,36.86666666666667,29.466666666666665,30.733333333333334,,29.4
2026-05-22 12:30:00,151.13333333333333,48.266666666666666,,42.266666666666666,3742.6666666666665,34.53333333333333,14.0,30.733333333333334,,31.133333333333333
2026-05-22 12:45:00,291.93333333333334,45.8,,43.53333333333333,2576.5333333333333,36.06666666666667,46.4,31.8,,26.533333333333335
2026-05-22 13:00:00,613.6,47.86666666666667,,31.133333333333333,1675.3333333333333,35.2,100.46666666666667,33.733333333333334,,18.666666666666668
2026-05-22 13:15:00,1517.8666666666666,51.4,,31.2,1400.2,32.13333333333333,19.466666666666665,31.533333333333335,,17.133333333333333
2026-05-22 13:30:00,1453.2,49.733333333333334,,30.333333333333332,1355.8666666666666,32.93333333333333,22.6,27.933333333333334,,23.266666666666666
2026-05-22 13:45:00,1920.0,48.46666666666667,,27.2,1853.4,31.066666666666666,20.666666666666668,27.733333333333334,,19.133333333333333
2026-05-22 14:00:00,30.133333333333333,49.333333333333336,,29.333333333333332,1693.1333333333334,32.2,15.533333333333333,24.733333333333334,,17.6
2026-05-22 14:15:00,29.533333333333335,52.733333333333334,,26.533333333333335,2478.4,32.266666666666666,38.86666666666667,25.933333333333334,,19.333333333333332
2026-05-22 14:30:00,30.6,51.0,,21.4,1943.3333333333333,30.0,16.733333333333334,24.4,,19.4
2026-05-22 14:45:00,43.666666666666664,49.266666666666666,,18.6,1390.0,31.2,22.466666666666665,23.666666666666668,,44.8
2026-05-22 15:00:00,27.266666666666666,46.53333333333333,,16.533333333333335,1701.5333333333333,30.733333333333334,21.133333333333333,19.066666666666666,,47.6
2026-05-22 15:15:00,22.0,50.666666666666664,,14.866666666666667,1227.6666666666667,30.266666666666666,66.33333333333333,18.333333333333332,,49.8
2026-05-22 15:30:00,22.266666666666666,53.8,,12.533333333333333,1189.3333333333333,27.2,245.8,12.2,,59.266666666666666
2026-05-22 15:45:00,18.333333333333332,56.733333333333334,,11.066666666666666,1984.6666666666667,26.533333333333335,67.93333333333334,12.266666666666667,,28.733333333333334
2026-05-22 16:00:00,20.066666666666666,58.93333333333333,,10.666666666666666,1951.6,19.533333333333335,27.266666666666666,11.466666666666667,,26.066666666666666
2026-05-22 16:15:00,17.066666666666666,61.333333333333336,,13.333333333333334,2017.0666666666666,15.0,25.6,10.8,,22.266666666666666
2026-05-22 16:30:00,28.6,62.46666666666667,,14.6,2371.0,12.933333333333334,41.6,10.933333333333334,,23.4
2026-05-22 16:45:00,17.466666666666665,57.2,,18.333333333333332,1726.9333333333334,12.6,27.0,12.666666666666666,,20.266666666666666
2026-05-22 17:00:00,25.333333333333332,51.333333333333336,,20.6,1590.6,12.666666666666666,36.2,14.066666666666666,,21.4
2026-05-22 17:15:00,33.2,47.4,,23.533333333333335,1658.4,13.6,31.733333333333334,14.8,,26.4
2026-05-22 17:30:00,26.066666666666666,44.2,,22.6,1025.6,16.333333333333332,24.8,16.8,,23.933333333333334
2026-05-22 17:45:00,36.6,32.4,,22.866666666666667,851.7333333333333,16.266666666666666,19.266666666666666,16.666666666666668,,21.466666666666665
2026-05-22 18:00:00,25.4,32.93333333333333,,23.0,773.5333333333333,17.2,19.4,16.6,,20.333333333333332
2026-05-22 18:15:00,38.86666666666667,32.266666666666666,,23.466666666666665,771.2666666666667,18.933333333333334,22.733333333333334,17.933333333333334,,21.133333333333333
2026-05-22 18:30:00,36.8,33.2,,22.0,510.2,20.533333333333335,18.8,18.733333333333334,,23.133333333333333
2026-05-22 18:45:00,22.4,34.266666666666666,,20.2,579.4,20.866666666666667,20.066666666666666,19.0,,21.333333333333332
2026-05-22 19:00:00,28.133333333333333,35.93333333333333,,18.0,789.4,20.333333333333332,27.066666666666666,18.133333333333333,,24.066666666666666
2026-05-22 19:15:00,38.6,33.46666666666667,,21.466666666666665,411.3333333333333,21.866666666666667,86.66666666666667,18.333333333333332,,23.466666666666665
2026-05-22 19:30:00,29.266666666666666,32.0,,18.866666666666667,707.3333333333334,20.666666666666668,27.733333333333334,17.733333333333334,,24.2
2026-05-22 19:45:00,23.4,34.06666666666667,,19.933333333333334,457.8666666666667,22.333333333333332,24.066666666666666,18.2,,22.666666666666668
2026-05-22 20:00:00,22.866666666666667,32.333333333333336,,19.0,557.6666666666666,23.4,23.133333333333333,18.533333333333335,,23.8
2026-05-22 20:15:00,31.866666666666667,30.066666666666666,,23.066666666666666,333.46666666666664,19.533333333333335,36.2,18.8,,25.0
2026-05-22 20:30:00,42.93333333333333,28.533333333333335,,20.466666666666665,517.0,21.133333333333333,47.6,162.73333333333332,,30.6
2026-05-22 20:45:00,19.666666666666668,31.466666666666665,,22.466666666666665,226.66666666666666,20.666666666666668,25.333333333333332,21.266666666666666,,30.066666666666666
2026-05-22 21:00:00,32.733333333333334,35.0,,21.733333333333334,233.13333333333333,18.733333333333334,37.733333333333334,20.933333333333334,,30.133333333333333
2026-05-22 21:15:00,25.533333333333335,38.4,,19.733333333333334,410.8666666666667,19.8,29.466666666666665,21.8,,31.466666666666665
2026-05-22 21:30:00,29.866666666666667,29.466666666666665,,20.533333333333335,299.8666666666667,20.4,31.8,20.2,,29.0
2026-05-22 21:45:00,30.066666666666666,30.266666666666666,,23.333333333333332,456.2,24.333333333333332,22.333333333333332,22.2,,28.133333333333333
2026-05-22 22:00:00,28.0,26.8,,25.0,358.4,32.46666666666667,23.6,22.8,,26.4
2026-05-22 22:15:00,33.8,23.466666666666665,,25.4,436.4,36.8,26.733333333333334,21.466666666666665,,23.733333333333334
2026-05-22 22:30:00,34.2,18.466666666666665,,24.866666666666667,229.06666666666666,33.13333333333333,52.0,22.466666666666665,,22.2
2026-05-22 22:45:00,31.266666666666666,20.333333333333332,,24.133333333333333,336.4,32.8,22.6,19.866666666666667,,23.0
2026-05-22 23:00:00,29.0,21.2,,23.533333333333335,230.46666666666667,29.533333333333335,19.466666666666665,22.0,,22.266666666666666
2026-05-22 23:15:00,36.2,21.8,,23.333333333333332,258.4,25.266666666666666,22.533333333333335,21.133333333333333,,21.266666666666666
2026-05-22 23:30:00,39.333333333333336,19.933333333333334,,23.066666666666666,149.73333333333332,27.333333333333332,28.0,20.2,,21.933333333333334
2026-05-22 23:45:00,29.6,19.466666666666665,,23.533333333333335,196.93333333333334,28.133333333333333,37.4,20.333333333333332,,23.866666666666667
2026-05-23 00:00:00,31.333333333333332,17.133333333333333,,21.133333333333333,133.86666666666667,29.666666666666668,23.8,20.6,,20.533333333333335
2026-05-23 00:15:00,32.53333333333333,16.8,,21.733333333333334,218.0,30.466666666666665,29.066666666666666,24.733333333333334,,23.133333333333333
2026-05-23 00:30:00,31.466666666666665,14.4,,23.533333333333335,118.8,30.533333333333335,28.8,28.866666666666667,,25.933333333333334
2026-05-23 00:45:00,43.93333333333333,14.666666666666666,,22.6,101.46666666666667,30.733333333333334,28.2,22.466666666666665,,28.133333333333333
2026-05-23 01:00:00,44.8,15.533333333333333,,20.066666666666666,99.0,32.13333333333333,29.733333333333334,22.2,,25.6
2026-05-23 01:15:00,45.266666666666666,16.6,,20.0,111.46666666666667,45.733333333333334,28.533333333333335,21.2,,26.133333333333333
2026-05-23 01:30:00,34.6,17.8,,21.133333333333333,57.53333333333333,43.6,21.066666666666666,26.0,,24.733333333333334
2026-05-23 01:45:00,47.46666666666667,16.933333333333334,,21.066666666666666,56.266666666666666,44.733333333333334,25.666666666666668,23.733333333333334,,25.4
2026-05-23 02:00:00,33.0,14.4,,22.0,69.0,41.8,28.2,22.4,,23.533333333333335
2026-05-23 02:15:00,34.2,15.666666666666666,,19.0,74.6,31.866666666666667,32.0,23.066666666666666,,26.866666666666667
2026-05-23 02:30:00,29.6,16.466666666666665,,19.666666666666668,91.93333333333334,30.8,25.733333333333334,21.666666666666668,,24.6
2026-05-23 02:45:00,32.733333333333334,15.666666666666666,,20.666666666666668,65.13333333333334,28.4,26.4,28.333333333333332,,28.466666666666665
2026-05-23 03:00:00,48.46666666666667,18.266666666666666,,19.733333333333334,60.6,30.0,22.933333333333334,34.333333333333336,,27.533333333333335
2026-05-23 03:15:00,53.86666666666667,21.933333333333334,,20.8,107.86666666666666,31.066666666666666,26.266666666666666,23.2,,23.866666666666667
2026-05-23 03:30:00,35.333333333333336,19.4,,21.333333333333332,80.73333333333333,28.0,23.4,26.133333333333333,,22.8
2026-05-23 03:45:00,41.333333333333336,20.133333333333333,,25.066666666666666,102.73333333333333,32.666666666666664,23.266666666666666,28.266666666666666,,24.466666666666665
2026-05-23 04:00:00,41.13333333333333,18.866666666666667,,19.4,126.86666666666666,37.666666666666664,24.6,22.133333333333333,,22.2
2026-05-23 04:15:00,29.066666666666666,17.4,,17.866666666666667,71.73333333333333,27.933333333333334,25.6,19.866666666666667,,22.466666666666665
2026-05-23 04:30:00,25.066666666666666,15.6,,16.733333333333334,86.93333333333334,27.733333333333334,21.533333333333335,20.133333333333333,,22.866666666666667
2026-05-23 04:45:00,26.666666666666668,16.333333333333332,,17.2,81.73333333333333,27.466666666666665,22.4,19.066666666666666,,22.333333333333332
2026-05-23 05:00:00,43.266666666666666,15.2,,16.933333333333334,133.4,23.0,24.333333333333332,16.4,,19.4
2026-05-23 05:15:00,33.4,16.866666666666667,,15.933333333333334,271.93333333333334,21.866666666666667,22.2,15.666666666666666,,22.6
2026-05-23 05:30:00,41.0,25.0,,16.933333333333334,276.93333333333334,21.2,25.133333333333333,15.333333333333334,,22.733333333333334
2026-05-23 05:45:00,41.2,24.533333333333335,,15.933333333333334,259.8666666666667,20.866666666666667,20.8,16.266666666666666,,23.8
2026-05-23 06:00:00,39.0,22.466666666666665,,15.733333333333333,244.66666666666666,21.266666666666666,19.466666666666665,17.466666666666665,,23.2
2026-05-23 06:15:00,28.0,19.2,,18.8,134.06666666666666,20.6,24.466666666666665,17.933333333333334,,24.466666666666665
2026-05-23 06:30:00,55.86666666666667,23.4,,16.266666666666666,204.26666666666668,19.2,22.8,15.8,,26.133333333333333
2026-05-23 06:45:00,34.733333333333334,19.266666666666666,,15.866666666666667,280.0,19.933333333333334,27.666666666666668,16.2,,25.0
2026-05-23 07:00:00,37.333333333333336,18.666666666666668,,15.466666666666667,329.93333333333334,20.466666666666665,24.133333333333333,15.8,,25.4
2026-05-23 07:15:00,33.8,14.066666666666666,,15.333333333333334,506.8666666666667,20.666666666666668,25.066666666666666,15.866666666666667,,29.6
2026-05-23 07:30:00,41.8,13.466666666666667,,14.666666666666666,791.9333333333333,19.466666666666665,22.8,14.866666666666667,,35.2
2026-05-23 07:45:00,43.46666666666667,12.733333333333333,,14.8,1192.7333333333333,18.6,23.466666666666665,14.2,,29.933333333333334
2026-05-23 08:00:00,27.0,12.333333333333334,,13.2,2957.9333333333334,20.2,21.666666666666668,15.0,,29.466666666666665
2026-05-23 08:15:00,22.266666666666666,11.666666666666666,,13.4,2812.0,18.666666666666668,19.266666666666666,12.533333333333333,,26.8
2026-05-23 08:30:00,25.733333333333334,11.266666666666667,,14.733333333333333,3925.3333333333335,19.266666666666666,18.666666666666668,13.866666666666667,,27.333333333333332
2026-05-23 08:45:00,23.866666666666667,11.333333333333334,,13.8,5568.4,20.266666666666666,21.5,12.666666666666666,,30.733333333333334
2026-05-23 09:00:00,41.53333333333333,12.133333333333333,,19.333333333333332,6626.133333333333,18.4,,13.636363636363637,,29.066666666666666
2026-05-23 09:15:00,41.06666666666667,12.466666666666667,,19.333333333333332,8370.266666666666,19.2,,,,24.466666666666665
2026-05-23 09:30:00,33.0,11.733333333333333,,17.466666666666665,9042.533333333333,18.533333333333335,,,,20.666666666666668
2026-05-23 09:45:00,39.8,10.8,,17.333333333333332,7646.933333333333,19.933333333333334,,,,25.666666666666668
2026-05-23 10:00:00,26.0,10.333333333333334,,16.933333333333334,8727.266666666666,18.933333333333334,,,,18.2
2026-05-23 10:15:00,26.266666666666666,12.666666666666666,,16.733333333333334,9291.933333333332,18.133333333333333,,138.0,,17.866666666666667
2026-05-23 10:30:00,24.133333333333333,13.666666666666666,,14.666666666666666,9539.733333333334,20.4,13.5,31.533333333333335,,17.733333333333334
2026-05-23 10:45:00,25.066666666666666,13.666666666666666,,14.6,9163.733333333334,17.4,,12.666666666666666,,15.933333333333334
2026-05-23 11:00:00,23.733333333333334,13.133333333333333,,14.4,8566.866666666667,17.4,,13.133333333333333,,478.06666666666666
2026-05-23 11:15:00,20.133333333333333,12.0,,11.6,8131.2,15.4,,13.266666666666667,,142.66666666666666
2026-05-23 11:30:00,22.466666666666665,12.733333333333333,,11.266666666666667,7741.133333333333,15.933333333333334,,11.666666666666666,,
2026-05-23 11:45:00,16.533333333333335,12.0,,11.066666666666666,8538.733333333334,14.733333333333333,,10.8,,
2026-05-23 12:00:00,24.466666666666665,10.866666666666667,,9.933333333333334,8302.666666666666,15.133333333333333,,10.933333333333334,,
2026-05-23 12:15:00,19.133333333333333,29.0,,11.4,5979.533333333334,14.4,,11.133333333333333,,
2026-05-23 12:30:00,23.533333333333335,,,9.666666666666666,6945.533333333334,12.333333333333334,,10.133333333333333,,
2026-05-23 12:45:00,21.866666666666667,,,10.933333333333334,8477.133333333333,12.933333333333334,,11.133333333333333,,
2026-05-23 13:00:00,19.133333333333333,,,11.066666666666666,8073.066666666667,12.533333333333333,,11.4,,
2026-05-23 13:15:00,16.733333333333334,,,11.8,8691.733333333334,14.466666666666667,,13.2,,
2026-05-23 13:30:00,15.266666666666667,,,13.733333333333333,8759.466666666667,13.666666666666666,,14.466666666666667,,
2026-05-23 13:45:00,15.733333333333333,,,13.133333333333333,5812.533333333334,13.466666666666667,,13.333333333333334,,
2026-05-23 14:00:00,19.866666666666667,,,14.133333333333333,230.26666666666668,13.8,,13.4,,
2026-05-23 14:15:00,19.133333333333333,,,13.6,13.466666666666667,13.6,,15.066666666666666,,
2026-05-23 14:30:00,25.2,,,12.066666666666666,11.733333333333333,15.733333333333333,,15.8,,
2026-05-23 14:45:00,16.2,,,13.466666666666667,11.533333333333333,14.866666666666667,,17.066666666666666,,
2026-05-23 15:00:00,16.733333333333334,,,12.0,10.4,14.866666666666667,,17.333333333333332,,
2026-05-23 15:15:00,20.2,,,13.466666666666667,10.266666666666667,14.133333333333333,,12.666666666666666,,
2026-05-23 15:30:00,24.066666666666666,,,14.0,10.066666666666666,14.733333333333333,,15.2,,
2026-05-23 15:45:00,23.333333333333332,,,14.6,10.066666666666666,15.133333333333333,,14.6,,
2026-05-23 16:00:00,19.4,,,13.666666666666666,9.8,16.333333333333332,,14.866666666666667,,
2026-05-23 16:15:00,19.6,,,16.266666666666666,9.533333333333333,260.93333333333334,,15.666666666666666,,
2026-05-23 16:30:00,20.6,,,15.2,9.6,74.93333333333334,,16.466666666666665,,
2026-05-23 16:45:00,21.866666666666667,,,16.0,11.0,76.33333333333333,,14.466666666666667,,
2026-05-23 17:00:00,28.266666666666666,,,16.4,11.266666666666667,63.0,,14.933333333333334,,
2026-05-23 17:15:00,40.53333333333333,,,14.866666666666667,12.533333333333333,64.93333333333334,,14.8,,
2026-05-23 17:30:00,1056.6666666666667,,,16.666666666666668,13.133333333333333,123.2,,15.133333333333333,,
2026-05-23 17:45:00,1294.6666666666667,,,16.933333333333334,13.6,95.0,,14.866666666666667,,
2026-05-23 18:00:00,400.0,,,15.2,12.4,44.93333333333333,,15.066666666666666,,
2026-05-23 18:15:00,25.2,,,14.733333333333333,12.4,45.266666666666666,,15.4,,
2026-05-23 18:30:00,23.4,,,14.6,12.066666666666666,42.0,,15.733333333333333,,
2026-05-23 18:45:00,19.266666666666666,,,17.333333333333332,13.066666666666666,36.13333333333333,,15.466666666666667,,
2026-05-23 19:00:00,23.933333333333334,,,16.333333333333332,12.266666666666667,30.733333333333334,,16.2,,
2026-05-23 19:15:00,24.4,,,15.533333333333333,13.2,31.0,,15.266666666666667,,
2026-05-23 19:30:00,23.866666666666667,,,14.533333333333333,12.8,31.866666666666667,,14.866666666666667,,
2026-05-23 19:45:00,35.46666666666667,,,14.066666666666666,12.4,28.6,,15.266666666666667,,
2026-05-23 20:00:00,33.0,,,21.266666666666666,13.2,29.933333333333334,,14.866666666666667,,
2026-05-23 20:15:00,45.13333333333333,,,12.8,12.2,32.266666666666666,,13.666666666666666,,
2026-05-23 20:30:00,24.2,,,14.133333333333333,16.666666666666668,29.266666666666666,,13.133333333333333,,
2026-05-23 20:45:00,24.333333333333332,,,15.133333333333333,14.2,30.266666666666666,,13.066666666666666,,
2026-05-23 21:00:00,21.533333333333335,,,14.2,16.6,31.133333333333333,,12.266666666666667,,
2026-05-23 21:15:00,21.2,,,12.666666666666666,16.533333333333335,32.46666666666667,19.2,11.2,,
2026-05-23 21:30:00,72.33333333333333,,,12.466666666666667,17.133333333333333,30.6,16.466666666666665,10.866666666666667,,
2026-05-23 21:45:00,69.13333333333334,,,10.8,13.933333333333334,28.2,22.866666666666667,11.066666666666666,,
2026-05-23 22:00:00,21.4,,,11.066666666666666,15.266666666666667,23.666666666666668,15.933333333333334,12.266666666666667,,
2026-05-23 22:15:00,15.933333333333334,,,10.666666666666666,15.066666666666666,23.4,25.666666666666668,10.333333333333334,,
2026-05-23 22:30:00,12.933333333333334,,,11.133333333333333,14.733333333333333,21.666666666666668,28.133333333333333,10.866666666666667,,
2026-05-23 22:45:00,13.2,,,12.266666666666667,13.8,22.4,20.133333333333333,13.933333333333334,,
2026-05-23 23:00:00,13.466666666666667,,,10.733333333333333,13.666666666666666,18.933333333333334,20.733333333333334,16.066666666666666,,
2026-05-23 23:15:00,16.666666666666668,,,14.466666666666667,17.6,18.133333333333333,19.8,13.866666666666667,,
2026-05-23 23:30:00,22.066666666666666,,,12.533333333333333,16.866666666666667,14.733333333333333,22.333333333333332,11.533333333333333,,
2026-05-23 23:45:00,17.466666666666665,,,12.4,24.4,14.866666666666667,22.6,11.8,,
2026-05-24 00:00:00,19.066666666666666,,,11.133333333333333,23.8,13.733333333333333,21.6,11.133333333333333,,
2026-05-24 00:15:00,17.066666666666666,,,12.0,24.133333333333333,14.133333333333333,39.6,11.333333333333334,,
2026-05-24 00:30:00,26.333333333333332,,,11.666666666666666,25.866666666666667,14.6,23.733333333333334,12.733333333333333,,
2026-05-24 00:45:00,21.8,,,15.866666666666667,37.53333333333333,15.933333333333334,28.8,11.533333333333333,,
2026-05-24 01:00:00,24.2,,,20.866666666666667,21.933333333333334,14.666666666666666,26.333333333333332,17.933333333333334,,
2026-05-24 01:15:00,38.8,,,22.333333333333332,21.4,17.866666666666667,25.0,31.4,,
2026-05-24 01:30:00,40.266666666666666,,,18.8,20.733333333333334,15.2,25.733333333333334,21.533333333333335,,
2026-05-24 01:45:00,19.066666666666666,,,19.133333333333333,19.733333333333334,15.4,24.6,17.866666666666667,,
2026-05-24 02:00:00,18.6,,,20.266666666666666,19.0,15.4,31.266666666666666,21.466666666666665,,
2026-05-24 02:15:00,25.2,,,18.666666666666668,22.2,15.933333333333334,30.8,22.4,,
2026-05-24 02:30:00,24.6,,,17.8,23.8,15.933333333333334,27.333333333333332,15.733333333333333,,
2026-05-24 02:45:00,27.866666666666667,,,17.533333333333335,26.066666666666666,15.0,28.0,15.133333333333333,,
2026-05-24 03:00:00,30.933333333333334,,,18.2,31.533333333333335,15.4,26.933333333333334,18.2,,
2026-05-24 03:15:00,34.666666666666664,,,19.0,30.333333333333332,17.333333333333332,32.266666666666666,30.266666666666666,,
2026-05-24 03:30:00,29.933333333333334,,,19.066666666666666,33.733333333333334,18.933333333333334,30.533333333333335,19.133333333333333,,
2026-05-24 03:45:00,38.266666666666666,,,17.933333333333334,28.733333333333334,19.533333333333335,32.93333333333333,17.066666666666666,,
2026-05-24 04:00:00,33.86666666666667,,,17.466666666666665,29.866666666666667,23.466666666666665,34.46666666666667,15.933333333333334,,
2026-05-24 04:15:00,28.6,,,18.066666666666666,28.533333333333335,21.8,30.466666666666665,15.866666666666667,,
2026-05-24 04:30:00,34.53333333333333,,,17.8,27.466666666666665,24.266666666666666,30.466666666666665,14.666666666666666,,
2026-05-24 04:45:00,37.333333333333336,,,17.4,31.4,23.6,29.4,16.533333333333335,,
2026-05-24 05:00:00,39.46666666666667,,,16.666666666666668,30.933333333333334,23.733333333333334,29.466666666666665,17.066666666666666,,
2026-05-24 05:15:00,38.2,,,19.666666666666668,33.0,26.533333333333335,37.8,16.466666666666665,,
2026-05-24 05:30:00,39.6,,,19.333333333333332,36.666666666666664,27.733333333333334,34.86666666666667,17.666666666666668,,
2026-05-24 05:45:00,38.2,,,19.4,37.266666666666666,28.6,34.0,16.733333333333334,,
2026-05-24 06:00:00,56.46666666666667,,,22.533333333333335,40.333333333333336,32.2,36.733333333333334,21.133333333333333,,
2026-05-24 06:15:00,38.266666666666666,,,22.4,39.6,27.666666666666668,55.13333333333333,21.4,,
2026-05-24 06:30:00,37.666666666666664,,,23.133333333333333,36.53333333333333,34.266666666666666,45.0,22.933333333333334,,
2026-05-24 06:45:00,35.333333333333336,,,21.866666666666667,37.6,30.133333333333333,43.6,22.0,,
2026-05-24 07:00:00,56.0,,,21.666666666666668,32.6,30.6,42.8,24.666666666666668,,
2026-05-24 07:15:00,37.733333333333334,,,21.4,38.06666666666667,29.866666666666667,38.266666666666666,24.0,,
2026-05-24 07:30:00,36.333333333333336,,,23.133333333333333,35.0,32.0,32.06666666666667,24.6,,
2026-05-24 07:45:00,40.06666666666667,,,25.8,38.53333333333333,28.733333333333334,28.933333333333334,23.8,,
2026-05-24 08:00:00,50.53333333333333,,,24.4,41.266666666666666,31.266666666666666,26.0,23.333333333333332,,
2026-05-24 08:15:00,50.733333333333334,,,25.533333333333335,33.666666666666664,27.066666666666666,22.466666666666665,27.333333333333332,,
2026-05-24 08:30:00,71.4,,,25.8,28.933333333333334,27.6,34.46666666666667,28.866666666666667,,
2026-05-24 08:45:00,46.266666666666666,,,27.066666666666666,31.8,28.6,30.6,28.066666666666666,,
2026-05-24 09:00:00,54.2,,,24.666666666666668,36.93333333333333,28.933333333333334,21.533333333333335,31.6,,
2026-05-24 09:15:00,49.93333333333333,,,23.066666666666666,32.733333333333334,29.133333333333333,24.066666666666666,30.0,,
2026-05-24 09:30:00,45.4,,,22.6,29.333333333333332,29.066666666666666,25.533333333333335,30.466666666666665,,
2026-05-24 09:45:00,42.733333333333334,,,21.266666666666666,27.866666666666667,30.066666666666666,47.46666666666667,28.866666666666667,,
2026-05-24 10:00:00,43.666666666666664,,,20.466666666666665,21.533333333333335,31.77777777777778,19.133333333333333,29.066666666666666,,
2026-05-24 10:15:00,39.86666666666667,,,20.933333333333334,24.466666666666665,28.5,70.33333333333333,29.2,,
2026-05-24 10:30:00,39.46666666666667,,,20.133333333333333,25.2,,24.933333333333334,26.4,,
2026-05-24 10:45:00,29.933333333333334,,,24.066666666666666,22.466666666666665,,21.133333333333333,32.666666666666664,,
2026-05-24 11:00:00,56.666666666666664,,,22.133333333333333,23.8,,34.13333333333333,30.8,,
2026-05-24 11:15:00,40.13333333333333,,,20.533333333333335,19.0,,19.466666666666665,26.133333333333333,,
2026-05-24 11:30:00,30.533333333333335,,,20.666666666666668,21.866666666666667,,23.733333333333334,27.466666666666665,,
2026-05-24 11:45:00,29.533333333333335,,,22.4,23.066666666666666,,23.6,27.066666666666666,,
2026-05-24 12:00:00,30.4,,,21.933333333333334,17.8,,30.2,25.333333333333332,,
2026-05-24 12:15:00,28.2,,,24.933333333333334,19.066666666666666,,32.0,26.333333333333332,,
2026-05-24 12:30:00,42.46666666666667,,,27.6,19.666666666666668,,28.133333333333333,26.466666666666665,,
2026-05-24 12:45:00,37.53333333333333,,,29.4,21.266666666666666,,35.8,27.733333333333334,,
2026-05-24 13:00:00,27.466666666666665,,,27.866666666666667,24.733333333333334,,33.6,22.933333333333334,,
2026-05-24 13:15:00,30.8,,,26.466666666666665,28.266666666666666,,31.266666666666666,22.2,,
2026-05-24 13:30:00,30.066666666666666,,,29.733333333333334,29.133333333333333,,38.53333333333333,21.066666666666666,,
2026-05-24 13:45:00,31.066666666666666,,,26.066666666666666,44.4,,37.06666666666667,22.533333333333335,,
2026-05-24 14:00:00,30.533333333333335,,,27.0,38.86666666666667,,63.6,24.8,,
2026-05-24 14:15:00,30.866666666666667,,,31.333333333333332,30.533333333333335,,67.06666666666666,23.4,,
2026-05-24 14:30:00,26.866666666666667,,,27.733333333333334,34.86666666666667,,48.333333333333336,22.8,,
2026-05-24 14:45:00,27.866666666666667,,,28.4,36.86666666666667,,62.666666666666664,22.8,,
2026-05-24 15:00:00,89.4,,,27.266666666666666,37.13333333333333,,57.86666666666667,22.866666666666667,,
2026-05-24 15:15:00,35.8,,,27.2,39.4,40.666666666666664,72.53333333333333,24.2,,
2026-05-24 15:30:00,42.13333333333333,25.833333333333332,,27.0,36.86666666666667,38.86666666666667,59.0,24.8,,
2026-05-24 15:45:00,30.866666666666667,24.0,,26.733333333333334,34.2,29.4,61.666666666666664,26.4,,
2026-05-24 16:00:00,152.06666666666666,39.666666666666664,,28.066666666666666,32.266666666666666,27.4,55.733333333333334,26.0,,
2026-05-24 16:15:00,233.73333333333332,21.2,,27.2,33.333333333333336,29.933333333333334,48.93333333333333,27.066666666666666,,
2026-05-24 16:30:00,29.466666666666665,23.266666666666666,,30.666666666666668,35.0,29.4,39.46666666666667,27.8,,
2026-05-24 16:45:00,32.266666666666666,24.066666666666666,,31.8,31.6,36.13333333333333,39.4,28.266666666666666,,
2026-05-24 17:00:00,32.733333333333334,23.4,,32.6,42.2,40.333333333333336,70.33333333333333,30.2,,
2026-05-24 17:15:00,46.46666666666667,29.933333333333334,,32.333333333333336,34.6,44.733333333333334,62.333333333333336,35.0,,
2026-05-24 17:30:00,46.53333333333333,31.466666666666665,,38.6,51.8,48.733333333333334,63.333333333333336,35.333333333333336,,
2026-05-24 17:45:00,41.0,32.93333333333333,,97.33333333333333,46.666666666666664,48.86666666666667,44.4,34.666666666666664,,
2026-05-24 18:00:00,36.333333333333336,32.8,,99.06666666666666,35.4,56.53333333333333,33.333333333333336,36.46666666666667,,
2026-05-24 18:15:00,41.06666666666667,33.06666666666667,,46.666666666666664,31.2,58.8,34.733333333333334,36.93333333333333,,
2026-05-24 18:30:00,51.06666666666667,33.666666666666664,,48.8,34.93333333333333,57.46666666666667,56.2,41.53333333333333,,
2026-05-24 18:45:00,50.333333333333336,36.0,,51.266666666666666,29.333333333333332,58.4,48.53333333333333,45.666666666666664,,
2026-05-24 19:00:00,57.6,39.4,,47.0,30.6,62.06666666666667,44.53333333333333,48.333333333333336,,
2026-05-24 19:15:00,51.06666666666667,41.46666666666667,,51.13333333333333,31.333333333333332,67.0,38.2,49.46666666666667,,
2026-05-24 19:30:00,52.6,46.53333333333333,,57.8,43.13333333333333,60.733333333333334,35.266666666666666,48.2,,
2026-05-24 19:45:00,46.53333333333333,49.266666666666666,,59.2,51.666666666666664,70.8,59.0,52.46666666666667,,
2026-05-24 20:00:00,63.4,50.86666666666667,,58.4,47.46666666666667,118.4,53.46666666666667,47.2,,
2026-05-24 20:15:00,71.4,55.06666666666667,,46.733333333333334,44.266666666666666,112.93333333333334,59.13333333333333,56.2,,
2026-05-24 20:30:00,68.2,70.46666666666667,,40.6,46.4,82.13333333333334,55.666666666666664,42.86666666666667,,
2026-05-24 20:45:00,86.2,62.13333333333333,,35.06666666666667,52.86666666666667,105.86666666666666,64.93333333333334,41.06666666666667,,
2026-05-24 21:00:00,92.33333333333333,54.666666666666664,,32.06666666666667,65.66666666666667,161.13333333333333,117.86666666666666,39.2,,
2026-05-24 21:15:00,290.93333333333334,42.53333333333333,,37.46666666666667,89.13333333333334,69.06666666666666,97.46666666666667,40.53333333333333,,
2026-05-24 21:30:00,60.13333333333333,46.733333333333334,,43.6,88.86666666666666,52.8,58.666666666666664,37.46666666666667,,
2026-05-24 21:45:00,53.86666666666667,34.666666666666664,,43.93333333333333,90.73333333333333,66.86666666666666,65.73333333333333,42.0,,
2026-05-24 22:00:00,51.06666666666667,26.933333333333334,,54.2,97.66666666666667,444.4,99.73333333333333,42.4,,
2026-05-24 22:15:00,48.6,26.533333333333335,,69.86666666666666,103.4,48.4,103.93333333333334,45.2,,
2026-05-24 22:30:00,35.666666666666664,27.866666666666667,,65.93333333333334,102.8,78.2,124.13333333333334,43.13333333333333,,
2026-05-24 22:45:00,50.666666666666664,24.066666666666666,,82.86666666666666,85.66666666666667,79.6,90.66666666666667,37.86666666666667,,
2026-05-24 23:00:00,57.333333333333336,25.066666666666666,,84.06666666666666,85.93333333333334,48.2,89.4,37.266666666666666,,
2026-05-24 23:15:00,68.33333333333333,26.466666666666665,,77.46666666666667,78.0,54.93333333333333,89.66666666666667,34.333333333333336,,
2026-05-24 23:30:00,49.8,26.066666666666666,,67.33333333333333,81.53333333333333,39.8,89.6,40.93333333333333,,
2026-05-24 23:45:00,60.6,24.0,,67.33333333333333,87.93333333333334,42.86666666666667,86.66666666666667,48.4,,
2026-05-25 00:00:00,55.733333333333334,37.93333333333333,,77.2,79.13333333333334,51.2,75.86666666666666,39.2,,
2026-05-25 00:15:00,53.8,27.8,,64.8,82.33333333333333,38.4,110.06666666666666,45.4,,
2026-05-25 00:30:00,52.6,25.866666666666667,,57.2,93.0,30.533333333333335,122.13333333333334,43.4,,
2026-05-25 00:45:00,54.13333333333333,27.266666666666666,,70.4,144.73333333333332,32.86666666666667,74.66666666666667,49.266666666666666,,
2026-05-25 01:00:00,51.13333333333333,27.266666666666666,,70.06666666666666,706.2666666666667,43.4,85.46666666666667,56.2,,
2026-05-25 01:15:00,58.4,93.26666666666667,,72.2,68.8,38.8,109.93333333333334,57.2,,
2026-05-25 01:30:00,485.06666666666666,516.6,,78.33333333333333,50.2,42.13333333333333,122.06666666666666,66.2,,
2026-05-25 01:45:00,37.266666666666666,27.066666666666666,,78.53333333333333,41.06666666666667,49.333333333333336,69.73333333333333,62.93333333333333,,
2026-05-25 02:00:00,44.733333333333334,26.8,,68.73333333333333,28.4,48.6,75.66666666666667,67.66666666666667,,
2026-05-25 02:15:00,344.93333333333334,30.466666666666665,,66.4,40.333333333333336,51.0,108.4,74.13333333333334,,
2026-05-25 02:30:00,86.0,27.666666666666668,,75.66666666666667,71.53333333333333,66.2,82.46666666666667,87.13333333333334,,
2026-05-25 02:45:00,77.13333333333334,26.733333333333334,,66.86666666666666,130.86666666666667,57.266666666666666,66.06666666666666,76.2,,
2026-05-25 03:00:00,78.46666666666667,26.866666666666667,,66.13333333333334,66.6,61.4,81.73333333333333,69.86666666666666,,
2026-05-25 03:15:00,2184.4666666666667,31.666666666666668,,74.26666666666667,167.86666666666667,66.6,99.8,66.0,,
2026-05-25 03:30:00,84.6,36.13333333333333,,62.53333333333333,85.73333333333333,71.26666666666667,100.26666666666667,60.93333333333333,,
2026-05-25 03:45:00,73.0,29.733333333333334,,62.2,36.0,84.93333333333334,80.2,54.733333333333334,,
2026-05-25 04:00:00,78.73333333333333,38.13333333333333,,66.93333333333334,26.133333333333333,78.86666666666666,85.4,58.46666666666667,,
2026-05-25 04:15:00,70.0,32.93333333333333,,69.8,33.06666666666667,79.93333333333334,92.6,59.8,,
2026-05-25 04:30:00,78.86666666666666,31.466666666666665,,59.4,36.86666666666667,85.53333333333333,116.06666666666666,54.0,,
2026-05-25 04:45:00,66.4,32.0,,52.4,41.8,167.53333333333333,102.53333333333333,51.06666666666667,,
2026-05-25 05:00:00,79.46666666666667,30.933333333333334,,54.266666666666666,39.86666666666667,67.2,93.86666666666666,53.666666666666664,,
2026-05-25 05:15:00,71.46666666666667,47.46666666666667,,53.6,38.2,79.8,80.6,50.4,,
2026-05-25 05:30:00,72.93333333333334,40.86666666666667,,55.8,39.4,71.73333333333333,105.8,59.13333333333333,,
2026-05-25 05:45:00,93.26666666666667,45.0,,53.4,44.13333333333333,79.73333333333333,111.33333333333333,61.2,,
2026-05-25 06:00:00,87.13333333333334,51.53333333333333,,57.06666666666667,48.266666666666666,76.53333333333333,130.8,59.53333333333333,,
2026-05-25 06:15:00,250.93333333333334,44.733333333333334,,58.13333333333333,54.06666666666667,80.6,82.2,61.93333333333333,,
2026-05-25 06:30:00,115.0,36.13333333333333,,56.4,56.733333333333334,85.2,92.93333333333334,60.266666666666666,,
2026-05-25 06:45:00,106.0,30.0,,61.666666666666664,47.46666666666667,99.2,97.8,62.733333333333334,,
2026-05-25 07:00:00,95.66666666666667,27.533333333333335,,63.4,55.53333333333333,88.73333333333333,109.73333333333333,72.6,,
2026-05-25 07:15:00,77.2,26.266666666666666,,64.46666666666667,56.266666666666666,139.2,131.93333333333334,65.93333333333334,,
2026-05-25 07:30:00,83.6,18.066666666666666,,60.266666666666666,65.86666666666666,274.73333333333335,58.93333333333333,62.733333333333334,,
2026-05-25 07:45:00,94.0,15.733333333333333,,55.666666666666664,62.6,202.06666666666666,48.266666666666666,65.46666666666667,,
2026-05-25 08:00:00,88.26666666666667,14.666666666666666,,56.86666666666667,52.8,116.66666666666667,56.6,66.33333333333333,,
2026-05-25 08:15:00,82.66666666666667,11.6,,59.86666666666667,78.73333333333333,151.6,43.06666666666667,74.8,,
2026-05-25 08:30:00,79.4,13.0,,60.93333333333333,77.86666666666666,119.6,36.13333333333333,70.4,,
2026-05-25 08:45:00,67.53333333333333,15.933333333333334,,62.2,66.73333333333333,69.26666666666667,32.86666666666667,63.666666666666664,,
2026-05-25 09:00:00,71.33333333333333,23.6,,52.666666666666664,48.333333333333336,53.666666666666664,30.2,61.333333333333336,,
2026-05-25 09:15:00,65.33333333333333,25.933333333333334,,46.4,41.0,56.266666666666666,25.666666666666668,51.13333333333333,,
2026-05-25 09:30:00,58.8,23.133333333333333,,45.333333333333336,40.86666666666667,55.2,39.8,62.266666666666666,,
2026-05-25 09:45:00,50.46666666666667,20.8,,42.13333333333333,44.13333333333333,45.86666666666667,411.73333333333335,57.0,,
2026-05-25 10:00:00,43.86666666666667,23.933333333333334,,30.933333333333334,41.13333333333333,38.6,35.0,48.266666666666666,,
2026-05-25 10:15:00,37.06666666666667,25.266666666666666,,33.13333333333333,40.06666666666667,39.666666666666664,30.866666666666667,35.53333333333333,,
2026-05-25 10:30:00,33.6,22.6,,48.06666666666667,39.666666666666664,38.93333333333333,32.6,39.2,,
2026-05-25 10:45:00,29.133333333333333,20.666666666666668,,46.8,36.333333333333336,38.06666666666667,33.86666666666667,41.8,,
2026-05-25 11:00:00,29.866666666666667,20.866666666666667,,83.53333333333333,35.8,38.8,26.4,39.2,,
2026-05-25 11:15:00,27.666666666666668,17.8,,48.86666666666667,32.8,39.6,23.066666666666666,28.133333333333333,,
2026-05-25 11:30:00,31.266666666666666,18.733333333333334,,45.2,31.4,43.333333333333336,23.733333333333334,20.533333333333335,,
2026-05-25 11:45:00,38.0,18.733333333333334,,56.53333333333333,29.533333333333335,35.06666666666667,23.2,19.733333333333334,,
2026-05-25 12:00:00,28.2,17.8,,58.266666666666666,24.733333333333334,31.266666666666666,24.333333333333332,24.8,,
2026-05-25 12:15:00,34.86666666666667,19.8,50.111111111111114,47.53333333333333,21.666666666666668,31.733333333333334,31.0,24.466666666666665,,
2026-05-25 12:30:00,32.6,18.333333333333332,27.133333333333333,24.0,20.466666666666665,28.066666666666666,28.866666666666667,23.866666666666667,,
2026-05-25 12:45:00,27.266666666666666,19.266666666666666,25.333333333333332,37.0,18.6,26.733333333333334,65.6,26.133333333333333,,
2026-05-25 13:00:00,27.133333333333333,18.133333333333333,24.533333333333335,28.266666666666666,15.4,24.2,28.6,24.333333333333332,,
2026-05-25 13:15:00,31.8,19.733333333333334,26.866666666666667,63.733333333333334,16.6,21.733333333333334,25.6,28.533333333333335,,
2026-05-25 13:30:00,28.333333333333332,17.8,27.933333333333334,42.666666666666664,14.333333333333334,19.533333333333335,90.26666666666667,31.2,,
2026-05-25 13:45:00,29.8,17.933333333333334,27.266666666666666,35.46666666666667,14.466666666666667,18.4,20.2,24.733333333333334,,
2026-05-25 14:00:00,26.466666666666665,18.733333333333334,28.733333333333334,30.266666666666666,13.6,19.066666666666666,21.866666666666667,20.933333333333334,,
2026-05-25 14:15:00,23.333333333333332,21.133333333333333,25.866666666666667,30.4,12.533333333333333,17.466666666666665,24.666666666666668,20.0,,
2026-05-25 14:30:00,23.066666666666666,19.066666666666666,28.4,28.733333333333334,13.8,16.466666666666665,21.466666666666665,19.466666666666665,,
2026-05-25 14:45:00,23.8,19.6,21.333333333333332,25.466666666666665,12.133333333333333,16.466666666666665,26.666666666666668,19.8,,
2026-05-25 15:00:00,30.333333333333332,20.333333333333332,22.8,27.066666666666666,13.2,15.666666666666666,30.6,18.733333333333334,,
2026-05-25 15:15:00,25.066666666666666,21.6,20.066666666666666,45.266666666666666,13.933333333333334,17.466666666666665,83.8,23.6,,
2026-05-25 15:30:00,20.2,19.666666666666668,19.266666666666666,34.8,16.4,28.4,63.53333333333333,19.4,,
2026-05-25 15:45:00,24.8,17.266666666666666,15.933333333333334,22.8,13.933333333333334,15.066666666666666,28.266666666666666,19.133333333333333,,
2026-05-25 16:00:00,22.466666666666665,16.733333333333334,15.0,18.6,13.866666666666667,16.266666666666666,18.266666666666666,15.4,,28.75
2026-05-25 16:15:00,22.4,18.133333333333333,50.53333333333333,20.2,19.733333333333334,23.133333333333333,17.333333333333332,17.666666666666668,,27.466666666666665
2026-05-25 16:30:00,29.333333333333332,20.533333333333335,98.53333333333333,18.133333333333333,55.733333333333334,21.2,19.866666666666667,16.933333333333334,,29.2
2026-05-25 16:45:00,38.6,19.866666666666667,28.133333333333333,18.666666666666668,159.86666666666667,18.866666666666667,17.733333333333334,16.6,,26.533333333333335
2026-05-25 17:00:00,29.8,18.066666666666666,32.8,56.86666666666667,21.2,19.133333333333333,16.866666666666667,16.2,,27.266666666666666
2026-05-25 17:15:00,23.666666666666668,18.6,21.066666666666666,149.8,18.4,16.733333333333334,25.466666666666665,14.933333333333334,,24.2
2026-05-25 17:30:00,25.466666666666665,19.6,21.533333333333335,52.93333333333333,16.866666666666667,18.8,20.466666666666665,16.066666666666666,,26.266666666666666
2026-05-25 17:45:00,34.0,19.866666666666667,18.0,45.13333333333333,16.666666666666668,16.533333333333335,21.266666666666666,14.533333333333333,,26.266666666666666
2026-05-25 18:00:00,35.6,21.6,23.866666666666667,26.2,14.533333333333333,19.4,32.6,15.266666666666667,,28.6
2026-05-25 18:15:00,32.46666666666667,20.8,21.133333333333333,47.733333333333334,16.266666666666666,22.133333333333333,22.133333333333333,15.4,,24.666666666666668
2026-05-25 18:30:00,31.0,19.6,20.466666666666665,30.2,16.533333333333335,26.2,21.8,20.133333333333333,,26.8
2026-05-25 18:45:00,35.8,22.2,20.266666666666666,17.666666666666668,16.8,19.8,21.533333333333335,17.533333333333335,,33.4
2026-05-25 19:00:00,29.533333333333335,24.6,18.333333333333332,16.733333333333334,18.666666666666668,18.933333333333334,19.466666666666665,15.8,,32.06666666666667
2026-05-25 19:15:00,28.333333333333332,27.2,19.533333333333335,19.533333333333335,16.933333333333334,23.066666666666666,21.333333333333332,16.733333333333334,,30.2
2026-05-25 19:30:00,36.93333333333333,31.466666666666665,19.0,18.333333333333332,18.933333333333334,21.866666666666667,24.666666666666668,15.466666666666667,,37.0
2026-05-25 19:45:00,48.2,36.06666666666667,18.866666666666667,20.066666666666666,18.933333333333334,20.8,26.933333333333334,16.533333333333335,,40.13333333333333
2026-05-25 20:00:00,30.066666666666666,47.8,21.0,20.4,20.8,25.066666666666666,29.4,17.0,,36.53333333333333
2026-05-25 20:15:00,26.933333333333334,50.86666666666667,21.333333333333332,22.866666666666667,18.0,24.333333333333332,36.2,17.2,,51.13333333333333
2026-05-25 20:30:00,37.0,59.6,21.333333333333332,26.333333333333332,,26.266666666666666,97.8,17.8,,72.46666666666667
2026-05-25 20:45:00,47.53333333333333,68.06666666666666,21.933333333333334,28.8,35.5,25.133333333333333,82.46666666666667,18.066666666666666,,81.13333333333334
2026-05-25 21:00:00,51.8,73.86666666666666,24.466666666666665,31.866666666666667,35.13333333333333,27.266666666666666,102.2,21.4,,110.0
2026-05-25 21:15:00,48.4,68.66666666666667,23.333333333333332,28.133333333333333,34.266666666666666,56.46666666666667,108.73333333333333,26.066666666666666,,110.2
2026-05-25 21:30:00,55.2,70.93333333333334,20.8,30.0,36.666666666666664,31.6,62.4,25.266666666666666,,121.33333333333333
2026-05-25 21:45:00,63.86666666666667,70.46666666666667,23.066666666666666,32.4,40.8,32.266666666666666,74.73333333333333,28.266666666666666,,115.26666666666667
2026-05-25 22:00:00,76.8,68.73333333333333,28.666666666666668,33.733333333333334,39.86666666666667,34.13333333333333,98.8,30.266666666666666,,107.46666666666667
2026-05-25 22:15:00,100.0,72.0,28.6,36.333333333333336,39.266666666666666,39.06666666666667,81.93333333333334,28.666666666666668,,115.26666666666667
2026-05-25 22:30:00,104.06666666666666,83.46666666666667,32.4,46.06666666666667,42.06666666666667,51.13333333333333,101.06666666666666,36.06666666666667,,148.13333333333333
2026-05-25 22:45:00,124.06666666666666,81.4,30.2,42.6,42.53333333333333,43.4,96.46666666666667,32.333333333333336,,131.26666666666668
2026-05-25 23:00:00,124.86666666666666,77.73333333333333,31.733333333333334,63.8,46.733333333333334,42.666666666666664,125.26666666666667,39.13333333333333,,135.46666666666667
2026-05-25 23:15:00,123.2,78.06666666666666,30.666666666666668,63.06666666666667,43.266666666666666,43.2,99.53333333333333,45.333333333333336,,145.53333333333333
2026-05-25 23:30:00,97.33333333333333,73.53333333333333,33.666666666666664,52.8,40.666666666666664,48.46666666666667,123.66666666666667,50.46666666666667,,149.13333333333333
2026-05-25 23:45:00,98.26666666666667,83.4,29.466666666666665,94.46666666666667,43.0,54.06666666666667,100.13333333333334,51.666666666666664,,139.73333333333332
2026-05-26 00:00:00,132.46666666666667,84.53333333333333,26.733333333333334,80.53333333333333,44.733333333333334,45.53333333333333,93.4,54.0,,166.53333333333333
2026-05-26 00:15:00,129.33333333333334,79.53333333333333,26.8,62.266666666666666,44.8,70.53333333333333,101.4,55.333333333333336,,142.13333333333333
2026-05-26 00:30:00,130.06666666666666,75.0,32.06666666666667,70.26666666666667,47.0,67.73333333333333,124.66666666666667,51.666666666666664,,145.06666666666666
2026-05-26 00:45:00,118.53333333333333,74.13333333333334,31.466666666666665,74.46666666666667,50.06666666666667,65.4,110.33333333333333,58.53333333333333,,152.73333333333332
2026-05-26 01:00:00,138.4,69.0,35.2,74.93333333333334,53.53333333333333,57.13333333333333,107.46666666666667,58.733333333333334,,140.33333333333334
2026-05-26 01:15:00,120.73333333333333,74.8,33.4,77.66666666666667,51.8,65.26666666666667,95.0,60.0,,133.66666666666666
2026-05-26 01:30:00,117.4,79.0,39.06666666666667,79.86666666666666,52.0,53.733333333333334,110.93333333333334,57.46666666666667,,146.0
2026-05-26 01:45:00,135.06666666666666,78.8,50.8,83.0,57.6,53.8,107.53333333333333,62.53333333333333,,141.46666666666667
2026-05-26 02:00:00,124.46666666666667,75.8,50.06666666666667,78.53333333333333,54.93333333333333,73.73333333333333,155.73333333333332,61.86666666666667,,154.13333333333333
2026-05-26 02:15:00,128.53333333333333,74.13333333333334,46.666666666666664,80.8,53.93333333333333,82.6,107.2,63.4,,159.93333333333334
2026-05-26 02:30:00,124.2,70.06666666666666,52.266666666666666,69.4,53.13333333333333,83.46666666666667,105.06666666666666,64.2,,156.86666666666667
2026-05-26 02:45:00,119.8,70.06666666666666,60.0,68.13333333333334,53.86666666666667,74.86666666666666,161.13333333333333,70.2,,149.33333333333334
2026-05-26 03:00:00,136.0,69.66666666666667,57.46666666666667,80.33333333333333,54.4,60.8,113.8,74.13333333333334,,150.73333333333332
2026-05-26 03:15:00,128.53333333333333,65.73333333333333,53.6,93.53333333333333,55.86666666666667,114.86666666666666,113.0,74.66666666666667,,158.46666666666667
2026-05-26 03:30:00,163.86666666666667,63.733333333333334,69.0,94.93333333333334,60.666666666666664,141.6,104.73333333333333,79.73333333333333,,153.53333333333333
2026-05-26 03:45:00,124.6,64.66666666666667,54.266666666666666,92.66666666666667,61.8,116.73333333333333,125.53333333333333,78.73333333333333,,149.2
2026-05-26 04:00:00,130.93333333333334,65.86666666666666,51.13333333333333,98.66666666666667,62.2,83.4,104.13333333333334,84.26666666666667,,154.4
2026-05-26 04:15:00,122.26666666666667,67.66666666666667,55.53333333333333,112.86666666666666,60.13333333333333,76.0,109.33333333333333,80.26666666666667,,148.93333333333334
2026-05-26 04:30:00,130.46666666666667,66.53333333333333,54.266666666666666,98.06666666666666,59.86666666666667,87.13333333333334,119.73333333333333,75.13333333333334,,154.0
2026-05-26 04:45:00,117.66666666666667,72.2,45.46666666666667,103.66666666666667,62.666666666666664,106.8,121.06666666666666,73.53333333333333,,143.0
2026-05-26 05:00:00,126.53333333333333,74.0,42.8,101.73333333333333,60.06666666666667,85.2,120.2,76.06666666666666,,163.06666666666666
2026-05-26 05:15:00,125.8,70.0,38.46666666666667,99.86666666666666,58.266666666666666,75.2,159.46666666666667,73.8,,144.53333333333333
2026-05-26 05:30:00,138.13333333333333,69.73333333333333,40.4,109.66666666666667,65.4,98.4,133.0,75.26666666666667,,149.4
2026-05-26 05:45:00,122.53333333333333,71.46666666666667,58.06666666666667,110.93333333333334,81.93333333333334,99.66666666666667,155.2,72.46666666666667,,149.6
2026-05-26 06:00:00,123.46666666666667,71.0,47.333333333333336,112.86666666666666,63.733333333333334,78.2,120.86666666666666,71.2,,160.53333333333333
2026-05-26 06:15:00,143.86666666666667,81.26666666666667,49.8,106.66666666666667,70.8,75.73333333333333,131.0,74.26666666666667,,160.06666666666666
2026-05-26 06:30:00,136.53333333333333,84.53333333333333,53.93333333333333,96.86666666666666,75.6,76.86666666666666,125.06666666666666,75.26666666666667,,171.6
2026-05-26 06:45:00,140.66666666666666,85.6,51.666666666666664,103.2,67.53333333333333,69.66666666666667,114.46666666666667,75.13333333333334,,165.33333333333334
2026-05-26 07:00:00,150.86666666666667,81.13333333333334,61.46666666666667,109.4,64.6,78.8,129.73333333333332,76.93333333333334,,182.46666666666667
2026-05-26 07:15:00,157.46666666666667,78.73333333333333,63.86666666666667,100.8,66.46666666666667,97.13333333333334,107.13333333333334,77.8,,166.66666666666666
2026-05-26 07:30:00,148.13333333333333,80.66666666666667,74.0,105.73333333333333,67.0,94.86666666666666,95.73333333333333,80.06666666666666,,151.53333333333333
2026-05-26 07:45:00,118.8,87.46666666666667,59.666666666666664,112.53333333333333,74.8,73.0,79.8,77.46666666666667,,136.93333333333334
2026-05-26 08:00:00,98.33333333333333,91.26666666666667,54.8,114.53333333333333,72.0,75.93333333333334,94.4,78.6,,137.93333333333334
2026-05-26 08:15:00,102.2,93.06666666666666,55.266666666666666,159.46666666666667,73.06666666666666,71.53333333333333,100.13333333333334,74.53333333333333,,132.33333333333334
2026-05-26 08:30:00,98.33333333333333,80.73333333333333,69.6,123.53333333333333,71.93333333333334,69.33333333333333,95.13333333333334,74.53333333333333,,123.33333333333333
2026-05-26 08:45:00,93.0,79.46666666666667,62.266666666666666,112.06666666666666,73.53333333333333,66.2,91.4,81.66666666666667,,107.8
2026-05-26 09:00:00,88.66666666666667,80.2,67.0,82.66666666666667,75.06666666666666,67.73333333333333,87.73333333333333,83.86666666666666,,98.6
2026-05-26 09:15:00,92.33333333333333,88.33333333333333,81.06666666666666,79.2,70.4,63.6,83.4,84.8,,91.33333333333333
2026-05-26 09:30:00,92.2,96.4,78.93333333333334,73.0,64.33333333333333,63.93333333333333,78.73333333333333,84.4,,80.53333333333333
2026-05-26 09:45:00,86.86666666666666,80.46666666666667,70.73333333333333,66.33333333333333,65.86666666666666,62.4,74.73333333333333,84.13333333333334,,70.8
2026-05-26 10:00:00,101.8,73.86666666666666,65.4,104.6,55.333333333333336,60.333333333333336,71.53333333333333,81.93333333333334,,64.2
2026-05-26 10:15:00,91.13333333333334,70.13333333333334,63.8,117.66666666666667,50.13333333333333,60.8,70.93333333333334,80.26666666666667,,62.06666666666667
2026-05-26 10:30:00,88.4,74.6,66.06666666666666,124.46666666666667,53.0,54.333333333333336,65.2,76.0,,60.06666666666667
2026-05-26 10:45:00,87.66666666666667,73.4,62.06666666666667,115.46666666666667,54.86666666666667,49.333333333333336,63.46666666666667,76.13333333333334,,55.8
2026-05-26 11:00:00,78.06666666666666,71.26666666666667,57.86666666666667,99.86666666666666,50.06666666666667,44.8,66.8,76.46666666666667,,54.0
2026-05-26 11:15:00,71.6,58.06666666666667,58.333333333333336,60.6,46.86666666666667,42.46666666666667,714.9333333333333,78.06666666666666,,52.13333333333333
2026-05-26 11:30:00,66.06666666666666,63.6,57.266666666666666,55.6,40.06666666666667,30.266666666666666,40.733333333333334,76.46666666666667,,43.2
2026-05-26 11:45:00,63.266666666666666,52.4,44.0,57.46666666666667,31.866666666666667,25.466666666666665,37.4,71.0,,44.46666666666667
2026-05-26 12:00:00,62.2,54.0,34.0,52.733333333333334,33.733333333333334,29.733333333333334,47.86666666666667,61.13333333333333,,47.6
2026-05-26 12:15:00,53.8,54.53333333333333,41.8,60.53333333333333,36.733333333333334,27.266666666666666,41.733333333333334,48.0,,50.266666666666666
2026-05-26 12:30:00,43.4,50.93333333333333,42.2,46.266666666666666,42.46666666666667,25.933333333333334,31.133333333333333,43.13333333333333,,54.8
2026-05-26 12:45:00,28.8,49.666666666666664,36.86666666666667,41.8,50.13333333333333,24.466666666666665,898.6,33.733333333333334,,43.86666666666667
2026-05-26 13:00:00,19.8,39.333333333333336,30.866666666666667,44.6,41.86666666666667,25.533333333333335,30.2,31.4,,35.86666666666667
2026-05-26 13:15:00,28.333333333333332,36.266666666666666,28.133333333333333,44.86666666666667,33.733333333333334,28.666666666666668,41.53333333333333,33.06666666666667,,32.93333333333333
2026-05-26 13:30:00,34.2,37.93333333333333,26.8,42.333333333333336,34.6,27.4,76.8,35.53333333333333,,28.133333333333333
2026-05-26 13:45:00,32.93333333333333,36.2,24.533333333333335,45.06666666666667,33.93333333333333,27.266666666666666,40.93333333333333,39.86666666666667,,31.933333333333334
2026-05-26 14:00:00,36.333333333333336,36.6,24.733333333333334,37.8,30.933333333333334,28.0,35.13333333333333,39.666666666666664,,30.066666666666666
2026-05-26 14:15:00,33.46666666666667,36.0,28.6,47.733333333333334,35.333333333333336,33.333333333333336,31.8,42.53333333333333,,26.266666666666666
2026-05-26 14:30:00,34.2,35.0,29.2,42.0,30.666666666666668,29.733333333333334,34.4,41.13333333333333,,30.866666666666667
2026-05-26 14:45:00,39.733333333333334,35.266666666666666,29.933333333333334,38.46666666666667,29.266666666666666,36.86666666666667,56.8,41.86666666666667,,32.666666666666664
2026-05-26 15:00:00,47.86666666666667,34.46666666666667,31.866666666666667,38.4,27.866666666666667,28.533333333333335,29.066666666666666,41.2,,28.133333333333333
2026-05-26 15:15:00,84.6,33.46666666666667,30.066666666666666,36.06666666666667,27.466666666666665,25.933333333333334,224.6,39.53333333333333,,30.133333333333333
2026-05-26 15:30:00,40.93333333333333,34.46666666666667,31.6,38.733333333333334,35.86666666666667,31.933333333333334,50.2,37.266666666666666,,32.0
2026-05-26 15:45:00,37.266666666666666,37.333333333333336,34.06666666666667,35.4,30.6,28.266666666666666,45.266666666666666,37.93333333333333,,32.2
2026-05-26 16:00:00,77.2,35.86666666666667,30.2,30.6,34.06666666666667,31.733333333333334,30.666666666666668,32.86666666666667,,52.0
2026-05-26 16:15:00,44.13333333333333,34.46666666666667,28.733333333333334,38.2,35.46666666666667,29.733333333333334,40.93333333333333,30.4,,32.53333333333333
2026-05-26 16:30:00,41.733333333333334,38.266666666666666,31.733333333333334,40.53333333333333,36.53333333333333,37.2,72.46666666666667,33.733333333333334,,36.93333333333333
2026-05-26 16:45:00,41.46666666666667,37.266666666666666,35.8,38.53333333333333,35.2,31.666666666666668,54.46666666666667,33.0,,35.53333333333333
2026-05-26 17:00:00,46.666666666666664,36.13333333333333,32.8,39.53333333333333,37.53333333333333,29.933333333333334,59.6,29.4,,35.333333333333336
2026-05-26 17:15:00,59.8,35.666666666666664,33.0,39.8,45.666666666666664,29.333333333333332,49.266666666666666,31.266666666666666,,34.13333333333333
2026-05-26 17:30:00,40.13333333333333,61.733333333333334,29.6,39.666666666666664,61.93333333333333,29.733333333333334,52.4,33.46666666666667,,43.13333333333333
2026-05-26 17:45:00,45.333333333333336,39.13333333333333,33.93333333333333,36.86666666666667,47.8,27.6,55.13333333333333,35.0,,45.8
2026-05-26 18:00:00,42.6,39.53333333333333,33.2,38.53333333333333,46.666666666666664,30.066666666666666,77.33333333333333,35.4,,51.733333333333334
2026-05-26 18:15:00,44.53333333333333,38.666666666666664,37.8,34.333333333333336,43.86666666666667,29.4,83.86666666666666,35.733333333333334,,62.6
2026-05-26 18:30:00,40.666666666666664,40.13333333333333,35.6,36.666666666666664,39.733333333333334,28.533333333333335,99.2,33.4,,52.93333333333333
2026-05-26 18:45:00,57.266666666666666,40.333333333333336,33.8,37.06666666666667,36.733333333333334,28.6,58.266666666666666,31.466666666666665,,45.333333333333336
2026-05-26 19:00:00,43.8,40.93333333333333,45.4,41.266666666666666,35.86666666666667,30.133333333333333,62.8,31.933333333333334,,29.2
2026-05-26 19:15:00,44.266666666666666,41.666666666666664,38.4,40.46666666666667,37.46666666666667,29.133333333333333,65.06666666666666,34.333333333333336,,26.333333333333332
2026-05-26 19:30:00,39.46666666666667,34.4,42.733333333333334,36.06666666666667,39.8,32.53333333333333,75.6,31.466666666666665,,28.933333333333334
2026-05-26 19:45:00,48.6,25.133333333333333,41.4,38.266666666666666,40.733333333333334,35.46666666666667,65.26666666666667,35.13333333333333,,36.06666666666667
2026-05-26 20:00:00,42.8,29.133333333333333,45.333333333333336,40.06666666666667,50.0,38.13333333333333,52.46666666666667,38.0,,39.0
2026-05-26 20:15:00,55.46666666666667,27.133333333333333,42.333333333333336,42.46666666666667,53.266666666666666,57.333333333333336,55.333333333333336,40.13333333333333,,43.733333333333334
2026-05-26 20:30:00,89.46666666666667,27.8,34.6,41.2,58.8,38.2,116.0,32.2,,44.6
2026-05-26 20:45:00,42.93333333333333,30.466666666666665,35.0,42.13333333333333,60.06666666666667,36.6,104.4,34.733333333333334,,47.333333333333336
2026-05-26 21:00:00,34.266666666666666,29.933333333333334,35.13333333333333,42.733333333333334,59.46666666666667,38.0,62.666666666666664,37.333333333333336,,44.0
2026-05-26 21:15:00,33.333333333333336,30.266666666666666,30.8,43.2,52.333333333333336,38.86666666666667,80.6,38.0,,38.733333333333334
2026-05-26 21:30:00,38.06666666666667,28.666666666666668,32.2,43.86666666666667,57.53333333333333,52.93333333333333,89.4,40.13333333333333,,33.2
2026-05-26 21:45:00,44.666666666666664,29.2,39.86666666666667,48.53333333333333,60.0,75.0,67.26666666666667,40.53333333333333,,42.46666666666667
2026-05-26 22:00:00,48.266666666666666,27.4,47.266666666666666,47.46666666666667,59.13333333333333,61.0,56.666666666666664,40.266666666666666,,69.73333333333333
2026-05-26 22:15:00,49.733333333333334,30.133333333333333,44.13333333333333,48.13333333333333,52.6,57.0,120.73333333333333,40.4,,100.2
2026-05-26 22:30:00,50.0,27.533333333333335,46.46666666666667,45.86666666666667,52.13333333333333,49.93333333333333,85.06666666666666,43.2,,74.4
2026-05-26 22:45:00,39.4,29.866666666666667,52.6,44.4,52.13333333333333,51.46666666666667,107.0,41.2,,84.86666666666666
2026-05-26 23:00:00,45.333333333333336,32.06666666666667,46.06666666666667,48.46666666666667,48.4,52.2,118.86666666666666,41.4,,83.73333333333333
2026-05-26 23:15:00,49.333333333333336,35.666666666666664,47.06666666666667,48.46666666666667,48.6,48.6,104.46666666666667,45.666666666666664,,84.8
2026-05-26 23:30:00,52.2,38.06666666666667,50.13333333333333,47.93333333333333,47.666666666666664,50.13333333333333,90.6,44.333333333333336,,73.33333333333333
2026-05-26 23:45:00,57.8,36.266666666666666,49.4,50.333333333333336,67.13333333333334,58.06666666666667,85.0,43.46666666666667,,66.66666666666667
2026-05-27 00:00:00,61.0,36.666666666666664,52.8,47.46666666666667,60.06666666666667,69.06666666666666,71.8,41.8,,64.46666666666667
2026-05-27 00:15:00,66.46666666666667,36.86666666666667,50.666666666666664,45.733333333333334,53.8,64.2,64.46666666666667,44.8,,77.53333333333333
2026-05-27 00:30:00,51.53333333333333,43.333333333333336,50.86666666666667,47.733333333333334,52.06666666666667,67.13333333333334,126.86666666666666,48.666666666666664,,71.26666666666667
2026-05-27 00:45:00,52.666666666666664,48.86666666666667,51.86666666666667,45.4,54.46666666666667,58.53333333333333,68.53333333333333,44.46666666666667,,83.0
2026-05-27 01:00:00,51.93333333333333,48.13333333333333,56.06666666666667,45.4,55.666666666666664,69.4,79.86666666666666,43.6,,84.46666666666667
2026-05-27 01:15:00,52.2,55.86666666666667,54.666666666666664,49.0,55.266666666666666,59.8,126.8,42.2,,90.8
2026-05-27 01:30:00,53.13333333333333,58.2,60.46666666666667,48.0,55.666666666666664,65.0,99.73333333333333,47.06666666666667,,88.86666666666666
2026-05-27 01:45:00,51.733333333333334,45.06666666666667,59.0,50.8,57.86666666666667,78.0,104.13333333333334,44.666666666666664,,81.4
2026-05-27 02:00:00,48.266666666666666,47.733333333333334,66.13333333333334,54.4,55.86666666666667,60.06666666666667,113.2,47.266666666666666,,103.0
2026-05-27 02:15:00,59.06666666666667,47.86666666666667,62.666666666666664,53.06666666666667,52.666666666666664,57.733333333333334,70.6,43.2,,105.0
2026-05-27 02:30:00,56.733333333333334,48.333333333333336,66.4,46.2,51.53333333333333,60.46666666666667,86.2,39.53333333333333,,105.2
2026-05-27 02:45:00,61.93333333333333,47.333333333333336,57.666666666666664,48.46666666666667,55.4,58.53333333333333,84.6,44.93333333333333,,94.4
2026-05-27 03:00:00,60.733333333333334,55.333333333333336,52.266666666666666,50.4,55.333333333333336,59.8,74.73333333333333,50.93333333333333,,94.46666666666667
2026-05-27 03:15:00,68.4,51.93333333333333,51.6,48.06666666666667,57.93333333333333,58.666666666666664,126.33333333333333,47.2,,95.93333333333334
2026-05-27 03:30:00,61.46666666666667,58.93333333333333,52.93333333333333,45.46666666666667,53.53333333333333,60.86666666666667,96.8,47.13333333333333,,88.06666666666666
2026-05-27 03:45:00,51.46666666666667,51.266666666666666,51.6,55.46666666666667,56.53333333333333,63.333333333333336,69.06666666666666,42.4,,90.13333333333334
2026-05-27 04:00:00,48.2,55.6,52.333333333333336,62.13333333333333,77.8,60.666666666666664,89.33333333333333,42.8,,94.73333333333333
2026-05-27 04:15:00,63.733333333333334,53.93333333333333,54.0,57.86666666666667,54.06666666666667,85.93333333333334,77.2,45.86666666666667,,95.26666666666667
2026-05-27 04:30:00,64.46666666666667,50.86666666666667,49.8,61.46666666666667,34.6,85.33333333333333,93.73333333333333,43.666666666666664,,84.33333333333333
2026-05-27 04:45:00,66.13333333333334,50.06666666666667,55.2,60.6,38.0,90.06666666666666,150.6,46.6,,218.4
2026-05-27 05:00:00,112.66666666666667,48.53333333333333,54.93333333333333,64.66666666666667,67.8,102.06666666666666,111.86666666666666,49.333333333333336,,76.73333333333333
2026-05-27 05:15:00,66.8,45.8,47.333333333333336,65.46666666666667,46.733333333333334,83.46666666666667,93.06666666666666,46.46666666666667,,80.93333333333334
2026-05-27 05:30:00,80.2,49.53333333333333,37.53333333333333,63.06666666666667,23.066666666666666,86.66666666666667,93.46666666666667,45.0,,79.93333333333334
2026-05-27 05:45:00,89.13333333333334,56.13333333333333,40.53333333333333,65.4,32.6,61.46666666666667,70.13333333333334,48.4,,76.53333333333333
2026-05-27 06:00:00,71.33333333333333,52.06666666666667,34.86666666666667,61.2,21.733333333333334,66.0,113.46666666666667,53.46666666666667,,87.4
2026-05-27 06:15:00,90.0,54.333333333333336,54.266666666666666,69.46666666666667,24.2,67.46666666666667,127.26666666666667,54.4,,179.33333333333334
2026-05-27 06:30:00,93.0,51.0,97.53333333333333,73.26666666666667,28.2,59.13333333333333,63.333333333333336,60.93333333333333,,95.13333333333334
2026-05-27 06:45:00,70.66666666666667,57.2,105.2,94.6,30.2,61.0,42.06666666666667,65.66666666666667,,68.33333333333333
2026-05-27 07:00:00,121.33333333333333,52.0,80.33333333333333,64.2,32.2,58.266666666666666,58.4,61.0,,64.33333333333333
2026-05-27 07:15:00,118.86666666666666,49.8,60.13333333333333,62.333333333333336,28.2,75.4,41.6,55.733333333333334,,60.0
2026-05-27 07:30:00,103.4,57.4,68.33333333333333,54.93333333333333,38.13333333333333,88.33333333333333,42.93333333333333,52.53333333333333,,57.266666666666666
2026-05-27 07:45:00,111.06666666666666,54.06666666666667,53.93333333333333,61.666666666666664,39.2,81.86666666666666,40.93333333333333,50.8,,57.6
2026-05-27 08:00:00,71.0,49.0,58.8,57.0,33.333333333333336,93.26666666666667,34.666666666666664,49.93333333333333,,82.2
2026-05-27 08:15:00,82.46666666666667,72.46666666666667,59.6,50.93333333333333,31.466666666666665,65.33333333333333,54.666666666666664,50.333333333333336,,85.93333333333334
2026-05-27 08:30:00,205.53333333333333,58.93333333333333,101.06666666666666,54.2,30.333333333333332,75.46666666666667,106.46666666666667,56.2,,39.733333333333334
2026-05-27 08:45:00,78.13333333333334,53.4,117.0,68.33333333333333,30.533333333333335,70.6,37.266666666666666,58.93333333333333,,42.666666666666664
2026-05-27 09:00:00,75.53333333333333,55.266666666666666,93.2,55.733333333333334,27.6,95.26666666666667,26.466666666666665,66.2,,38.6
2026-05-27 09:15:00,92.66666666666667,61.13333333333333,78.93333333333334,51.733333333333334,31.466666666666665,297.6666666666667,77.8,57.666666666666664,,23.6
2026-05-27 09:30:00,75.4,58.8,92.2,53.13333333333333,33.2,58.86666666666667,80.66666666666667,68.8,,17.733333333333334
2026-05-27 09:45:00,51.266666666666666,74.06666666666666,111.46666666666667,66.13333333333334,47.93333333333333,63.53333333333333,46.266666666666666,61.0,,21.333333333333332
2026-05-27 10:00:00,58.53333333333333,74.86666666666666,122.13333333333334,88.2,50.266666666666666,56.86666666666667,38.333333333333336,54.53333333333333,,16.266666666666666
2026-05-27 10:15:00,46.2,53.266666666666666,125.46666666666667,86.2,44.06666666666667,47.46666666666667,25.266666666666666,64.4,,23.466666666666665
2026-05-27 10:30:00,41.333333333333336,60.13333333333333,112.4,65.13333333333334,156.6,47.8,18.933333333333334,82.46666666666667,,27.533333333333335
2026-05-27 10:45:00,44.06666666666667,59.86666666666667,85.86666666666666,52.93333333333333,84.6,52.6,21.0,81.4,,30.666666666666668
2026-05-27 11:00:00,46.2,54.06666666666667,84.06666666666666,46.8,31.466666666666665,56.8,30.666666666666668,83.13333333333334,,27.533333333333335
2026-05-27 11:15:00,68.13333333333334,52.2,110.66666666666667,50.93333333333333,24.666666666666668,53.733333333333334,25.0,66.93333333333334,,31.933333333333334
2026-05-27 11:30:00,52.06666666666667,42.6,107.06666666666666,64.8,23.266666666666666,53.2,26.333333333333332,61.06666666666667,,27.266666666666666
2026-05-27 11:45:00,50.266666666666666,36.13333333333333,113.73333333333333,56.8,24.0,53.0,40.93333333333333,50.0,,32.06666666666667
2026-05-27 12:00:00,50.4,32.86666666666667,93.4,50.86666666666667,26.666666666666668,52.53333333333333,20.266666666666666,54.333333333333336,,36.06666666666667
2026-05-27 12:15:00,55.733333333333334,39.0,59.53333333333333,40.13333333333333,24.6,44.8,27.0,43.93333333333333,,37.266666666666666
2026-05-27 12:30:00,48.13333333333333,36.666666666666664,52.53333333333333,40.2,26.066666666666666,46.333333333333336,19.4,50.06666666666667,,29.2
2026-05-27 12:45:00,40.266666666666666,33.93333333333333,58.733333333333334,34.333333333333336,27.4,52.13333333333333,18.466666666666665,41.0,,30.8
2026-05-27 13:00:00,37.46666666666667,30.4,51.6,32.266666666666666,21.733333333333334,45.4,32.93333333333333,44.0,,24.866666666666667
2026-05-27 13:15:00,49.266666666666666,30.4,67.66666666666667,30.6,23.6,45.733333333333334,13.933333333333334,39.13333333333333,,22.4
2026-05-27 13:30:00,57.4,28.0,114.13333333333334,34.86666666666667,17.866666666666667,41.8,16.133333333333333,39.733333333333334,,30.466666666666665
2026-05-27 13:45:00,62.06666666666667,24.6,49.53333333333333,34.2,19.8,40.93333333333333,19.333333333333332,42.4,,27.133333333333333
2026-05-27 14:00:00,44.46666666666667,25.066666666666666,50.0,34.2,20.466666666666665,38.733333333333334,24.666666666666668,48.86666666666667,,30.066666666666666
2026-05-27 14:15:00,41.46666666666667,24.466666666666665,51.266666666666666,34.6,18.0,42.4,18.4,44.8,,34.666666666666664
2026-05-27 14:30:00,40.0,23.133333333333333,53.86666666666667,35.4,19.333333333333332,41.8,19.666666666666668,79.13333333333334,,30.533333333333335
2026-05-27 14:45:00,37.46666666666667,24.4,49.333333333333336,40.0,19.533333333333335,40.4,19.733333333333334,36.46666666666667,,27.066666666666666
2026-05-27 15:00:00,35.2,24.4,54.8,45.0,21.133333333333333,41.93333333333333,22.8,33.666666666666664,,32.46666666666667
2026-05-27 15:15:00,35.46666666666667,26.8,55.13333333333333,37.86666666666667,21.266666666666666,42.6,26.4,33.2,,29.8
2026-05-27 15:30:00,34.53333333333333,27.133333333333333,72.06666666666666,37.2,21.933333333333334,41.86666666666667,24.2,34.8,,36.06666666666667
2026-05-27 15:45:00,33.666666666666664,28.866666666666667,61.8,38.93333333333333,19.6,32.666666666666664,30.8,34.86666666666667,,36.4
2026-05-27 16:00:00,33.13333333333333,26.8,60.0,41.0,22.666666666666668,35.333333333333336,26.866666666666667,42.93333333333333,,36.8
2026-05-27 16:15:00,32.13333333333333,27.933333333333334,52.666666666666664,41.733333333333334,21.266666666666666,36.0,25.666666666666668,38.4,,38.0
2026-05-27 16:30:00,33.13333333333333,27.4,56.06666666666667,41.2,19.666666666666668,36.4,29.733333333333334,39.733333333333334,,33.6
2026-05-27 16:45:00,34.733333333333334,28.066666666666666,52.46666666666667,39.666666666666664,20.4,38.0,26.133333333333333,33.8,,39.06666666666667
2026-05-27 17:00:00,46.733333333333334,28.466666666666665,53.666666666666664,41.0,24.2,36.53333333333333,25.733333333333334,36.93333333333333,,39.8
2026-05-27 17:15:00,39.8,30.866666666666667,65.73333333333333,41.93333333333333,24.266666666666666,38.733333333333334,25.4,35.733333333333334,,43.333333333333336
2026-05-27 17:30:00,49.2,29.933333333333334,62.06666666666667,52.93333333333333,22.533333333333335,40.666666666666664,28.066666666666666,36.733333333333334,,44.6
2026-05-27 17:45:00,37.53333333333333,30.4,68.66666666666667,64.4,24.6,51.93333333333333,37.06666666666667,38.333333333333336,,45.13333333333333
2026-05-27 18:00:00,44.733333333333334,31.333333333333332,61.8,49.2,22.666666666666668,47.2,28.266666666666666,39.46666666666667,,48.666666666666664
2026-05-27 18:15:00,39.266666666666666,33.86666666666667,61.666666666666664,47.6,25.6,47.333333333333336,32.733333333333334,45.13333333333333,,50.2
2026-05-27 18:30:00,54.6,33.53333333333333,80.2,47.53333333333333,24.866666666666667,48.0,30.266666666666666,41.0,,56.06666666666667
2026-05-27 18:45:00,49.733333333333334,29.933333333333334,92.4,51.06666666666667,29.333333333333332,47.86666666666667,42.666666666666664,47.266666666666666,,56.06666666666667
2026-05-27 19:00:00,53.13333333333333,29.666666666666668,81.66666666666667,77.93333333333334,31.2,49.733333333333334,33.4,43.8,,58.266666666666666
2026-05-27 19:15:00,51.8,32.666666666666664,65.4,67.4,31.066666666666666,49.53333333333333,36.06666666666667,42.733333333333334,,57.53333333333333
2026-05-27 19:30:00,49.13333333333333,31.0,68.33333333333333,50.4,27.8,53.2,37.333333333333336,42.8,,60.86666666666667
2026-05-27 19:45:00,47.86666666666667,32.13333333333333,136.66666666666666,57.333333333333336,26.933333333333334,63.0,65.86666666666666,46.0,,70.93333333333334
2026-05-27 20:00:00,49.666666666666664,35.6,111.4,50.53333333333333,35.4,60.53333333333333,76.4,45.6,,70.86666666666666
2026-05-27 20:15:00,65.86666666666666,36.93333333333333,108.46666666666667,51.13333333333333,38.86666666666667,67.66666666666667,53.666666666666664,46.86666666666667,,67.2
2026-05-27 20:30:00,53.266666666666666,38.266666666666666,94.0,50.06666666666667,38.86666666666667,62.8,105.2,53.666666666666664,,98.0
2026-05-27 20:45:00,56.6,39.4,84.8,51.666666666666664,39.53333333333333,68.33333333333333,164.8,51.46666666666667,,88.2
2026-05-27 21:00:00,60.0,38.666666666666664,121.33333333333333,51.86666666666667,40.333333333333336,71.6,139.86666666666667,49.46666666666667,,113.46666666666667
2026-05-27 21:15:00,59.4,39.733333333333334,118.0,54.13333333333333,41.46666666666667,69.2,127.46666666666667,52.53333333333333,,134.66666666666666
2026-05-27 21:30:00,59.86666666666667,42.6,92.66666666666667,54.13333333333333,49.46666666666667,68.2,112.8,57.4,,145.73333333333332
2026-05-27 21:45:00,63.733333333333334,47.13333333333333,93.53333333333333,58.93333333333333,49.4,63.06666666666667,158.46666666666667,60.53333333333333,,158.4
2026-05-27 22:00:00,72.86666666666666,44.8,99.13333333333334,63.733333333333334,55.46666666666667,53.06666666666667,190.06666666666666,55.93333333333333,,163.8
2026-05-27 22:15:00,74.26666666666667,49.333333333333336,87.53333333333333,69.73333333333333,59.0,51.93333333333333,122.13333333333334,54.6,,188.2
2026-05-27 22:30:00,71.33333333333333,48.6,74.93333333333334,69.73333333333333,58.666666666666664,49.6,202.13333333333333,49.8,,187.46666666666667
2026-05-27 22:45:00,66.53333333333333,47.266666666666666,72.73333333333333,65.46666666666667,64.0,52.86666666666667,152.2,46.53333333333333,,182.53333333333333
2026-05-27 23:00:00,84.26666666666667,48.13333333333333,66.8,61.86666666666667,63.666666666666664,50.2,127.6,44.86666666666667,,173.0
2026-05-27 23:15:00,128.26666666666668,46.0,88.26666666666667,56.2,65.2,48.2,189.73333333333332,42.6,,184.66666666666666
2026-05-27 23:30:00,119.46666666666667,49.8,67.4,52.53333333333333,62.86666666666667,46.46666666666667,176.73333333333332,44.86666666666667,,196.93333333333334
2026-05-27 23:45:00,111.8,49.266666666666666,64.26666666666667,50.53333333333333,63.666666666666664,47.13333333333333,170.06666666666666,45.733333333333334,,211.2
2026-05-28 00:00:00,176.53333333333333,50.8,69.33333333333333,59.0,65.06666666666666,46.666666666666664,161.26666666666668,47.8,,212.33333333333334
2026-05-28 00:15:00,146.46666666666667,50.46666666666667,105.66666666666667,61.2,66.66666666666667,54.6,184.93333333333334,44.733333333333334,,239.0
2026-05-28 00:30:00,166.86666666666667,50.46666666666667,112.4,51.53333333333333,66.93333333333334,46.06666666666667,165.46666666666667,44.46666666666667,,228.4
2026-05-28 00:45:00,177.53333333333333,49.0,67.26666666666667,58.46666666666667,76.73333333333333,48.53333333333333,156.93333333333334,42.266666666666666,,202.53333333333333
2026-05-28 01:00:00,133.0,47.8,68.4,66.93333333333334,78.53333333333333,49.333333333333336,151.46666666666667,39.333333333333336,,375.6666666666667
2026-05-28 01:15:00,136.66666666666666,50.333333333333336,61.46666666666667,68.13333333333334,89.4,49.93333333333333,158.0,46.93333333333333,,232.86666666666667
2026-05-28 01:30:00,172.8,48.333333333333336,65.93333333333334,61.4,85.0,52.6,165.4,48.8,,231.33333333333334
2026-05-28 01:45:00,177.06666666666666,46.733333333333334,59.86666666666667,62.8,82.6,55.86666666666667,154.06666666666666,48.06666666666667,,182.06666666666666
2026-05-28 02:00:00,117.93333333333334,49.0,57.46666666666667,63.53333333333333,82.06666666666666,55.6,200.2,45.2,,157.73333333333332
2026-05-28 02:15:00,140.93333333333334,48.0,54.46666666666667,58.53333333333333,74.0,56.666666666666664,181.8,48.0,,171.66666666666666
2026-05-28 02:30:00,122.46666666666667,48.266666666666666,57.2,60.46666666666667,74.13333333333334,52.46666666666667,173.33333333333334,46.266666666666666,,176.73333333333332
2026-05-28 02:45:00,121.53333333333333,51.13333333333333,61.86666666666667,55.2,74.53333333333333,52.46666666666667,187.6,49.13333333333333,,204.13333333333333
2026-05-28 03:00:00,183.2,49.733333333333334,53.06666666666667,56.86666666666667,72.0,53.46666666666667,174.0,48.6,,195.13333333333333
2026-05-28 03:15:00,183.06666666666666,50.46666666666667,56.46666666666667,56.8,75.2,54.733333333333334,149.2,49.0,,195.4
2026-05-28 03:30:00,110.33333333333333,52.333333333333336,53.8,56.333333333333336,69.26666666666667,55.93333333333333,127.2,49.06666666666667,,210.0
2026-05-28 03:45:00,140.53333333333333,49.8,75.26666666666667,59.666666666666664,75.66666666666667,61.733333333333334,155.06666666666666,49.46666666666667,,176.8
2026-05-28 04:00:00,105.86666666666666,49.2,61.4,58.0,77.73333333333333,63.46666666666667,189.2,49.0,,191.73333333333332
2026-05-28 04:15:00,97.4,51.2,59.2,60.13333333333333,74.2,58.666666666666664,136.93333333333334,50.8,,190.93333333333334
2026-05-28 04:30:00,109.66666666666667,46.6,62.13333333333333,58.0,76.73333333333333,62.46666666666667,158.6,49.8,,186.13333333333333
2026-05-28 04:45:00,93.66666666666667,45.8,65.06666666666666,57.733333333333334,76.6,55.6,123.26666666666667,47.8,,190.6
2026-05-28 05:00:00,84.13333333333334,44.13333333333333,64.53333333333333,55.86666666666667,78.0,59.333333333333336,155.06666666666666,47.333333333333336,,183.46666666666667
2026-05-28 05:15:00,88.8,41.666666666666664,68.53333333333333,55.8,82.66666666666667,55.93333333333333,125.33333333333333,48.06666666666667,,202.8
2026-05-28 05:30:00,95.6,38.93333333333333,66.86666666666666,54.666666666666664,89.13333333333334,57.333333333333336,122.33333333333333,48.4,,181.26666666666668
2026-05-28 05:45:00,82.13333333333334,38.86666666666667,66.73333333333333,56.333333333333336,92.4,65.26666666666667,130.0,48.46666666666667,,172.73333333333332
2026-05-28 06:00:00,85.53333333333333,38.13333333333333,70.26666666666667,55.8,92.53333333333333,64.93333333333334,160.0,51.8,,184.8
2026-05-28 06:15:00,102.4,39.266666666666666,73.2,57.8,96.73333333333333,60.46666666666667,135.66666666666666,50.53333333333333,,190.46666666666667
2026-05-28 06:30:00,105.46666666666667,43.93333333333333,69.13333333333334,69.86666666666666,97.46666666666667,64.6,115.66666666666667,52.8,,181.0
2026-05-28 06:45:00,86.86666666666666,30.8,70.13333333333334,98.93333333333334,98.06666666666666,54.8,124.4,51.733333333333334,,174.53333333333333
2026-05-28 07:00:00,85.4,31.8,65.93333333333334,115.46666666666667,93.73333333333333,68.73333333333333,119.2,52.333333333333336,,171.13333333333333
2026-05-28 07:15:00,92.4,29.666666666666668,61.266666666666666,118.13333333333334,92.93333333333334,82.06666666666666,117.2,50.333333333333336,,163.73333333333332
2026-05-28 07:30:00,95.93333333333334,32.266666666666666,59.93333333333333,105.73333333333333,92.06666666666666,62.0,103.8,46.733333333333334,,156.0
2026-05-28 07:45:00,83.26666666666667,30.2,54.0,95.4,89.33333333333333,49.333333333333336,91.33333333333333,40.86666666666667,,152.86666666666667
2026-05-28 08:00:00,77.4,33.4,55.8,98.73333333333333,99.2,41.2,93.33333333333333,42.666666666666664,,123.26666666666667
2026-05-28 08:15:00,74.26666666666667,34.53333333333333,52.8,93.33333333333333,92.46666666666667,37.4,83.6,36.4,,105.2
2026-05-28 08:30:00,56.13333333333333,39.333333333333336,43.8,52.86666666666667,84.73333333333333,33.53333333333333,81.33333333333333,39.333333333333336,,80.8
2026-05-28 08:45:00,36.666666666666664,34.666666666666664,38.666666666666664,35.6,76.86666666666666,31.0,63.2,38.86666666666667,,57.0
2026-05-28 09:00:00,33.06666666666667,32.93333333333333,35.53333333333333,33.8,49.06666666666667,31.066666666666666,44.86666666666667,41.333333333333336,,52.266666666666666
2026-05-28 09:15:00,31.0,25.333333333333332,35.333333333333336,77.73333333333333,47.666666666666664,26.533333333333335,41.06666666666667,35.4,,50.86666666666667
2026-05-28 09:30:00,29.066666666666666,27.6,38.86666666666667,83.73333333333333,42.6,22.266666666666666,41.2,27.333333333333332,,51.46666666666667
2026-05-28 09:45:00,28.8,15.6,34.266666666666666,63.0,40.4,25.0,40.13333333333333,27.266666666666666,,49.2
2026-05-28 10:00:00,25.2,215.33333333333334,29.866666666666667,48.93333333333333,38.06666666666667,26.2,38.06666666666667,25.6,,45.266666666666666
2026-05-28 10:15:00,25.8,15.6,33.2,34.666666666666664,36.6,21.0,38.13333333333333,25.0,,42.06666666666667
2026-05-28 10:30:00,21.866666666666667,13.6,26.8,34.86666666666667,36.2,16.866666666666667,31.333333333333332,21.866666666666667,,40.0
2026-05-28 10:45:00,23.2,12.666666666666666,34.53333333333333,37.0,38.6,17.333333333333332,30.666666666666668,19.533333333333335,,35.13333333333333
2026-05-28 11:00:00,19.0,13.4,29.2,41.93333333333333,34.4,17.2,26.333333333333332,16.133333333333333,,34.53333333333333
2026-05-28 11:15:00,17.733333333333334,13.866666666666667,31.466666666666665,28.266666666666666,34.4,18.066666666666666,24.666666666666668,13.933333333333334,,34.06666666666667
2026-05-28 11:30:00,21.2,15.133333333333333,36.53333333333333,24.866666666666667,31.333333333333332,22.4,29.133333333333333,15.4,,28.466666666666665
2026-05-28 11:45:00,22.733333333333334,14.0,39.86666666666667,23.133333333333333,29.066666666666666,28.733333333333334,30.2,18.2,,30.066666666666666
2026-05-28 12:00:00,24.266666666666666,13.266666666666667,36.6,23.133333333333333,23.4,30.4,19.866666666666667,21.466666666666665,,30.533333333333335
2026-05-28 12:15:00,27.933333333333334,14.733333333333333,42.6,83.0,23.933333333333334,29.0,20.2,29.266666666666666,,32.333333333333336
2026-05-28 12:30:00,28.4,17.0,194.6,49.0,26.2,27.6,19.666666666666668,23.666666666666668,,39.666666666666664
2026-05-28 12:45:00,27.066666666666666,16.266666666666666,35.333333333333336,45.06666666666667,22.6,26.4,15.8,25.933333333333334,,27.733333333333334
2026-05-28 13:00:00,26.466666666666665,14.933333333333334,26.666666666666668,33.666666666666664,22.933333333333334,29.266666666666666,19.0,28.466666666666665,,27.733333333333334
2026-05-28 13:15:00,26.0,17.266666666666666,28.6,45.666666666666664,24.6,28.733333333333334,16.666666666666668,26.066666666666666,,44.733333333333334
2026-05-28 13:30:00,30.266666666666666,16.733333333333334,25.866666666666667,32.0,24.0,26.466666666666665,18.6,26.466666666666665,,39.86666666666667
2026-05-28 13:45:00,24.2,16.933333333333334,30.333333333333332,32.86666666666667,20.0,28.933333333333334,17.266666666666666,25.866666666666667,,32.266666666666666
2026-05-28 14:00:00,25.4,17.466666666666665,28.2,31.333333333333332,21.4,34.2,22.666666666666668,25.533333333333335,,28.133333333333333
2026-05-28 14:15:00,26.866666666666667,18.866666666666667,27.666666666666668,34.93333333333333,17.933333333333334,28.933333333333334,19.133333333333333,26.133333333333333,,27.8
2026-05-28 14:30:00,25.866666666666667,16.6,26.066666666666666,34.4,18.466666666666665,27.333333333333332,17.333333333333332,26.533333333333335,,27.6
2026-05-28 14:45:00,25.4,17.533333333333335,24.133333333333333,3723.9333333333334,17.866666666666667,27.533333333333335,17.533333333333335,28.4,,25.933333333333334
2026-05-28 15:00:00,24.466666666666665,18.733333333333334,23.266666666666666,101.73333333333333,17.266666666666666,24.2,17.733333333333334,26.066666666666666,,28.933333333333334
2026-05-28 15:15:00,24.133333333333333,17.666666666666668,23.6,1282.1333333333334,17.133333333333333,21.666666666666668,18.733333333333334,25.666666666666668,,26.4
2026-05-28 15:30:00,26.933333333333334,20.733333333333334,20.466666666666665,974.4,17.466666666666665,22.333333333333332,18.8,37.93333333333333,,27.666666666666668
2026-05-28 15:45:00,22.866666666666667,17.666666666666668,22.0,28.2,18.6,22.733333333333334,19.066666666666666,23.4,,27.533333333333335
2026-05-28 16:00:00,23.266666666666666,19.666666666666668,24.866666666666667,27.8,20.866666666666667,20.8,20.133333333333333,23.533333333333335,,33.46666666666667
2026-05-28 16:15:00,23.0,18.933333333333334,23.2,32.0,22.933333333333334,18.933333333333334,20.133333333333333,19.4,,26.533333333333335
2026-05-28 16:30:00,23.6,17.4,21.466666666666665,106.66666666666667,22.866666666666667,21.266666666666666,21.6,18.066666666666666,,27.266666666666666
2026-05-28 16:45:00,21.733333333333334,19.133333333333333,20.933333333333334,1015.2,19.666666666666668,21.133333333333333,22.333333333333332,20.066666666666666,,30.0
2026-05-28 17:00:00,22.8,19.733333333333334,21.133333333333333,1997.3333333333333,17.533333333333335,20.2,21.333333333333332,20.333333333333332,,30.0
2026-05-28 17:15:00,22.066666666666666,20.066666666666666,18.133333333333333,5166.266666666666,17.333333333333332,20.266666666666666,20.2,19.866666666666667,,31.2
2026-05-28 17:30:00,23.466666666666665,14.8,20.333333333333332,80.33333333333333,19.066666666666666,17.333333333333332,19.2,18.8,,26.8
2026-05-28 17:45:00,23.066666666666666,14.8,19.466666666666665,768.5333333333333,20.2,19.066666666666666,20.066666666666666,19.666666666666668,,26.266666666666666
2026-05-28 18:00:00,21.866666666666667,15.133333333333333,18.866666666666667,3340.733333333333,21.133333333333333,17.933333333333334,20.266666666666666,20.666666666666668,,27.666666666666668
2026-05-28 18:15:00,23.333333333333332,14.066666666666666,16.6,2814.4666666666667,23.2,19.2,21.0,19.2,,29.733333333333334
2026-05-28 18:30:00,21.8,18.2,17.666666666666668,3143.5333333333333,22.2,21.866666666666667,19.533333333333335,19.266666666666666,,27.333333333333332
2026-05-28 18:45:00,19.8,14.066666666666666,17.2,3557.266666666667,23.333333333333332,22.6,20.666666666666668,18.666666666666668,,30.0
2026-05-28 19:00:00,22.933333333333334,14.666666666666666,17.733333333333334,5636.083333333333,22.066666666666666,23.133333333333333,19.066666666666666,18.666666666666668,,27.466666666666665
2026-05-28 19:15:00,18.266666666666666,16.066666666666666,18.4,,20.866666666666667,20.8,18.266666666666666,18.8,,24.533333333333335
2026-05-28 19:30:00,20.333333333333332,15.666666666666666,19.133333333333333,,20.133333333333333,25.533333333333335,16.066666666666666,18.866666666666667,,25.066666666666666
2026-05-28 19:45:00,21.066666666666666,15.066666666666666,20.866666666666667,,21.0,24.466666666666665,18.666666666666668,18.0,,27.733333333333334
2026-05-28 20:00:00,22.866666666666667,16.333333333333332,21.066666666666666,,19.6,25.066666666666666,17.333333333333332,19.4,,32.93333333333333
2026-05-28 20:15:00,22.6,15.133333333333333,21.066666666666666,34.166666666666664,20.6,26.666666666666668,164.86666666666667,20.333333333333332,,34.86666666666667
2026-05-28 20:30:00,25.266666666666666,22.4,22.4,22.4,19.333333333333332,30.933333333333334,229.93333333333334,21.866666666666667,,30.2
2026-05-28 20:45:00,24.533333333333335,17.866666666666667,25.0,26.066666666666666,22.933333333333334,31.666666666666668,23.133333333333333,25.6,,32.333333333333336
2026-05-28 21:00:00,27.0,17.733333333333334,26.4,30.466666666666665,20.533333333333335,29.066666666666666,21.866666666666667,23.666666666666668,,37.4
2026-05-28 21:15:00,28.466666666666665,16.8,26.066666666666666,30.266666666666666,23.6,31.733333333333334,43.4,25.666666666666668,,43.06666666666667
2026-05-28 21:30:00,29.75,17.866666666666667,29.2,28.8,23.0,31.333333333333332,41.733333333333334,26.0,,46.6
2026-05-28 21:45:00,,19.866666666666667,30.333333333333332,30.4,21.266666666666666,29.933333333333334,41.2,28.133333333333333,,48.13333333333333
2026-05-28 22:00:00,,18.0,34.13333333333333,31.133333333333333,22.133333333333333,31.0,42.266666666666666,27.266666666666666,,47.333333333333336
2026-05-28 22:15:00,,18.533333333333335,33.333333333333336,30.133333333333333,25.666666666666668,30.466666666666665,42.13333333333333,28.4,,50.13333333333333
2026-05-28 22:30:00,,18.333333333333332,34.06666666666667,30.266666666666666,23.6,28.866666666666667,43.46666666666667,30.333333333333332,,53.93333333333333
2026-05-28 22:45:00,,16.466666666666665,36.733333333333334,29.8,26.066666666666666,30.2,37.46666666666667,28.066666666666666,,55.53333333333333
2026-05-28 23:00:00,,17.6,35.46666666666667,31.733333333333334,24.066666666666666,28.6,37.13333333333333,28.066666666666666,,64.0
2026-05-28 23:15:00,,18.333333333333332,35.53333333333333,30.133333333333333,25.066666666666666,29.933333333333334,35.4,26.666666666666668,,60.733333333333334
2026-05-28 23:30:00,,20.8,34.86666666666667,27.533333333333335,23.666666666666668,29.8,39.733333333333334,28.333333333333332,,59.93333333333333
2026-05-28 23:45:00,,26.0,36.46666666666667,29.4,23.533333333333335,29.533333333333335,96.66666666666667,27.733333333333334,,57.93333333333333
2026-05-29 00:00:00,,22.6,38.733333333333334,30.466666666666665,28.333333333333332,31.2,79.8,26.133333333333333,,67.26666666666667
2026-05-29 00:15:00,,40.13333333333333,37.53333333333333,30.466666666666665,32.86666666666667,36.46666666666667,62.93333333333333,26.066666666666666,,70.8
2026-05-29 00:30:00,,41.8,36.93333333333333,29.066666666666666,31.2,35.2,66.26666666666667,25.333333333333332,,69.0
2026-05-29 00:45:00,,58.13333333333333,38.93333333333333,30.266666666666666,29.866666666666667,35.4,57.53333333333333,25.466666666666665,,68.46666666666667
2026-05-29 01:00:00,,40.53333333333333,38.733333333333334,29.8,32.53333333333333,33.8,61.93333333333333,25.866666666666667,,71.73333333333333
2026-05-29 01:15:00,,44.0,32.53333333333333,31.533333333333335,30.8,35.666666666666664,72.93333333333334,25.266666666666666,,72.4
2026-05-29 01:30:00,,30.733333333333334,26.466666666666665,31.933333333333334,31.333333333333332,45.53333333333333,64.73333333333333,24.133333333333333,,67.06666666666666
2026-05-29 01:45:00,,41.13333333333333,27.133333333333333,29.333333333333332,30.866666666666667,37.333333333333336,54.2,25.333333333333332,,68.86666666666666
2026-05-29 02:00:00,,56.06666666666667,26.666666666666668,30.733333333333334,32.6,38.4,54.86666666666667,24.266666666666666,,69.2
2026-05-29 02:15:00,,48.4,26.866666666666667,28.0,32.0,39.46666666666667,56.86666666666667,27.266666666666666,,71.26666666666667
2026-05-29 02:30:00,,38.0,28.6,29.2,33.4,40.93333333333333,52.2,28.933333333333334,,74.0
2026-05-29 02:45:00,,40.6,31.8,28.066666666666666,35.53333333333333,40.4,56.46666666666667,33.733333333333334,,75.53333333333333
2026-05-29 03:00:00,,38.266666666666666,32.8,29.6,38.2,37.06666666666667,55.333333333333336,30.066666666666666,,69.46666666666667
2026-05-29 03:15:00,,42.4,30.466666666666665,28.266666666666666,38.2,37.93333333333333,56.6,30.133333333333333,,66.33333333333333
2026-05-29 03:30:00,,45.86666666666667,34.53333333333333,34.06666666666667,38.53333333333333,35.4,52.666666666666664,31.333333333333332,,72.73333333333333
2026-05-29 03:45:00,,50.53333333333333,33.4,36.8,39.53333333333333,37.2,55.06666666666667,31.466666666666665,,68.8
2026-05-29 04:00:00,,49.0,37.86666666666667,49.46666666666667,39.53333333333333,35.733333333333334,54.06666666666667,27.533333333333335,,68.86666666666666
2026-05-29 04:15:00,,45.0,41.2,61.6,40.666666666666664,37.266666666666666,55.13333333333333,28.8,,76.4
2026-05-29 04:30:00,,46.46666666666667,43.86666666666667,439.53333333333336,40.2,38.2,57.0,28.066666666666666,,67.33333333333333
2026-05-29 04:45:00,,51.93333333333333,43.733333333333334,463.2,47.733333333333334,42.2,61.13333333333333,31.2,,66.46666666666667
2026-05-29 05:00:00,,50.06666666666667,43.8,289.53333333333336,47.13333333333333,41.4,60.53333333333333,33.06666666666667,,65.0
2026-05-29 05:15:00,,49.13333333333333,43.93333333333333,235.4,43.666666666666664,39.333333333333336,64.4,34.6,,65.86666666666666
2026-05-29 05:30:00,,45.4,41.86666666666667,282.26666666666665,49.733333333333334,43.733333333333334,63.93333333333333,38.8,,54.2
2026-05-29 05:45:00,,40.4,40.8,284.0,54.86666666666667,40.86666666666667,57.53333333333333,37.0,,64.66666666666667
2026-05-29 06:00:00,,47.13333333333333,41.86666666666667,306.26666666666665,46.6,41.2,63.4,37.86666666666667,,58.46666666666667
2026-05-29 06:15:00,,42.93333333333333,45.666666666666664,305.1333333333333,42.0,41.13333333333333,59.13333333333333,38.93333333333333,,66.6
2026-05-29 06:30:00,,44.333333333333336,43.666666666666664,312.46666666666664,49.53333333333333,42.333333333333336,69.53333333333333,37.666666666666664,,47.266666666666666
2026-05-29 06:45:00,,42.86666666666667,47.13333333333333,295.06666666666666,63.8,39.46666666666667,67.0,38.8,,47.333333333333336
2026-05-29 07:00:00,,45.2,47.13333333333333,280.46666666666664,58.333333333333336,47.0,61.2,43.06666666666667,,64.53333333333333
2026-05-29 07:15:00,,59.6,50.333333333333336,259.06666666666666,55.266666666666666,46.666666666666664,70.8,45.8,,75.13333333333334
2026-05-29 07:30:00,,64.0,50.0,210.66666666666666,49.06666666666667,44.333333333333336,69.2,44.266666666666666,,72.8
2026-05-29 07:45:00,,58.46666666666667,47.6,251.93333333333334,53.8,47.46666666666667,91.46666666666667,42.13333333333333,,77.2
2026-05-29 08:00:00,,45.93333333333333,46.733333333333334,231.93333333333334,56.93333333333333,47.266666666666666,84.06666666666666,41.93333333333333,,69.8
2026-05-29 08:15:00,,50.666666666666664,40.4,225.0,57.333333333333336,42.93333333333333,58.86666666666667,45.13333333333333,,57.333333333333336
2026-05-29 08:30:00,,61.266666666666666,32.93333333333333,218.33333333333334,63.333333333333336,47.13333333333333,54.6,43.6,,56.666666666666664
2026-05-29 08:45:00,,48.266666666666666,32.666666666666664,183.26666666666668,63.06666666666667,40.2,61.666666666666664,49.4,,52.53333333333333
2026-05-29 09:00:00,,42.06666666666667,39.53333333333333,209.66666666666666,63.13333333333333,40.733333333333334,55.13333333333333,39.0,,45.46666666666667
2026-05-29 09:15:00,,39.666666666666664,42.8,208.66666666666666,62.13333333333333,38.6,53.6,40.53333333333333,,46.266666666666666
2026-05-29 09:30:00,,33.8,38.8,214.86666666666667,64.33333333333333,36.86666666666667,48.6,38.2,,44.733333333333334
2026-05-29 09:45:00,,26.133333333333333,41.4,228.33333333333334,53.733333333333334,35.0,44.93333333333333,37.266666666666666,,45.8
2026-05-29 10:00:00,,18.866666666666667,40.06666666666667,145.13333333333333,51.2,33.46666666666667,41.4,32.666666666666664,,39.93333333333333
2026-05-29 10:15:00,,17.266666666666666,55.333333333333336,138.8,47.53333333333333,31.533333333333335,34.06666666666667,33.2,,39.13333333333333
2026-05-29 10:30:00,,19.666666666666668,41.93333333333333,119.13333333333334,39.93333333333333,33.93333333333333,31.0,42.8,,34.4
2026-05-29 10:45:00,,21.6,43.2,134.86666666666667,37.6,33.4,24.133333333333333,28.133333333333333,,32.266666666666666
2026-05-29 11:00:00,,18.266666666666666,39.333333333333336,115.06666666666666,32.06666666666667,31.933333333333334,20.333333333333332,30.533333333333335,,30.0
2026-05-29 11:15:00,,16.533333333333335,40.13333333333333,136.6,31.466666666666665,28.533333333333335,19.2,31.866666666666667,,27.066666666666666
2026-05-29 11:30:00,,17.6,40.333333333333336,129.4,41.13333333333333,31.133333333333333,24.0,30.8,,25.0
2026-05-29 11:45:00,,14.2,34.06666666666667,95.0,36.266666666666666,31.266666666666666,24.266666666666666,30.533333333333335,,24.133333333333333
2026-05-29 12:00:00,,14.533333333333333,35.333333333333336,104.53333333333333,33.86666666666667,29.066666666666666,17.2,30.0,,22.0
2026-05-29 12:15:00,,15.266666666666667,32.666666666666664,108.26666666666667,34.2,30.133333333333333,11.8,26.4,,18.4
2026-05-29 12:30:00,,16.0,30.866666666666667,82.33333333333333,42.333333333333336,27.666666666666668,14.066666666666666,38.0,,19.2
2026-05-29 12:45:00,,18.2,29.333333333333332,87.93333333333334,38.53333333333333,27.8,14.666666666666666,39.93333333333333,,20.8
2026-05-29 13:00:00,,16.333333333333332,30.6,87.73333333333333,42.06666666666667,28.866666666666667,16.8,35.93333333333333,,22.6
2026-05-29 13:15:00,,13.333333333333334,34.266666666666666,85.6,41.86666666666667,28.4,15.266666666666667,39.86666666666667,,20.866666666666667
2026-05-29 13:30:00,,14.0,34.6,68.6,39.93333333333333,30.4,15.8,38.46666666666667,,23.2
2026-05-29 13:45:00,,14.4,29.733333333333334,61.86666666666667,40.6,32.06666666666667,18.066666666666666,39.46666666666667,,23.266666666666666
2026-05-29 14:00:00,,14.866666666666667,33.8,63.0,46.733333333333334,32.0,21.2,38.86666666666667,,27.333333333333332
2026-05-29 14:15:00,,16.466666666666665,26.933333333333334,55.6,52.53333333333333,26.533333333333335,21.733333333333334,32.6,,25.4
2026-05-29 14:30:00,,17.733333333333334,23.666666666666668,59.93333333333333,49.93333333333333,27.8,20.2,31.933333333333334,,20.866666666666667
2026-05-29 14:45:00,,18.133333333333333,21.933333333333334,82.53333333333333,37.2,26.133333333333333,22.866666666666667,34.06666666666667,,24.8
2026-05-29 15:00:00,,20.533333333333335,23.266666666666666,68.8,37.8,27.933333333333334,22.666666666666668,32.2,,24.266666666666666
2026-05-29 15:15:00,,20.466666666666665,25.066666666666666,56.93333333333333,36.86666666666667,28.333333333333332,23.6,29.333333333333332,,26.866666666666667
2026-05-29 15:30:00,,22.533333333333335,25.133333333333333,54.733333333333334,38.86666666666667,36.46666666666667,21.666666666666668,27.8,,27.6
2026-05-29 15:45:00,,25.933333333333334,23.066666666666666,42.13333333333333,39.6,32.666666666666664,23.466666666666665,27.666666666666668,,28.466666666666665
2026-05-29 16:00:00,,26.466666666666665,22.933333333333334,37.2,41.733333333333334,27.533333333333335,20.866666666666667,26.466666666666665,,30.333333333333332
2026-05-29 16:15:00,,29.066666666666666,24.133333333333333,39.733333333333334,30.866666666666667,32.333333333333336,21.066666666666666,25.2,,29.466666666666665
2026-05-29 16:30:00,,29.933333333333334,24.4,42.4,32.53333333333333,35.86666666666667,24.466666666666665,27.333333333333332,,32.4
2026-05-29 16:45:00,,28.8,24.2,88.93333333333334,32.13333333333333,37.666666666666664,21.666666666666668,25.466666666666665,,33.733333333333334
2026-05-29 17:00:00,,27.0,25.133333333333333,70.66666666666667,35.266666666666666,96.66666666666667,23.733333333333334,23.333333333333332,,41.2
2026-05-29 17:15:00,,27.333333333333332,26.8,28.666666666666668,33.86666666666667,45.0,30.333333333333332,22.933333333333334,,38.6
2026-05-29 17:30:00,,31.6,25.2,25.666666666666668,33.93333333333333,32.46666666666667,30.0,25.266666666666666,,40.06666666666667
2026-05-29 17:45:00,,33.666666666666664,29.333333333333332,1277.1333333333334,31.466666666666665,33.0,28.933333333333334,25.466666666666665,,32.8
2026-05-29 18:00:00,,30.933333333333334,30.733333333333334,2885.6666666666665,29.066666666666666,37.4,29.866666666666667,26.666666666666668,,37.6
2026-05-29 18:15:00,,33.0,36.0,2490.4666666666667,31.0,40.733333333333334,28.2,25.133333333333333,,36.53333333333333
2026-05-29 18:30:00,,33.733333333333334,35.266666666666666,1431.4666666666667,31.266666666666666,39.4,26.133333333333333,27.666666666666668,,35.0
2026-05-29 18:45:00,,33.53333333333333,36.86666666666667,909.0666666666667,26.266666666666666,40.0,27.333333333333332,27.533333333333335,,35.86666666666667
2026-05-29 19:00:00,,34.6,39.53333333333333,278.6666666666667,24.0,38.666666666666664,30.266666666666666,28.4,,42.4
2026-05-29 19:15:00,,32.46666666666667,40.0,1795.0666666666666,25.2,38.8,35.6,33.733333333333334,,50.4
2026-05-29 19:30:00,,39.93333333333333,38.53333333333333,381.1333333333333,25.066666666666666,37.4,38.333333333333336,32.0,,141.2
2026-05-29 19:45:00,,33.93333333333333,38.733333333333334,131.73333333333332,23.2,35.13333333333333,39.13333333333333,34.86666666666667,,52.8
2026-05-29 20:00:00,,36.93333333333333,41.93333333333333,247.26666666666668,29.2,35.6,39.2,34.0,,58.666666666666664
2026-05-29 20:15:00,,37.46666666666667,59.0,223.93333333333334,24.266666666666666,35.93333333333333,44.6,37.0,,63.666666666666664
2026-05-29 20:30:00,,35.0,40.666666666666664,274.6,25.066666666666666,36.266666666666666,43.93333333333333,36.86666666666667,,69.73333333333333
2026-05-29 20:45:00,,37.93333333333333,37.0,317.0,31.466666666666665,37.666666666666664,45.666666666666664,37.93333333333333,,63.46666666666667
2026-05-29 21:00:00,,34.8,41.2,294.6,36.0,36.8,45.53333333333333,40.333333333333336,,58.86666666666667
2026-05-29 21:15:00,,47.8,42.86666666666667,364.26666666666665,45.53333333333333,37.93333333333333,46.13333333333333,39.2,,62.333333333333336
2026-05-29 21:30:00,,39.93333333333333,44.8,398.6,44.2,39.666666666666664,46.86666666666667,37.4,,58.333333333333336
2026-05-29 21:45:00,,36.733333333333334,46.2,342.93333333333334,50.13333333333333,45.8,59.93333333333333,42.06666666666667,,57.06666666666667
2026-05-29 22:00:00,,40.6,45.4,369.0,52.666666666666664,47.13333333333333,51.4,40.266666666666666,,54.53333333333333
2026-05-29 22:15:00,,38.13333333333333,45.6,350.26666666666665,54.266666666666666,45.53333333333333,49.46666666666667,38.46666666666667,,58.93333333333333
2026-05-29 22:30:00,,36.93333333333333,44.666666666666664,319.06666666666666,50.333333333333336,46.86666666666667,46.8,38.666666666666664,,58.6
2026-05-29 22:45:00,,37.4,44.0,339.8666666666667,57.8,46.8,50.2,39.333333333333336,,60.666666666666664
2026-05-29 23:00:00,,40.2,43.13333333333333,325.53333333333336,49.86666666666667,43.666666666666664,52.13333333333333,37.733333333333334,,57.93333333333333
2026-05-29 23:15:00,,44.46666666666667,42.86666666666667,408.1333333333333,51.86666666666667,43.93333333333333,51.266666666666666,37.53333333333333,,63.0
2026-05-29 23:30:00,,44.0,42.93333333333333,393.2,57.53333333333333,47.333333333333336,53.46666666666667,39.53333333333333,,60.333333333333336
2026-05-29 23:45:00,,40.266666666666666,44.733333333333334,452.6,62.86666666666667,46.8,63.333333333333336,38.53333333333333,,56.53333333333333
2026-05-30 00:00:00,,40.4,46.93333333333333,441.53333333333336,67.8,45.666666666666664,70.46666666666667,40.06666666666667,,58.266666666666666
2026-05-30 00:15:00,,41.6,48.333333333333336,529.9333333333333,65.13333333333334,47.86666666666667,59.0,37.733333333333334,,60.266666666666666
2026-05-30 00:30:00,,39.666666666666664,44.6,600.5333333333333,70.73333333333333,49.2,63.86666666666667,39.53333333333333,,58.6
2026-05-30 00:45:00,,36.733333333333334,42.53333333333333,726.7333333333333,54.2,47.93333333333333,74.06666666666666,37.46666666666667,,55.6
2026-05-30 01:00:00,,36.333333333333336,45.6,789.4666666666667,48.53333333333333,48.4,75.2,39.333333333333336,,61.333333333333336
2026-05-30 01:15:00,,35.53333333333333,41.333333333333336,854.1333333333333,76.53333333333333,47.0,80.66666666666667,38.4,,58.266666666666666
2026-05-30 01:30:00,,36.0,42.2,894.8,495.0,48.0,70.93333333333334,35.8,,57.266666666666666
2026-05-30 01:45:00,,34.2,42.0,704.3333333333334,1447.6666666666667,42.86666666666667,70.26666666666667,35.733333333333334,,68.53333333333333
2026-05-30 02:00:00,,36.4,43.6,549.4666666666667,1588.2,44.06666666666667,67.4,37.86666666666667,,70.0
2026-05-30 02:15:00,,40.266666666666666,43.333333333333336,408.26666666666665,1554.7333333333333,43.4,73.4,39.8,,62.13333333333333
2026-05-30 02:30:00,,38.13333333333333,44.733333333333334,408.93333333333334,1518.4,42.86666666666667,75.13333333333334,38.0,,63.2
2026-05-30 02:45:00,,38.266666666666666,43.06666666666667,358.2,1416.8666666666666,43.53333333333333,74.33333333333333,40.6,,61.4
2026-05-30 03:00:00,,38.93333333333333,41.93333333333333,302.8666666666667,1298.0666666666666,45.06666666666667,67.66666666666667,39.333333333333336,,62.266666666666666
2026-05-30 03:15:00,,38.06666666666667,44.93333333333333,289.93333333333334,1111.3333333333333,271.6,63.266666666666666,40.2,,59.13333333333333
2026-05-30 03:30:00,,37.0,43.93333333333333,324.1333333333333,1184.4,48.13333333333333,56.266666666666666,41.6,,66.86666666666666
2026-05-30 03:45:00,,36.333333333333336,43.733333333333334,343.3333333333333,1261.2,45.666666666666664,62.8,38.266666666666666,,60.266666666666666
2026-05-30 04:00:00,,40.53333333333333,43.13333333333333,366.4,950.4,47.0,60.8,39.46666666666667,,63.2
2026-05-30 04:15:00,,42.8,45.2,350.6,977.6666666666666,51.0,82.2,39.4,,62.266666666666666
2026-05-30 04:30:00,,43.93333333333333,45.333333333333336,381.2,703.2,50.0,73.33333333333333,38.733333333333334,,62.53333333333333
2026-05-30 04:45:00,,41.6,44.666666666666664,375.2,560.2666666666667,49.53333333333333,65.33333333333333,42.4,,70.6
2026-05-30 05:00:00,,43.46666666666667,46.4,376.3333333333333,558.4,55.86666666666667,126.73333333333333,41.93333333333333,,70.46666666666667
2026-05-30 05:15:00,,46.0,49.86666666666667,300.1333333333333,578.9333333333333,39.0,92.86666666666666,45.8,,72.0
2026-05-30 05:30:00,,43.46666666666667,51.46666666666667,399.8,569.9333333333333,0.0,69.66666666666667,50.06666666666667,,62.6
2026-05-30 05:45:00,,47.0,51.666666666666664,360.8666666666667,662.6,0.0,71.53333333333333,50.06666666666667,,68.73333333333333
2026-05-30 06:00:00,,54.266666666666666,54.6,358.53333333333336,579.4666666666667,0.0,94.2,49.53333333333333,,69.73333333333333
2026-05-30 06:15:00,,50.93333333333333,57.46666666666667,320.6666666666667,542.6666666666666,0.0,102.33333333333333,48.93333333333333,,67.4
2026-05-30 06:30:00,,48.93333333333333,58.93333333333333,280.93333333333334,545.2666666666667,24.0,88.8,49.4,,66.06666666666666
2026-05-30 06:45:00,,46.53333333333333,57.0,1692.5333333333333,966.2666666666667,1670.3333333333333,75.53333333333333,51.2,,62.4
2026-05-30 07:00:00,,35.333333333333336,50.46666666666667,3776.2,1364.8,1010.2,69.6,54.266666666666666,,70.0
2026-05-30 07:15:00,,31.733333333333334,46.6,2948.866666666667,545.4666666666667,472.8,66.06666666666666,51.0,,73.46666666666667
2026-05-30 07:30:00,,26.733333333333334,42.733333333333334,3183.4666666666667,70.93333333333334,644.2,67.06666666666666,48.13333333333333,,69.33333333333333
2026-05-30 07:45:00,,23.2,38.4,3584.4666666666667,59.0,1222.0,58.86666666666667,46.333333333333336,,65.26666666666667
2026-05-30 08:00:00,,22.066666666666666,35.733333333333334,3606.733333333333,51.86666666666667,1560.2,55.266666666666666,43.0,,68.66666666666667
2026-05-30 08:15:00,,24.333333333333332,30.333333333333332,3350.866666666667,53.06666666666667,1668.3333333333333,55.0,36.666666666666664,,61.53333333333333
2026-05-30 08:30:00,,21.466666666666665,29.733333333333334,3477.3333333333335,61.0,1678.0,52.8,32.733333333333334,,64.0
2026-05-30 08:45:00,,26.666666666666668,26.066666666666666,1605.6666666666667,62.06666666666667,1346.3333333333333,49.93333333333333,31.133333333333333,,63.2
2026-05-30 09:00:00,,19.866666666666667,22.6,569.6,75.6,1100.7333333333333,48.53333333333333,26.6,,61.4
2026-05-30 09:15:00,,22.933333333333334,20.866666666666667,1470.6666666666667,61.6,920.0666666666667,52.53333333333333,25.266666666666666,,58.666666666666664
2026-05-30 09:30:00,,18.733333333333334,20.4,1007.4666666666667,60.6,356.4,46.0,26.0,,77.46666666666667
2026-05-30 09:45:00,,14.8,17.2,1070.3333333333333,58.86666666666667,247.53333333333333,46.86666666666667,23.666666666666668,,53.53333333333333
2026-05-30 10:00:00,,14.133333333333333,20.4,895.6,57.333333333333336,120.33333333333333,49.46153846153846,22.8,,49.333333333333336
2026-05-30 10:15:00,,16.4,22.266666666666666,895.9333333333333,58.266666666666666,59.93333333333333,,20.4,,46.6
2026-05-30 10:30:00,,16.066666666666666,19.666666666666668,979.8,57.86666666666667,59.13333333333333,,18.4,,47.53333333333333
2026-05-30 10:45:00,,14.933333333333334,16.333333333333332,1164.3333333333333,65.33333333333333,46.6,,18.533333333333335,,47.46666666666667
2026-05-30 11:00:00,,13.466666666666667,17.8,1097.9333333333334,61.333333333333336,25.533333333333335,,19.6,,46.333333333333336
2026-05-30 11:15:00,,32.8,16.2,1107.8,60.2,43.6,,18.6,,44.86666666666667
2026-05-30 11:30:00,,22.466666666666665,14.8,1249.3333333333333,55.333333333333336,37.733333333333334,,17.533333333333335,,37.8
2026-05-30 11:45:00,,24.0,17.266666666666666,1307.3333333333333,49.0,13.2,,18.6,,35.4
2026-05-30 12:00:00,,22.133333333333333,15.0,1240.9333333333334,74.53333333333333,10.6,,16.6,,32.13333333333333
2026-05-30 12:15:00,,19.933333333333334,13.533333333333333,1088.1333333333334,87.06666666666666,8.733333333333333,,18.333333333333332,,32.666666666666664
2026-05-30 12:30:00,,17.90909090909091,15.933333333333334,1126.0,650.8,15.0,,18.666666666666668,,42.13333333333333
2026-05-30 12:45:00,,10.0,15.066666666666666,840.6,342.8666666666667,12.0,,16.4,,43.86666666666667
2026-05-30 13:00:00,,,13.8,696.4,27.533333333333335,8.866666666666667,,18.4,,27.266666666666666
2026-05-30 13:15:00,,,12.933333333333334,600.2,28.2,6.133333333333334,,15.733333333333333,,49.13333333333333
2026-05-30 13:30:00,,,13.666666666666666,901.9333333333333,29.6,6.0,,14.866666666666667,,27.333333333333332
2026-05-30 13:45:00,,,13.866666666666667,1115.0,32.53333333333333,15.8,,14.866666666666667,,23.933333333333334
2026-05-30 14:00:00,,,12.466666666666667,712.4,30.333333333333332,11.133333333333333,,15.6,,20.6
2026-05-30 14:15:00,,,12.866666666666667,1201.6,29.733333333333334,22.466666666666665,,43.0,,22.333333333333332
2026-05-30 14:30:00,,,12.933333333333334,1083.3333333333333,28.4,18.133333333333333,,17.4,,21.333333333333332
2026-05-30 14:45:00,,,12.333333333333334,1118.4666666666667,27.066666666666666,16.933333333333334,,14.0,,19.533333333333335
2026-05-30 15:00:00,,,17.266666666666666,1519.0666666666666,24.733333333333334,19.4,,13.0,,19.066666666666666
2026-05-30 15:15:00,,,13.0,1120.7333333333333,23.0,17.4,,,,23.933333333333334
2026-05-30 15:30:00,,,13.6,1144.0,22.8,18.866666666666667,,,,20.133333333333333
2026-05-30 15:45:00,,,10.8,1560.6,25.733333333333334,20.466666666666665,,,,19.866666666666667
2026-05-30 16:00:00,,,12.933333333333334,1573.1333333333334,21.466666666666665,19.733333333333334,79.9,,,22.4
2026-05-30 16:15:00,,,12.4,1839.4666666666667,26.6,17.266666666666666,21.333333333333332,,,19.466666666666665
2026-05-30 16:30:00,,,14.066666666666666,1526.4666666666667,36.93333333333333,14.266666666666667,20.866666666666667,,,19.8
2026-05-30 16:45:00,,,12.533333333333333,1320.6,23.533333333333335,26.8,16.4,,,20.133333333333333
2026-05-30 17:00:00,,,14.333333333333334,1500.2666666666667,28.533333333333335,13.866666666666667,17.466666666666665,,,18.933333333333334
2026-05-30 17:15:00,,,12.533333333333333,1242.4666666666667,29.933333333333334,13.066666666666666,18.066666666666666,,,18.4
2026-05-30 17:30:00,,,14.066666666666666,1295.6666666666667,28.8,9.666666666666666,16.133333333333333,,,19.8
2026-05-30 17:45:00,,,14.466666666666667,3202.133333333333,23.666666666666668,12.066666666666666,14.133333333333333,,,25.0
2026-05-30 18:00:00,,,14.733333333333333,549.6666666666666,24.333333333333332,3.466666666666667,16.266666666666666,,,31.533333333333335
2026-05-30 18:15:00,,,13.4,7.6,24.666666666666668,12.266666666666667,13.333333333333334,,,17.333333333333332
2026-05-30 18:30:00,,,14.0,8.4,28.0,6.8,15.0,,,18.2
2026-05-30 18:45:00,,,13.533333333333333,7.933333333333334,26.733333333333334,14.666666666666666,14.8,,,14.866666666666667
2026-05-30 19:00:00,,,13.466666666666667,38.93333333333333,29.4,2.7333333333333334,18.466666666666665,,,16.866666666666667
2026-05-30 19:15:00,,,12.266666666666667,2059.133333333333,28.466666666666665,0.0,21.333333333333332,,,19.0
2026-05-30 19:30:00,,,12.8,9618.333333333334,31.533333333333335,0.0,18.333333333333332,,,19.0
2026-05-30 19:45:00,,,14.066666666666666,2169.0,33.6,0.0,18.0,,,15.333333333333334
2026-05-30 20:00:00,,,12.0,793.2,41.6,1.2666666666666666,14.6,,,17.0
2026-05-30 20:15:00,,,13.733333333333333,1002.6666666666666,37.46666666666667,0.2,17.066666666666666,,,17.4
2026-05-30 20:30:00,,,14.866666666666667,289.1333333333333,33.333333333333336,0.0,19.266666666666666,,,22.266666666666666
2026-05-30 20:45:00,,,13.466666666666667,3559.4,31.933333333333334,0.0,15.333333333333334,,,31.333333333333332
2026-05-30 21:00:00,,,13.666666666666666,4479.866666666667,36.46666666666667,0.0,17.666666666666668,,,25.266666666666666
2026-05-30 21:15:00,,,13.333333333333334,4580.333333333333,40.6,0.13333333333333333,22.066666666666666,,,28.066666666666666
2026-05-30 21:30:00,,,13.0,4570.066666666667,41.53333333333333,0.26666666666666666,127.0,,,30.533333333333335
2026-05-30 21:45:00,,,13.733333333333333,4625.4,37.53333333333333,0.2,32.8,,,25.666666666666668
2026-05-30 22:00:00,,,14.933333333333334,4168.133333333333,39.06666666666667,0.0,37.266666666666666,,,26.133333333333333
2026-05-30 22:15:00,,,14.866666666666667,4363.533333333334,39.6,0.06666666666666667,35.266666666666666,,,27.933333333333334
2026-05-30 22:30:00,,,15.0,4142.666666666667,38.6,0.26666666666666666,39.53333333333333,,,30.266666666666666
2026-05-30 22:45:00,,,17.8,3997.866666666667,39.93333333333333,4.4,41.666666666666664,,,28.4
2026-05-30 23:00:00,,,20.4,3451.266666666667,36.8,2352.133333333333,43.46666666666667,,,28.4
2026-05-30 23:15:00,,,22.933333333333334,3474.4666666666667,36.2,7072.4,46.4,,,26.933333333333334
2026-05-30 23:30:00,,,25.333333333333332,3060.133333333333,36.0,13.866666666666667,62.8,,,29.066666666666666
2026-05-30 23:45:00,,,25.0,3342.4666666666667,38.06666666666667,9.066666666666666,45.6,,,29.666666666666668
2026-05-31 00:00:00,,,24.4,3060.5333333333333,22.4,15.866666666666667,42.266666666666666,,,28.8
2026-05-31 00:15:00,,,26.466666666666665,2960.0,58.0,15.266666666666667,75.53333333333333,,,32.06666666666667
2026-05-31 00:30:00,,,27.133333333333333,3310.266666666667,143.4,31.2,91.53333333333333,,,36.0
2026-05-31 00:45:00,,,27.4,3871.866666666667,113.86666666666666,69.46666666666667,69.26666666666667,,,31.866666666666667
2026-05-31 01:00:00,,,26.266666666666666,3203.8,103.0,191.66666666666666,76.73333333333333,,,29.266666666666666
2026-05-31 01:15:00,,,26.866666666666667,3379.9333333333334,99.4,269.6,78.2,,,30.533333333333335
2026-05-31 01:30:00,,,26.333333333333332,2997.733333333333,54.86666666666667,811.2666666666667,87.06666666666666,,,34.4
2026-05-31 01:45:00,,,28.4,3548.8,30.066666666666666,1162.8,76.86666666666666,,,38.333333333333336
2026-05-31 02:00:00,,,28.6,3087.6,16.666666666666668,2280.2,70.66666666666667,,,42.13333333333333
2026-05-31 02:15:00,,,30.666666666666668,2809.733333333333,10.066666666666666,2073.3333333333335,74.66666666666667,,,41.6
2026-05-31 02:30:00,,,30.533333333333335,2793.133333333333,4.333333333333333,2673.133333333333,65.2,,,38.733333333333334
2026-05-31 02:45:00,,,31.133333333333333,2377.733333333333,2.1333333333333333,2264.5333333333333,58.86666666666667,,,35.666666666666664
2026-05-31 03:00:00,,,31.2,2118.8,2.2,1897.2666666666667,56.666666666666664,,,36.46666666666667
2026-05-31 03:15:00,,,31.133333333333333,1641.8,2.4,1298.8666666666666,55.0,,,36.0
2026-05-31 03:30:00,,,31.6,1320.0666666666666,2.533333333333333,1390.5333333333333,62.13333333333333,,,45.266666666666666
2026-05-31 03:45:00,,,30.6,1313.2666666666667,2.8,914.5333333333333,54.333333333333336,,,39.8
2026-05-31 04:00:00,,,29.866666666666667,972.0,1.6,621.2666666666667,58.4,,,39.53333333333333
2026-05-31 04:15:00,,,32.4,744.3333333333334,1.8,233.66666666666666,57.2,,,35.06666666666667
2026-05-31 04:30:00,,,31.733333333333334,744.2666666666667,0.8666666666666667,113.66666666666667,53.266666666666666,,,38.733333333333334
2026-05-31 04:45:00,,,31.733333333333334,744.8666666666667,1.6,10.333333333333334,58.53333333333333,,,46.8
2026-05-31 05:00:00,,,31.6,648.3333333333334,5.2,0.9333333333333333,62.266666666666666,,,45.06666666666667
2026-05-31 05:15:00,,,32.4,721.1333333333333,4.666666666666667,0.13333333333333333,64.73333333333333,,,39.06666666666667
2026-05-31 05:30:00,,,34.53333333333333,709.2666666666667,14.0,0.0,59.0,,,38.733333333333334
2026-05-31 05:45:00,,,33.93333333333333,761.9333333333333,36.733333333333334,0.3333333333333333,57.666666666666664,,,41.4
2026-05-31 06:00:00,,,34.4,746.6,35.86666666666667,0.7333333333333333,65.26666666666667,,,40.93333333333333
2026-05-31 06:15:00,,,36.666666666666664,733.3333333333334,19.933333333333334,0.2,63.333333333333336,,,47.8
2026-05-31 06:30:00,,,35.733333333333334,695.6,8.8,0.2,49.53333333333333,,,52.53333333333333
2026-05-31 06:45:00,,,43.4,735.9333333333333,0.06666666666666667,0.0,48.4,,,41.2
2026-05-31 07:00:00,,,38.06666666666667,869.1333333333333,0.0,0.0,46.266666666666666,,,46.53333333333333
2026-05-31 07:15:00,,,36.666666666666664,966.4,131.66666666666666,0.0,52.13333333333333,,,65.06666666666666
2026-05-31 07:30:00,,,40.4,1474.6,380.53333333333336,0.7333333333333333,49.666666666666664,,,47.46666666666667
2026-05-31 07:45:00,,,40.333333333333336,1386.0666666666666,117.06666666666666,0.26666666666666666,52.8,,,49.53333333333333
2026-05-31 08:00:00,,,30.0,1459.2,33.4,81.93333333333334,47.06666666666667,,,45.266666666666666
2026-05-31 08:15:00,,,26.333333333333332,1706.2,39.0,173.2,45.13333333333333,,,39.733333333333334
2026-05-31 08:30:00,,,25.8,2248.133333333333,46.93333333333333,554.0,41.2,,,35.333333333333336
2026-05-31 08:45:00,,,23.066666666666666,4146.2,40.2,2076.4666666666667,47.86666666666667,,,32.06666666666667
2026-05-31 09:00:00,,,24.266666666666666,3907.4666666666667,38.666666666666664,1129.5333333333333,34.6,,,27.4
2026-05-31 09:15:00,,,24.066666666666666,2782.733333333333,35.13333333333333,768.7333333333333,34.0,,,29.266666666666666
2026-05-31 09:30:00,,,25.066666666666666,2561.866666666667,28.133333333333333,767.8666666666667,33.733333333333334,,,27.133333333333333
2026-05-31 09:45:00,,,24.266666666666666,470.46666666666664,29.4,786.2,28.8,,,26.4
2026-05-31 10:00:00,,,23.066666666666666,240.33333333333334,27.866666666666667,1107.6,26.666666666666668,,,25.2
2026-05-31 10:15:00,,,21.8,249.73333333333332,26.533333333333335,1737.0,23.066666666666666,,,27.6
2026-05-31 10:30:00,,,20.466666666666665,323.6,25.666666666666668,2337.5333333333333,21.666666666666668,,,24.6
2026-05-31 10:45:00,,,24.133333333333333,195.46666666666667,25.933333333333334,2182.2,20.2,,,159.13333333333333
2026-05-31 11:00:00,,,23.0,233.2,22.533333333333335,2196.133333333333,19.933333333333334,,,23.4
2026-05-31 11:15:00,,,21.333333333333332,137.93333333333334,26.6,2350.9333333333334,19.4,,,19.0
2026-05-31 11:30:00,,,20.2,193.73333333333332,22.466666666666665,2520.9333333333334,18.466666666666665,,,20.6
2026-05-31 11:45:00,,,20.066666666666666,257.93333333333334,22.933333333333334,2315.9333333333334,17.666666666666668,,,19.933333333333334
2026-05-31 12:00:00,,,19.0,104.46666666666667,23.466666666666665,2028.9333333333334,17.0,,,20.0
2026-05-31 12:15:00,,,19.066666666666666,202.2,28.066666666666666,1792.6666666666667,16.2,,,18.2
2026-05-31 12:30:00,,,17.266666666666666,238.06666666666666,25.6,1821.0666666666666,16.666666666666668,,,23.133333333333333
2026-05-31 12:45:00,,,18.733333333333334,181.73333333333332,23.6,1151.0,15.933333333333334,,,16.466666666666665
2026-05-31 13:00:00,,,17.533333333333335,457.0,20.133333333333333,1479.2,14.2,,,17.6
2026-05-31 13:15:00,,,18.866666666666667,442.8,18.866666666666667,1556.0,16.733333333333334,,,16.866666666666667
2026-05-31 13:30:00,,,19.133333333333333,754.7333333333333,21.133333333333333,1076.2,17.666666666666668,,,26.133333333333333
2026-05-31 13:45:00,,,18.733333333333334,537.4,17.6,597.4,27.466666666666665,,,15.6
2026-05-31 14:00:00,,,18.533333333333335,229.46666666666667,21.266666666666666,467.93333333333334,14.333333333333334,,,17.333333333333332
2026-05-31 14:15:00,,,18.533333333333335,133.93333333333334,19.133333333333333,355.6,17.733333333333334,,,17.066666666666666
2026-05-31 14:30:00,,,17.266666666666666,81.06666666666666,18.666666666666668,313.53333333333336,16.933333333333334,,,20.466666666666665
2026-05-31 14:45:00,,,17.266666666666666,79.0,23.6,479.93333333333334,16.933333333333334,,,14.0
2026-05-31 15:00:00,,,18.266666666666666,38.4,19.4,433.73333333333335,12.066666666666666,,,12.266666666666667
2026-05-31 15:15:00,,,15.8,69.13333333333334,18.066666666666666,365.46666666666664,12.933333333333334,,,12.333333333333334
2026-05-31 15:30:00,,,16.4,38.46666666666667,17.466666666666665,558.2,16.733333333333334,,,13.0
2026-05-31 15:45:00,,,16.733333333333334,36.2,19.266666666666666,493.93333333333334,13.066666666666666,,,16.6
2026-05-31 16:00:00,,,18.666666666666668,33.53333333333333,72.8,424.73333333333335,81.0,,,12.866666666666667
2026-05-31 16:15:00,,,17.333333333333332,37.266666666666666,80.26666666666667,454.1333333333333,39.6,,,15.133333333333333
2026-05-31 16:30:00,,,13.6,37.13333333333333,16.2,303.53333333333336,25.266666666666666,,,13.466666666666667
2026-05-31 16:45:00,,,12.933333333333334,37.06666666666667,17.066666666666666,247.26666666666668,19.6,,,16.266666666666666
2026-05-31 17:00:00,,,13.066666666666666,37.13333333333333,14.4,287.2,13.466666666666667,,,15.4
2026-05-31 17:15:00,,,15.4,30.0,11.866666666666667,211.6,14.133333333333333,,,14.133333333333333
2026-05-31 17:30:00,,,14.8,24.733333333333334,14.866666666666667,226.33333333333334,13.8,,,16.6
2026-05-31 17:45:00,,,15.733333333333333,43.86666666666667,15.0,180.2,14.8,,,18.6
2026-05-31 18:00:00,,,19.6,856.4,15.733333333333333,262.4,12.266666666666667,,,22.333333333333332
2026-05-31 18:15:00,,,23.066666666666666,321.8666666666667,18.2,194.86666666666667,14.133333333333333,,,24.133333333333333
2026-05-31 18:30:00,,,15.533333333333333,373.8,83.6,266.93333333333334,16.466666666666665,,,25.8
2026-05-31 18:45:00,,,16.0,1230.0666666666666,15.4,287.93333333333334,19.333333333333332,,,31.866666666666667
2026-05-31 19:00:00,,,15.333333333333334,1398.0666666666666,21.333333333333332,314.4,24.933333333333334,,,31.133333333333333
2026-05-31 19:15:00,,,17.8,1129.0666666666666,16.933333333333334,296.1333333333333,24.4,,,29.466666666666665
2026-05-31 19:30:00,,,18.466666666666665,87.06666666666666,17.083333333333332,270.93333333333334,25.2,,,35.46666666666667
2026-05-31 19:45:00,,,18.2,364.2,,488.46666666666664,30.266666666666666,,,27.133333333333333
2026-05-31 20:00:00,,,18.0,1179.4666666666667,,574.0666666666667,23.066666666666666,,,28.266666666666666
2026-05-31 20:15:00,,,17.733333333333334,1226.6,,1334.3333333333333,47.0,,,28.733333333333334
2026-05-31 20:30:00,,,17.333333333333332,947.6,,2169.5333333333333,44.4,,,28.866666666666667
2026-05-31 20:45:00,,,17.933333333333334,598.8666666666667,,2502.4666666666667,25.666666666666668,,,30.4
2026-05-31 21:00:00,,,18.8,598.0,,2351.4666666666667,31.6,,,31.866666666666667
2026-05-31 21:15:00,,,21.133333333333333,710.0,,18.733333333333334,38.333333333333336,,,34.86666666666667
2026-05-31 21:30:00,,,20.933333333333334,704.1333333333333,,1.9333333333333333,52.0,,,34.6
2026-05-31 21:45:00,,,23.2,854.0,,2.7333333333333334,32.06666666666667,,,37.0
2026-05-31 22:00:00,,,23.866666666666667,853.2666666666667,,3.933333333333333,55.93333333333333,,,36.2
2026-05-31 22:15:00,,,28.0,956.7333333333333,,51.46666666666667,41.6,,,30.4
2026-05-31 22:30:00,,,16.545454545454547,896.8,,131.2,31.933333333333334,,,29.4
2026-05-31 22:45:00,,,18.0,895.9333333333333,,63.86666666666667,32.733333333333334,,,29.733333333333334
2026-05-31 23:00:00,,,,1088.6666666666667,,61.86666666666667,29.8,,,31.133333333333333
2026-05-31 23:15:00,,,,1054.2,,41.46666666666667,31.933333333333334,,,32.86666666666667
2026-05-31 23:30:00,,,,1362.0,,63.733333333333334,31.066666666666666,,,33.266666666666666
2026-05-31 23:45:00,,,,1663.6666666666667,,72.73333333333333,33.13333333333333,,,31.866666666666667
2026-06-01 00:00:00,,,,1561.4666666666667,,98.26666666666667,36.93333333333333,,,36.0
2026-06-01 00:15:00,,,,1514.1333333333334,,150.8,36.266666666666666,,,33.333333333333336
2026-06-01 00:30:00,,,,1296.2,,274.73333333333335,40.6,,,43.93333333333333
2026-06-01 00:45:00,,,,1429.8,,2748.5333333333333,41.93333333333333,,,47.6
2026-06-01 01:00:00,,,,1386.4,,1682.6666666666667,43.2,,,49.8
2026-06-01 01:15:00,,,,1411.4,,593.6666666666666,39.6,,,45.666666666666664
2026-06-01 01:30:00,,,,1207.8666666666666,,276.53333333333336,43.266666666666666,,,42.666666666666664
2026-06-01 01:45:00,,,,1238.6,,133.2,43.53333333333333,,,39.666666666666664
2026-06-01 02:00:00,,,,1105.4666666666667,,355.6666666666667,45.6,,,38.266666666666666
2026-06-01 02:15:00,,,,1074.4,,356.8666666666667,47.06666666666667,,,40.733333333333334
2026-06-01 02:30:00,,,,965.5333333333333,,1466.9333333333334,45.333333333333336,,,38.4
2026-06-01 02:45:00,,,,862.6666666666666,,2277.9333333333334,53.4,,,36.333333333333336
2026-06-01 03:00:00,,,,896.0,,2288.866666666667,54.666666666666664,,,40.4
2026-06-01 03:15:00,,,,836.8,,1697.5333333333333,58.666666666666664,,,37.53333333333333
2026-06-01 03:30:00,,,,554.8666666666667,,898.6,55.266666666666666,,,35.4
2026-06-01 03:45:00,,,,421.8666666666667,,239.26666666666668,57.46666666666667,,,42.666666666666664
2026-06-01 04:00:00,,,,269.53333333333336,,73.6,56.53333333333333,,,51.93333333333333
2026-06-01 04:15:00,,,,203.4,,22.666666666666668,55.86666666666667,,,44.46666666666667
2026-06-01 04:30:00,,,,215.4,,0.06666666666666667,55.8,,,40.86666666666667
2026-06-01 04:45:00,,,,205.6,,0.0,54.4,,,40.93333333333333
2026-06-01 05:00:00,,,,170.86666666666667,,0.0,54.53333333333333,,,41.93333333333333
2026-06-01 05:15:00,,,,155.2,,0.0,59.266666666666666,,,39.266666666666666
2026-06-01 05:30:00,,,,172.0,,0.06666666666666667,59.13333333333333,,,40.13333333333333
2026-06-01 05:45:00,,,,151.26666666666668,,0.13333333333333333,57.53333333333333,,,40.93333333333333
2026-06-01 06:00:00,,,,176.13333333333333,,0.2,63.46666666666667,,,41.13333333333333
2026-06-01 06:15:00,,,,168.86666666666667,,0.4,59.46666666666667,,,42.666666666666664
2026-06-01 06:30:00,,,,159.46666666666667,,0.06666666666666667,59.0,,,47.666666666666664
2026-06-01 06:45:00,,,,162.93333333333334,,0.0,74.66666666666667,,,44.266666666666666
2026-06-01 07:00:00,,,,197.8,,0.0,69.73333333333333,,,60.666666666666664
2026-06-01 07:15:00,,,,187.13333333333333,,,63.266666666666666,,,64.46666666666667
2026-06-01 07:30:00,,,,204.53333333333333,,,63.266666666666666,,,60.46666666666667
2026-06-01 07:45:00,,,,281.1333333333333,,,67.06666666666666,,,52.53333333333333
2026-06-01 08:00:00,,,,898.6666666666666,,,65.93333333333334,,,53.6
2026-06-01 08:15:00,,,,243.53333333333333,,,58.6,,,51.06666666666667
2026-06-01 08:30:00,,,,270.0,,,65.33333333333333,,,47.666666666666664
2026-06-01 08:45:00,,,,220.33333333333334,,,58.93333333333333,,,43.46666666666667
2026-06-01 09:00:00,,,,209.2,,,87.8,,,43.53333333333333
2026-06-01 09:15:00,,,,276.8,,,58.666666666666664,,,43.53333333333333
2026-06-01 09:30:00,,,,196.2,,,65.06666666666666,,,55.6
2026-06-01 09:45:00,,,,216.46666666666667,,,56.53333333333333,,,35.86666666666667
2026-06-01 10:00:00,,,,299.26666666666665,,,38.666666666666664,,,37.666666666666664
2026-06-01 10:15:00,,,,338.6,,,35.0,,,33.2
2026-06-01 10:30:00,,,,341.6666666666667,,,37.86666666666667,,,36.733333333333334
2026-06-01 10:45:00,,,,207.73333333333332,,,32.266666666666666,,,32.6
2026-06-01 11:00:00,,,,180.33333333333334,,,31.866666666666667,,,34.53333333333333
2026-06-01 11:15:00,,,31.0,159.0,,,29.0,,,30.4
2026-06-01 11:30:00,,,,180.4,,,28.133333333333333,,,29.933333333333334
2026-06-01 11:45:00,,,,141.86666666666667,,,27.2,,,30.266666666666666
2026-06-01 12:00:00,,,,298.1333333333333,,,27.266666666666666,,,34.733333333333334
2026-06-01 12:15:00,,,,131.53333333333333,,,27.266666666666666,,,33.266666666666666
2026-06-01 12:30:00,,,,159.53333333333333,,,27.533333333333335,,,33.4
2026-06-01 12:45:00,,,,114.33333333333333,,,29.266666666666666,,,39.333333333333336
2026-06-01 13:00:00,,,,102.2,,,26.533333333333335,,,39.06666666666667
2026-06-01 13:15:00,,,,76.46666666666667,,,28.533333333333335,,,32.8
2026-06-01 13:30:00,,,,53.266666666666666,,,27.8,,,42.333333333333336
2026-06-01 13:45:00,,,,39.46666666666667,,,31.533333333333335,,,30.133333333333333
2026-06-01 14:00:00,,,,148.53333333333333,,,29.266666666666666,,,32.06666666666667
2026-06-01 14:15:00,,,,342.53333333333336,,,25.066666666666666,,,35.13333333333333
2026-06-01 14:30:00,,,,199.33333333333334,,,25.133333333333333,,,37.8
2026-06-01 14:45:00,,,,106.46666666666667,,,29.4,,,34.06666666666667
2026-06-01 15:00:00,,,,105.0,,,29.2,,,30.4
2026-06-01 15:15:00,,,,72.73333333333333,,,28.933333333333334,,,36.4
2026-06-01 15:30:00,,,,156.86666666666667,,,76.33333333333333,,,33.2
2026-06-01 15:45:00,,,,50.06666666666667,,,30.866666666666667,,,35.13333333333333
2026-06-01 16:00:00,,,,52.333333333333336,,,26.333333333333332,,,35.46666666666667
2026-06-01 16:15:00,,,,72.0,,,25.266666666666666,,,38.0
2026-06-01 16:30:00,,,,71.4,,,29.8,,,39.2
2026-06-01 16:45:00,,,,55.0,,,30.4,,,36.86666666666667
2026-06-01 17:00:00,,,,50.6,,,30.466666666666665,,,49.53333333333333
2026-06-01 17:15:00,,,,78.26666666666667,,,29.866666666666667,,,37.6
2026-06-01 17:30:00,,,,29.466666666666665,,,27.733333333333334,,,39.333333333333336
2026-06-01 17:45:00,,,,49.13333333333333,,,28.4,,,41.6
2026-06-01 18:00:00,,,,47.13333333333333,,,25.266666666666666,,,35.53333333333333
2026-06-01 18:15:00,,,,32.733333333333334,,,30.333333333333332,,,50.46666666666667
2026-06-01 18:30:00,,,,34.0,,,32.53333333333333,,,40.2
2026-06-01 18:45:00,,,,34.6,,,25.866666666666667,,,36.6
2026-06-01 19:00:00,,,,49.93333333333333,,,25.733333333333334,,,38.06666666666667
2026-06-01 19:15:00,,,,41.06666666666667,,,28.6,,,31.466666666666665
2026-06-01 19:30:00,,,,30.2,,,24.866666666666667,,,29.066666666666666
2026-06-01 19:45:00,,,,107.93333333333334,,,34.733333333333334,,,36.333333333333336
2026-06-01 20:00:00,,,,35.2,,,41.53333333333333,,,31.933333333333334
2026-06-01 20:15:00,,,,35.4,,,29.666666666666668,,,35.53333333333333
2026-06-01 20:30:00,,,,37.733333333333334,,,24.666666666666668,,,38.333333333333336
2026-06-01 20:45:00,,,,39.666666666666664,,,35.46666666666667,,,33.0
2026-06-01 21:00:00,,,,37.86666666666667,,,30.8,,,32.53333333333333
2026-06-01 21:15:00,,,,46.4,,,26.2,,,35.13333333333333
2026-06-01 21:30:00,,,,39.06666666666667,,,27.0,,,38.333333333333336
2026-06-01 21:45:00,,,,34.86666666666667,,,36.2,,,32.93333333333333
2026-06-01 22:00:00,,,,36.733333333333334,,,34.266666666666666,,,39.13333333333333
2026-06-01 22:15:00,,,,37.86666666666667,,,38.733333333333334,,,37.666666666666664
2026-06-01 22:30:00,,,,38.733333333333334,,,37.13333333333333,,,34.06666666666667
2026-06-01 22:45:00,,,,49.266666666666666,,,53.666666666666664,,,47.266666666666666
2026-06-01 23:00:00,,,,41.333333333333336,,,57.4,,,43.46666666666667
2026-06-01 23:15:00,,,,42.86666666666667,,,49.53333333333333,,,43.86666666666667
2026-06-01 23:30:00,,,,45.93333333333333,,,44.93333333333333,,,52.13333333333333
2026-06-01 23:45:00,,,,52.86666666666667,,,45.666666666666664,,,56.333333333333336
2026-06-02 00:00:00,,,,47.333333333333336,,,37.266666666666666,,,55.2
2026-06-02 00:15:00,,,,48.0,,,36.666666666666664,,,55.53333333333333
2026-06-02 00:30:00,,,,61.46666666666667,,,41.06666666666667,,,53.0
2026-06-02 00:45:00,,,,50.93333333333333,,,52.06666666666667,,,55.86666666666667
2026-06-02 01:00:00,,,,52.2,,,62.333333333333336,,,53.333333333333336
2026-06-02 01:15:00,,,,42.86666666666667,,,75.26666666666667,,,57.8
2026-06-02 01:30:00,,,,43.666666666666664,,,51.0,,,60.53333333333333
2026-06-02 01:45:00,,,,39.06666666666667,,,58.0,,,71.86666666666666
2026-06-02 02:00:00,,,,40.46666666666667,,,81.26666666666667,,,68.6
2026-06-02 02:15:00,,,,42.2,,,54.6,,,69.8
2026-06-02 02:30:00,,,,53.2,,,94.06666666666666,,,62.53333333333333
2026-06-02 02:45:00,,,,73.46666666666667,,,103.73333333333333,,,57.13333333333333
2026-06-02 03:00:00,,,,67.73333333333333,,,94.13333333333334,,,56.0
2026-06-02 03:15:00,,,,53.266666666666666,,,198.93333333333334,,,56.333333333333336
2026-06-02 03:30:00,,,,46.733333333333334,,,198.26666666666668,,,49.13333333333333
2026-06-02 03:45:00,,,,43.266666666666666,,,149.0,,,47.06666666666667
2026-06-02 04:00:00,,,,38.86666666666667,,,77.46666666666667,,,53.0
2026-06-02 04:15:00,,,,49.2,,,60.6,,,55.733333333333334
2026-06-02 04:30:00,,,,51.733333333333334,,,54.86666666666667,,,53.8
2026-06-02 04:45:00,,,,47.666666666666664,,,96.2,,,51.333333333333336
2026-06-02 05:00:00,,,,65.33333333333333,,,83.0,,,50.333333333333336
2026-06-02 05:15:00,,,,91.06666666666666,,,66.0,,,46.733333333333334
2026-06-02 05:30:00,,,,133.26666666666668,,,72.66666666666667,,,50.86666666666667
2026-06-02 05:45:00,,,,146.26666666666668,,,69.53333333333333,,,55.8
2026-06-02 06:00:00,,,,120.73333333333333,,,60.0,,,43.86666666666667
2026-06-02 06:15:00,,,,172.73333333333332,,,58.46666666666667,,,48.86666666666667
2026-06-02 06:30:00,,,,205.26666666666668,,,60.0,,,58.2
2026-06-02 06:45:00,,,,170.53333333333333,,,55.6,,,55.53333333333333
2026-06-02 07:00:00,,,,169.2,,,57.733333333333334,,,48.53333333333333
2026-06-02 07:15:00,,,,225.06666666666666,,,64.06666666666666,,,53.4
2026-06-02 07:30:00,,,,283.1333333333333,,,59.86666666666667,,,55.93333333333333
2026-06-02 07:45:00,,,,274.53333333333336,,,54.53333333333333,,,53.266666666666666
2026-06-02 08:00:00,,,,243.26666666666668,,,62.8,,,55.46666666666667
2026-06-02 08:15:00,,,,243.73333333333332,,,66.6,,,40.53333333333333
2026-06-02 08:30:00,,,,220.53333333333333,,,57.333333333333336,,,39.13333333333333
2026-06-02 08:45:00,,,,170.26666666666668,,,45.733333333333334,,,44.53333333333333
2026-06-02 09:00:00,,,,193.86666666666667,,,46.733333333333334,,,43.8
2026-06-02 09:15:00,,,,186.73333333333332,,,51.06666666666667,,,45.13333333333333
2026-06-02 09:30:00,,,,125.86666666666666,,,47.46666666666667,,,45.53333333333333
2026-06-02 09:45:00,,,,113.13333333333334,,,44.2,,,39.13333333333333
2026-06-02 10:00:00,,,,167.06666666666666,,,45.4,,,38.2
2026-06-02 10:15:00,,,,151.73333333333332,,,41.666666666666664,,,37.93333333333333
2026-06-02 10:30:00,,,,145.06666666666666,,,40.266666666666666,,,39.266666666666666
2026-06-02 10:45:00,,,,154.53333333333333,,,38.266666666666666,,,37.13333333333333
2026-06-02 11:00:00,,,,98.06666666666666,,,35.733333333333334,,,40.666666666666664
2026-06-02 11:15:00,,,,75.4,,,36.733333333333334,,,38.46666666666667
2026-06-02 11:30:00,,,,114.66666666666667,,,38.733333333333334,,,39.8
2026-06-02 11:45:00,,,,99.4,,,40.666666666666664,,,33.666666666666664
2026-06-02 12:00:00,,,,80.26666666666667,,,38.4,,,35.266666666666666
2026-06-02 12:15:00,,,,68.2,,,37.0,,,28.866666666666667
2026-06-02 12:30:00,,,,72.53333333333333,,,33.93333333333333,,,29.533333333333335
2026-06-02 12:45:00,,,,43.266666666666666,,,29.733333333333334,,,27.066666666666666
2026-06-02 13:00:00,,,,44.0,,,23.066666666666666,,,23.066666666666666
2026-06-02 13:15:00,,,,36.53333333333333,,,25.733333333333334,,,24.733333333333334
2026-06-02 13:30:00,,,,34.46666666666667,,,23.333333333333332,,,28.466666666666665
2026-06-02 13:45:00,,,,31.866666666666667,,,24.533333333333335,,,30.933333333333334
2026-06-02 14:00:00,,,,34.266666666666666,,,27.666666666666668,,,26.266666666666666
2026-06-02 14:15:00,,,,32.4,,,25.0,,,31.8
2026-06-02 14:30:00,,,,33.06666666666667,,,22.6,,,27.133333333333333
2026-06-02 14:45:00,,,,28.266666666666666,,,23.4,,,23.733333333333334
2026-06-02 15:00:00,,,,31.8,,,28.266666666666666,,,25.933333333333334
2026-06-02 15:15:00,,,,41.06666666666667,,,26.933333333333334,,,25.066666666666666
2026-06-02 15:30:00,,,,27.866666666666667,,,24.066666666666666,,,61.266666666666666
2026-06-02 15:45:00,,,,27.666666666666668,,,24.8,,,23.933333333333334
2026-06-02 16:00:00,,,,28.866666666666667,,,24.066666666666666,,,24.533333333333335
2026-06-02 16:15:00,,,,29.8,,,27.466666666666665,,,29.4
2026-06-02 16:30:00,,,,25.133333333333333,,,24.066666666666666,,,27.333333333333332
2026-06-02 16:45:00,,,,43.733333333333334,,,32.733333333333334,,,28.266666666666666
2026-06-02 17:00:00,,,,30.6,,,23.4,,,29.6
2026-06-02 17:15:00,,,,24.0,,,50.266666666666666,,,36.6
2026-06-02 17:30:00,,,,27.2,,,64.46666666666667,,,39.46666666666667
2026-06-02 17:45:00,,,,33.6,,,130.33333333333334,,,35.666666666666664
2026-06-02 18:00:00,,,,1331.9333333333334,,,28.933333333333334,,,34.0
2026-06-02 18:15:00,,,,29.066666666666666,,,23.533333333333335,,,32.8
2026-06-02 18:30:00,,,,966.7333333333333,,,20.333333333333332,,,30.4
2026-06-02 18:45:00,,,,77.2,,,19.4,,,28.4
2026-06-02 19:00:00,,,,348.6666666666667,,,20.4,,,29.2
2026-06-02 19:15:00,,,,928.8,,,22.6,,,25.933333333333334
2026-06-02 19:30:00,,,,713.1333333333333,,,29.6,,,25.6
2026-06-02 19:45:00,,,,27.0,,,20.4,,,30.133333333333333
2026-06-02 20:00:00,,,,27.733333333333334,,,25.2,,,26.466666666666665
2026-06-02 20:15:00,,,,29.133333333333333,,,26.466666666666665,,,25.066666666666666
2026-06-02 20:30:00,,,,26.8,,,22.466666666666665,,,37.93333333333333
2026-06-02 20:45:00,,,,26.333333333333332,,,27.8,,,35.8
2026-06-02 21:00:00,,,,28.333333333333332,,,33.0,,,31.733333333333334
2026-06-02 21:15:00,,,,29.933333333333334,,,33.8,,,33.6
2026-06-02 21:30:00,,,,33.5,,,31.266666666666666,,,32.0
2026-06-02 21:45:00,,,,,,,33.53333333333333,,,37.6
2026-06-02 22:00:00,,,,,,,38.46666666666667,,,36.93333333333333
2026-06-02 22:15:00,,,,,,,32.4,,,33.733333333333334
2026-06-02 22:30:00,,,,,,,33.86666666666667,,,34.666666666666664
2026-06-02 22:45:00,,,,,,,30.466666666666665,,,31.133333333333333
2026-06-02 23:00:00,,,,,,,34.666666666666664,,,30.8
2026-06-02 23:15:00,,,,,,,38.0,,,36.0
2026-06-02 23:30:00,,,,,,,31.666666666666668,,,41.46666666666667
2026-06-02 23:45:00,,,,,,,34.266666666666666,,,46.666666666666664
2026-06-03 00:00:00,,,,,,,36.8,,,42.733333333333334
2026-06-03 00:15:00,,,,,,,39.13333333333333,,,39.8
2026-06-03 00:30:00,,,,,,,41.93333333333333,,,34.333333333333336
2026-06-03 00:45:00,,,,,,,38.8,,,33.46666666666667
2026-06-03 01:00:00,,,,,,,40.733333333333334,,,34.06666666666667
2026-06-03 01:15:00,,,,,,,42.86666666666667,,,37.46666666666667
2026-06-03 01:30:00,,,,,,,45.333333333333336,,,52.6
2026-06-03 01:45:00,,,,,,,47.2,,,39.666666666666664
2026-06-03 02:00:00,,,,,,,46.8,,,35.93333333333333
2026-06-03 02:15:00,,,,,,,46.8,,,42.53333333333333
2026-06-03 02:30:00,,,,,,,50.93333333333333,,,45.13333333333333
2026-06-03 02:45:00,,,,,,,52.13333333333333,,,34.733333333333334
2026-06-03 03:00:00,,,,,,,57.0,,,37.06666666666667
2026-06-03 03:15:00,,,,,,,50.4,,,36.46666666666667
2026-06-03 03:30:00,,,,,,,49.86666666666667,,,38.4
2026-06-03 03:45:00,,,,,,,50.8,,,35.46666666666667
2026-06-03 04:00:00,,,,,,,50.266666666666666,,,34.93333333333333
2026-06-03 04:15:00,,,,,,,49.733333333333334,,,38.4
2026-06-03 04:30:00,,,,,,,51.13333333333333,,,41.06666666666667
2026-06-03 04:45:00,,,,,,,55.333333333333336,,,36.266666666666666
2026-06-03 05:00:00,,,,,,,56.0,,,35.93333333333333
2026-06-03 05:15:00,,,,,,,58.266666666666666,,,32.333333333333336
2026-06-03 05:30:00,,,,,,,55.733333333333334,,,33.2
2026-06-03 05:45:00,,,,,,,56.0,,,40.733333333333334
2026-06-03 06:00:00,,,,,,,61.8,,,41.8
2026-06-03 06:15:00,,,,,,,70.53333333333333,,,39.6
2026-06-03 06:30:00,,,,,,,71.53333333333333,,,37.93333333333333
2026-06-03 06:45:00,,,,,,,73.73333333333333,,,40.4
2026-06-03 07:00:00,,,,,,,70.26666666666667,,,37.666666666666664
2026-06-03 07:15:00,,,,,,,67.86666666666666,,,37.93333333333333
2026-06-03 07:30:00,,,,,,,68.46666666666667,,,43.06666666666667
2026-06-03 07:45:00,,,,,,,68.33333333333333,,,43.93333333333333
2026-06-03 08:00:00,,,,,,,62.46666666666667,,,43.8
2026-06-03 08:15:00,,,,,,,60.2,,,42.46666666666667
2026-06-03 08:30:00,,,,,,,55.13333333333333,,,45.666666666666664
2026-06-03 08:45:00,,,,,,,57.93333333333333,,,44.06666666666667
2026-06-03 09:00:00,,,,,,,55.2,,,42.46666666666667
2026-06-03 09:15:00,,,,,,,54.46666666666667,,,44.86666666666667
2026-06-03 09:30:00,,,,,,,52.4,,,40.333333333333336
2026-06-03 09:45:00,,,,,,,53.733333333333334,,,44.333333333333336
2026-06-03 10:00:00,,,,,,,51.333333333333336,,,42.4
2026-06-03 10:15:00,,,,,,,45.93333333333333,,,35.4
2026-06-03 10:30:00,,,,,,,44.13333333333333,,,38.666666666666664
2026-06-03 10:45:00,,,,,,,50.333333333333336,,,180.2
2026-06-03 11:00:00,,,,,,,44.4,,,33.733333333333334
2026-06-03 11:15:00,,,,,,,36.06666666666667,,,36.0
2026-06-03 11:30:00,,,,,,,35.46666666666667,,,
2026-06-03 11:45:00,,,,,,,31.666666666666668,,,
2026-06-03 12:00:00,,,,,,,31.466666666666665,,,
2026-06-03 12:15:00,,,,,,,31.2,,,
2026-06-03 12:30:00,,,,,,,33.53333333333333,,,
2026-06-03 12:45:00,,,,,,,32.93333333333333,,,
2026-06-03 13:00:00,,,,,,,41.0,,,
2026-06-03 13:15:00,,,,,,,32.333333333333336,,,
2026-06-03 13:30:00,,,,,,,30.666666666666668,,,
2026-06-03 13:45:00,,,,,,,48.53333333333333,,,
2026-06-03 14:00:00,,,,,,,103.4,,,
2026-06-03 14:15:00,,,,,,,212.66666666666666,,,
2026-06-03 14:30:00,,,,,,,73.2,,,
2026-06-03 14:45:00,,,,,,,40.53333333333333,,,
2026-06-03 15:00:00,,,,,,,39.8,,,
2026-06-03 15:15:00,,,,,,,154.46666666666667,,,
2026-06-03 15:30:00,,,,,,,39.6,,,
2026-06-03 15:45:00,,,,,,,45.0,,,105.0
2026-06-03 16:00:00,,,,,,,34.4,,,
2026-06-03 16:15:00,,,,,,,92.2,,,
2026-06-03 16:30:00,,,,,,,34.733333333333334,,,
2026-06-03 16:45:00,,,,,,,29.6,,,
2026-06-03 17:00:00,,,,,,,32.2,,,
2026-06-03 17:15:00,,,,,,,28.333333333333332,,,
2026-06-03 17:30:00,,,,,,,29.8,,,
2026-06-03 17:45:00,,,,,,,32.6,,,
2026-06-03 18:00:00,,,,,,,90.13333333333334,,,
2026-06-03 18:15:00,,,,,,,28.466666666666665,,,
2026-06-03 18:30:00,,,,,,,28.333333333333332,,,
2026-06-03 18:45:00,,,,,,,29.4,,,
2026-06-03 19:00:00,,,,,,,29.2,,,
2026-06-03 19:15:00,,,,,,,30.133333333333333,,,
2026-06-03 19:30:00,,,,,,,30.866666666666667,,,
2026-06-03 19:45:00,,,,,,,31.533333333333335,,,
2026-06-03 20:00:00,,,,,,,33.93333333333333,,,
2026-06-03 20:15:00,,,,,,,31.6,,,
2026-06-03 20:30:00,,,,,,,91.13333333333334,,,
2026-06-03 20:45:00,,,,,,,44.666666666666664,,,
2026-06-03 21:00:00,,,,,,,37.4,,,
2026-06-03 21:15:00,,,,,,,35.8,,,
2026-06-03 21:30:00,,,,,,,38.86666666666667,,,
2026-06-03 21:45:00,,,,,,,36.2,,,
2026-06-03 22:00:00,,,,,,,39.06666666666667,,,
2026-06-03 22:15:00,,,,,,,39.2,,,
2026-06-03 22:30:00,,,,,,,37.93333333333333,,,
2026-06-03 22:45:00,,,,,,,44.733333333333334,,,
2026-06-03 23:00:00,,,,,,,38.46666666666667,,,
2026-06-03 23:15:00,,,,,,,39.666666666666664,,,
2026-06-03 23:30:00,,,,,,,40.333333333333336,,,
2026-06-03 23:45:00,,,,,,,41.6,,,
2026-06-04 00:00:00,,,,,,,41.2,,,
2026-06-04 00:15:00,,,,,,,44.0,,,
2026-06-04 00:30:00,,,,,,,42.13333333333333,,,
2026-06-04 00:45:00,,,,,,,47.8,,,
2026-06-04 01:00:00,,,,,,,53.2,,,
2026-06-04 01:15:00,,,,,,,48.6,,,
2026-06-04 01:30:00,,,,,,,51.13333333333333,,,
2026-06-04 01:45:00,,,,,,,52.93333333333333,,,
2026-06-04 02:00:00,,,,,,,50.6,,,
2026-06-04 02:15:00,,,,,,,48.266666666666666,,,
2026-06-04 02:30:00,,,,,,,49.0,,,
2026-06-04 02:45:00,,,,,,,59.8,,,
2026-06-04 03:00:00,,,,,,,69.06666666666666,,,
2026-06-04 03:15:00,,,,,,,69.93333333333334,,,
2026-06-04 03:30:00,,,,,,,66.26666666666667,,,
2026-06-04 03:45:00,,,,,,,63.0,,,
2026-06-04 04:00:00,,,,,,,58.46666666666667,,,
2026-06-04 04:15:00,,,,,,,63.6,,,
2026-06-04 04:30:00,,,,,,,70.66666666666667,,,
2026-06-04 04:45:00,,,,,,,90.06666666666666,,,
2026-06-04 05:00:00,,,,,,,82.8,,,
2026-06-04 05:15:00,,,,,,,62.86666666666667,,,
2026-06-04 05:30:00,,,,,,,66.93333333333334,,,
2026-06-04 05:45:00,,,,,,,66.66666666666667,,,
2026-06-04 06:00:00,,,,,,,66.13333333333334,,,
2026-06-04 06:15:00,,,,,,,68.86666666666666,,,
2026-06-04 06:30:00,,,,,,,54.53333333333333,,,
2026-06-04 06:45:00,,,,,,,71.73333333333333,,,
2026-06-04 07:00:00,,,,,,,73.8,,,
2026-06-04 07:15:00,,,,,,,80.0,,,
2026-06-04 07:30:00,,,,,,,80.73333333333333,,,
2026-06-04 07:45:00,,,,,,,76.53333333333333,,,
2026-06-04 08:00:00,,,,,,,76.8,,,
2026-06-04 08:15:00,,,,,,,70.93333333333334,,,
2026-06-04 08:30:00,,,,,,,79.26666666666667,,,
2026-06-04 08:45:00,,,,,,,80.13333333333334,,,
2026-06-04 09:00:00,,,,,,,76.2,,,
2026-06-04 09:15:00,,,,,,,67.2,,,
2026-06-04 09:30:00,,,,,,,59.666666666666664,,,
2026-06-04 09:45:00,,,,,,,49.2,,,
2026-06-04 10:00:00,,,,,,,40.333333333333336,,,
2026-06-04 10:15:00,,,,,,,40.4,,,
2026-06-04 10:30:00,,,,,,,39.266666666666666,,,
2026-06-04 10:45:00,,,,,,,35.666666666666664,,,
2026-06-04 11:00:00,,,,,,,33.4,,,
2026-06-04 11:15:00,,,,,,,36.46666666666667,,,
2026-06-04 11:30:00,,,,,,,33.6,,,
2026-06-04 11:45:00,,,,,,,31.666666666666668,,,
2026-06-04 12:00:00,,,,,,,32.266666666666666,,,
2026-06-04 12:15:00,,,,,,,33.266666666666666,,,
2026-06-04 12:30:00,,,,,,,34.93333333333333,,,
2026-06-04 12:45:00,,,,,,,36.53333333333333,,,
2026-06-04 13:00:00,,,,,,,39.333333333333336,,,
2026-06-04 13:15:00,,,,,,,43.13333333333333,,,
2026-06-04 13:30:00,,,,,,,48.86666666666667,,,
2026-06-04 13:45:00,,,,,,,39.46666666666667,,,
2026-06-04 14:00:00,,,,,,,38.53333333333333,,,
2026-06-04 14:15:00,,,,,,,375.6666666666667,,,
2026-06-04 14:30:00,,,,,,,36.333333333333336,,,
2026-06-04 14:45:00,,,,,,,32.733333333333334,,,
2026-06-04 15:00:00,,,,,,,37.4,,,
2026-06-04 15:15:00,,,,,,,35.0,,,
2026-06-04 15:30:00,,,,,,,31.533333333333335,,,
2026-06-04 15:45:00,,,,,,,25.866666666666667,,,
2026-06-04 16:00:00,,,,,,,27.266666666666666,,,
2026-06-04 16:15:00,,,,,,,32.06666666666667,,,
2026-06-04 16:30:00,,,,,,,28.466666666666665,,,
2026-06-04 16:45:00,,,,,,,31.933333333333334,,,
2026-06-04 17:00:00,,,,,,,46.8,,,
2026-06-04 17:15:00,,,,,,,39.13333333333333,,,
2026-06-04 17:30:00,,,,,,,46.733333333333334,,,
2026-06-04 17:45:00,,,,,,,36.6,,,
2026-06-04 18:00:00,,,,,,,31.133333333333333,,,
2026-06-04 18:15:00,,,,,,,30.2,,,
2026-06-04 18:30:00,,,,,,,30.733333333333334,,,
2026-06-04 18:45:00,,,,,,,32.86666666666667,,,
2026-06-04 19:00:00,,,,,,,32.333333333333336,,,
2026-06-04 19:15:00,,,,,,,31.066666666666666,,,
2026-06-04 19:30:00,,,,,,,37.93333333333333,,,
2026-06-04 19:45:00,,,,,,,57.6,,,
2026-06-04 20:00:00,,,,,,,34.53333333333333,,,
2026-06-04 20:15:00,,,,,,,51.0,,,
2026-06-04 20:30:00,,,,,,,40.733333333333334,,,
2026-06-04 20:45:00,,,,,,,41.46666666666667,,,
2026-06-04 21:00:00,,,,,,,49.266666666666666,,,
2026-06-04 21:15:00,,,,,,,76.53333333333333,,,
2026-06-04 21:30:00,,,,,,,108.0,,,
2026-06-04 21:45:00,,,,,,,80.33333333333333,,,
2026-06-04 22:00:00,,,,,,,96.26666666666667,,,
2026-06-04 22:15:00,,,,,,,60.53333333333333,,,
2026-06-04 22:30:00,,,,,,,286.73333333333335,,,
2026-06-04 22:45:00,,,,,,,212.4,,,
2026-06-04 23:00:00,,,,,,,192.13333333333333,,,
2026-06-04 23:15:00,,,,,,,282.1333333333333,,,
2026-06-04 23:30:00,,,,,,,324.26666666666665,,,
2026-06-04 23:45:00,,,,,,,176.46666666666667,,,
2026-06-05 00:00:00,,,,,,,128.66666666666666,,,
2026-06-05 00:15:00,,,,,,,329.8,,,
2026-06-05 00:30:00,,,,,,,161.4,,,
2026-06-05 00:45:00,,,,,,,198.4,,,
2026-06-05 01:00:00,,,,,,,150.2,,,
2026-06-05 01:15:00,,,,,,,179.46666666666667,,,
2026-06-05 01:30:00,,,,,,,324.1333333333333,,,
2026-06-05 01:45:00,,,,,,,106.2,,,
2026-06-05 02:00:00,,,,,,,89.8,,,
2026-06-05 02:15:00,,,,,,,399.93333333333334,,,
2026-06-05 02:30:00,,,,,,,211.93333333333334,,,
2026-06-05 02:45:00,,,,,,,134.06666666666666,,,
2026-06-05 03:00:00,,,,,,,163.0,,,
2026-06-05 03:15:00,,,,,,,80.4,,,
2026-06-05 03:30:00,,,,,,,177.8,,,
2026-06-05 03:45:00,,,,,,,130.53333333333333,,,
2026-06-05 04:00:00,,,,,,,114.26666666666667,,,
2026-06-05 04:15:00,,,,,,,131.73333333333332,,,
2026-06-05 04:30:00,,,,,,,102.86666666666666,,,
2026-06-05 04:45:00,,,,,,,100.06666666666666,,,
2026-06-05 05:00:00,,,,,,,68.4,,,
2026-06-05 05:15:00,,,,,,,71.46666666666667,,,
2026-06-05 05:30:00,,,,,,,128.26666666666668,,,
2026-06-05 05:45:00,,,,,,,167.66666666666666,,,
2026-06-05 06:00:00,,,,,,,91.66666666666667,,,
2026-06-05 06:15:00,,,,,,,137.53333333333333,,,
2026-06-05 06:30:00,,,,,,,73.66666666666667,,,
2026-06-05 06:45:00,,,,,,,90.66666666666667,,,
2026-06-05 07:00:00,,,,,,,81.06666666666666,,,
2026-06-05 07:15:00,,,,,,,77.86666666666666,,,
2026-06-05 07:30:00,,,,,,,71.26666666666667,,,
2026-06-05 07:45:00,,,,,,,72.66666666666667,,,
2026-06-05 08:00:00,,,,,,,70.8,,,
2026-06-05 08:15:00,,,,,,,64.73333333333333,,,
2026-06-05 08:30:00,,,,,,,65.0,,,
2026-06-05 08:45:00,,,,,,,66.4,,,
2026-06-05 09:00:00,,,,,,,66.25,,,
