Date/Time,5867_O_SHAD,4647_O_BLPK,5108_O_BLPK,5926_O_MERK,1125_O_WMIF,8445_O_LNPL,1266_O_WLKG,1275_O_MTLE,5184_O_ROSS,4938_O_MTLE,7919_O_MTLE
2026-07-10 10:45:00,240.0,,,,,,,,,,
2026-07-10 12:30:00,,,,,,2448.21428571429,,,,,
2026-07-10 12:45:00,,,,,,2493.26666666667,,,,,
2026-07-10 13:00:00,,,,,,3430.13333333333,,,,,
2026-07-10 13:15:00,,,,,,4332.46666666667,,,,,
2026-07-10 13:30:00,,,,,,2407.2,,,,,
2026-07-10 13:45:00,,,,,,3690.53333333333,,,,,
2026-07-10 14:00:00,,,,,,4974.73333333333,,,,,
2026-07-10 14:15:00,,,,,,3577.13333333333,,,,,
2026-07-10 14:30:00,,,,,,3377.8,,,,,
2026-07-10 14:45:00,,,,,,2834.4,,,,,
2026-07-10 15:00:00,,,,,,3449.2,,,,,
2026-07-10 15:15:00,,,,,,5330.93333333333,,,,,
2026-07-10 15:30:00,,,,,,5834.13333333333,,,,,
2026-07-10 15:45:00,,,,,,4566.6,,,,,
2026-07-10 16:00:00,,,,,,1969.13333333333,,,,,
2026-07-10 16:15:00,,,,,,1902.06666666667,,,,,
2026-07-10 16:30:00,,,,,,1483.46666666667,,,,,
2026-07-10 16:45:00,,,,,,1449.73333333333,,,,,
2026-07-10 17:00:00,,,,,,1707.33333333333,,,,,
2026-07-10 17:15:00,,,,,,1791.4,,,,,
2026-07-10 17:30:00,,,,,,2110.2,,,,,
2026-07-10 17:45:00,,,,,,2875.06666666667,,,,,
2026-07-10 18:00:00,,,,,,3222.13333333333,,,,,
2026-07-10 18:15:00,,,,,,3846.73333333333,,,,,
2026-07-10 18:30:00,,,,,,4469.0,,,,,
2026-07-10 18:45:00,,,,,,4962.6,,,,,
2026-07-10 19:00:00,,,,,,5659.13333333333,,,,,
2026-07-10 19:15:00,,,,,,4823.4,,,,,
2026-07-10 19:30:00,,,,,,5158.46666666667,,,,,
2026-07-10 19:45:00,,,,,,4999.66666666667,,,,,
2026-07-10 20:00:00,,,,,,4535.26666666667,,,,,
2026-07-10 20:15:00,,,,,,4956.73333333333,,,,,
2026-07-10 20:30:00,,,,,,4760.73333333333,,,,,
2026-07-10 20:45:00,,,,,,5109.66666666667,,,,,
2026-07-10 21:00:00,,,,,,5575.4,,,,,
2026-07-10 21:15:00,,,,,,5562.06666666667,,,,,
2026-07-10 21:30:00,,,,,,5383.93333333333,,,,,
2026-07-10 21:45:00,,,,,,5117.2,,,,,
2026-07-10 22:00:00,,,,,,3905.4,,,,,
2026-07-10 22:15:00,,,,,,3542.73333333333,,,,,
2026-07-10 22:30:00,,,,,,3284.06666666667,,,,,
2026-07-10 22:45:00,,,,,,2865.46666666667,,,,,
2026-07-10 23:00:00,,,,,,2452.66666666667,,,,,
2026-07-10 23:15:00,,,,,,2686.46666666667,,,,,
2026-07-10 23:30:00,,,,,,2348.2,,,,,
2026-07-10 23:45:00,,,,,,2356.0,,,,,
2026-07-11 00:00:00,,,,,,2252.8,,,,,
2026-07-11 00:15:00,,,,,,2004.26666666667,,,,,
2026-07-11 00:30:00,,,,,,1447.46666666667,,,,,
2026-07-11 00:45:00,,,,,,1303.4,,,,,
2026-07-11 01:00:00,,,,,,1659.06666666667,,,,,
2026-07-11 01:15:00,,,,,,1713.93333333333,,,,,
2026-07-11 01:30:00,,,,,,2290.2,,,,,
2026-07-11 01:45:00,,,,,,2173.66666666667,,,,,
2026-07-11 02:00:00,,,,,,2252.13333333333,,,,,
2026-07-11 02:15:00,,,,,,2571.66666666667,,,,,
2026-07-11 02:30:00,,,,,,2768.93333333333,,,,,
2026-07-11 02:45:00,,,,,,2692.26666666667,,,,,
2026-07-11 03:00:00,,,,,,2522.53333333333,,,,,
2026-07-11 03:15:00,,,,,,2210.8,,,,,
2026-07-11 03:30:00,,,,,,2271.46666666667,,,,,
2026-07-11 03:45:00,,,,,,2416.93333333333,,,,,
2026-07-11 04:00:00,,,,,,2431.93333333333,,,,,
2026-07-11 04:15:00,,,,,,2293.53333333333,,,,,
2026-07-11 04:30:00,,,,,,1954.13333333333,,,,,
2026-07-11 04:45:00,,,,,,1961.73333333333,,,,,
2026-07-11 05:00:00,,,,,,2072.86666666667,,,,,
2026-07-11 05:15:00,,,,,,2078.06666666667,,,,,
2026-07-11 05:30:00,,,,,,2099.46666666667,,,,,
2026-07-11 05:45:00,,,,,,2772.93333333333,,,,,
2026-07-11 06:00:00,,,,,,2612.86666666667,,,,,
2026-07-11 06:15:00,,,,,,2561.6,,,,,
2026-07-11 06:30:00,,,,,,2840.53333333333,,,,,
2026-07-11 06:45:00,,,,,,3736.53333333333,,,,,
2026-07-11 07:00:00,,,,,,3928.2,,,,,
2026-07-11 07:15:00,,,,,,4324.33333333333,,,,,
2026-07-11 07:30:00,,,,,,4503.8,,,,,
2026-07-11 07:45:00,,,,,,4859.53333333333,,,,,
2026-07-11 08:00:00,,,,,,4410.6,,,,,
2026-07-11 08:15:00,,,,,,4689.53333333333,,,,,
2026-07-11 08:30:00,,,,,,5548.53333333333,,,,,
2026-07-11 08:45:00,,,,,,6027.46666666667,,,,,
2026-07-11 09:00:00,,,,,,5909.4,,,,,
2026-07-11 09:15:00,,,,,,5522.53333333333,,,,,
2026-07-11 09:30:00,,,,,,4704.86666666667,,,,,
2026-07-11 09:45:00,,,,,,3492.26666666667,,,,,
2026-07-11 10:00:00,,,,,,3361.26666666667,,,,,
2026-07-11 10:15:00,,,,,,3097.73333333333,,,,,
2026-07-11 10:30:00,,,,,,2894.13333333333,,,,,
2026-07-11 10:45:00,,,,,,2990.33333333333,,,,,
2026-07-11 11:00:00,,,,,,3176.93333333333,,,,,
2026-07-11 11:15:00,,,,,,2765.8,,,,,
2026-07-11 11:30:00,,,,,,2355.93333333333,,,,,
2026-07-11 11:45:00,,,,,,2475.46666666667,,,,,
2026-07-11 12:00:00,,,,,,2072.26666666667,,,,,
2026-07-11 12:15:00,,,,,,1708.33333333333,,,,,
2026-07-11 12:30:00,,,,,,1704.0,,,,,
2026-07-11 12:45:00,,,,,,1310.26666666667,,,,,
2026-07-11 13:00:00,,,,,,1184.66666666667,,,,,
2026-07-11 13:15:00,,,,,,1019.66666666667,,,,,
2026-07-11 13:30:00,,,,,,970.933333333333,,,,,
2026-07-11 13:45:00,,,,,,935.2,,,,,
2026-07-11 14:00:00,,,,,,826.533333333333,,,,,
2026-07-11 14:15:00,,,,,,722.0,,,,,
2026-07-11 14:30:00,,,,,,603.933333333333,,,,,
2026-07-11 14:45:00,,,,,,538.8,,,,,
2026-07-11 15:00:00,,,,,,558.0,,,,,
2026-07-11 15:15:00,,,,,,562.0,,,,,
2026-07-11 15:30:00,,,,,,638.0,,,,,
2026-07-11 15:45:00,,,,,,706.2,,,,,
2026-07-11 16:00:00,,,,,,711.533333333333,,,,,
2026-07-11 16:15:00,,,,,,720.933333333333,,,,,
2026-07-11 16:30:00,,,,,,699.8,,,,,
2026-07-11 16:45:00,,,,,,659.466666666667,,,,,
2026-07-11 17:00:00,,,,,,641.933333333333,,,,,
2026-07-11 17:15:00,,,,,,630.133333333333,,,,,
2026-07-11 17:30:00,,,,,,593.6,,,,,
2026-07-11 17:45:00,,,,,,570.2,,,,,
2026-07-11 18:00:00,,,,,,646.933333333333,,,,,
2026-07-11 18:15:00,,,,,,648.2,,,,,
2026-07-11 18:30:00,,,,,,612.133333333333,,,,,
2026-07-11 18:45:00,,,,,,629.666666666667,,,,,
2026-07-11 19:00:00,,,,,,677.2,,,,,
2026-07-11 19:15:00,,,,,,715.6,,,,,
2026-07-11 19:30:00,,,,,,744.533333333333,,,,,
2026-07-11 19:45:00,,,,,,796.733333333333,,,,,
2026-07-11 20:00:00,,,,,,900.333333333333,,,,,
2026-07-11 20:15:00,,,,,,918.0,,,,,
2026-07-11 20:30:00,,,,,,963.333333333333,,,,,
2026-07-11 20:45:00,,,,,,974.6,,,,,
2026-07-11 21:00:00,,,,,,1025.8,,,,,
2026-07-11 21:15:00,,,,,,1091.4,,,,,
2026-07-11 21:30:00,,,,,,1138.86666666667,,,,,
2026-07-11 21:45:00,,,,,,1224.46666666667,,,,,
2026-07-11 22:00:00,,,,,,1558.2,,,,,
2026-07-11 22:15:00,,,,,,1740.33333333333,,,,,
2026-07-11 22:30:00,,,,,,2056.33333333333,,,,,
2026-07-11 22:45:00,,,,,,2092.4,,,,,
2026-07-11 23:00:00,,,,,,1932.33333333333,,,,,
2026-07-11 23:15:00,,,,,,1953.6,,,,,
2026-07-11 23:30:00,,,,,,1997.13333333333,,,,,
2026-07-11 23:45:00,,,,,,2007.66666666667,,,,,
2026-07-12 00:00:00,,,,,,1647.93333333333,,,,,
2026-07-12 00:15:00,,,,,,1621.86666666667,,,,,
2026-07-12 00:30:00,,,,,,1718.93333333333,,,,,
2026-07-12 00:45:00,,,,,,1803.8,,,,,
2026-07-12 01:00:00,,,,,,2006.4,,,,,
2026-07-12 01:15:00,,,,,,2864.93333333333,,,,,
2026-07-12 01:30:00,,,,,,3023.46666666667,,,,,
2026-07-12 01:45:00,,,,,,3202.8,,,,,
2026-07-12 02:00:00,,,,,,3490.53333333333,,,,,
2026-07-12 02:15:00,,,,,,3373.33333333333,,,,,
2026-07-12 02:30:00,,,,,,3217.8,,,,,
2026-07-12 02:45:00,,,,,,2992.66666666667,,,,,
2026-07-12 03:00:00,,,,,,2301.46666666667,,,,,
2026-07-12 03:15:00,,,,,,1834.46666666667,,,,,
2026-07-12 03:30:00,,,,,,1411.53333333333,,,,,
2026-07-12 03:45:00,,,,,,1457.66666666667,,,,,
2026-07-12 04:00:00,,,,,,3067.06666666667,,,,,
2026-07-12 04:15:00,,,,,,3101.93333333333,,,,,
2026-07-12 04:30:00,,,,,,2044.86666666667,,,,,
2026-07-12 04:45:00,,,,,,1759.46666666667,,,,,
2026-07-12 05:00:00,,,,,,1633.2,,,,,
2026-07-12 05:15:00,,,,,,1532.0,,,,,
2026-07-12 05:30:00,,,,,,1568.13333333333,,,,,
2026-07-12 05:45:00,,,,,,1602.2,,,,,
2026-07-12 06:00:00,,,,,,1641.73333333333,,,,,
2026-07-12 06:15:00,,,,,,2351.2,,,,,
2026-07-12 06:30:00,,,,,,2361.86666666667,,,,,
2026-07-12 06:45:00,,,,,,2288.53333333333,,,,,
2026-07-12 07:00:00,,,,,,2616.8,,,,,
2026-07-12 07:15:00,,,,,,2468.86666666667,,,,,
2026-07-12 07:30:00,,,,,,1692.06666666667,,,,,
2026-07-12 07:45:00,,,,,,1559.66666666667,,,,,
2026-07-12 08:00:00,,,,,,1531.13333333333,,,,,
2026-07-12 08:15:00,,,,,,1534.33333333333,,,,,
2026-07-12 08:30:00,,,,,,1559.73333333333,,,,,
2026-07-12 08:45:00,,,,,,1542.13333333333,,,,,
2026-07-12 09:00:00,,,,,,1524.93333333333,,,,,
2026-07-12 09:15:00,,,,,,1461.26666666667,,,,,
2026-07-12 09:30:00,,,,,,1310.13333333333,,,,,
2026-07-12 09:45:00,,,,,,1202.13333333333,,,,,
2026-07-12 10:00:00,,,,,,1140.2,,,,,
2026-07-12 10:15:00,,,,,,1135.46666666667,,,,,
2026-07-12 10:30:00,,,,,,1156.33333333333,,,,,
2026-07-12 10:45:00,,,,,,1110.4,,,,,
2026-07-12 11:00:00,,,,,,1078.26666666667,,,,,
2026-07-12 11:15:00,,,,,,959.0,,,,,
2026-07-12 11:30:00,,,,,,900.0,,,,,
2026-07-12 11:45:00,,,,,,864.4,,,,,
2026-07-12 12:00:00,,,,,,835.533333333333,,,,,
2026-07-12 12:15:00,,,,,,797.733333333333,,,,,
2026-07-12 12:30:00,,,,,,801.266666666667,,,,,
2026-07-12 12:45:00,,,,,,757.2,,,,,
2026-07-12 13:00:00,,,,,,707.266666666667,,,,,
2026-07-12 13:15:00,,,,,,748.933333333333,,,,,
2026-07-12 13:30:00,,,,,,747.933333333333,,,,,
2026-07-12 13:45:00,,,,,,679.2,,,,,
2026-07-12 14:00:00,,,,,,661.6,,,,,
2026-07-12 14:15:00,,,,,,596.866666666667,,,,,
2026-07-12 14:30:00,,,,,,568.066666666667,,,,,
2026-07-12 14:45:00,,,,,,584.6,,,,,
2026-07-12 15:00:00,,,,,,547.4,,,,,
2026-07-12 15:15:00,,,,,,580.133333333333,,,,,
2026-07-12 15:30:00,,,,,,598.4,,,,,
2026-07-12 15:45:00,,,,,,578.266666666667,567.5,,,,
2026-07-12 16:00:00,,,,,,518.266666666667,413.733333333333,,,,
2026-07-12 16:15:00,,,,,,508.866666666667,540.933333333333,,,,
2026-07-12 16:30:00,,,,,,584.466666666667,508.933333333333,,,,
2026-07-12 16:45:00,,,,,,492.4,457.133333333333,,,,
2026-07-12 17:00:00,,,,,,506.066666666667,521.466666666667,,,,
2026-07-12 17:15:00,,,,,,418.533333333333,450.6,,,,
2026-07-12 17:30:00,,,,,,432.8,495.866666666667,,,,
2026-07-12 17:45:00,,,,,,440.8,503.533333333333,,,,
2026-07-12 18:00:00,,,,,,493.4,642.666666666667,,,,
2026-07-12 18:15:00,,,,,,495.0,416.266666666667,,,,
2026-07-12 18:30:00,,,,,,416.866666666667,442.666666666667,,,,
2026-07-12 18:45:00,,,,,,329.266666666667,419.466666666667,,,,
2026-07-12 19:00:00,,,,,,377.533333333333,441.066666666667,,,,
2026-07-12 19:15:00,,,,,,402.333333333333,444.533333333333,,,,
2026-07-12 19:30:00,,,,,,386.866666666667,433.333333333333,,,,
2026-07-12 19:45:00,,,,,,467.6,477.133333333333,,,,
2026-07-12 20:00:00,,,,,,533.733333333333,513.866666666667,,,,
2026-07-12 20:15:00,,,,,,584.066666666667,564.466666666667,,,,
2026-07-12 20:30:00,,,,,,574.133333333333,640.066666666667,,,,
2026-07-12 20:45:00,,,,,,615.866666666667,755.733333333333,,,,
2026-07-12 21:00:00,,,,,,625.8,850.4,,,,
2026-07-12 21:15:00,,,,,,674.4,906.266666666667,,,,
2026-07-12 21:30:00,,,,,,691.2,952.0,,,,
2026-07-12 21:45:00,,,,,,681.933333333333,1038.93333333333,,,,
2026-07-12 22:00:00,,,,,,700.8,1064.53333333333,,,,
2026-07-12 22:15:00,,,,,,761.266666666667,1148.6,,,,
2026-07-12 22:30:00,,,,,,778.533333333333,1221.06666666667,,,,
2026-07-12 22:45:00,,,,,,817.733333333333,1293.53333333333,,,,
2026-07-12 23:00:00,,,,,,855.866666666667,1296.2,,,,
2026-07-12 23:15:00,,,,,,850.866666666667,1307.2,,,,
2026-07-12 23:30:00,,,,,,833.866666666667,1315.86666666667,,,,
2026-07-12 23:45:00,,,,,,865.133333333333,1342.86666666667,,,,
2026-07-13 00:00:00,,,,,,868.066666666667,1369.6,,,,
2026-07-13 00:15:00,,,,,,910.2,1418.13333333333,,,,
2026-07-13 00:30:00,,,,,,948.733333333333,1427.4,,,,
2026-07-13 00:45:00,,,,,,972.933333333333,1420.06666666667,,,,
2026-07-13 01:00:00,,,,,,1003.66666666667,1438.53333333333,,,,
2026-07-13 01:15:00,,,,,,1015.73333333333,1498.26666666667,,,,
2026-07-13 01:30:00,,,,,,1075.73333333333,1483.66666666667,,,,
2026-07-13 01:45:00,,,,,,1082.53333333333,1507.6,,,,
2026-07-13 02:00:00,,,,,,1137.86666666667,1521.4,,,,
2026-07-13 02:15:00,,,,,,1163.13333333333,1534.4,,,,
2026-07-13 02:30:00,,,,,,1162.2,1546.26666666667,,,,
2026-07-13 02:45:00,,,,,,1163.66666666667,1553.13333333333,,,,
2026-07-13 03:00:00,,,,,,1177.33333333333,1589.4,,,,
2026-07-13 03:15:00,,,,,,1167.53333333333,1582.8,,,,
2026-07-13 03:30:00,,,,,,1182.73333333333,1510.0,,,,
2026-07-13 03:45:00,,,,,,1165.06666666667,1519.33333333333,,,,
2026-07-13 04:00:00,,,,,,1142.4,1480.26666666667,,,,
2026-07-13 04:15:00,,,,,,1131.06666666667,1456.06666666667,,,,
2026-07-13 04:30:00,,,,,,1122.26666666667,1527.33333333333,,,,
2026-07-13 04:45:00,,,,,,1082.86666666667,1426.66666666667,,,,
2026-07-13 05:00:00,,,,,,1061.06666666667,1426.33333333333,,,,
2026-07-13 05:15:00,,,,,,1107.8,1396.4,,,,
2026-07-13 05:30:00,,,,,,1107.13333333333,1405.06666666667,,,,
2026-07-13 05:45:00,,,,,,1091.73333333333,1314.2,,,,
2026-07-13 06:00:00,,,,,,1104.66666666667,1321.06666666667,,,,
2026-07-13 06:15:00,,,,,,1120.86666666667,1322.33333333333,,,,
2026-07-13 06:30:00,,,,,,1090.2,1452.13333333333,,,,
2026-07-13 06:45:00,,,,,,1085.0,1470.86666666667,,,,
2026-07-13 07:00:00,,,,,,1131.26666666667,1295.26666666667,,,,
2026-07-13 07:15:00,,,,,,1030.93333333333,1691.13333333333,,,,
2026-07-13 07:30:00,,,,,,1192.33333333333,1442.86666666667,,,,
2026-07-13 07:45:00,,,,,,1678.46666666667,1363.4,,,,
2026-07-13 08:00:00,,,,,,1879.6,1278.73333333333,,,,
2026-07-13 08:15:00,,,,,,1787.8,1146.66666666667,,,,
2026-07-13 08:30:00,,,,,,1671.6,938.133333333333,,,,
2026-07-13 08:45:00,,,,,,1417.4,735.8,,,,
2026-07-13 09:00:00,,,,,,1188.46666666667,693.4,,,,
2026-07-13 09:15:00,,,,,,862.733333333333,567.733333333333,,,,
2026-07-13 09:30:00,,,,,,795.4,538.066666666667,,,,
2026-07-13 09:45:00,,,,,,826.066666666667,503.533333333333,,,,
2026-07-13 10:00:00,,,,,,745.6,481.466666666667,,,,
2026-07-13 10:15:00,,,,,,736.4,455.066666666667,,,,
2026-07-13 10:30:00,,,,,,671.2,458.533333333333,,,,
2026-07-13 10:45:00,,,,,,733.466666666667,399.666666666667,,,,
2026-07-13 11:00:00,,,,,,1090.93333333333,423.666666666667,,,,
2026-07-13 11:15:00,,,,,,692.230769230769,421.866666666667,,,,
2026-07-13 11:30:00,,,,,,789.4,409.133333333333,,,,
2026-07-13 11:45:00,,,,,,759.866666666667,430.866666666667,,,,
2026-07-13 12:00:00,,,,,,806.0,382.266666666667,,,,
2026-07-13 12:15:00,,,,,,758.4,521.4,,,,
2026-07-13 12:30:00,,,,,,691.2,383.2,,,,
2026-07-13 12:45:00,,,,,,569.4,322.666666666667,,,,
2026-07-13 13:00:00,,,,,,537.333333333333,316.733333333333,,,,
2026-07-13 13:15:00,,,,,,557.066666666667,321.533333333333,,,,
2026-07-13 13:30:00,,,,,,485.466666666667,401.0,,,,
2026-07-13 13:45:00,,,,,,402.466666666667,412.466666666667,,,,
2026-07-13 14:00:00,,,,,,412.266666666667,348.333333333333,,,,
2026-07-13 14:15:00,,,,,,412.533333333333,448.0,,,,
2026-07-13 14:30:00,,,,,,395.8,317.8,,,,
2026-07-13 14:45:00,,,,,,381.2,321.6,,,,
2026-07-13 15:00:00,,,,,,377.133333333333,376.933333333333,,,,
2026-07-13 15:15:00,,,,,,357.266666666667,390.266666666667,,,,
2026-07-13 15:30:00,,,,,,378.8,303.333333333333,,,,
2026-07-13 15:45:00,,,,,,454.333333333333,396.533333333333,,,,
2026-07-13 16:00:00,,,,,,346.6,353.0,,,,
2026-07-13 16:15:00,,,,,,356.933333333333,501.8,,,,
2026-07-13 16:30:00,,,,,,413.6,366.533333333333,,,,
2026-07-13 16:45:00,,,,,,393.2,366.466666666667,,,,
2026-07-13 17:00:00,,,,,,404.266666666667,360.933333333333,,,,
2026-07-13 17:15:00,,,,,,381.333333333333,362.866666666667,,,,
2026-07-13 17:30:00,,,,,,408.533333333333,359.4,,,,
2026-07-13 17:45:00,,,,,,503.933333333333,367.266666666667,,,,
2026-07-13 18:00:00,,,,,,376.133333333333,389.133333333333,,,,
2026-07-13 18:15:00,,,,,,427.4,410.533333333333,,,,
2026-07-13 18:30:00,,,,,,380.266666666667,461.6,,,,
2026-07-13 18:45:00,,,,,,358.0,500.866666666667,,,,
2026-07-13 19:00:00,,,,,,366.333333333333,530.466666666667,,,,
2026-07-13 19:15:00,,,,,,427.466666666667,516.933333333333,,,,
2026-07-13 19:30:00,,,,,,398.666666666667,632.4,,,,
2026-07-13 19:45:00,,,,,,453.933333333333,546.6,,,,
2026-07-13 20:00:00,,,,,,537.533333333333,568.466666666667,,,,
2026-07-13 20:15:00,,,,,,549.2,623.733333333333,,,,
2026-07-13 20:30:00,,,,,,566.333333333333,694.866666666667,,,,
2026-07-13 20:45:00,,,,,,602.466666666667,747.0,,,,
2026-07-13 21:00:00,,,,,,571.066666666667,774.466666666667,,,,
2026-07-13 21:15:00,,,,,,589.0,800.6,,,,
2026-07-13 21:30:00,,,,,,620.066666666667,852.8,,,,
2026-07-13 21:45:00,,,,,,622.466666666667,884.533333333333,,,,
2026-07-13 22:00:00,,,,,,655.466666666667,933.866666666667,,,,
2026-07-13 22:15:00,,,,,,693.733333333333,929.933333333333,,,,
2026-07-13 22:30:00,,,,,,730.4,1014.26666666667,,,,
2026-07-13 22:45:00,,,,,,857.066666666667,1005.8,,,,
2026-07-13 23:00:00,,,,,,902.2,1036.0,,,,
2026-07-13 23:15:00,,,,,,1001.86666666667,1024.8,,,,
2026-07-13 23:30:00,,,,,,982.866666666667,1273.33333333333,,,,
2026-07-13 23:45:00,,,,,,997.333333333333,1119.73333333333,,,,
2026-07-14 00:00:00,,,,,,1134.06666666667,1139.26666666667,,,,
2026-07-14 00:15:00,,,,,,1037.13333333333,1154.53333333333,,,,
2026-07-14 00:30:00,,,,,,1077.4,1134.46666666667,,,,
2026-07-14 00:45:00,,,,,,1075.66666666667,1147.73333333333,,,,
2026-07-14 01:00:00,,,,,,1004.66666666667,1098.26666666667,,,,
2026-07-14 01:15:00,,,,,,979.333333333333,1150.26666666667,,,,
2026-07-14 01:30:00,,,,,,960.466666666667,1179.4,,,,
2026-07-14 01:45:00,,,,,,961.2,1134.13333333333,,,,
2026-07-14 02:00:00,,,,,,984.866666666667,1146.73333333333,,,,
2026-07-14 02:15:00,,,,,,961.533333333333,1194.73333333333,,,,
2026-07-14 02:30:00,,,,,,928.8,1190.8,,,,
2026-07-14 02:45:00,,,,,,922.066666666667,1211.2,,,,
2026-07-14 03:00:00,,,,,,973.4,1165.33333333333,,,,
2026-07-14 03:15:00,,,,,,999.333333333333,1281.6,,,,
2026-07-14 03:30:00,,,,,,994.066666666667,1165.86666666667,,,,
2026-07-14 03:45:00,,,,,,1021.13333333333,1194.26666666667,,,,
2026-07-14 04:00:00,,,,,,992.866666666667,1175.73333333333,,,,
2026-07-14 04:15:00,,,,,,1003.66666666667,1174.26666666667,,,,
2026-07-14 04:30:00,,,,,,1033.0,1225.06666666667,,,,
2026-07-14 04:45:00,,,,,,1058.13333333333,1171.66666666667,,,,
2026-07-14 05:00:00,,,,,,1173.13333333333,1201.73333333333,,,,
2026-07-14 05:15:00,,,,,,1472.53333333333,1228.0,,,,
2026-07-14 05:30:00,,,,,,2360.33333333333,1195.46666666667,,,,
2026-07-14 05:45:00,,,,,,2028.33333333333,1192.46666666667,,,,
2026-07-14 06:00:00,,,,,,1853.93333333333,1209.73333333333,,,,
2026-07-14 06:15:00,,,,,,1600.73333333333,1246.93333333333,,,,
2026-07-14 06:30:00,,,,,,1533.93333333333,1180.66666666667,,,,
2026-07-14 06:45:00,,,,,,1539.06666666667,1141.66666666667,,,,
2026-07-14 07:00:00,,,,,,1538.4,1423.2,,,,
2026-07-14 07:15:00,,,,,,1511.26666666667,1278.06666666667,,,,
2026-07-14 07:30:00,,,,,,1415.66666666667,1452.8,,,,
2026-07-14 07:45:00,,,,,,1310.06666666667,1392.6,,,,
2026-07-14 08:00:00,,,,,,1268.93333333333,1437.46666666667,,,,
2026-07-14 08:15:00,,,,,,1302.4,1444.53333333333,,,,
2026-07-14 08:30:00,,,,,,1257.66666666667,1320.46666666667,,,,
2026-07-14 08:45:00,,,,,,1196.0,1258.0,,,,
2026-07-14 09:00:00,,,,,,1215.2,1183.53333333333,,,,
2026-07-14 09:15:00,,,,,,1173.86666666667,1140.6,,,,
2026-07-14 09:30:00,,,,,,1174.93333333333,1111.6,,,,
2026-07-14 09:45:00,,,,,,1154.0,1079.26666666667,,,,
2026-07-14 10:00:00,,,,,,1138.4,1068.26666666667,,,,
2026-07-14 10:15:00,,,,,,1156.4,965.6,,,,
2026-07-14 10:30:00,,,,,,1201.0,981.2,,,,
2026-07-14 10:45:00,,,,,,1197.86666666667,898.533333333333,,,,
2026-07-14 11:00:00,,,,,,1082.4,882.666666666667,,,,
2026-07-14 11:15:00,,,,,,1108.46666666667,813.266666666667,,,,
2026-07-14 11:30:00,,,,,,1127.4,1142.6,,,,
2026-07-14 11:45:00,,,,,,1113.4,1339.93333333333,,,,
2026-07-14 12:00:00,,,,,,1085.0,953.933333333333,,,,
2026-07-14 12:15:00,,,,,,999.333333333333,797.133333333333,,,,
2026-07-14 12:30:00,,,,,,941.866666666667,735.866666666667,,,,
2026-07-14 12:45:00,,,,,,826.466666666667,734.666666666667,,,,
2026-07-14 13:00:00,,,,,,840.733333333333,757.6,,,,
2026-07-14 13:15:00,,,,,,842.466666666667,769.866666666667,,,,
2026-07-14 13:30:00,,,,,,769.2,797.933333333333,,,,
2026-07-14 13:45:00,,,,,,696.733333333333,693.0,,,,
2026-07-14 14:00:00,,,,,,764.866666666667,687.4,,,,
2026-07-14 14:15:00,,,,,,738.666666666667,681.0,,,,
2026-07-14 14:30:00,,,,,,774.6,699.266666666667,,,,
2026-07-14 14:45:00,,,,,,761.533333333333,676.266666666667,,,,
2026-07-14 15:00:00,,,,,,715.866666666667,720.333333333333,,,,
2026-07-14 15:15:00,,,,,,716.533333333333,651.466666666667,,,,
2026-07-14 15:30:00,,,,,,668.933333333333,745.666666666667,,,,
2026-07-14 15:45:00,,,,,,652.533333333333,715.133333333333,,,,
2026-07-14 16:00:00,,,,,,674.266666666667,853.8,,,,
2026-07-14 16:15:00,,,,,,755.266666666667,696.666666666667,,,,
2026-07-14 16:30:00,,,,,,817.4,752.133333333333,,,,
2026-07-14 16:45:00,,,,,,815.533333333333,725.333333333333,,,,
2026-07-14 17:00:00,,,,,,801.0,701.866666666667,,,,
2026-07-14 17:15:00,,,,,,723.333333333333,863.0,,,,
2026-07-14 17:30:00,,,,,,672.733333333333,1208.8,,,,
2026-07-14 17:45:00,,,,,,676.133333333333,721.4,,,,
2026-07-14 18:00:00,,,,,,650.2,749.6,,,,
2026-07-14 18:15:00,,,,,,723.4,884.266666666667,,,,
2026-07-14 18:30:00,,,,,,599.2,879.8,,,,
2026-07-14 18:45:00,,,,,,565.066666666667,861.266666666667,,,,
2026-07-14 19:00:00,,,,,,635.066666666667,905.0,,,,
2026-07-14 19:15:00,,,,,,709.8,1041.06666666667,,,,
2026-07-14 19:30:00,,,,,,717.266666666667,1040.4,,,,
2026-07-14 19:45:00,,,,,,855.066666666667,2288.0,,,,
2026-07-14 20:00:00,,,,,,1096.0,2445.6,,,,
2026-07-14 20:15:00,,,,,,946.866666666667,1373.66666666667,,,,
2026-07-14 20:30:00,,,,,,960.2,1364.06666666667,,,,
2026-07-14 20:45:00,,,,,,990.066666666667,1450.13333333333,,,,
2026-07-14 21:00:00,,,,,,986.4,1544.33333333333,,,,
2026-07-14 21:15:00,,,,,,948.0,1642.66666666667,,,,
2026-07-14 21:30:00,,,,,,987.866666666667,1692.8,,,,
2026-07-14 21:45:00,,,,,,1212.2,1928.2,,,,
2026-07-14 22:00:00,,,,,,1261.0,1915.46666666667,,,,
2026-07-14 22:15:00,,,,,,1213.93333333333,2144.86666666667,,,,
2026-07-14 22:30:00,,,,,,1171.93333333333,1941.93333333333,,,,
2026-07-14 22:45:00,,,,,,1193.2,1828.66666666667,,,,
2026-07-14 23:00:00,,,,,,1273.13333333333,1754.0,,,,
2026-07-14 23:15:00,,,,,,1370.86666666667,1887.93333333333,,,,
2026-07-14 23:30:00,,,,,,1409.46666666667,1805.4,,,,
2026-07-14 23:45:00,,,,,,1431.4,1745.86666666667,,,,
2026-07-15 00:00:00,,,,,,1400.53333333333,1784.66666666667,,,,
2026-07-15 00:15:00,,,,,,1424.26666666667,1748.26666666667,,,,
2026-07-15 00:30:00,,,,,,1407.66666666667,1988.8,,,,
2026-07-15 00:45:00,,,,,,1431.66666666667,2002.33333333333,,,,
2026-07-15 01:00:00,,,,,,1520.73333333333,2211.13333333333,,,,
2026-07-15 01:15:00,,,,,,1579.93333333333,2220.8,,,,
2026-07-15 01:30:00,,,,,,1623.46666666667,2708.33333333333,,,,
2026-07-15 01:45:00,,,,,,1615.93333333333,2406.53333333333,,,,
2026-07-15 02:00:00,,,,,,1671.33333333333,2178.66666666667,,,,
2026-07-15 02:15:00,,,,,,1727.13333333333,2124.8,,,,
2026-07-15 02:30:00,,,,,,1734.13333333333,2197.93333333333,,,,
2026-07-15 02:45:00,,,,,,1716.26666666667,2079.0,,,,
2026-07-15 03:00:00,,,,,,1772.73333333333,2033.4,,,,
2026-07-15 03:15:00,,,,,,1821.46666666667,1955.66666666667,,,,
2026-07-15 03:30:00,,,,,,1797.53333333333,1660.33333333333,,,,
2026-07-15 03:45:00,,,,,,1876.6,1831.0,,,,
2026-07-15 04:00:00,,,,,,1914.73333333333,1981.13333333333,,,,
2026-07-15 04:15:00,,,,,,1921.6,1820.6,,,,
2026-07-15 04:30:00,,,,,,1924.66666666667,1940.53333333333,,,,
2026-07-15 04:45:00,,,,,,1964.6,1954.13333333333,,,,
2026-07-15 05:00:00,,,,,,1955.8,1737.86666666667,,,,
2026-07-15 05:15:00,,,,,,1984.93333333333,1736.86666666667,,,,
2026-07-15 05:30:00,,,,,,2095.4,1624.66666666667,,,,
2026-07-15 05:45:00,,,,,,2157.0,1595.4,,,,
2026-07-15 06:00:00,,,,,,2236.2,1608.26666666667,,,,
2026-07-15 06:15:00,,,,,,2402.86666666667,1632.86666666667,,,,
2026-07-15 06:30:00,,,,,,2455.8,1566.0,,,,
2026-07-15 06:45:00,,,,,,2329.46666666667,1504.6,,,,
2026-07-15 07:00:00,,,,,,2122.26666666667,1532.73333333333,,,,
2026-07-15 07:15:00,,,,,,1986.73333333333,1627.93333333333,,,,
2026-07-15 07:30:00,,,,,,1921.73333333333,1582.93333333333,,,,
2026-07-15 07:45:00,,,,,,1914.46666666667,1777.53333333333,,,,
2026-07-15 08:00:00,,,,,,2070.6,1875.26666666667,,,,
2026-07-15 08:15:00,,,,,,2447.93333333333,2307.66666666667,,,,
2026-07-15 08:30:00,,,,,,1832.66666666667,2321.06666666667,,,,
2026-07-15 08:45:00,,,,,,1703.26666666667,1995.0,,,,
2026-07-15 09:00:00,,,,,,1602.13333333333,1687.0,,,,
2026-07-15 09:15:00,,,,,,1511.13333333333,1610.33333333333,,,,
2026-07-15 09:30:00,,,,,,1460.26666666667,1648.86666666667,,,,
2026-07-15 09:45:00,,,,,,1379.66666666667,1549.26666666667,,,,
2026-07-15 10:00:00,,,,,,1317.46666666667,1444.73333333333,,,,
2026-07-15 10:15:00,,,,,,1244.93333333333,1374.33333333333,,,,
2026-07-15 10:30:00,,,,,,1176.06666666667,1352.53333333333,,,,
2026-07-15 10:45:00,,,,,,1120.93333333333,1329.2,,,,
2026-07-15 11:00:00,,,,,,1051.53333333333,1233.0,,,,
2026-07-15 11:15:00,,,,,,956.733333333333,1211.53333333333,,,,
2026-07-15 11:30:00,,,,,,896.333333333333,1188.86666666667,,,,
2026-07-15 11:45:00,,,,,,865.2,1146.4,,,,
2026-07-15 12:00:00,,,,,,776.066666666667,1093.53333333333,,,,
2026-07-15 12:15:00,,,,,,696.133333333333,985.866666666667,,,,
2026-07-15 12:30:00,,,,,,667.8,967.066666666667,,,,
2026-07-15 12:45:00,,,,,,621.6,902.066666666667,,,,
2026-07-15 13:00:00,,,,,,601.866666666667,887.866666666667,,,,
2026-07-15 13:15:00,,,,,,578.533333333333,811.8,,,,
2026-07-15 13:30:00,,,,,,560.066666666667,799.466666666667,,,,
2026-07-15 13:45:00,,,,,,567.2,709.0,,,,
2026-07-15 14:00:00,,,,,,571.0,729.666666666667,,,,
2026-07-15 14:15:00,,,,,,569.0,676.133333333333,,,,
2026-07-15 14:30:00,,,,,,554.333333333333,702.6,,,,
2026-07-15 14:45:00,,,,,,560.8,826.4,,,,
2026-07-15 15:00:00,,,,,,558.733333333333,836.8,,,,
2026-07-15 15:15:00,,,,,,598.2,924.6,,,,
2026-07-15 15:30:00,,,,,,661.8,873.466666666667,,,,
2026-07-15 15:45:00,,,,,,618.466666666667,957.4,,,,
2026-07-15 16:00:00,,,,,,610.333333333333,868.6,,,,
2026-07-15 16:15:00,,,,,,670.466666666667,834.466666666667,,,,
2026-07-15 16:30:00,,,,,,678.6,821.866666666667,,,,
2026-07-15 16:45:00,,,,,,680.666666666667,917.533333333333,,,,
2026-07-15 17:00:00,,,,,,689.133333333333,1223.6,,,,
2026-07-15 17:15:00,,,,,,717.133333333333,848.866666666667,,,,
2026-07-15 17:30:00,,,,,,672.333333333333,804.866666666667,,,,
2026-07-15 17:45:00,,,,,,688.133333333333,877.2,,,,
2026-07-15 18:00:00,,,,,,680.666666666667,905.266666666667,,,,
2026-07-15 18:15:00,,,,,,693.866666666667,871.8,,,,
2026-07-15 18:30:00,,,,,,626.933333333333,908.533333333333,,,,
2026-07-15 18:45:00,,,,,,668.466666666667,946.466666666667,,,,
2026-07-15 19:00:00,,,,,,741.333333333333,921.466666666667,,,,
2026-07-15 19:15:00,,,,,,791.733333333333,928.0,,,,
2026-07-15 19:30:00,,,,,,844.266666666667,924.466666666667,,,,
2026-07-15 19:45:00,,,,,,897.866666666667,965.466666666667,,,,
2026-07-15 20:00:00,,,,,,953.933333333333,907.2,,,,
2026-07-15 20:15:00,,,,,,997.466666666667,1009.53333333333,,,,
2026-07-15 20:30:00,,,,,,1021.66666666667,1032.46666666667,,,,
2026-07-15 20:45:00,,,,,,1009.6,1037.46666666667,,,,
2026-07-15 21:00:00,,,,,,1037.2,1088.0,,,,
2026-07-15 21:15:00,,,,,,1013.13333333333,1188.53333333333,,,,
2026-07-15 21:30:00,,,,,,1021.53333333333,1243.2,,,,
2026-07-15 21:45:00,,,,,,1047.46666666667,1316.0,,,,
2026-07-15 22:00:00,,,,,,1098.53333333333,1380.93333333333,,,,
2026-07-15 22:15:00,,,,,,1105.6,1432.66666666667,,,,
2026-07-15 22:30:00,,,,,,1137.73333333333,1490.66666666667,1370.0,,,
2026-07-15 22:45:00,,,,,,1100.66666666667,1477.4,933.2,,,
2026-07-15 23:00:00,,,,,,1091.2,1550.73333333333,871.733333333333,,,
2026-07-15 23:15:00,,,,,,1118.33333333333,1601.06666666667,857.933333333333,,,
2026-07-15 23:30:00,,,,,,1142.26666666667,1593.4,854.0,,,
2026-07-15 23:45:00,,,,,,1176.2,1604.86666666667,872.4,,,
2026-07-16 00:00:00,,,,,,1197.66666666667,1564.06666666667,891.2,,,
2026-07-16 00:15:00,,,,,,1204.13333333333,1517.93333333333,910.866666666667,,,
2026-07-16 00:30:00,,,,,,1248.13333333333,1566.2,952.533333333333,,,
2026-07-16 00:45:00,,,,,,1274.26666666667,1596.2,996.333333333333,,,
2026-07-16 01:00:00,,,,,,1313.0,1651.2,1035.33333333333,,,
2026-07-16 01:15:00,,,,,,1420.4,1722.8,1040.86666666667,,,
2026-07-16 01:30:00,,,,,,1539.13333333333,1798.8,1000.93333333333,,,
2026-07-16 01:45:00,,,,,,1585.26666666667,1780.93333333333,1026.66666666667,,,
2026-07-16 02:00:00,,,,,,1641.0,1742.86666666667,1064.6,,,
2026-07-16 02:15:00,,,,,,1649.13333333333,1993.8,1087.86666666667,,,
2026-07-16 02:30:00,,,,,,1641.86666666667,1975.86666666667,1094.8,,,
2026-07-16 02:45:00,,,,,,1614.86666666667,1913.6,1088.06666666667,,,
2026-07-16 03:00:00,,,,,,1593.6,1875.13333333333,1096.4,,,
2026-07-16 03:15:00,,,,,,1592.8,1880.86666666667,1094.6,,,
2026-07-16 03:30:00,,,,,,1571.4,1809.33333333333,1093.8,,,
2026-07-16 03:45:00,,,,,,1601.06666666667,1855.06666666667,1086.8,,,
2026-07-16 04:00:00,,,,,,1628.4,1831.93333333333,1138.66666666667,,,
2026-07-16 04:15:00,,,,,,1626.06666666667,1876.86666666667,1139.26666666667,,,
2026-07-16 04:30:00,,,,,,1657.86666666667,1820.93333333333,1154.46666666667,,,
2026-07-16 04:45:00,,,,,,1725.6,1796.53333333333,1174.46666666667,,,
2026-07-16 05:00:00,,,,,,1810.66666666667,1803.0,1189.2,,,
2026-07-16 05:15:00,,,,,,1885.73333333333,1824.13333333333,1223.46666666667,,,
2026-07-16 05:30:00,,,,,,2941.13333333333,1798.33333333333,1213.66666666667,,,
2026-07-16 05:45:00,,,,,,3063.73333333333,1807.93333333333,1230.33333333333,,,
2026-07-16 06:00:00,,,,,,2455.46666666667,1798.53333333333,1266.13333333333,,,
2026-07-16 06:15:00,,,,,,2262.2,1883.6,1270.33333333333,,,
2026-07-16 06:30:00,,,,,,2272.26666666667,1970.2,1296.06666666667,,,
2026-07-16 06:45:00,,,,,,2222.0,1938.13333333333,1321.93333333333,,,
2026-07-16 07:00:00,,,,,,2199.33333333333,1806.53333333333,1334.93333333333,,,
2026-07-16 07:15:00,1798.6,,,,,2054.73333333333,1844.66666666667,1351.86666666667,,,
2026-07-16 07:30:00,1438.93333333333,,,,,2036.33333333333,2018.86666666667,1368.26666666667,,,
2026-07-16 07:45:00,1332.0,,,,,1951.73333333333,2548.4,1428.53333333333,,,
2026-07-16 08:00:00,1201.73333333333,,,,,1987.53333333333,2284.06666666667,1400.73333333333,,,
2026-07-16 08:15:00,1225.8,,,,,2001.93333333333,2128.4,1468.8,,,
2026-07-16 08:30:00,1323.66666666667,,,,,1998.66666666667,1965.0,1562.66666666667,,,
2026-07-16 08:45:00,1135.6,,,,,1975.26666666667,1858.46666666667,1663.86666666667,,,
2026-07-16 09:00:00,1027.8,,,,,1983.4,1832.66666666667,1803.4,,,
2026-07-16 09:15:00,1016.33333333333,,,,,2035.66666666667,1778.6,1723.93333333333,,,
2026-07-16 09:30:00,957.666666666667,,,,,1930.33333333333,1790.13333333333,1690.46666666667,,,
2026-07-16 09:45:00,922.266666666667,,,,,1964.4,1844.6,1673.2,,,
2026-07-16 10:00:00,1026.93333333333,,,,,2023.86666666667,1782.06666666667,1932.33333333333,,,
2026-07-16 10:15:00,1303.6,,,,,2123.86666666667,1666.53333333333,1947.86666666667,,,
2026-07-16 10:30:00,1221.8,,,,,2195.66666666667,1573.73333333333,1730.0,,,
2026-07-16 10:45:00,1169.73333333333,,,,,2115.53333333333,1534.66666666667,1764.26666666667,,,
2026-07-16 11:00:00,1258.13333333333,,,,,2311.46666666667,1372.46666666667,1970.8,,,
2026-07-16 11:15:00,1825.46666666667,,,,,2487.86666666667,1272.4,2044.53333333333,,,
2026-07-16 11:30:00,2678.6,,,,,3115.4,1219.13333333333,2261.53333333333,,,
2026-07-16 11:45:00,3989.53333333333,,,,,3448.8,1065.53333333333,2661.6,,,
2026-07-16 12:00:00,4919.26666666667,,,,,3617.26666666667,1057.8,3063.53333333333,,,
2026-07-16 12:15:00,5160.46666666667,,,,,3484.93333333333,1073.13333333333,3998.86666666667,,,
2026-07-16 12:30:00,6353.33333333333,,,,,3254.0,1049.2,4398.06666666667,,,
2026-07-16 12:45:00,6675.66666666667,,,,,4127.8,1134.93333333333,4061.8,,,
2026-07-16 13:00:00,8070.0,,,,,7887.4,1218.66666666667,4288.4,,,
2026-07-16 13:15:00,15176.8666666667,,,,,8456.8,1322.33333333333,6721.2,,,
2026-07-16 13:30:00,17538.4666666667,,,,,7835.53333333333,1806.0,6604.73333333333,,,
2026-07-16 13:45:00,16696.0666666667,,,,,6415.33333333333,2371.53333333333,8801.06666666667,,,
2026-07-16 14:00:00,18730.7333333333,,,,,8341.53333333333,2160.93333333333,9943.86666666667,,,
2026-07-16 14:15:00,21903.7333333333,,,,,12910.8666666667,2205.8,10246.9333333333,,,
2026-07-16 14:30:00,25460.0666666667,,,,,18449.0666666667,2575.2,13200.4666666667,,,
2026-07-16 14:45:00,26342.2,,,,,22214.5333333333,2184.2,14094.5333333333,,,
2026-07-16 15:00:00,28799.1333333333,,,,,25541.7333333333,2595.86666666667,15645.9333333333,,,
2026-07-16 15:15:00,30032.8,,,,,26956.6,2812.8,17122.5333333333,,,
2026-07-16 15:30:00,31452.0666666667,,,,,26438.4666666667,3327.33333333333,20636.4,,,
2026-07-16 15:45:00,32704.6,,,,,28603.8,3779.4,21737.9333333333,,,
2026-07-16 16:00:00,33811.1333333333,,,,,29168.0,4072.06666666667,17686.2666666667,,,
2026-07-16 16:15:00,33658.5333333333,,,,,29385.8,4150.13333333333,17021.4,,,
2026-07-16 16:30:00,32382.4666666667,,,,,30479.8,4285.86666666667,16212.4,,,
2026-07-16 16:45:00,30921.0666666667,,,,,28904.7333333333,4442.73333333333,18897.8666666667,,,
2026-07-16 17:00:00,30833.4,,,,,28483.0666666667,4305.06666666667,22190.3333333333,,,
2026-07-16 17:15:00,30844.4,,,,,30435.7333333333,3534.2,21988.6666666667,,,
2026-07-16 17:30:00,30491.8666666667,,,,,30644.8,2525.53333333333,22180.8666666667,,,
2026-07-16 17:45:00,30032.3333333333,,,,,30312.8666666667,2219.0,24506.6666666667,,,
2026-07-16 18:00:00,30088.4666666667,,,,,29365.0,1952.0,25026.8,,,
2026-07-16 18:15:00,30149.7333333333,,,,,30276.3333333333,1905.86666666667,24891.5333333333,,,
2026-07-16 18:30:00,30660.1333333333,,,,,29724.8,1949.46666666667,26013.4666666667,,,
2026-07-16 18:45:00,30948.5333333333,,,,,30529.1333333333,2043.73333333333,27104.6,,,
2026-07-16 19:00:00,31733.0666666667,,,,,31883.6666666667,2131.53333333333,27439.7333333333,,,
2026-07-16 19:15:00,32429.2666666667,,,,12795.0,32872.7333333333,2218.4,28258.0,,,
2026-07-16 19:30:00,32495.1333333333,,,,40576.5,33553.4666666667,2296.0,28726.2,,,
2026-07-16 19:45:00,32376.8666666667,,,,40106.8666666667,34647.3333333333,2945.86666666667,29088.8666666667,,,
2026-07-16 20:00:00,33554.0,,,,40498.7333333333,34913.2,4738.6,29639.8666666667,,,
2026-07-16 20:15:00,34903.2666666667,,,,40520.8666666667,35183.9333333333,4012.13333333333,30473.4,,,
2026-07-16 20:30:00,35458.0,,,,41646.0,36590.5333333333,5034.6,30784.9333333333,,,
2026-07-16 20:45:00,36763.8,,,,42590.5333333333,37374.1333333333,5841.86666666667,32995.1333333333,,,
2026-07-16 21:00:00,35626.2666666667,,,,44320.8666666667,37486.5333333333,5907.73333333333,33847.0,,,
2026-07-16 21:15:00,31808.2666666667,,,,44411.8,37641.0666666667,6445.06666666667,33455.0666666667,,,
2026-07-16 21:30:00,30653.4666666667,,,,43219.3333333333,36295.6,8233.73333333333,30380.7333333333,,,
2026-07-16 21:45:00,28353.1333333333,,,,41765.4666666667,32920.2,18144.6666666667,27778.1333333333,,,
2026-07-16 22:00:00,26385.5333333333,,,,39219.8666666667,32400.0666666667,23661.1333333333,26946.6666666667,,,
2026-07-16 22:15:00,26068.8666666667,,,,38115.2,30816.8666666667,26063.4,25797.6,,,
2026-07-16 22:30:00,25920.6,,,,37499.6,28260.8,27182.8666666667,22674.2,,,
2026-07-16 22:45:00,25472.7333333333,,,,37593.4,26757.8,26703.4666666667,21742.2666666667,,,
2026-07-16 23:00:00,25147.6666666667,,,,36970.5333333333,26932.6666666667,27814.8666666667,21759.6666666667,,,
2026-07-16 23:15:00,25076.7333333333,,,,36818.5333333333,27268.8,28841.6666666667,21459.2666666667,,,
2026-07-16 23:30:00,24940.1333333333,,,,36012.0,27455.9333333333,30540.0666666667,19759.0,,,
2026-07-16 23:45:00,24876.8666666667,,,,35041.8666666667,27002.1333333333,32337.4,19493.4,,,
2026-07-17 00:00:00,24575.6666666667,,,,34747.4666666667,26963.9333333333,32944.4,19873.7333333333,,,
2026-07-17 00:15:00,24508.6666666667,,,,34574.3333333333,27013.1333333333,32780.4,20505.8,,,
2026-07-17 00:30:00,24570.6666666667,,,,34409.9333333333,26814.4,32739.6666666667,20810.7333333333,,,
2026-07-17 00:45:00,25120.8,,,,33970.8666666667,26678.9333333333,32494.8666666667,20854.9333333333,,,
2026-07-17 01:00:00,25681.2666666667,,,,33769.4666666667,26616.5333333333,32394.7333333333,21019.7333333333,,,
2026-07-17 01:15:00,26612.4666666667,,,,33272.0666666667,26588.2666666667,32667.5333333333,21605.0,,,
2026-07-17 01:30:00,26760.4,,,,33296.2666666667,26449.2666666667,32882.7333333333,22362.4666666667,,,
2026-07-17 01:45:00,26843.7333333333,,,,33307.6666666667,26535.0,32656.4666666667,22376.4,,,
2026-07-17 02:00:00,26489.6,,,,33576.2666666667,26806.2666666667,33177.2666666667,23512.4666666667,,,
2026-07-17 02:15:00,26386.9333333333,,,,33823.1333333333,27005.8666666667,33193.6,24452.4,,,
2026-07-17 02:30:00,26086.0666666667,,,,34312.0666666667,27371.8666666667,33562.6666666667,25641.9333333333,,,
2026-07-17 02:45:00,26388.2666666667,,,,34742.8,27438.7333333333,32716.7333333333,25455.0666666667,,,
2026-07-17 03:00:00,27372.8,,,,36333.7333333333,27490.5333333333,33444.2666666667,24791.8666666667,,,
2026-07-17 03:15:00,27749.9333333333,,,,36363.6,28066.8,33218.6,24848.8,,,
2026-07-17 03:30:00,27868.1333333333,,,,36366.8,28403.6666666667,33303.0,24775.6,,,
2026-07-17 03:45:00,28108.1333333333,,,,35232.3333333333,27899.7333333333,33469.0666666667,25228.5333333333,,,
2026-07-17 04:00:00,27791.0666666667,,,,35136.0666666667,28398.0666666667,33358.6666666667,25777.1333333333,,,
2026-07-17 04:15:00,26907.0,,,,35297.7333333333,28701.9333333333,32748.5333333333,26575.7333333333,,,
2026-07-17 04:30:00,26690.6666666667,,,,35104.5333333333,28807.8,33236.2,26729.0,,,
2026-07-17 04:45:00,27214.4,,,,35633.6,29038.2666666667,32463.4,26396.2,,,
2026-07-17 05:00:00,27448.4666666667,,,,36011.4,29769.4666666667,32354.0666666667,26578.4,,,
2026-07-17 05:15:00,27869.5333333333,,,,36359.6666666667,29955.1333333333,32631.4666666667,26405.0,,,
2026-07-17 05:30:00,27888.6666666667,,,,36177.5333333333,29908.5333333333,31875.5333333333,26893.6,,,
2026-07-17 05:45:00,28320.6,,,,36257.9333333333,29831.8,32547.2,27251.6666666667,,,
2026-07-17 06:00:00,28399.6,,,,36383.2666666667,29804.4666666667,32027.4,27283.1333333333,,,
2026-07-17 06:15:00,27581.5333333333,,,,36127.0,29914.8666666667,31664.8,27586.1333333333,,,
2026-07-17 06:30:00,27140.9333333333,,,,36247.0,29803.8666666667,31595.2,27219.0,,,
2026-07-17 06:45:00,27203.9333333333,,,,36621.2666666667,30020.8666666667,31393.2666666667,27517.1333333333,,,
2026-07-17 07:00:00,27701.6,,,,35649.0,30122.6,31875.4666666667,27901.0,,,
2026-07-17 07:15:00,27339.2,,,,36729.4,30106.2666666667,31857.8666666667,27864.2,,,
2026-07-17 07:30:00,27386.2666666667,,,,35363.6,29910.8666666667,31845.1333333333,28459.1333333333,,,
2026-07-17 07:45:00,27362.4666666667,,,,36254.4,29696.4666666667,31187.0666666667,28531.2666666667,,,
2026-07-17 08:00:00,27207.8,,,,37482.1333333333,30333.6666666667,30842.8,28391.4666666667,,,
2026-07-17 08:15:00,27445.5333333333,,,,36781.8,30763.9333333333,30571.6,27967.1333333333,,,
2026-07-17 08:30:00,28919.7333333333,,,,37754.8,33406.0,30119.9333333333,27091.2666666667,,,
2026-07-17 08:45:00,29778.5333333333,,,,37714.6,33406.8666666667,29671.6666666667,26723.4666666667,,,
2026-07-17 09:00:00,31468.5333333333,,,,37384.2666666667,34964.6,29419.1333333333,26713.2,,,
2026-07-17 09:15:00,29616.3333333333,,,,38210.0,31429.0,28611.2,26867.0666666667,,,
2026-07-17 09:30:00,30229.3333333333,,,,39223.1333333333,31866.3333333333,27785.3333333333,26240.4,,,
2026-07-17 09:45:00,30594.6,,,,39816.8666666667,32096.0666666667,27815.3333333333,26444.8666666667,,,
2026-07-17 10:00:00,30193.6,,,,40081.5333333333,33306.6,27286.3333333333,27893.6666666667,,,
2026-07-17 10:15:00,30190.6666666667,,,,40191.2,33349.0,26976.8666666667,29430.4,,,
2026-07-17 10:30:00,29760.9333333333,,,,40038.2666666667,33403.5333333333,26719.3333333333,29703.4666666667,,,
2026-07-17 10:45:00,29178.2,,,,40550.1333333333,32997.9333333333,27499.8666666667,30127.0,,,
2026-07-17 11:00:00,29396.0,,,,40307.0666666667,32616.0666666667,26913.2666666667,29211.7333333333,,,
2026-07-17 11:15:00,29443.3333333333,,,,40370.0666666667,32674.8,25653.3333333333,28190.8,,,
2026-07-17 11:30:00,29346.1333333333,,,,40222.8666666667,32729.4666666667,23620.2,27838.4666666667,,,
2026-07-17 11:45:00,28877.6666666667,,,,39471.3333333333,31004.5333333333,20132.4,27390.0666666667,,,
2026-07-17 12:00:00,28577.2666666667,,,,39006.4666666667,30732.1333333333,16776.4,26099.3333333333,,,
2026-07-17 12:15:00,28676.4,,,,37874.3333333333,30268.9333333333,19486.0,25490.7333333333,,,
2026-07-17 12:30:00,28170.1333333333,,,,35583.4,28465.0,20304.1333333333,24195.6666666667,,,
2026-07-17 12:45:00,27913.0666666667,,,,35543.7333333333,24164.0,20253.0666666667,23957.5333333333,,,
2026-07-17 13:00:00,26860.2666666667,,,,32079.5333333333,22158.8,20342.3333333333,22640.4,,,
2026-07-17 13:15:00,26587.1333333333,,,,31409.0666666667,25936.2666666667,20043.2,22198.3333333333,,,
2026-07-17 13:30:00,28874.5333333333,,,,31884.7333333333,26574.9333333333,20065.4666666667,20185.2,,,
2026-07-17 13:45:00,26945.4,,,,33925.6666666667,26026.2,20404.4666666667,21883.5714285714,,,
2026-07-17 14:00:00,25202.2,,,,34035.6666666667,25025.6666666667,20910.4666666667,21079.4666666667,,,
2026-07-17 14:15:00,24468.8666666667,,,,33341.0666666667,24066.6666666667,21516.7333333333,21441.6,,,
2026-07-17 14:30:00,22994.7333333333,35668.0,,,33165.2666666667,23836.0666666667,21783.2666666667,20237.5333333333,,,
2026-07-17 14:45:00,21879.4666666667,,,,32553.3333333333,23134.6,22137.6,19766.1333333333,,,
2026-07-17 15:00:00,24896.0666666667,,,,31840.5333333333,22580.4,22225.2,20074.2666666667,,,
2026-07-17 15:15:00,25044.6,,,,30784.2,20518.3333333333,22131.8,18282.2,,,27654.0
2026-07-17 15:30:00,25323.1333333333,,,,30128.6666666667,19446.9333333333,22051.8,18252.8,,,18856.4666666667
2026-07-17 15:45:00,25095.7333333333,,,,30112.3333333333,19151.8,22483.2,18657.3333333333,,,17093.2666666667
2026-07-17 16:00:00,25254.6,,,,30545.0,17779.2666666667,22945.0,19037.8,,,16434.5333333333
2026-07-17 16:15:00,25427.6,,,,29640.6666666667,17433.4666666667,23243.6,20340.4666666667,,,16353.2
2026-07-17 16:30:00,25075.6666666667,,,,29076.0,18311.4666666667,23442.5333333333,19910.9333333333,,,17884.2
2026-07-17 16:45:00,25645.6666666667,,,,29147.7333333333,18080.5333333333,23861.8666666667,19317.9333333333,,,17392.6666666667
2026-07-17 17:00:00,25629.8,,,,29306.5333333333,19471.3333333333,23976.6,19668.2,,27165.0909090909,17056.4666666667
2026-07-17 17:15:00,25550.8,33901.5,,,29563.8,19699.5333333333,23978.3333333333,19211.1333333333,,24764.3333333333,17374.3333333333
2026-07-17 17:30:00,24798.8,29718.1666666667,,,29784.3333333333,19151.0666666667,24403.2666666667,19238.9333333333,,24094.6,17570.0666666667
2026-07-17 17:45:00,23018.2666666667,,,,29832.4666666667,19514.6,25013.9333333333,18371.6,,24567.0666666667,17851.8666666667
2026-07-17 18:00:00,23298.3333333333,,,,29970.0,20229.0666666667,25382.5333333333,18122.1333333333,,23767.2666666667,18704.9333333333
2026-07-17 18:15:00,23193.6,31209.0,,,29861.9333333333,20689.4666666667,25649.4,17429.6666666667,,24334.8,18608.0666666667
2026-07-17 18:30:00,23309.8666666667,,,,29842.4666666667,19848.9333333333,25868.9333333333,17516.0,,23689.7333333333,18653.0
2026-07-17 18:45:00,23005.4,,,,29997.5333333333,19896.6,26263.6666666667,17523.0666666667,,24930.1333333333,19651.8666666667
2026-07-17 19:00:00,22933.6,,,,30365.3333333333,20926.2,27067.6666666667,18062.3333333333,,24292.6666666667,21102.2
2026-07-17 19:15:00,23257.3333333333,,,,30336.1333333333,22470.4666666667,27483.4,18443.8,,24587.3333333333,21961.0
2026-07-17 19:30:00,23299.9333333333,,,,30558.3333333333,23023.8,27806.3333333333,18580.2,,25074.6,22546.1333333333
2026-07-17 19:45:00,23474.1333333333,,,,31292.0,23660.75,28042.9333333333,18110.9333333333,,24954.4,22506.3333333333
2026-07-17 20:00:00,23369.2,,,,31996.8666666667,,28257.2,18083.2,,25073.5333333333,22852.3333333333
2026-07-17 20:15:00,23422.6,,,,31709.6666666667,,28131.2,18632.6666666667,,25033.2,27649.8
2026-07-17 20:30:00,23788.0,,,,31724.6666666667,34934.875,28286.8,19280.7333333333,,24940.4666666667,24632.6666666667
2026-07-17 20:45:00,24770.8,,,,31643.0,33868.5333333333,28598.2666666667,19841.0,,25093.6,25145.7333333333
2026-07-17 21:00:00,25817.6666666667,,,,31451.9333333333,33240.6,28470.8,20000.7333333333,,25261.8,26073.6666666667
2026-07-17 21:15:00,26021.4,,,,31341.8,32923.5333333333,28729.1333333333,20227.5333333333,,25811.8666666667,26407.2
2026-07-17 21:30:00,26300.8666666667,,,,31303.7333333333,32528.8666666667,28816.0,20355.7333333333,,25162.5333333333,26531.8
2026-07-17 21:45:00,26156.9333333333,,,,31028.2666666667,32472.2666666667,28647.7333333333,20682.4666666667,,27083.6666666667,26589.4
2026-07-17 22:00:00,26088.7333333333,,,,30546.4,32238.2,28994.7333333333,20706.3333333333,,26903.7333333333,26679.6
2026-07-17 22:15:00,25834.9333333333,,,,30497.8,31588.5333333333,29013.0,20536.3333333333,,26940.2666666667,26127.8
2026-07-17 22:30:00,25729.4666666667,,,,30650.6666666667,31557.0666666667,29184.2,20263.0,,26752.3333333333,26107.8666666667
2026-07-17 22:45:00,24996.0666666667,,,,30154.9333333333,31127.2,29195.7333333333,20340.4666666667,,25932.4666666667,26502.5333333333
2026-07-17 23:00:00,24685.0,,,,29793.5333333333,31219.7333333333,29246.1333333333,20297.0666666667,,26203.9333333333,26316.2
2026-07-17 23:15:00,25448.1333333333,,,,29404.4666666667,30816.5333333333,29770.8,19776.2,,25857.5333333333,26519.0
2026-07-17 23:30:00,24906.0666666667,,,,29678.9333333333,31046.0,29704.1333333333,19735.5333333333,,25741.8666666667,26358.2
2026-07-17 23:45:00,23259.6,,,,29898.8666666667,31118.3333333333,29882.2666666667,19461.5333333333,,25364.5333333333,26572.8
2026-07-18 00:00:00,22719.8,,,,30287.7333333333,31269.6666666667,29790.4,18776.3333333333,,25121.0,26577.7333333333
2026-07-18 00:15:00,22914.8,,,,30296.4666666667,31345.6,29670.8,18829.0,,25278.4666666667,26377.8666666667
2026-07-18 00:30:00,23122.2666666667,,,,30599.4,31692.4,29588.8666666667,18332.2666666667,,25196.4,26204.8
2026-07-18 00:45:00,23461.0666666667,,,,30236.0,31999.0666666667,25783.7333333333,18646.6,,25030.7333333333,25906.9333333333
2026-07-18 01:00:00,23411.1333333333,,,,30143.3333333333,32028.2666666667,26871.2666666667,18629.1333333333,,25531.8666666667,25663.4
2026-07-18 01:15:00,23647.0666666667,,,,30055.9333333333,32496.9333333333,29473.7333333333,19156.4,,25315.2,25928.8666666667
2026-07-18 01:30:00,23656.4,,,,30441.6666666667,32184.1333333333,29688.9333333333,19406.0,,25475.4666666667,26025.3333333333
2026-07-18 01:45:00,23314.9333333333,,,,30696.2,32584.2666666667,29465.3333333333,19545.9333333333,,26015.4,26287.4
2026-07-18 02:00:00,23390.4,,,,30984.4666666667,32955.2666666667,29598.4,19705.3333333333,,26326.0666666667,26837.8666666667
2026-07-18 02:15:00,23098.7333333333,,,,31130.6666666667,33431.1333333333,29296.6,19728.8,,26461.0,26613.0666666667
2026-07-18 02:30:00,23223.1333333333,,,,31485.4666666667,33493.0,29813.6666666667,19742.2666666667,,26546.6,27099.2666666667
2026-07-18 02:45:00,23365.0666666667,,,,31753.3333333333,33526.2666666667,29463.7333333333,21399.9333333333,,26929.8,27639.1333333333
2026-07-18 03:00:00,24119.5333333333,,,,31383.4666666667,34267.2666666667,29512.0,22993.9333333333,,28567.6666666667,28811.2666666667
2026-07-18 03:15:00,24379.4666666667,,,,31110.8,34034.2666666667,29639.4,23868.2,,29480.8,28835.2666666667
2026-07-18 03:30:00,24089.6,,,,31832.1333333333,33870.0666666667,29493.6,23945.2,,29549.2666666667,29815.7333333333
2026-07-18 03:45:00,23879.8,,,,32184.2666666667,34163.2,29257.8,24000.0,,28983.2,28069.5333333333
2026-07-18 04:00:00,24324.7333333333,,,,32530.0,34631.4,29231.6666666667,24269.3333333333,,29039.1333333333,29478.4
2026-07-18 04:15:00,24828.3333333333,,,,32591.6,35070.0,29278.6666666667,24735.1333333333,,28617.2666666667,27841.6
2026-07-18 04:30:00,25170.2666666667,,,,32800.4,35627.5333333333,29470.0,25226.8,,28815.0666666667,28059.7333333333
2026-07-18 04:45:00,25609.6,,,,32273.2,36214.4,29254.8666666667,25587.4,,28988.4666666667,28351.7333333333
2026-07-18 05:00:00,25354.6666666667,,,,31806.0,36373.9333333333,29151.5333333333,25498.5333333333,,28908.8666666667,29162.0666666667
2026-07-18 05:15:00,25680.0,,,,32979.6,36562.2666666667,29238.1333333333,25931.9333333333,,29463.2,28726.1333333333
2026-07-18 05:30:00,25603.1333333333,,,,32783.9333333333,37346.7333333333,29332.2,26350.5333333333,,31620.0666666667,30689.4666666667
2026-07-18 05:45:00,26740.8,,,,34289.9333333333,36103.8,29130.7333333333,28097.2666666667,,30861.2666666667,33734.8
2026-07-18 06:00:00,30160.4666666667,,,,36360.7333333333,37483.3333333333,29097.8,27252.3333333333,,26511.2,33839.3333333333
2026-07-18 06:15:00,32516.7333333333,,,,38595.0666666667,38218.2,29368.9333333333,26003.4666666667,,27101.1333333333,33971.2666666667
2026-07-18 06:30:00,31415.9333333333,,,,38135.5333333333,38395.8,29392.5333333333,25912.9333333333,,28144.3333333333,34035.5333333333
2026-07-18 06:45:00,30342.8666666667,,,,36943.2,37888.0,27237.0,26448.0666666667,,30046.8666666667,33450.2
2026-07-18 07:00:00,28953.3333333333,,,,36083.7333333333,36838.8666666667,24580.8666666667,26877.8,,30816.5333333333,33489.2
2026-07-18 07:15:00,28071.8,,,,35054.9333333333,36800.9333333333,23229.6666666667,26541.3333333333,,31040.1333333333,33714.6
2026-07-18 07:30:00,28589.4,,,,34452.0666666667,36863.3333333333,22161.3333333333,26652.9333333333,,30364.0,33089.5333333333
2026-07-18 07:45:00,28744.9333333333,,,,35370.6666666667,36502.2666666667,19933.9333333333,26618.8,,28914.0,32609.0666666667
2026-07-18 08:00:00,28196.0,,,,34753.2666666667,36184.0,17087.6,26441.6666666667,,27345.6666666667,31804.4666666667
2026-07-18 08:15:00,27144.0666666667,,,,35381.4,36132.4666666667,13488.8666666667,26508.6666666667,,27795.8666666667,31090.6
2026-07-18 08:30:00,26277.8666666667,,,,33556.2666666667,36363.3333333333,10407.6666666667,26099.0,,29218.4666666667,30584.7333333333
2026-07-18 08:45:00,25375.2666666667,,,,33382.4666666667,36411.7333333333,8219.53333333333,25134.1333333333,,28837.2666666667,30047.0666666667
2026-07-18 09:00:00,24662.9333333333,,,,33062.9333333333,36400.9333333333,7520.6,24157.4666666667,,23367.6666666667,28818.8666666667
2026-07-18 09:15:00,23712.8,,,,32970.6,35923.2666666667,6669.26666666667,20522.8666666667,,21321.2,24963.9333333333
2026-07-18 09:30:00,23203.0666666667,,,,32738.2,34590.1333333333,6043.53333333333,14119.9333333333,,20712.0,20069.1333333333
2026-07-18 09:45:00,22320.3333333333,,,,31610.9333333333,32532.0,5949.26666666667,9403.73333333333,,17587.4666666667,14288.4
2026-07-18 10:00:00,19948.6,10862.0,,,30542.7333333333,31897.8666666667,5760.93333333333,7501.86666666667,,11441.8666666667,11669.4
2026-07-18 10:15:00,14538.0,9771.33333333333,,,29182.7333333333,24930.8666666667,5723.2,5953.8,,5838.2,8158.8
2026-07-18 10:30:00,7641.93333333333,11736.6666666667,,,26947.3333333333,15365.6666666667,5823.46666666667,5138.46666666667,,4294.6,6917.06666666667
2026-07-18 10:45:00,6108.66666666667,9418.93333333333,,,26487.2,12100.4666666667,5726.26666666667,4970.13333333333,,3936.2,4783.0
2026-07-18 11:00:00,6228.66666666667,7589.0,,,20253.3333333333,7301.33333333333,5325.0,5115.33333333333,,3923.33333333333,4127.53333333333
2026-07-18 11:15:00,6211.66666666667,7292.86666666667,,,17329.8,4255.4,5227.8,5202.13333333333,,4523.06666666667,4103.0
2026-07-18 11:30:00,5830.0,5995.13333333333,,,12922.8,4934.86666666667,4550.4,5305.73333333333,,4467.46666666667,4105.4
2026-07-18 11:45:00,5218.4,5351.5,,,8814.13333333333,3843.73333333333,3638.6,5272.33333333333,,3859.53333333333,4253.73333333333
2026-07-18 12:00:00,4102.33333333333,,,,6034.6,3060.13333333333,2956.0,4734.86666666667,,4433.93333333333,4339.4
2026-07-18 12:15:00,3083.86666666667,,,,5687.06666666667,3129.0,2155.13333333333,3860.53333333333,,3321.0,4028.2
2026-07-18 12:30:00,3841.6,,,,5443.6,3035.0,1781.26666666667,2872.06666666667,,2264.0,3218.86666666667
2026-07-18 12:45:00,4233.26666666667,,,,5112.73333333333,2881.53333333333,1660.13333333333,2359.06666666667,,1920.4,2438.66666666667
2026-07-18 13:00:00,3288.13333333333,,,,4569.33333333333,2795.33333333333,2414.93333333333,1839.06666666667,,1862.93333333333,2091.0
2026-07-18 13:15:00,2286.06666666667,,,,4291.73333333333,2732.13333333333,1694.86666666667,1919.93333333333,,1997.6,2203.33333333333
2026-07-18 13:30:00,2185.0,,,,4323.2,2749.93333333333,2199.26666666667,1809.8,,1996.66666666667,2060.06666666667
2026-07-18 13:45:00,2031.86666666667,,,,4265.6,2606.0,2759.73333333333,1852.0,,1815.73333333333,1903.4
2026-07-18 14:00:00,1929.53333333333,,,,3792.86666666667,2427.46666666667,2592.0,1484.0,,1612.2,1369.26666666667
2026-07-18 14:15:00,1774.33333333333,,,,3475.0,2208.73333333333,1952.0,1238.26666666667,,1263.46666666667,1261.06666666667
2026-07-18 14:30:00,1551.53333333333,,,,2586.8,2125.73333333333,1505.13333333333,1257.26666666667,,1099.4,1324.86666666667
2026-07-18 14:45:00,1396.33333333333,,,,1994.86666666667,1810.93333333333,930.6,1215.06666666667,,1196.26666666667,1127.2
2026-07-18 15:00:00,1446.86666666667,,,,1740.2,1579.93333333333,684.133333333333,909.8,,1032.73333333333,872.866666666667
2026-07-18 15:15:00,1412.26666666667,,,,1542.2,1335.93333333333,564.066666666667,820.533333333333,,917.066666666667,816.8
2026-07-18 15:30:00,1605.86666666667,,,,1282.2,1200.13333333333,634.066666666667,714.4,,750.6,653.266666666667
2026-07-18 15:45:00,1737.2,,,,1254.13333333333,1124.0,666.866666666667,650.066666666667,,701.2,645.6
2026-07-18 16:00:00,1692.4,,,,1284.0,1158.8,832.466666666667,715.6,,756.933333333333,906.266666666667
2026-07-18 16:15:00,1719.2,,,,1401.93333333333,1341.2,1120.93333333333,798.266666666667,,838.333333333333,1184.33333333333
2026-07-18 16:30:00,1349.8,,,,1576.46666666667,1531.8,1361.2,864.066666666667,,899.933333333333,1292.0
2026-07-18 16:45:00,1309.53333333333,,,,1776.73333333333,1627.0,1298.73333333333,881.2,,891.066666666667,1175.0
2026-07-18 17:00:00,1256.06666666667,,,,2344.46666666667,1684.8,1172.66666666667,814.533333333333,,887.6,1035.33333333333
2026-07-18 17:15:00,1228.2,,,,2269.0,1914.66666666667,1207.73333333333,866.333333333333,,862.733333333333,1090.2
2026-07-18 17:30:00,1190.33333333333,,,,2150.6,1858.26666666667,1413.46666666667,928.0,,892.6,1110.4
2026-07-18 17:45:00,1254.73333333333,,,,1875.66666666667,1726.86666666667,1526.6,875.666666666667,,952.8,1051.2
2026-07-18 18:00:00,1249.73333333333,,,,1771.2,1699.06666666667,1573.8,920.466666666667,,983.066666666667,1149.4
2026-07-18 18:15:00,1251.93333333333,,,,1716.06666666667,1595.93333333333,1465.86666666667,912.933333333333,,1001.33333333333,1085.0
2026-07-18 18:30:00,1298.73333333333,,,,1594.2,1464.33333333333,1396.4,914.8,,1041.4,1123.6
2026-07-18 18:45:00,1312.06666666667,,,,1659.73333333333,1489.8,1177.46666666667,920.133333333333,,991.933333333333,1142.6
2026-07-18 19:00:00,1269.33333333333,,,,1766.06666666667,1418.4,1004.2,924.133333333333,,991.2,1174.13333333333
2026-07-18 19:15:00,1320.4,,,,1920.93333333333,1866.13333333333,797.466666666667,1001.0,,1075.0,1263.13333333333
2026-07-18 19:30:00,1201.33333333333,,,,2034.2,1827.33333333333,812.133333333333,439.2,,520.266666666667,649.0
2026-07-18 19:45:00,512.866666666667,,,,1155.13333333333,512.0,689.266666666667,401.533333333333,,415.6,577.6
2026-07-18 20:00:00,402.6,,,,415.266666666667,498.066666666667,606.066666666667,499.0,,510.466666666667,847.133333333333
2026-07-18 20:15:00,439.933333333333,,,,552.533333333333,574.2,585.533333333333,483.2,,494.133333333333,850.666666666667
2026-07-18 20:30:00,523.666666666667,,,,584.2,563.466666666667,672.533333333333,483.533333333333,,454.933333333333,840.666666666667
2026-07-18 20:45:00,487.8,,,,619.4,627.866666666667,742.933333333333,444.533333333333,,524.333333333333,752.733333333333
2026-07-18 21:00:00,560.8,,,,619.666666666667,626.733333333333,803.733333333333,462.266666666667,,554.6,812.533333333333
2026-07-18 21:15:00,561.0,,,,633.2,741.066666666667,810.733333333333,484.333333333333,,563.4,906.8
2026-07-18 21:30:00,516.8,,,,687.533333333333,757.466666666667,775.6,492.666666666667,,581.666666666667,925.266666666667
2026-07-18 21:45:00,539.866666666667,,,,762.733333333333,725.6,684.333333333333,488.333333333333,,604.866666666667,919.8
2026-07-18 22:00:00,525.533333333333,,,,682.266666666667,826.6,652.4,516.2,,583.6,795.866666666667
2026-07-18 22:15:00,558.6,,,,697.266666666667,1077.0,662.733333333333,521.6,,570.6,900.333333333333
2026-07-18 22:30:00,592.6,,,,671.533333333333,655.933333333333,686.933333333333,544.0,,621.0,900.933333333333
2026-07-18 22:45:00,523.466666666667,825.733333333333,,,686.4,664.0,729.8,541.133333333333,,565.933333333333,831.933333333333
2026-07-18 23:00:00,504.133333333333,898.666666666667,,,657.533333333333,676.533333333333,738.133333333333,535.866666666667,,558.066666666667,848.333333333333
2026-07-18 23:15:00,513.2,1116.46666666667,,,647.733333333333,698.8,780.333333333333,538.266666666667,,577.8,919.133333333333
2026-07-18 23:30:00,577.4,1157.25,,,673.6,739.0,804.666666666667,599.6,,602.2,970.733333333333
2026-07-18 23:45:00,579.933333333333,,,,728.933333333333,876.666666666667,834.2,579.666666666667,,622.0,996.466666666667
2026-07-19 00:00:00,614.133333333333,,,,3090.46666666667,845.933333333333,863.866666666667,598.2,,665.933333333333,1012.33333333333
2026-07-19 00:15:00,679.2,,,,5388.26666666667,949.2,892.066666666667,661.933333333333,,695.4,1037.53333333333
2026-07-19 00:30:00,683.0,,,,3202.06666666667,1095.46666666667,896.733333333333,725.866666666667,,732.333333333333,1049.93333333333
2026-07-19 00:45:00,663.333333333333,,,,2435.2,1088.46666666667,877.133333333333,782.8,,750.733333333333,1109.0
2026-07-19 01:00:00,670.0,,,,1644.6,1115.66666666667,948.866666666667,815.466666666667,,796.866666666667,1191.8
2026-07-19 01:15:00,722.0,,1226.16666666667,,1330.33333333333,1204.46666666667,988.533333333333,873.6,,943.2,1251.33333333333
2026-07-19 01:30:00,1177.2,,1525.66666666667,,1340.06666666667,1483.73333333333,964.733333333333,988.733333333333,,1095.26666666667,1346.6
2026-07-19 01:45:00,2659.06666666667,,2641.2,,2623.66666666667,2609.4,897.6,1860.66666666667,,4229.6,1861.66666666667
2026-07-19 02:00:00,5393.33333333333,,4336.93333333333,,4492.86666666667,5460.8,884.8,3689.53333333333,,6000.46666666667,2993.6
2026-07-19 02:15:00,9166.26666666667,,5550.13333333333,,6931.4,5743.33333333333,1157.4,6956.66666666667,,6905.26666666667,4255.13333333333
2026-07-19 02:30:00,13546.0,,5538.6,,8485.2,9666.53333333333,1440.26666666667,7181.06666666667,,6872.66666666667,5628.8
2026-07-19 02:45:00,15995.8,,6640.46666666667,,14305.3333333333,16965.3333333333,4225.06666666667,9111.33333333333,,8441.2,12438.5333333333
2026-07-19 03:00:00,15943.9333333333,,11421.8,,19810.8666666667,20713.8666666667,6097.93333333333,11343.6666666667,,11689.0666666667,16908.9333333333
2026-07-19 03:15:00,15879.2,,13081.2666666667,,22296.0,20007.7333333333,6712.0,12418.4666666667,,12584.4666666667,18519.4
2026-07-19 03:30:00,15479.7333333333,,12476.4,,23177.7333333333,20591.2666666667,7194.13333333333,13939.1333333333,,14826.6,19541.2666666667
2026-07-19 03:45:00,15162.4666666667,,14486.4,,23285.3333333333,20642.4,7788.46666666667,14181.1333333333,,16233.6,20081.7333333333
2026-07-19 04:00:00,15333.9333333333,,16093.8,,23146.1333333333,20523.0666666667,8029.13333333333,14541.0,,16480.6666666667,20599.8666666667
2026-07-19 04:15:00,15276.0,,17786.1333333333,,22857.3333333333,21128.4666666667,8618.33333333333,14666.8666666667,,15754.5333333333,20774.1333333333
2026-07-19 04:30:00,15214.1333333333,,18651.0666666667,,22883.2666666667,20860.4,8942.06666666667,14480.9333333333,,15205.0,20666.8
2026-07-19 04:45:00,14965.8666666667,,19178.6,,22330.1333333333,20618.8,9062.86666666667,14812.9333333333,,15948.2666666667,20595.0666666667
2026-07-19 05:00:00,14225.8666666667,,19808.0,,21736.8,20032.7333333333,10320.0666666667,15062.7333333333,,17257.4666666667,21330.2
2026-07-19 05:15:00,13656.1333333333,,19755.6666666667,,21143.4,19293.1333333333,11515.2,14995.2,,17397.1333333333,21405.8666666667
2026-07-19 05:30:00,12970.5333333333,,19091.1333333333,,21507.8666666667,18509.6,13469.3333333333,13189.1333333333,,15587.6666666667,20717.8
2026-07-19 05:45:00,12222.8666666667,,18558.2,,21034.8666666667,17461.3333333333,14890.5333333333,11328.2,,13393.7333333333,20175.9333333333
2026-07-19 06:00:00,11970.1333333333,,17895.8666666667,,20135.6666666667,16367.2,15453.1333333333,10258.3333333333,,13540.2666666667,18914.6
2026-07-19 06:15:00,11786.8,,16452.2666666667,,20032.0666666667,15218.4,15520.3333333333,10438.2666666667,,13430.5333333333,17958.8666666667
2026-07-19 06:30:00,11509.6666666667,,15375.4,,19737.5333333333,15234.3333333333,14932.6,10320.8666666667,,12959.2,17043.1333333333
2026-07-19 06:45:00,10973.6,,15065.4666666667,,19048.0,15322.0666666667,15363.6666666667,10165.8666666667,,12985.3333333333,16968.1333333333
2026-07-19 07:00:00,10389.6,,15073.9333333333,,18749.8,14223.4666666667,15288.4666666667,10290.4,,12711.4666666667,16867.4666666667
2026-07-19 07:15:00,9362.13333333333,,14725.8,,18499.5333333333,13032.0666666667,15204.9333333333,10186.1333333333,,12807.3333333333,16604.1333333333
2026-07-19 07:30:00,8852.4,,14075.4666666667,,17862.2,11601.8,14442.3333333333,9397.13333333333,,11102.9333333333,15453.0
2026-07-19 07:45:00,8695.6,,13692.8666666667,,16937.4,10316.6,13456.1333333333,8203.2,,8461.06666666667,12831.7333333333
2026-07-19 08:00:00,8428.0,,12234.8,,15978.6,9686.0,12326.0,7667.6,,7681.6,11012.0666666667
2026-07-19 08:15:00,8045.33333333333,,10211.6666666667,,15055.4,8985.13333333333,11886.0,7349.06666666667,,6754.86666666667,9909.73333333333
2026-07-19 08:30:00,8087.66666666667,,7960.66666666667,,14406.7333333333,8005.93333333333,11150.0666666667,7062.93333333333,,6118.53333333333,8186.46666666667
2026-07-19 08:45:00,8154.73333333333,,6756.93333333333,,13156.5333333333,7212.13333333333,9306.46666666667,6812.6,,4999.0,7420.33333333333
2026-07-19 09:00:00,8105.26666666667,,6375.2,,12294.0,6821.33333333333,8437.4,6614.06666666667,,5019.86666666667,7057.26666666667
2026-07-19 09:15:00,7655.86666666667,,6259.06666666667,,11742.2,6329.33333333333,8267.86666666667,6528.6,,5172.4,6931.66666666667
2026-07-19 09:30:00,7354.2,,5931.86666666667,,11236.4666666667,5995.8,7919.26666666667,6349.06666666667,,5294.73333333333,6403.6
2026-07-19 09:45:00,7271.66666666667,9520.27272727273,5431.33333333333,,11240.0,5556.53333333333,7412.53333333333,6251.86666666667,,5068.86666666667,6194.33333333333
2026-07-19 10:00:00,7090.66666666667,8135.0,5303.33333333333,,10155.6,5234.26666666667,7175.4,6247.13333333333,,5264.33333333333,5935.66666666667
2026-07-19 10:15:00,7109.33333333333,8059.0,5004.8,,9940.73333333333,4883.73333333333,6941.46666666667,6079.6,,5066.2,5464.33333333333
2026-07-19 10:30:00,7142.6,7910.72727272727,4655.26666666667,,9931.33333333333,4670.06666666667,6959.93333333333,5940.66666666667,,4935.46666666667,5184.66666666667
2026-07-19 10:45:00,6658.86666666667,,4450.46666666667,,9305.33333333333,4285.6,6847.33333333333,5957.13333333333,,5020.93333333333,5101.46666666667
2026-07-19 11:00:00,6400.6,,4392.06666666667,,9195.53333333333,4096.26666666667,6816.93333333333,5976.73333333333,,4923.13333333333,5010.6
2026-07-19 11:15:00,6460.6,,4284.46666666667,,8824.06666666667,3571.06666666667,6822.13333333333,6006.0,,4897.2,4737.0
2026-07-19 11:30:00,6315.4,,4244.93333333333,,8111.13333333333,3757.26666666667,6812.33333333333,6000.0,,4985.33333333333,4694.53333333333
2026-07-19 11:45:00,6024.6,,4087.73333333333,,7697.53333333333,3700.8,6472.0,5970.46666666667,,4993.53333333333,4714.53333333333
2026-07-19 12:00:00,5891.2,,4153.33333333333,,7295.53333333333,3489.06666666667,6469.13333333333,5848.0,,4964.0,4779.8
2026-07-19 12:15:00,5599.26666666667,,4279.93333333333,,6942.6,3391.4,6507.2,5756.6,,4986.46666666667,4817.66666666667
2026-07-19 12:30:00,5648.8,,4003.46666666667,,6646.26666666667,3469.53333333333,6382.73333333333,5650.53333333333,,4987.8,4806.6
2026-07-19 12:45:00,5487.2,,3939.33333333333,,6565.2,3464.53333333333,6330.8,5538.13333333333,,4944.46666666667,4806.6
2026-07-19 13:00:00,5162.66666666667,,3977.53333333333,,6420.66666666667,3405.46666666667,6406.93333333333,5447.86666666667,,4945.33333333333,4768.2
2026-07-19 13:15:00,4896.66666666667,,3935.06666666667,,6332.73333333333,3497.8,6308.66666666667,5233.46666666667,,4754.26666666667,4679.46666666667
2026-07-19 13:30:00,4658.86666666667,,3989.46666666667,,6248.53333333333,3480.46666666667,6363.2,5158.46666666667,,4630.53333333333,4667.2
2026-07-19 13:45:00,4323.66666666667,,4032.26666666667,,6273.13333333333,3461.33333333333,6218.13333333333,4945.46666666667,,4724.66666666667,4618.86666666667
2026-07-19 14:00:00,4185.2,,4059.26666666667,,6141.73333333333,3503.2,6049.6,5066.73333333333,,4441.66666666667,4491.0
2026-07-19 14:15:00,4175.93333333333,,4000.93333333333,,6114.4,3530.0,5995.46666666667,4457.46666666667,,4444.33333333333,4286.06666666667
2026-07-19 14:30:00,4121.46666666667,,4021.13333333333,,5998.6,3372.06666666667,5903.0,4270.93333333333,,4334.93333333333,4154.13333333333
2026-07-19 14:45:00,3804.86666666667,,3981.93333333333,,5946.06666666667,3451.53333333333,5724.4,4037.66666666667,,4162.0,4043.13333333333
2026-07-19 15:00:00,3833.4,,3940.13333333333,,5889.0,3342.0,5642.8,3901.06666666667,,4052.46666666667,4302.2
2026-07-19 15:15:00,3938.93333333333,,3873.53333333333,,5830.53333333333,3359.73333333333,5698.8,3823.26666666667,,4001.46666666667,4094.46666666667
2026-07-19 15:30:00,4296.86666666667,,3767.0,,5695.06666666667,3319.0,5746.8,3738.6,,4074.86666666667,4026.53333333333
2026-07-19 15:45:00,4104.73333333333,,3677.2,,5656.2,3363.86666666667,5700.93333333333,3836.13333333333,,4211.66666666667,4193.93333333333
2026-07-19 16:00:00,4100.33333333333,,3717.93333333333,,5667.86666666667,3424.93333333333,5521.33333333333,3971.46666666667,,4527.33333333333,4143.53333333333
2026-07-19 16:15:00,3908.6,,3796.73333333333,,5685.8,3392.46666666667,5308.0,4052.4,,4508.73333333333,4149.8
2026-07-19 16:30:00,3812.73333333333,,3777.66666666667,,5675.6,3372.2,5264.06666666667,4126.73333333333,,4411.0,4296.6
2026-07-19 16:45:00,3791.2,,3748.4,,5682.46666666667,3426.2,4973.2,3906.26666666667,,4311.26666666667,4305.66666666667
2026-07-19 17:00:00,3749.8,,3806.8,,5710.53333333333,3384.6,5024.73333333333,3914.73333333333,,4229.06666666667,4191.46666666667
2026-07-19 17:15:00,3916.53333333333,,3833.13333333333,,5668.46666666667,3288.06666666667,4910.0,3695.6,,4368.66666666667,4233.73333333333
2026-07-19 17:30:00,3918.6,,3759.66666666667,,5601.26666666667,3231.8,4746.86666666667,3765.66666666667,,4321.53333333333,4233.0
2026-07-19 17:45:00,4022.33333333333,,3741.6,,5647.2,3226.73333333333,4844.6,3590.8,,4257.53333333333,4192.26666666667
2026-07-19 18:00:00,4211.2,,3689.26666666667,,5599.4,3208.13333333333,4550.93333333333,3544.93333333333,,4409.13333333333,4241.33333333333
2026-07-19 18:15:00,4646.13333333333,,3693.2,,5657.46666666667,3263.2,4562.06666666667,3613.2,,4559.86666666667,4437.0
2026-07-19 18:30:00,4872.2,,3667.66666666667,,5708.46666666667,3139.0,4188.86666666667,3788.73333333333,,4569.8,4864.4
2026-07-19 18:45:00,5521.0,,3729.53333333333,,5883.0,2993.33333333333,3997.2,3977.26666666667,,4907.26666666667,5833.4
2026-07-19 19:00:00,5710.6,,3749.6,,5866.53333333333,2906.2,3909.26666666667,4393.66666666667,,5026.06666666667,6024.8
2026-07-19 19:15:00,5831.33333333333,,3766.4,,5965.2,3143.86666666667,3934.13333333333,4753.06666666667,,5019.0,4931.86666666667
2026-07-19 19:30:00,5937.13333333333,,3829.4,,6006.26666666667,3194.53333333333,4089.2,5090.06666666667,,4981.4,4936.0
2026-07-19 19:45:00,6109.93333333333,,3861.13333333333,,6154.6,3273.53333333333,4145.73333333333,5323.6,,5048.86666666667,4868.86666666667
2026-07-19 20:00:00,6261.06666666667,,3901.8,,6294.6,3380.93333333333,4290.06666666667,5452.8,,4822.33333333333,4917.46666666667
2026-07-19 20:15:00,6412.26666666667,,3907.86666666667,,6488.6,3418.06666666667,4383.66666666667,5563.53333333333,,4869.13333333333,4914.0
2026-07-19 20:30:00,6546.4,,3903.13333333333,,6620.26666666667,3504.66666666667,4599.93333333333,5650.6,,4908.73333333333,4991.53333333333
2026-07-19 20:45:00,6531.53333333333,,3940.6,,6825.86666666667,3645.0,4733.73333333333,5679.8,,4905.13333333333,5136.8
2026-07-19 21:00:00,6519.53333333333,,4000.0,,7008.26666666667,3742.66666666667,4862.0,5692.6,,5071.13333333333,5216.66666666667
2026-07-19 21:15:00,6469.2,,4009.53333333333,,7147.06666666667,3866.2,4927.0,5707.33333333333,,4987.73333333333,5322.73333333333
2026-07-19 21:30:00,6443.33333333333,,4029.66666666667,,7133.2,3891.0,4948.66666666667,5711.93333333333,,4956.46666666667,5520.0
2026-07-19 21:45:00,6521.13333333333,,4032.66666666667,,7105.4,3949.26666666667,5146.73333333333,5707.73333333333,,5053.93333333333,5602.26666666667
2026-07-19 22:00:00,6521.93333333333,,4042.33333333333,,7082.26666666667,4078.46666666667,5283.46666666667,5748.2,,5199.73333333333,5679.6
2026-07-19 22:15:00,6404.4,8243.0,4066.6,,7064.4,4078.53333333333,5264.8,5741.4,,5298.13333333333,5827.26666666667
2026-07-19 22:30:00,6312.13333333333,8110.46666666667,4126.73333333333,,7070.26666666667,4059.13333333333,5564.6,5806.0,,5378.26666666667,5973.53333333333
2026-07-19 22:45:00,6214.13333333333,8250.13333333333,4149.33333333333,,7156.26666666667,4114.06666666667,5441.66666666667,5757.93333333333,,5645.73333333333,6140.93333333333
2026-07-19 23:00:00,6172.26666666667,8157.6,4172.53333333333,,7245.2,4230.6,5572.46666666667,5707.13333333333,,5645.26666666667,6200.8
2026-07-19 23:15:00,6298.6,,4207.86666666667,,7295.13333333333,4325.53333333333,5777.2,5590.33333333333,,5740.66666666667,6366.8
2026-07-19 23:30:00,6313.66666666667,,4234.26666666667,,7518.33333333333,4397.33333333333,5617.2,5539.6,,5813.53333333333,6403.4
2026-07-19 23:45:00,6354.0,,4317.13333333333,,7520.66666666667,4479.26666666667,5062.86666666667,5577.33333333333,,5879.13333333333,6551.8
2026-07-20 00:00:00,6427.8,,4363.2,,7452.73333333333,4510.8,4991.2,5601.53333333333,,5911.2,6577.33333333333
2026-07-20 00:15:00,6357.2,,4456.73333333333,,7575.86666666667,4584.86666666667,5415.06666666667,5648.6,,5991.2,6720.6
2026-07-20 00:30:00,6437.2,,4496.66666666667,,7670.4,4812.06666666667,5550.53333333333,5773.06666666667,,5999.26666666667,6818.6
2026-07-20 00:45:00,6511.46666666667,,4464.4,,7885.46666666667,4809.53333333333,5155.46666666667,5819.13333333333,,6070.13333333333,6970.53333333333
2026-07-20 01:00:00,6602.73333333333,,4501.2,,8002.4,4865.93333333333,5353.26666666667,5788.46666666667,,6074.86666666667,6942.66666666667
2026-07-20 01:15:00,6486.0,,4466.8,,8244.06666666667,4848.53333333333,5512.46666666667,5892.06666666667,,6109.6,7081.53333333333
2026-07-20 01:30:00,6544.93333333333,,4452.4,,8353.86666666667,4866.4,5418.33333333333,5926.33333333333,,6095.86666666667,7218.2
2026-07-20 01:45:00,6557.13333333333,,4446.93333333333,,8714.2,4937.6,5659.13333333333,5983.13333333333,,6096.13333333333,7199.46666666667
2026-07-20 02:00:00,6678.46666666667,,4351.66666666667,,9651.06666666667,4943.93333333333,5518.33333333333,5971.93333333333,,6126.73333333333,7275.6
2026-07-20 02:15:00,6780.53333333333,,4445.6,,10102.7333333333,5035.2,5444.2,6059.53333333333,,6127.06666666667,7451.2
2026-07-20 02:30:00,7034.06666666667,,4435.6,,10288.4666666667,5212.2,5904.93333333333,6095.6,,6116.0,7478.26666666667
2026-07-20 02:45:00,6888.13333333333,,4441.0,,10162.9333333333,5124.33333333333,6066.86666666667,6088.46666666667,,6130.26666666667,7494.53333333333
2026-07-20 03:00:00,7076.53333333333,,4457.46666666667,,9158.33333333333,5151.73333333333,6250.46666666667,6184.0,,6130.4,7638.2
2026-07-20 03:15:00,7135.53333333333,,4535.46666666667,,8836.73333333333,5278.4,6181.73333333333,6151.13333333333,,6185.6,7829.93333333333
2026-07-20 03:30:00,7289.46666666667,,4585.6,,9069.66666666667,5286.53333333333,6317.2,6203.53333333333,,6236.73333333333,7853.53333333333
2026-07-20 03:45:00,7384.53333333333,,4563.93333333333,,9026.13333333333,5450.66666666667,6589.53333333333,6224.93333333333,,6344.06666666667,7663.06666666667
2026-07-20 04:00:00,7372.73333333333,,4611.8,,9099.46666666667,5342.26666666667,6342.06666666667,6244.73333333333,,6292.53333333333,7928.66666666667
2026-07-20 04:15:00,7406.13333333333,,4674.13333333333,,9329.4,5578.8,6128.6,6266.53333333333,,6323.4,7943.26666666667
2026-07-20 04:30:00,7357.46666666667,,4670.6,,10013.6666666667,5883.73333333333,5933.66666666667,6278.53333333333,,6291.4,8149.2
2026-07-20 04:45:00,7375.66666666667,,4668.4,,9993.53333333333,5856.93333333333,5934.6,6233.2,,6294.86666666667,8227.86666666667
2026-07-20 05:00:00,7483.26666666667,,4656.26666666667,,9728.26666666667,5746.6,5959.2,6218.66666666667,,6321.33333333333,8111.6
2026-07-20 05:15:00,7599.93333333333,,4713.4,,9732.66666666667,5769.73333333333,6059.06666666667,6298.53333333333,,6360.4,8227.73333333333
2026-07-20 05:30:00,7602.2,,4740.33333333333,,10003.5333333333,5907.93333333333,5979.93333333333,6269.53333333333,,6346.8,8585.86666666667
2026-07-20 05:45:00,7738.8,,4780.53333333333,,10011.6,6104.73333333333,6020.06666666667,6226.93333333333,,6362.53333333333,8613.46666666667
2026-07-20 06:00:00,7906.53333333333,,4724.46666666667,,10576.4666666667,6343.8,5831.86666666667,6237.86666666667,,6472.8,8355.26666666667
2026-07-20 06:15:00,7961.2,,4714.86666666667,,11017.0666666667,6627.33333333333,5662.93333333333,6322.0,,6453.33333333333,8667.93333333333
2026-07-20 06:30:00,7626.4,10686.875,4697.8,,10558.0,6704.46666666667,5624.13333333333,6364.73333333333,,6468.73333333333,8385.06666666667
2026-07-20 06:45:00,7564.0,10221.8333333333,4728.2,,9962.2,6590.46666666667,5535.8,6375.93333333333,,6557.33333333333,8296.0
2026-07-20 07:00:00,7442.13333333333,,4638.13333333333,,9950.13333333333,6437.33333333333,5749.8,6323.06666666667,,8298.46666666667,7835.6
2026-07-20 07:15:00,7003.93333333333,,4647.73333333333,,10030.2,6213.93333333333,6655.13333333333,6501.13333333333,,9003.6,8041.4
2026-07-20 07:30:00,6734.13333333333,,4648.73333333333,,9647.73333333333,5936.0,7052.8,6541.13333333333,,5651.06666666667,8024.8
2026-07-20 07:45:00,6371.6,,4608.26666666667,,9058.6,5618.4,7086.46666666667,6477.66666666667,,5067.53333333333,7999.2
2026-07-20 08:00:00,6003.0,,4618.2,,8447.0,5329.33333333333,7054.93333333333,6413.2,,4872.53333333333,8013.86666666667
2026-07-20 08:15:00,5360.0,,4618.73333333333,,8105.4,5085.2,6826.53333333333,6168.46666666667,,4921.6,7281.2
2026-07-20 08:30:00,4576.66666666667,,4581.46666666667,,7906.53333333333,4924.53333333333,6937.53333333333,5760.6,,4511.86666666667,6785.86666666667
2026-07-20 08:45:00,4013.26666666667,,4553.66666666667,,7490.0,4883.06666666667,7027.8,5236.66666666667,,4410.46666666667,6278.66666666667
2026-07-20 09:00:00,3458.86666666667,,4478.53333333333,,7162.46666666667,4819.06666666667,6985.13333333333,4562.66666666667,,4167.13333333333,5798.93333333333
2026-07-20 09:15:00,3069.8,,4390.73333333333,,6914.0,4660.33333333333,6763.8,4024.6,,4051.4,5504.6
2026-07-20 09:30:00,2844.06666666667,,4318.13333333333,,6757.2,4551.8,6424.33333333333,3976.0,,3871.06666666667,5328.53333333333
2026-07-20 09:45:00,2651.2,,4338.2,,6573.46666666667,4492.0,6200.66666666667,4123.06666666667,,3963.0,5346.4
2026-07-20 10:00:00,2416.2,,4380.33333333333,,6456.53333333333,4408.4,5999.0,4380.8,,4073.73333333333,5427.13333333333
2026-07-20 10:15:00,2501.4,,4346.53333333333,,6446.86666666667,4431.86666666667,5785.06666666667,4535.0,4129.625,4197.73333333333,5418.86666666667
2026-07-20 10:30:00,3078.93333333333,,4284.46666666667,,6435.53333333333,4261.46666666667,5691.46666666667,4789.66666666667,4682.73333333333,4434.53333333333,5406.93333333333
2026-07-20 10:45:00,2853.13333333333,,4271.06666666667,,6347.73333333333,4110.26666666667,5781.4,4953.33333333333,5373.13333333333,4559.13333333333,5385.46666666667
2026-07-20 11:00:00,3202.46666666667,,4177.93333333333,,6397.53333333333,4431.4,5891.4,5158.13333333333,5049.0,4723.13333333333,5294.4
2026-07-20 11:15:00,3737.13333333333,,4100.2,,6401.06666666667,3985.53333333333,5893.93333333333,5273.8,1803.0,4778.06666666667,5286.46666666667
2026-07-20 11:30:00,3995.86666666667,,4055.0,,6313.46666666667,3990.66666666667,5789.46666666667,5299.46666666667,4873.375,4794.93333333333,5299.2
2026-07-20 11:45:00,4167.53333333333,,4028.46666666667,,6346.33333333333,3804.53333333333,5449.46666666667,5274.46666666667,4966.8,4739.46666666667,5191.73333333333
2026-07-20 12:00:00,4316.73333333333,,3966.13333333333,,6411.0,3885.2,5288.53333333333,5190.2,5112.46666666667,4760.73333333333,5143.06666666667
2026-07-20 12:15:00,4454.4,,3972.8,,6452.66666666667,3702.2,5100.4,5263.4,5205.26666666667,4732.86666666667,5069.73333333333
2026-07-20 12:30:00,4530.8,,3984.53333333333,,6371.8,3680.93333333333,4880.46666666667,5168.93333333333,5177.26666666667,4671.33333333333,4931.73333333333
2026-07-20 12:45:00,4467.93333333333,,3976.8,,6277.66666666667,3583.2,4773.53333333333,5149.66666666667,5274.8,4660.06666666667,4873.86666666667
2026-07-20 13:00:00,4530.0,,3966.13333333333,,6181.4,3623.93333333333,4789.46666666667,5052.46666666667,5266.73333333333,4705.33333333333,4802.93333333333
2026-07-20 13:15:00,4589.33333333333,,3936.53333333333,,6139.73333333333,3591.93333333333,4568.4,4876.73333333333,5182.66666666667,4678.2,4718.66666666667
2026-07-20 13:30:00,4615.13333333333,,3949.6,,6119.13333333333,3581.53333333333,4443.53333333333,4801.73333333333,5298.6,4629.33333333333,4629.6
2026-07-20 13:45:00,4689.46666666667,,4035.6,,6100.46666666667,3533.6,4568.8,4611.86666666667,5289.8,4594.13333333333,4584.4
2026-07-20 14:00:00,4699.13333333333,,3975.93333333333,,5997.06666666667,3440.8,4376.73333333333,4563.2,5243.33333333333,4598.73333333333,4549.2
2026-07-20 14:15:00,4658.66666666667,,3898.93333333333,,5989.6,3421.0,4314.53333333333,4335.2,5164.13333333333,4617.6,4452.0
2026-07-20 14:30:00,4624.8,,3895.4,,5943.6,3372.0,3618.14285714286,4352.93333333333,5187.8,4578.6,4387.4
2026-07-20 14:45:00,4684.33333333333,,3895.66666666667,,5875.86666666667,3383.46666666667,,4331.86666666667,5118.4,4511.46666666667,4302.73333333333
2026-07-20 15:00:00,4685.13333333333,,3822.06666666667,,5755.2,3324.53333333333,,4301.53333333333,4908.93333333333,4539.0,4329.26666666667
2026-07-20 15:15:00,4749.6,,3776.66666666667,,5745.33333333333,3334.33333333333,,4295.06666666667,4916.86666666667,4507.33333333333,4375.93333333333
2026-07-20 15:30:00,4772.33333333333,,3762.33333333333,,5755.66666666667,3320.6,,4465.6,4872.53333333333,4491.46666666667,4366.2
2026-07-20 15:45:00,4702.06666666667,,3758.0,,5657.33333333333,3365.53333333333,,4427.06666666667,4809.13333333333,4613.33333333333,4355.93333333333
2026-07-20 16:00:00,4661.8,,3770.93333333333,,5650.73333333333,3270.33333333333,,4426.33333333333,4786.0,4588.66666666667,4331.26666666667
2026-07-20 16:15:00,4471.86666666667,,3804.13333333333,,5589.93333333333,3260.6,,4449.26666666667,4560.86666666667,4579.93333333333,4298.8
2026-07-20 16:30:00,4414.66666666667,,3761.8,,5562.2,3139.86666666667,,4423.13333333333,4497.93333333333,4641.6,4356.0
2026-07-20 16:45:00,4434.13333333333,,3761.0,,5538.4,3220.2,,4329.86666666667,5330.6,4662.93333333333,4357.46666666667
2026-07-20 17:00:00,4384.46666666667,,3737.2,,5542.6,3197.86666666667,,4225.66666666667,4391.86666666667,4618.66666666667,4352.26666666667
2026-07-20 17:15:00,4423.8,,3752.2,,5459.4,3169.33333333333,,4176.06666666667,4391.26666666667,4624.06666666667,4366.13333333333
2026-07-20 17:30:00,4556.06666666667,,3728.13333333333,,5441.13333333333,3184.13333333333,,4406.4,4615.13333333333,4682.33333333333,4444.2
2026-07-20 17:45:00,4490.86666666667,,3729.26666666667,,5442.33333333333,3251.86666666667,,4381.66666666667,4755.06666666667,4703.53333333333,4485.93333333333
2026-07-20 18:00:00,4468.46666666667,,3753.86666666667,,5460.6,3154.13333333333,,4115.13333333333,4875.8,4722.46666666667,4542.8
2026-07-20 18:15:00,4412.0,,3743.86666666667,,5447.53333333333,3166.8,4889.33333333333,4121.66666666667,5052.06666666667,4704.13333333333,6024.4
2026-07-20 18:30:00,4481.2,,3712.53333333333,,5546.13333333333,3162.86666666667,4674.73333333333,4254.53333333333,5120.06666666667,4716.93333333333,4841.86666666667
2026-07-20 18:45:00,4397.0,,3626.86666666667,,5563.13333333333,3181.06666666667,4795.4,4227.26666666667,5145.26666666667,4701.46666666667,4608.13333333333
2026-07-20 19:00:00,4511.6,,3640.2,,5526.66666666667,3177.0,4826.0,4325.13333333333,5179.0,4751.46666666667,4682.8
2026-07-20 19:15:00,4687.33333333333,,3619.13333333333,,5545.0,3261.86666666667,4822.2,4364.0,5220.26666666667,4769.0,4728.26666666667
2026-07-20 19:30:00,4542.93333333333,,3720.06666666667,,5579.66666666667,3328.53333333333,4906.06666666667,4422.06666666667,5251.8,4781.66666666667,4793.8
2026-07-20 19:45:00,4641.8,,3693.66666666667,,5666.6,3363.2,5063.93333333333,4426.8,5338.33333333333,4847.06666666667,4851.93333333333
2026-07-20 20:00:00,4764.4,,3786.86666666667,,5651.46666666667,3371.06666666667,5068.06666666667,4396.13333333333,5417.8,4864.53333333333,4899.06666666667
2026-07-20 20:15:00,4786.86666666667,,3792.33333333333,,5641.93333333333,3382.86666666667,5243.8,4478.2,5490.0,4890.33333333333,4934.6
2026-07-20 20:30:00,4836.66666666667,,3849.8,,5642.73333333333,3416.06666666667,5411.06666666667,4502.13333333333,5629.86666666667,4936.13333333333,4993.6
2026-07-20 20:45:00,4860.33333333333,,3881.46666666667,,5731.0,3480.06666666667,5537.33333333333,4549.26666666667,5696.33333333333,5013.66666666667,5034.4
2026-07-20 21:00:00,5154.93333333333,,3902.2,,5859.6,3473.6,5671.4,4579.73333333333,5709.26666666667,5034.33333333333,5109.93333333333
2026-07-20 21:15:00,4992.93333333333,,3890.4,,5954.73333333333,3480.93333333333,5728.86666666667,4663.4,5820.26666666667,5031.93333333333,5182.93333333333
2026-07-20 21:30:00,5126.66666666667,,3862.53333333333,,5974.73333333333,3524.2,5848.26666666667,4764.73333333333,5857.66666666667,5086.6,5248.73333333333
2026-07-20 21:45:00,5159.8,7714.22222222222,3870.46666666667,,5986.0,3567.26666666667,5853.06666666667,4837.2,5877.53333333333,5132.73333333333,5283.53333333333
2026-07-20 22:00:00,5142.2,7273.13333333333,3871.6,,6068.06666666667,3610.6,6080.26666666667,4845.73333333333,5902.6,5140.26666666667,5989.73333333333
2026-07-20 22:15:00,5410.4,7342.26666666667,3861.73333333333,,6130.93333333333,3556.93333333333,6007.86666666667,4914.06666666667,6009.46666666667,5166.33333333333,5933.13333333333
2026-07-20 22:30:00,5360.66666666667,7408.6,3923.0,,6161.33333333333,3631.2,6145.06666666667,4999.66666666667,5996.53333333333,5192.86666666667,5340.13333333333
2026-07-20 22:45:00,5659.06666666667,7577.93333333333,3881.46666666667,,6220.26666666667,3683.26666666667,6080.66666666667,5006.4,6005.06666666667,5181.33333333333,5302.93333333333
2026-07-20 23:00:00,5627.06666666667,7657.13333333333,3936.13333333333,,6267.53333333333,3810.4,6202.0,5100.06666666667,6021.2,5141.06666666667,5358.53333333333
2026-07-20 23:15:00,5689.33333333333,7603.0,3946.06666666667,,6512.13333333333,4260.06666666667,6213.2,5115.33333333333,6111.46666666667,5150.13333333333,5320.66666666667
2026-07-20 23:30:00,5986.06666666667,7785.66666666667,3936.86666666667,,6688.06666666667,4841.33333333333,6222.86666666667,5148.66666666667,6106.8,5202.26666666667,5303.8
2026-07-20 23:45:00,6177.2,7845.0,3971.26666666667,,6672.0,8080.53333333333,6202.66666666667,5381.26666666667,6090.93333333333,5211.73333333333,5325.8
2026-07-21 00:00:00,6328.33333333333,7882.86666666667,3959.66666666667,,6635.33333333333,8651.0,6307.6,5185.8,6122.46666666667,5231.8,5398.46666666667
2026-07-21 00:15:00,6354.86666666667,7917.86666666667,4016.26666666667,,6554.33333333333,11322.6666666667,6395.46666666667,5233.53333333333,6178.53333333333,5307.8,5516.33333333333
2026-07-21 00:30:00,6520.93333333333,7921.26666666667,3937.53333333333,,6661.8,7181.13333333333,6389.46666666667,5272.66666666667,6128.73333333333,5396.0,5579.6
2026-07-21 00:45:00,6693.66666666667,8004.73333333333,3944.26666666667,,6808.13333333333,5725.13333333333,6224.06666666667,5306.13333333333,6176.2,5390.06666666667,5588.86666666667
2026-07-21 01:00:00,6803.66666666667,8097.53333333333,3929.2,,6940.8,6352.86666666667,6345.46666666667,5283.93333333333,6166.06666666667,5370.8,5486.86666666667
2026-07-21 01:15:00,6779.26666666667,7911.53333333333,3888.13333333333,,7589.26666666667,5601.2,6358.33333333333,5327.06666666667,6140.2,5341.13333333333,5491.6
2026-07-21 01:30:00,6718.06666666667,7982.86666666667,3920.6,,7315.06666666667,5467.53333333333,6373.73333333333,5345.13333333333,6146.2,5302.53333333333,5427.06666666667
2026-07-21 01:45:00,6616.53333333333,8073.93333333333,3987.8,,7392.66666666667,5113.13333333333,6361.33333333333,5291.8,6224.66666666667,5252.46666666667,5526.66666666667
2026-07-21 02:00:00,6651.13333333333,8008.26666666667,3996.53333333333,,7231.0,4835.2,6377.06666666667,5329.13333333333,6180.73333333333,5253.93333333333,5518.6
2026-07-21 02:15:00,6631.53333333333,8082.73333333333,3959.26666666667,,7376.66666666667,4940.93333333333,6364.46666666667,5326.73333333333,6190.33333333333,5245.33333333333,5453.66666666667
2026-07-21 02:30:00,6635.26666666667,8072.8,3951.53333333333,,7412.93333333333,5228.6,6241.13333333333,5353.8,6291.2,5251.8,5493.33333333333
2026-07-21 02:45:00,6761.6,7989.4,3951.93333333333,,7467.0,6270.06666666667,6337.46666666667,5370.86666666667,6219.33333333333,5244.13333333333,5560.73333333333
2026-07-21 03:00:00,7043.33333333333,8039.66666666667,3985.0,,7687.8,6782.86666666667,6530.33333333333,5394.46666666667,6232.66666666667,5240.46666666667,5470.4
2026-07-21 03:15:00,7119.66666666667,8016.73333333333,3982.66666666667,,7573.13333333333,7339.66666666667,6453.66666666667,5389.86666666667,6233.0,5255.33333333333,5422.46666666667
2026-07-21 03:30:00,6986.53333333333,8064.86666666667,3956.86666666667,,7442.0,6844.6,6469.46666666667,5394.6,6208.6,5208.06666666667,5385.53333333333
2026-07-21 03:45:00,6915.8,8076.13333333333,3985.6,,7622.0,6619.33333333333,6450.06666666667,5395.66666666667,6238.0,5169.13333333333,5420.13333333333
2026-07-21 04:00:00,7265.8,8175.73333333333,3967.4,,7782.4,7292.33333333333,6482.93333333333,5466.33333333333,6276.53333333333,5196.46666666667,5416.93333333333
2026-07-21 04:15:00,7369.13333333333,8167.73333333333,3997.53333333333,,7942.0,6897.0,6524.4,5468.13333333333,6303.13333333333,5186.86666666667,5344.33333333333
2026-07-21 04:30:00,7463.8,8187.46666666667,4009.13333333333,,7839.46666666667,7191.8,6442.46666666667,5468.13333333333,6348.2,5210.86666666667,5329.86666666667
2026-07-21 04:45:00,7400.33333333333,8277.06666666667,4049.73333333333,,7829.33333333333,9859.6,6444.33333333333,5515.0,6329.4,5227.66666666667,5444.8
2026-07-21 05:00:00,7192.66666666667,8303.46666666667,4089.46666666667,,7892.53333333333,10863.5333333333,6454.73333333333,5579.0,6332.0,5217.06666666667,5488.86666666667
2026-07-21 05:15:00,7087.86666666667,8445.66666666667,4067.06666666667,,7924.66666666667,8665.8,6464.86666666667,5557.66666666667,6316.73333333333,5235.93333333333,5523.8
2026-07-21 05:30:00,7074.4,8559.66666666667,4160.33333333333,,8285.13333333333,6951.93333333333,6461.0,5682.06666666667,6269.06666666667,5286.33333333333,5489.73333333333
2026-07-21 05:45:00,7155.93333333333,8563.6,4206.53333333333,,8172.53333333333,5275.53333333333,6300.73333333333,5722.8,6370.13333333333,5224.06666666667,5424.86666666667
2026-07-21 06:00:00,7154.26666666667,8537.66666666667,4186.86666666667,,13163.0666666667,5189.33333333333,6379.06666666667,5709.0,6372.6,5242.2,5577.13333333333
2026-07-21 06:15:00,7206.0,8515.4,4174.93333333333,,14916.4666666667,5192.53333333333,6327.26666666667,5718.26666666667,6355.13333333333,5216.26666666667,5539.86666666667
2026-07-21 06:30:00,7225.86666666667,8417.26666666667,4197.46666666667,,10814.9333333333,5262.53333333333,6383.2,5689.06666666667,6407.2,5238.73333333333,5569.2
2026-07-21 06:45:00,6737.73333333333,7946.86666666667,4243.86666666667,,10177.6,5133.86666666667,6407.53333333333,5661.13333333333,6339.26666666667,5238.4,5404.0
2026-07-21 07:00:00,6383.66666666667,7810.46666666667,4203.46666666667,,9053.73333333333,4850.13333333333,6491.8,5584.8,6298.86666666667,5291.2,5355.8
2026-07-21 07:15:00,6269.06666666667,7830.73333333333,4193.06666666667,,8480.26666666667,4612.93333333333,6555.33333333333,5518.33333333333,6131.4,5342.0,5345.2
2026-07-21 07:30:00,6109.13333333333,7732.8,4206.26666666667,,8291.06666666667,4632.0,6626.2,5411.2,6055.93333333333,5364.86666666667,5369.53333333333
2026-07-21 07:45:00,5481.53333333333,7219.4,4200.53333333333,,9618.33333333333,4540.0,6227.06666666667,5281.8,6006.8,5120.73333333333,5358.66666666667
2026-07-21 08:00:00,5198.73333333333,7003.53333333333,4184.0,,7222.4,4264.4,5522.66666666667,5100.66666666667,5950.26666666667,4875.33333333333,5308.53333333333
2026-07-21 08:15:00,6381.4,7132.53333333333,4260.86666666667,,6780.6,4178.66666666667,5276.73333333333,4937.66666666667,5937.8,5198.6,5311.0
2026-07-21 08:30:00,5379.06666666667,6969.06666666667,4246.93333333333,,6549.06666666667,4204.93333333333,5100.13333333333,4925.66666666667,5925.26666666667,5258.6,5319.4
2026-07-21 08:45:00,5136.33333333333,6857.0,4254.93333333333,,6510.6,4165.13333333333,5092.73333333333,4816.8,5967.93333333333,5373.6,5304.53333333333
2026-07-21 09:00:00,5157.2,6724.66666666667,4242.33333333333,,6432.4,4193.2,4898.2,4763.4,5993.06666666667,5230.33333333333,5253.46666666667
2026-07-21 09:15:00,5029.8,6606.73333333333,4232.86666666667,,6434.66666666667,4236.53333333333,4705.73333333333,4556.53333333333,5958.93333333333,5126.6,5281.66666666667
2026-07-21 09:30:00,4874.06666666667,6527.53333333333,4232.4,,6379.66666666667,4225.53333333333,4676.4,4450.46666666667,5893.06666666667,5092.26666666667,5235.13333333333
2026-07-21 09:45:00,4789.8,6522.2,4217.93333333333,,6292.0,4169.93333333333,4853.46666666667,4542.66666666667,5877.13333333333,5054.0,5200.8
2026-07-21 10:00:00,4770.13333333333,6509.93333333333,4215.73333333333,,6334.06666666667,4104.13333333333,4947.33333333333,4466.13333333333,5891.8,5094.66666666667,5161.4
2026-07-21 10:15:00,4870.93333333333,6452.66666666667,4172.53333333333,,6289.73333333333,4059.13333333333,4653.0,4556.4,5743.33333333333,5160.0,5074.6
2026-07-21 10:30:00,4911.2,5883.06666666667,4059.53333333333,,6161.93333333333,3956.26666666667,4415.06666666667,4624.26666666667,5730.73333333333,5038.33333333333,4966.33333333333
2026-07-21 10:45:00,5000.66666666667,6082.0,3944.53333333333,,6070.53333333333,3711.73333333333,4145.46666666667,4764.2,5692.46666666667,5017.6,4927.46666666667
2026-07-21 11:00:00,5313.26666666667,6575.625,3958.46666666667,,6018.2,3478.8,4323.33333333333,4938.33333333333,5624.4,4943.33333333333,4918.33333333333
2026-07-21 11:15:00,5657.06666666667,,3908.33333333333,,5841.8,3427.93333333333,4556.73333333333,5077.66666666667,5591.6,4943.4,4826.06666666667
2026-07-21 11:30:00,5737.4,,3861.73333333333,,5879.8,3418.4,4835.6,5318.53333333333,5571.06666666667,4881.6,4762.93333333333
2026-07-21 11:45:00,5789.8,,3826.73333333333,,6173.66666666667,3588.53333333333,5121.2,5400.66666666667,5584.8,4783.8,4752.06666666667
2026-07-21 12:00:00,6093.2,,3929.86666666667,,6731.06666666667,3948.2,5387.06666666667,5376.33333333333,5631.86666666667,4805.86666666667,4790.66666666667
2026-07-21 12:15:00,6212.66666666667,,4001.6,,6754.53333333333,3868.4,5738.6,5420.33333333333,5515.33333333333,4858.13333333333,4860.46666666667
2026-07-21 12:30:00,6140.66666666667,,4025.86666666667,,7514.06666666667,3823.06666666667,5220.4,4963.4,5595.73333333333,5002.73333333333,4994.06666666667
2026-07-21 12:45:00,6226.8,,3587.73333333333,,6956.66666666667,3794.6,5611.53333333333,3270.8,5802.4,4830.0,4827.0
2026-07-21 13:00:00,6225.26666666667,,3264.73333333333,,6411.06666666667,3832.46666666667,6004.46666666667,3025.13333333333,5875.2,4006.8,4972.46666666667
2026-07-21 13:15:00,5104.73333333333,,3067.2,,5685.93333333333,4211.0,6229.66666666667,3283.26666666667,5395.13333333333,3614.66666666667,5231.4
2026-07-21 13:30:00,3717.8,,3320.73333333333,,6108.13333333333,4531.33333333333,5789.2,3408.86666666667,5306.26666666667,3595.13333333333,4938.53333333333
2026-07-21 13:45:00,3273.13333333333,,3598.86666666667,,6969.6,4639.33333333333,5104.73333333333,3270.46666666667,3450.46666666667,3690.6,5252.06666666667
2026-07-21 14:00:00,2912.06666666667,,3339.4,,7133.06666666667,4760.6,5084.6,2869.66666666667,3029.73333333333,3359.2,4785.4
2026-07-21 14:15:00,2735.26666666667,,3585.0,,6583.06666666667,4815.13333333333,5724.2,2774.0,3602.53333333333,3127.53333333333,4861.73333333333
2026-07-21 14:30:00,2640.8,,3992.26666666667,,6538.46666666667,4732.06666666667,5466.13333333333,2882.26666666667,4037.8,3182.53333333333,4493.33333333333
2026-07-21 14:45:00,2796.66666666667,,3965.86666666667,,6656.93333333333,4613.06666666667,5774.4,2791.53333333333,4097.26666666667,2975.2,4231.0
2026-07-21 15:00:00,3158.0,,4077.2,,6601.26666666667,4511.93333333333,4342.53333333333,2749.53333333333,4247.6,3058.73333333333,4263.26666666667
2026-07-21 15:15:00,3331.13333333333,,4102.13333333333,,6423.0,4493.46666666667,2911.26666666667,2877.46666666667,4331.8,3229.4,4524.33333333333
2026-07-21 15:30:00,3200.33333333333,,3825.86666666667,,6538.2,4532.33333333333,3137.33333333333,2891.06666666667,4392.6,3381.06666666667,4665.86666666667
2026-07-21 15:45:00,3142.73333333333,,3550.6,,6666.2,4576.53333333333,3331.46666666667,2846.26666666667,4416.53333333333,3350.13333333333,4530.0
2026-07-21 16:00:00,3070.86666666667,,3125.0,,7037.8,4607.4,2074.93333333333,2287.8,4476.26666666667,2953.46666666667,3754.46666666667
2026-07-21 16:15:00,2687.06666666667,,3195.33333333333,,6928.66666666667,4457.13333333333,1552.13333333333,2054.33333333333,4195.73333333333,2590.33333333333,3350.86666666667
2026-07-21 16:30:00,2570.2,,3287.13333333333,,5943.06666666667,4276.33333333333,1661.06666666667,2012.93333333333,3850.86666666667,2450.93333333333,3314.46666666667
2026-07-21 16:45:00,2403.0,,3222.53333333333,,5504.2,4306.6,1199.6,1930.13333333333,3570.06666666667,2375.33333333333,3181.53333333333
2026-07-21 17:00:00,2076.13333333333,,2664.66666666667,,5936.33333333333,4124.4,1078.46666666667,1702.13333333333,3117.26666666667,1976.53333333333,2537.33333333333
2026-07-21 17:15:00,1864.46666666667,,2310.93333333333,,6420.13333333333,3199.8,1003.53333333333,1198.33333333333,2771.6,1466.2,1857.46666666667
2026-07-21 17:30:00,1576.33333333333,,1998.66666666667,,5097.8,2649.06666666667,1066.13333333333,1179.33333333333,2599.46666666667,1272.8,1714.93333333333
2026-07-21 17:45:00,1418.2,,1968.0,,3856.73333333333,2678.6,1469.86666666667,1084.26666666667,2317.26666666667,1288.2,1902.53333333333
2026-07-21 18:00:00,1303.26666666667,,1682.46666666667,,3665.66666666667,2684.33333333333,1875.86666666667,1017.26666666667,2472.06666666667,1263.26666666667,1779.93333333333
2026-07-21 18:15:00,1235.93333333333,,1429.06666666667,,3326.0,2107.33333333333,1726.6,985.133333333333,2058.86666666667,1223.8,1526.2
2026-07-21 18:30:00,1147.73333333333,,1242.0,,2652.4,1420.73333333333,1515.2,933.8,1777.53333333333,1153.26666666667,1549.6
2026-07-21 18:45:00,1146.13333333333,,1138.73333333333,,2142.13333333333,1356.33333333333,1224.4,875.6,1707.46666666667,1173.86666666667,1422.0
2026-07-21 19:00:00,1040.4,,1095.06666666667,,2091.06666666667,1514.13333333333,936.8,839.666666666667,1597.53333333333,1103.33333333333,1422.66666666667
2026-07-21 19:15:00,990.666666666667,,1059.33333333333,2520.5,1960.13333333333,1431.13333333333,927.466666666667,847.0,1556.46666666667,1056.4,1552.73333333333
2026-07-21 19:30:00,957.466666666667,,1177.86666666667,2372.2,1929.6,1398.6,978.133333333333,903.466666666667,1476.86666666667,1119.33333333333,1338.6
2026-07-21 19:45:00,1060.86666666667,,1188.06666666667,2366.53333333333,1891.53333333333,1555.73333333333,897.2,915.133333333333,1491.0,1178.06666666667,1448.26666666667
2026-07-21 20:00:00,1118.93333333333,,1219.4,2356.8,1936.66666666667,1719.66666666667,955.2,931.333333333333,1524.26666666667,1222.66666666667,1373.53333333333
2026-07-21 20:15:00,1154.26666666667,,1260.73333333333,2386.53333333333,2094.2,1828.13333333333,1014.53333333333,926.466666666667,1825.2,1181.06666666667,1521.13333333333
2026-07-21 20:30:00,1150.66666666667,,1303.73333333333,2417.13333333333,2205.26666666667,1828.26666666667,1096.8,888.2,1912.33333333333,1168.86666666667,1393.93333333333
2026-07-21 20:45:00,1232.6,,1338.26666666667,2432.66666666667,2108.86666666667,1810.33333333333,1171.2,926.866666666667,1870.66666666667,1209.93333333333,1450.66666666667
2026-07-21 21:00:00,1078.86666666667,,1360.86666666667,2513.8,1865.0,1976.66666666667,1193.4,934.066666666667,1728.4,1264.6,1463.06666666667
2026-07-21 21:15:00,1096.33333333333,,1356.0,2463.66666666667,2027.13333333333,1809.73333333333,1277.4,941.533333333333,1655.66666666667,1269.2,1741.66666666667
2026-07-21 21:30:00,1122.46666666667,,1329.4,2621.4,1843.2,1876.46666666667,1310.6,943.4,1607.93333333333,1241.73333333333,1841.53333333333
2026-07-21 21:45:00,1135.33333333333,,1315.73333333333,2882.73333333333,1893.46666666667,1928.86666666667,1324.2,944.533333333333,1599.06666666667,1254.66666666667,1841.53333333333
2026-07-21 22:00:00,1191.86666666667,,1290.66666666667,3216.53333333333,2090.66666666667,2033.26666666667,1324.26666666667,922.933333333333,1661.13333333333,1290.73333333333,1665.33333333333
2026-07-21 22:15:00,1172.33333333333,1639.66666666667,1302.8,3245.0,2071.46666666667,2015.33333333333,1315.0,921.4,1712.0,1313.6,1666.2
2026-07-21 22:30:00,1150.66666666667,1466.73333333333,1285.66666666667,2158.53333333333,2001.0,2030.66666666667,1424.0,925.4,1794.53333333333,1333.33333333333,1694.2
2026-07-21 22:45:00,1160.6,1483.53846153846,1328.86666666667,2889.86666666667,2018.53333333333,1962.26666666667,1528.0,944.133333333333,1911.86666666667,1268.2,1792.53333333333
2026-07-21 23:00:00,1260.66666666667,,1311.53333333333,3159.2,1984.06666666667,1985.33333333333,1611.86666666667,936.466666666667,1899.8,1276.86666666667,1640.66666666667
2026-07-21 23:15:00,1247.66666666667,,1341.93333333333,4460.26666666667,2013.6,1934.6,1630.8,962.666666666667,1954.33333333333,1241.06666666667,1620.13333333333
2026-07-21 23:30:00,1359.93333333333,,1381.73333333333,4283.53333333333,1973.13333333333,1874.93333333333,1633.4,962.133333333333,2079.0,1248.73333333333,1713.93333333333
2026-07-21 23:45:00,1604.66666666667,,1298.6,5002.13333333333,2007.8,1948.66666666667,1630.0,1062.06666666667,2080.86666666667,1329.0,2117.86666666667
2026-07-22 00:00:00,1277.46666666667,,1288.86666666667,5071.66666666667,2101.6,1849.6,1653.33333333333,1053.26666666667,2204.2,1370.33333333333,1979.66666666667
2026-07-22 00:15:00,1284.73333333333,,1320.4,5332.2,2053.66666666667,1831.26666666667,1669.8,984.8,2260.66666666667,1383.73333333333,1682.06666666667
2026-07-22 00:30:00,1296.66666666667,,1382.66666666667,4597.2,2040.4,1831.53333333333,1754.73333333333,958.933333333333,2363.8,1387.4,1597.86666666667
2026-07-22 00:45:00,1341.26666666667,,1539.6,3815.53333333333,2120.66666666667,2130.53333333333,1726.13333333333,1120.33333333333,2504.06666666667,1416.66666666667,1755.73333333333
2026-07-22 01:00:00,1432.6,,1638.13333333333,3491.73333333333,2409.26666666667,2488.93333333333,1642.73333333333,1101.53333333333,2483.4,1450.8,1914.93333333333
2026-07-22 01:15:00,1498.33333333333,,1845.26666666667,3226.4,2562.0,2613.06666666667,1414.26666666667,1133.06666666667,2549.93333333333,1493.6,1949.53333333333
2026-07-22 01:30:00,1530.26666666667,,1911.2,2783.06666666667,2698.86666666667,2734.93333333333,1307.2,1206.46666666667,2493.6,1563.46666666667,2068.66666666667
2026-07-22 01:45:00,1531.46666666667,,1823.46666666667,2579.8,2700.2,2656.66666666667,1367.46666666667,1256.8,2631.26666666667,1706.53333333333,2235.33333333333
2026-07-22 02:00:00,1602.26666666667,,1855.33333333333,2596.46666666667,2796.53333333333,2564.93333333333,1448.0,1304.8,2812.73333333333,1849.46666666667,2370.8
2026-07-22 02:15:00,1748.06666666667,,1874.66666666667,2639.53333333333,2947.6,2757.0,1499.13333333333,1315.46666666667,2783.93333333333,1836.6,2394.33333333333
2026-07-22 02:30:00,1960.33333333333,,1896.93333333333,2514.2,2966.2,2830.53333333333,1609.93333333333,1410.4,2694.33333333333,1938.0,2285.13333333333
2026-07-22 02:45:00,1963.0,,1923.26666666667,2711.93333333333,3011.33333333333,2956.73333333333,1710.93333333333,1463.66666666667,2745.66666666667,1979.86666666667,2245.4
2026-07-22 03:00:00,2083.2,,2023.6,3184.06666666667,3098.46666666667,2998.86666666667,1753.8,1511.66666666667,2916.53333333333,1997.4,2431.73333333333
2026-07-22 03:15:00,2149.13333333333,,2144.13333333333,3301.8,3274.13333333333,3102.86666666667,1851.13333333333,1573.4,2882.73333333333,2012.6,2396.06666666667
2026-07-22 03:30:00,2215.93333333333,,2236.73333333333,3092.0,3492.2,3243.66666666667,2088.33333333333,1671.13333333333,2869.93333333333,2061.33333333333,2482.86666666667
2026-07-22 03:45:00,2367.6,,2299.33333333333,2893.26666666667,3543.86666666667,3424.86666666667,2099.6,1784.2,2793.8,2159.93333333333,2756.93333333333
2026-07-22 04:00:00,2688.2,,2545.93333333333,2278.8,3740.13333333333,3421.73333333333,2188.53333333333,1828.8,2735.93333333333,2289.0,3019.0
2026-07-22 04:15:00,2744.06666666667,,2975.06666666667,2037.8,3846.06666666667,3514.66666666667,2125.46666666667,1874.46666666667,2613.73333333333,2357.53333333333,3191.33333333333
2026-07-22 04:30:00,1870.73333333333,,2859.6,1885.66666666667,3780.86666666667,3490.93333333333,2304.6,1821.93333333333,2570.33333333333,2291.66666666667,3248.2
2026-07-22 04:45:00,1779.93333333333,,2395.0,1729.73333333333,3156.46666666667,3372.86666666667,2205.66666666667,1684.46666666667,2374.13333333333,2098.26666666667,3133.6
2026-07-22 05:00:00,1633.26666666667,,2127.93333333333,1837.2,3077.53333333333,3178.8,2462.4,1593.8,2312.73333333333,1916.6,3029.0
2026-07-22 05:15:00,1594.26666666667,,1708.46666666667,1879.13333333333,3152.53333333333,3021.13333333333,2245.0,1248.46666666667,2255.26666666667,1733.46666666667,2889.6
2026-07-22 05:30:00,1471.4,,1644.13333333333,1528.66666666667,2947.06666666667,2804.26666666667,2345.13333333333,1241.53333333333,2116.0,1391.2,2687.06666666667
2026-07-22 05:45:00,1351.33333333333,,1693.46666666667,1433.13333333333,2714.86666666667,2470.73333333333,2371.8,1230.93333333333,1859.86666666667,1333.93333333333,2608.33333333333
2026-07-22 06:00:00,1230.66666666667,,1696.33333333333,1118.46666666667,2586.46666666667,2126.13333333333,2276.4,1154.06666666667,1838.66666666667,1311.0,2306.26666666667
2026-07-22 06:15:00,1205.13333333333,,1626.13333333333,1079.26666666667,2343.6,1967.2,2614.13333333333,1044.53333333333,1848.46666666667,1297.66666666667,2070.06666666667
2026-07-22 06:30:00,1204.53333333333,,1522.26666666667,1403.6,2161.86666666667,1822.53333333333,2658.6,932.666666666667,1760.73333333333,1278.53333333333,1780.26666666667
2026-07-22 06:45:00,1148.86666666667,,1359.86666666667,1729.6,1984.8,1649.2,2509.0,867.933333333333,1635.53333333333,1161.46666666667,1616.46666666667
2026-07-22 07:00:00,1085.8,,1250.93333333333,2195.66666666667,1793.93333333333,1581.46666666667,2291.4,842.466666666667,1357.8,1076.06666666667,1595.46666666667
2026-07-22 07:15:00,1080.46666666667,,1136.53333333333,2656.46666666667,1725.86666666667,1513.06666666667,1951.6,861.8,683.533333333333,1012.73333333333,1580.93333333333
2026-07-22 07:30:00,588.0,,1073.8,2973.2,1662.26666666667,1502.66666666667,1888.8,781.466666666667,601.266666666667,1023.46666666667,1369.93333333333
2026-07-22 07:45:00,494.133333333333,,968.933333333333,3598.73333333333,1627.66666666667,1490.4,1778.93333333333,661.933333333333,793.2,837.533333333333,1031.66666666667
2026-07-22 08:00:00,567.133333333333,751.0,830.533333333333,3898.2,1696.4,1489.0,1671.86666666667,619.066666666667,925.133333333333,573.133333333333,986.533333333333
2026-07-22 08:15:00,701.733333333333,736.933333333333,781.933333333333,4461.93333333333,1501.06666666667,1392.46666666667,1609.73333333333,589.733333333333,882.533333333333,581.533333333333,935.533333333333
2026-07-22 08:30:00,740.066666666667,808.666666666667,787.666666666667,5239.6,1033.6,1208.06666666667,1453.06666666667,592.2,815.733333333333,682.466666666667,878.4
2026-07-22 08:45:00,769.066666666667,835.076923076923,806.266666666667,5460.66666666667,1158.66666666667,1104.13333333333,1282.33333333333,613.2,765.333333333333,658.133333333333,851.466666666667
2026-07-22 09:00:00,729.133333333333,,820.333333333333,5379.46666666667,1222.46666666667,1068.4,1171.73333333333,595.666666666667,746.666666666667,630.066666666667,879.933333333333
2026-07-22 09:15:00,633.466666666667,,802.133333333333,5315.06666666667,1155.2,964.933333333333,998.666666666667,590.933333333333,725.933333333333,610.133333333333,906.066666666667
2026-07-22 09:30:00,624.6,,788.4,4975.53333333333,1053.93333333333,898.4,874.133333333333,542.8,695.666666666667,557.133333333333,778.2
2026-07-22 09:45:00,563.333333333333,,779.6,4934.53333333333,1021.93333333333,883.6,874.4,524.333333333333,649.733333333333,532.0,686.2
2026-07-22 10:00:00,536.733333333333,,763.2,4857.86666666667,971.666666666667,898.466666666667,908.666666666667,521.733333333333,632.933333333333,522.866666666667,643.933333333333
2026-07-22 10:15:00,547.0,,738.666666666667,4725.86666666667,974.6,916.133333333333,859.066666666667,519.666666666667,638.8,527.6,628.866666666667
2026-07-22 10:30:00,507.333333333333,,685.2,4527.6,986.8,952.6,847.333333333333,528.4,620.866666666667,522.6,634.6
2026-07-22 10:45:00,429.733333333333,,694.733333333333,4284.26666666667,1039.46666666667,903.0,845.2,480.866666666667,588.2,515.4,633.933333333333
2026-07-22 11:00:00,444.133333333333,,711.8,4095.53333333333,976.8,845.066666666667,851.866666666667,492.066666666667,569.466666666667,551.933333333333,633.4
2026-07-22 11:15:00,562.333333333333,,669.733333333333,3948.06666666667,963.933333333333,854.6,819.066666666667,488.266666666667,568.0,539.266666666667,609.866666666667
2026-07-22 11:30:00,936.733333333333,,642.8,3954.26666666667,935.4,823.866666666667,826.666666666667,480.466666666667,592.133333333333,484.6,576.466666666667
2026-07-22 11:45:00,484.0,,576.8,4324.66666666667,910.2,801.133333333333,816.266666666667,454.733333333333,636.266666666667,433.533333333333,504.8
2026-07-22 12:00:00,530.866666666667,,518.533333333333,4707.26666666667,908.8,750.2,793.333333333333,427.2,681.066666666667,417.666666666667,403.466666666667
2026-07-22 12:15:00,530.533333333333,,515.266666666667,5063.8,897.8,781.2,791.133333333333,416.8,640.533333333333,438.933333333333,369.533333333333
2026-07-22 12:30:00,507.733333333333,,517.133333333333,5105.0,889.666666666667,778.933333333333,789.733333333333,409.8,673.466666666667,432.533333333333,369.733333333333
2026-07-22 12:45:00,524.133333333333,,512.0,4569.93333333333,875.133333333333,776.266666666667,764.133333333333,404.6,696.2,435.666666666667,362.133333333333
2026-07-22 13:00:00,567.133333333333,,522.6,4124.33333333333,896.266666666667,804.733333333333,723.933333333333,393.0,659.666666666667,439.6,348.8
2026-07-22 13:15:00,579.8,,513.2,3868.86666666667,870.933333333333,761.133333333333,731.8,389.4,647.333333333333,399.733333333333,349.266666666667
2026-07-22 13:30:00,497.066666666667,,496.733333333333,3641.73333333333,815.066666666667,745.533333333333,674.8,357.466666666667,658.6,380.533333333333,322.133333333333
2026-07-22 13:45:00,493.733333333333,,519.333333333333,3207.93333333333,798.266666666667,709.2,627.933333333333,356.2,726.8,415.466666666667,317.8
2026-07-22 14:00:00,661.733333333333,,532.6,2858.06666666667,794.866666666667,715.466666666667,601.066666666667,436.066666666667,764.6,449.733333333333,336.666666666667
2026-07-22 14:15:00,529.266666666667,,573.333333333333,2735.06666666667,796.133333333333,742.4,571.066666666667,450.666666666667,809.466666666667,464.2,381.866666666667
2026-07-22 14:30:00,621.2,,523.666666666667,2998.6,833.333333333333,774.8,578.666666666667,519.2,792.466666666667,481.0,397.4
2026-07-22 14:45:00,597.333333333333,,611.666666666667,3098.53333333333,872.866666666667,826.133333333333,514.0,613.533333333333,835.666666666667,457.4,378.066666666667
2026-07-22 15:00:00,602.8,,624.6,2958.53333333333,933.933333333333,853.266666666667,480.2,441.933333333333,872.6,468.666666666667,362.8
2026-07-22 15:15:00,617.533333333333,,605.466666666667,3172.73333333333,954.6,860.8,549.8,452.066666666667,812.6,508.866666666667,415.4
2026-07-22 15:30:00,666.4,,650.666666666667,3226.0,990.733333333333,874.733333333333,453.8,448.8,819.133333333333,494.933333333333,358.733333333333
2026-07-22 15:45:00,647.333333333333,,605.0,2927.2,1027.73333333333,897.8,450.066666666667,446.333333333333,878.2,528.0,375.533333333333
2026-07-22 16:00:00,657.666666666667,,568.866666666667,3011.06666666667,1048.26666666667,913.333333333333,488.0,438.6,827.4,526.066666666667,407.066666666667
2026-07-22 16:15:00,708.2,,561.333333333333,2987.8,1064.66666666667,941.6,482.0,456.533333333333,765.2,505.266666666667,391.6
2026-07-22 16:30:00,642.933333333333,,541.8,3096.66666666667,1076.0,929.066666666667,492.0,429.6,657.533333333333,511.6,397.2
2026-07-22 16:45:00,609.733333333333,,513.333333333333,3097.73333333333,1059.2,928.333333333333,493.933333333333,414.0,630.733333333333,492.2,358.466666666667
2026-07-22 17:00:00,560.933333333333,,491.066666666667,3207.53333333333,1036.6,1171.4,508.8,410.6,600.133333333333,465.466666666667,362.8
2026-07-22 17:15:00,537.8,,488.933333333333,3109.8,1015.2,944.866666666667,512.333333333333,389.333333333333,591.466666666667,465.866666666667,387.0
2026-07-22 17:30:00,533.266666666667,,470.933333333333,2981.8,972.4,1027.4,528.6,358.6,522.333333333333,451.2,353.4
2026-07-22 17:45:00,471.4,,441.0,3023.4,892.666666666667,932.066666666667,562.266666666667,357.8,492.066666666667,417.066666666667,350.266666666667
2026-07-22 18:00:00,480.666666666667,,414.533333333333,3184.73333333333,852.666666666667,856.4,564.0,302.733333333333,477.266666666667,363.8,366.466666666667
2026-07-22 18:15:00,495.2,,378.666666666667,3292.26666666667,789.466666666667,704.333333333333,564.8,274.866666666667,380.2,348.0,331.4
2026-07-22 18:30:00,501.266666666667,,358.0,3560.53333333333,723.2,509.533333333333,627.333333333333,271.866666666667,356.2,319.066666666667,310.4
2026-07-22 18:45:00,499.6,,398.666666666667,4021.73333333333,658.866666666667,542.266666666667,596.733333333333,235.333333333333,323.333333333333,287.533333333333,258.133333333333
2026-07-22 19:00:00,440.466666666667,,403.0,4140.53333333333,647.266666666667,517.466666666667,612.866666666667,240.866666666667,298.8,276.333333333333,249.133333333333
2026-07-22 19:15:00,371.866666666667,,409.4,4069.0,548.066666666667,454.0,637.866666666667,225.333333333333,296.333333333333,274.733333333333,233.466666666667
2026-07-22 19:30:00,1097.53333333333,,305.0,4000.6,510.4,398.0,642.533333333333,237.666666666667,273.133333333333,237.666666666667,218.8
2026-07-22 19:45:00,555.6,,301.8,3958.8,442.933333333333,372.333333333333,607.0,192.333333333333,266.933333333333,223.066666666667,212.733333333333
2026-07-22 20:00:00,683.6,,284.2,4015.4,387.866666666667,345.4,559.2,175.4,271.333333333333,204.533333333333,218.2
2026-07-22 20:15:00,535.133333333333,,267.0,4129.4,381.0,339.933333333333,558.666666666667,163.333333333333,234.266666666667,185.6,240.2
2026-07-22 20:30:00,342.533333333333,,239.6,4084.26666666667,366.2,315.933333333333,514.6,159.2,222.933333333333,187.0,227.066666666667
2026-07-22 20:45:00,327.533333333333,,218.666666666667,4056.53333333333,363.4,284.666666666667,415.466666666667,163.866666666667,204.133333333333,194.333333333333,195.266666666667
2026-07-22 21:00:00,261.0,,235.733333333333,4148.6,303.733333333333,277.733333333333,412.8,167.733333333333,188.066666666667,204.866666666667,188.266666666667
2026-07-22 21:15:00,310.666666666667,331.0,235.933333333333,4087.6,318.266666666667,237.933333333333,417.933333333333,158.8,205.133333333333,213.6,209.4
2026-07-22 21:30:00,299.0,258.533333333333,214.8,4100.86666666667,242.266666666667,244.333333333333,392.933333333333,163.466666666667,216.8,216.2,231.066666666667
2026-07-22 21:45:00,240.866666666667,231.6,218.266666666667,4013.8,218.8,231.533333333333,406.933333333333,161.333333333333,232.066666666667,224.733333333333,1182.0
2026-07-22 22:00:00,284.0,223.444444444444,226.333333333333,3995.6,223.733333333333,228.533333333333,352.866666666667,147.733333333333,242.066666666667,193.6,263.933333333333
2026-07-22 22:15:00,266.133333333333,,242.933333333333,3917.4,224.266666666667,271.8,325.2,146.666666666667,275.133333333333,194.2,272.933333333333
2026-07-22 22:30:00,277.6,,232.866666666667,3765.86666666667,229.8,300.266666666667,388.4,150.666666666667,309.866666666667,211.4,227.2
2026-07-22 22:45:00,268.2,,224.933333333333,3657.73333333333,236.266666666667,329.4,363.533333333333,167.0,344.333333333333,227.0,241.733333333333
2026-07-22 23:00:00,282.333333333333,,222.333333333333,3458.06666666667,312.0,359.466666666667,453.666666666667,204.933333333333,391.533333333333,277.266666666667,268.533333333333
2026-07-22 23:15:00,293.066666666667,,236.333333333333,3183.2,538.933333333333,426.733333333333,472.6,252.533333333333,457.533333333333,341.466666666667,309.466666666667
2026-07-22 23:30:00,314.266666666667,,305.866666666667,2817.33333333333,698.333333333333,481.0,468.266666666667,287.066666666667,509.2,377.6,367.8
2026-07-22 23:45:00,328.4,,385.333333333333,2557.86666666667,749.133333333333,531.466666666667,451.4,294.4,534.266666666667,405.733333333333,413.933333333333
2026-07-23 00:00:00,343.6,,414.133333333333,2438.13333333333,915.333333333333,550.466666666667,464.8,304.4,572.733333333333,418.266666666667,458.733333333333
2026-07-23 00:15:00,346.0,,421.466666666667,2578.93333333333,987.6,565.4,476.333333333333,313.866666666667,610.866666666667,433.0,509.333333333333
2026-07-23 00:30:00,378.6,,428.6,2430.66666666667,908.066666666667,567.066666666667,474.2,324.666666666667,641.333333333333,440.666666666667,514.4
2026-07-23 00:45:00,387.2,,441.133333333333,2316.06666666667,875.333333333333,564.466666666667,456.466666666667,335.4,649.466666666667,447.933333333333,525.133333333333
2026-07-23 01:00:00,428.133333333333,,462.866666666667,2211.26666666667,913.466666666667,597.933333333333,493.4,340.933333333333,679.066666666667,466.533333333333,538.0
2026-07-23 01:15:00,503.133333333333,,474.0,2145.93333333333,856.066666666667,623.466666666667,487.333333333333,360.8,694.8,492.666666666667,577.466666666667
2026-07-23 01:30:00,578.133333333333,,508.066666666667,2043.66666666667,828.733333333333,631.2,504.0,371.2,717.733333333333,509.0,618.0
2026-07-23 01:45:00,547.333333333333,,511.4,1898.2,801.333333333333,659.133333333333,546.066666666667,393.733333333333,739.333333333333,518.933333333333,644.2
2026-07-23 02:00:00,477.4,,515.133333333333,1675.86666666667,962.133333333333,671.6,524.866666666667,431.133333333333,765.933333333333,533.133333333333,634.2
2026-07-23 02:15:00,480.6,,514.866666666667,1395.06666666667,973.533333333333,694.066666666667,523.466666666667,463.4,798.4,549.666666666667,639.0
2026-07-23 02:30:00,505.533333333333,,488.866666666667,1299.6,910.266666666667,732.466666666667,489.466666666667,503.0,816.533333333333,561.066666666667,648.6
2026-07-23 02:45:00,681.066666666667,,524.333333333333,1354.13333333333,861.866666666667,767.733333333333,500.4,534.333333333333,843.4,593.266666666667,657.466666666667
2026-07-23 03:00:00,613.0,,621.0,1335.86666666667,829.666666666667,809.8,553.533333333333,547.133333333333,842.6,614.6,703.533333333333
2026-07-23 03:15:00,614.533333333333,,599.666666666667,1225.53333333333,864.0,895.866666666667,548.8,585.933333333333,852.133333333333,611.133333333333,753.133333333333
2026-07-23 03:30:00,614.2,,562.2,1021.46666666667,815.733333333333,899.866666666667,478.666666666667,605.066666666667,834.6,689.6,737.8
2026-07-23 03:45:00,598.733333333333,,534.0,794.933333333333,832.533333333333,1013.93333333333,464.333333333333,670.533333333333,867.2,695.666666666667,824.8
2026-07-23 04:00:00,606.333333333333,,534.333333333333,656.133333333333,965.666666666667,1284.93333333333,535.266666666667,674.866666666667,882.733333333333,704.333333333333,879.0
2026-07-23 04:15:00,686.0,,549.333333333333,658.4,1075.93333333333,1471.13333333333,727.866666666667,635.266666666667,856.8,728.666666666667,880.133333333333
2026-07-23 04:30:00,872.933333333333,,536.0,600.4,1108.6,2026.6,810.266666666667,625.066666666667,856.0,974.466666666667,887.333333333333
2026-07-23 04:45:00,761.8,,559.666666666667,566.266666666667,1059.4,2260.53333333333,479.466666666667,627.466666666667,866.2,1187.86666666667,909.666666666667
2026-07-23 05:00:00,884.733333333333,,713.2,657.333333333333,1080.4,4142.0,547.8,698.133333333333,880.266666666667,1318.33333333333,920.466666666667
2026-07-23 05:15:00,1086.26666666667,,897.666666666667,572.266666666667,1169.26666666667,3339.6,543.933333333333,716.133333333333,895.4,1573.73333333333,891.666666666667
2026-07-23 05:30:00,1028.86666666667,,1024.2,574.4,1156.26666666667,1966.66666666667,510.466666666667,761.266666666667,886.466666666667,1666.4,929.866666666667
2026-07-23 05:45:00,1088.86666666667,,1080.6,544.733333333333,1345.6,3237.6,707.466666666667,1109.53333333333,905.0,1839.93333333333,909.0
2026-07-23 06:00:00,813.2,,1294.2,522.8,1542.0,4915.93333333333,1069.8,947.0,929.933333333333,1991.26666666667,938.266666666667
2026-07-23 06:15:00,741.6,,881.4,406.6,1881.13333333333,6353.6,1334.73333333333,916.2,925.266666666667,2068.6,955.133333333333
2026-07-23 06:30:00,821.666666666667,,638.6,277.4,2014.66666666667,7190.26666666667,767.466666666667,873.066666666667,960.933333333333,2111.26666666667,967.533333333333
2026-07-23 06:45:00,1019.13333333333,,800.533333333333,236.8,1836.86666666667,4640.73333333333,404.8,886.733333333333,1010.33333333333,2086.2,961.6
2026-07-23 07:00:00,981.4,,1009.93333333333,211.533333333333,2373.26666666667,4420.46666666667,551.466666666667,932.666666666667,1018.13333333333,1910.8,963.8
2026-07-23 07:15:00,1292.06666666667,,806.2,156.8,3105.86666666667,4049.33333333333,889.866666666667,987.4,1012.06666666667,1867.33333333333,1001.73333333333
2026-07-23 07:30:00,1476.53333333333,,729.933333333333,146.4,3131.33333333333,3630.33333333333,427.266666666667,1201.0,1077.13333333333,1617.53333333333,1094.33333333333
2026-07-23 07:45:00,1285.46666666667,,759.066666666667,136.066666666667,2498.06666666667,3851.33333333333,612.8,1140.4,1068.26666666667,1291.4,1190.46666666667
2026-07-23 08:00:00,1348.53333333333,,946.066666666667,138.333333333333,2079.93333333333,3813.0,548.866666666667,1085.26666666667,1069.2,1212.06666666667,1447.66666666667
2026-07-23 08:15:00,1343.0,,875.2,107.933333333333,2821.8,2893.0,609.266666666667,1075.13333333333,1040.8,848.133333333333,1535.66666666667
2026-07-23 08:30:00,1108.33333333333,,854.4,105.066666666667,4117.6,2153.26666666667,486.733333333333,990.333333333333,1005.0,589.8,1423.2
2026-07-23 08:45:00,687.0,,909.666666666667,108.666666666667,2594.46666666667,1463.73333333333,467.666666666667,934.933333333333,933.133333333333,411.8,1192.6
2026-07-23 09:00:00,504.6,,815.266666666667,96.1333333333333,2402.26666666667,1603.06666666667,488.066666666667,902.466666666667,879.133333333333,417.266666666667,1041.06666666667
2026-07-23 09:15:00,453.066666666667,,808.133333333333,126.2,2080.8,1989.4,493.933333333333,773.733333333333,824.266666666667,457.933333333333,871.466666666667
2026-07-23 09:30:00,463.0,916.230769230769,711.6,103.266666666667,1589.06666666667,2770.46666666667,486.4,582.2,760.533333333333,552.266666666667,699.666666666667
2026-07-23 09:45:00,418.8,887.2,703.333333333333,101.866666666667,1318.93333333333,4157.06666666667,451.4,581.8,714.933333333333,568.466666666667,593.4
2026-07-23 10:00:00,342.133333333333,910.6,735.333333333333,114.266666666667,1044.26666666667,1710.06666666667,515.8,544.2,691.133333333333,537.333333333333,557.466666666667
2026-07-23 10:15:00,283.0,,775.6,114.466666666667,873.4,1128.13333333333,498.666666666667,514.4,660.266666666667,422.133333333333,520.6
2026-07-23 10:30:00,293.933333333333,,913.333333333333,123.8,777.8,956.933333333333,493.0,487.333333333333,658.733333333333,450.933333333333,491.4
2026-07-23 10:45:00,327.066666666667,,1355.26666666667,152.066666666667,800.466666666667,932.066666666667,478.666666666667,490.333333333333,672.533333333333,473.066666666667,504.266666666667
2026-07-23 11:00:00,345.4,,1628.4,138.533333333333,783.066666666667,957.8,479.333333333333,504.533333333333,659.4,495.8,544.2
2026-07-23 11:15:00,446.133333333333,,1328.2,136.866666666667,806.2,897.466666666667,465.533333333333,663.8,678.466666666667,546.066666666667,600.266666666667
2026-07-23 11:30:00,513.666666666667,,1196.4,153.933333333333,834.066666666667,889.333333333333,469.2,724.0,703.4,571.933333333333,718.0
2026-07-23 11:45:00,510.2,,1058.8,184.6,846.0,1031.26666666667,464.866666666667,608.066666666667,698.733333333333,583.666666666667,773.866666666667
2026-07-23 12:00:00,540.8,,917.933333333333,202.8,837.533333333333,1023.0,437.6,619.333333333333,679.666666666667,533.6,608.2
2026-07-23 12:15:00,539.8,,825.866666666667,268.933333333333,810.6,949.2,405.533333333333,613.933333333333,673.8,524.333333333333,598.8
2026-07-23 12:30:00,526.466666666667,,764.2,290.6,787.2,855.466666666667,400.933333333333,496.666666666667,693.2,513.533333333333,564.333333333333
2026-07-23 12:45:00,530.866666666667,,695.866666666667,373.133333333333,800.333333333333,814.4,386.666666666667,458.0,671.133333333333,447.666666666667,501.533333333333
2026-07-23 13:00:00,524.133333333333,,647.8,353.933333333333,795.733333333333,721.733333333333,366.933333333333,438.8,645.8,438.733333333333,516.866666666667
2026-07-23 13:15:00,564.8,,623.466666666667,382.6,837.533333333333,711.066666666667,357.533333333333,425.933333333333,612.933333333333,434.4,446.866666666667
2026-07-23 13:30:00,504.533333333333,,579.8,341.8,811.466666666667,708.2,367.866666666667,408.0,612.533333333333,429.866666666667,431.2
2026-07-23 13:45:00,496.066666666667,,559.066666666667,327.266666666667,845.466666666667,699.0,364.0,435.466666666667,621.2,433.466666666667,415.333333333333
2026-07-23 14:00:00,490.4,,529.733333333333,315.4,815.933333333333,721.866666666667,351.266666666667,380.923076923077,601.0,427.866666666667,405.533333333333
2026-07-23 14:15:00,528.133333333333,,529.533333333333,350.8,817.866666666667,735.333333333333,339.8,371.25,611.0,409.466666666667,365.866666666667
2026-07-23 14:30:00,506.066666666667,,512.333333333333,354.533333333333,792.8,708.333333333333,346.533333333333,376.533333333333,584.0,417.466666666667,361.866666666667
2026-07-23 14:45:00,466.0,,508.666666666667,373.133333333333,802.6,654.333333333333,341.133333333333,371.4,581.933333333333,393.933333333333,364.666666666667
2026-07-23 15:00:00,485.2,,478.266666666667,349.933333333333,795.866666666667,680.4,353.2,320.8,606.2,399.333333333333,385.333333333333
2026-07-23 15:15:00,489.333333333333,,457.8,348.133333333333,747.933333333333,736.133333333333,353.4,254.666666666667,558.666666666667,371.0,351.533333333333
2026-07-23 15:30:00,555.6,,465.2,350.4,750.8,708.733333333333,352.666666666667,267.6,564.466666666667,404.133333333333,353.266666666667
2026-07-23 15:45:00,509.333333333333,,509.333333333333,357.466666666667,753.933333333333,728.733333333333,360.066666666667,240.066666666667,579.466666666667,384.666666666667,363.466666666667
2026-07-23 16:00:00,473.0,,494.866666666667,360.333333333333,734.266666666667,751.6,411.266666666667,224.0,559.8,394.466666666667,343.533333333333
2026-07-23 16:15:00,565.666666666667,,475.266666666667,370.6,722.466666666667,707.133333333333,352.866666666667,235.466666666667,541.133333333333,388.333333333333,347.733333333333
2026-07-23 16:30:00,489.4,,452.533333333333,378.6,727.266666666667,733.133333333333,358.6,254.6,558.466666666667,381.8,344.133333333333
2026-07-23 16:45:00,489.933333333333,,477.133333333333,386.666666666667,704.4,759.533333333333,356.533333333333,253.133333333333,594.466666666667,401.333333333333,356.066666666667
2026-07-23 17:00:00,483.333333333333,,467.133333333333,373.4,720.8,746.866666666667,365.933333333333,347.071428571429,600.6,408.933333333333,376.2
2026-07-23 17:15:00,483.466666666667,,477.533333333333,390.6,679.533333333333,676.6,360.466666666667,345.466666666667,591.733333333333,409.133333333333,410.6
2026-07-23 17:30:00,465.333333333333,,500.4,364.266666666667,692.666666666667,663.2,372.066666666667,347.533333333333,577.133333333333,448.666666666667,389.6
2026-07-23 17:45:00,495.866666666667,,517.4,369.866666666667,763.333333333333,742.066666666667,433.066666666667,364.066666666667,575.333333333333,440.6,401.466666666667
2026-07-23 18:00:00,507.0,,549.4,407.8,621.666666666667,721.066666666667,358.866666666667,374.666666666667,557.6,445.933333333333,406.333333333333
2026-07-23 18:15:00,493.466666666667,,506.533333333333,397.733333333333,665.0,654.866666666667,422.333333333333,380.2,566.333333333333,453.0,416.8
2026-07-23 18:30:00,533.466666666667,,482.4,397.8,635.866666666667,541.266666666667,360.666666666667,381.8,573.333333333333,456.266666666667,415.333333333333
2026-07-23 18:45:00,495.066666666667,,477.066666666667,399.666666666667,635.933333333333,502.266666666667,390.8,380.533333333333,577.333333333333,470.466666666667,419.466666666667
2026-07-23 19:00:00,508.866666666667,,794.6,462.2,693.666666666667,569.266666666667,394.333333333333,380.533333333333,573.4,488.133333333333,789.266666666667
2026-07-23 19:15:00,532.533333333333,,450.8,439.6,702.666666666667,551.533333333333,401.933333333333,400.466666666667,587.333333333333,469.866666666667,640.4
2026-07-23 19:30:00,464.733333333333,,440.133333333333,443.533333333333,697.533333333333,559.133333333333,469.333333333333,392.0,586.266666666667,510.333333333333,431.2
2026-07-23 19:45:00,485.333333333333,,424.0,487.133333333333,711.066666666667,617.8,458.8,401.133333333333,626.8,536.4,442.133333333333
2026-07-23 20:00:00,483.066666666667,,456.466666666667,494.4,706.533333333333,744.4,474.866666666667,405.866666666667,669.066666666667,513.6,460.733333333333
2026-07-23 20:15:00,471.8,,503.066666666667,546.4,707.933333333333,706.4,510.6,454.933333333333,700.333333333333,742.266666666667,441.266666666667
2026-07-23 20:30:00,643.333333333333,,540.4,562.066666666667,719.333333333333,706.0,519.866666666667,437.133333333333,754.2,536.466666666667,455.866666666667
2026-07-23 20:45:00,671.533333333333,,538.2,601.333333333333,751.8,716.066666666667,555.733333333333,418.666666666667,816.266666666667,544.6,509.2
2026-07-23 21:00:00,746.466666666667,,522.8,600.533333333333,777.0,726.466666666667,591.933333333333,424.933333333333,847.6,571.266666666667,586.6
2026-07-23 21:15:00,920.666666666667,,521.466666666667,616.733333333333,797.0,759.466666666667,604.533333333333,455.733333333333,908.8,606.333333333333,918.071428571429
2026-07-23 21:30:00,893.2,,547.2,588.466666666667,784.2,800.133333333333,631.2,475.666666666667,1006.4,666.133333333333,784.444444444444
2026-07-23 21:45:00,802.8,,565.8,615.533333333333,824.066666666667,859.466666666667,643.733333333333,459.666666666667,1048.06666666667,708.666666666667,954.8
2026-07-23 22:00:00,1003.73333333333,,582.266666666667,611.6,884.866666666667,907.6,657.933333333333,489.266666666667,1136.33333333333,712.0,1146.33333333333
2026-07-23 22:15:00,897.6,,614.133333333333,618.133333333333,920.733333333333,920.666666666667,664.0,480.733333333333,1263.46666666667,738.533333333333,1177.8
2026-07-23 22:30:00,1003.53333333333,,677.2,627.533333333333,1008.33333333333,1024.46666666667,693.066666666667,505.6,1436.73333333333,967.2,1109.06666666667
2026-07-23 22:45:00,819.8,,759.8,662.333333333333,1001.13333333333,1405.8,761.2,527.6,1638.13333333333,842.066666666667,1233.46666666667
2026-07-23 23:00:00,802.8,,750.533333333333,671.466666666667,999.666666666667,1992.6,753.666666666667,517.666666666667,1775.73333333333,768.866666666667,1251.8
2026-07-23 23:15:00,832.733333333333,,767.933333333333,697.4,1005.46666666667,2155.46666666667,798.133333333333,552.133333333333,2026.4,763.333333333333,1206.26666666667
2026-07-23 23:30:00,919.6,,741.533333333333,725.8,1075.26666666667,2146.46666666667,846.333333333333,539.733333333333,2115.8,768.866666666667,1128.2
2026-07-23 23:45:00,915.266666666667,,680.4,771.0,1169.2,1838.66666666667,771.666666666667,613.533333333333,2016.93333333333,771.933333333333,1114.86666666667
2026-07-24 00:00:00,919.933333333333,,658.933333333333,774.866666666667,1140.53333333333,1993.53333333333,791.4,774.133333333333,1964.2,774.666666666667,1121.53333333333
2026-07-24 00:15:00,961.733333333333,,669.2,813.733333333333,1214.33333333333,1616.13333333333,950.666666666667,821.4,1956.0,788.0,1152.73333333333
2026-07-24 00:30:00,1067.46666666667,,656.733333333333,852.2,1706.2,1258.2,847.733333333333,759.0,1936.13333333333,796.866666666667,1170.8
2026-07-24 00:45:00,1077.53333333333,,656.466666666667,874.266666666667,1613.4,1070.93333333333,836.6,755.733333333333,1898.33333333333,898.266666666667,1268.53333333333
2026-07-24 01:00:00,1294.06666666667,,722.066666666667,905.2,1389.66666666667,1101.2,798.0,744.4,1850.4,998.6,1371.33333333333
2026-07-24 01:15:00,1118.26666666667,,907.133333333333,925.266666666667,1344.73333333333,1259.33333333333,834.933333333333,757.066666666667,1770.13333333333,1108.4,1310.86666666667
2026-07-24 01:30:00,1140.4,,1000.93333333333,966.733333333333,1273.13333333333,1865.53333333333,836.6,764.066666666667,1714.46666666667,1171.4,1349.73333333333
2026-07-24 01:45:00,1127.6,,847.4,948.666666666667,1320.46666666667,2853.86666666667,859.933333333333,799.333333333333,1731.53333333333,1241.6,1334.46666666667
2026-07-24 02:00:00,1127.06666666667,,765.533333333333,938.333333333333,1415.66666666667,2639.6,842.133333333333,801.066666666667,1598.0,1301.53333333333,1351.2
2026-07-24 02:15:00,1143.26666666667,,758.866666666667,918.466666666667,1441.93333333333,2643.93333333333,875.666666666667,765.266666666667,1712.2,1371.06666666667,1346.6
2026-07-24 02:30:00,1142.26666666667,,786.066666666667,903.466666666667,1420.13333333333,2129.06666666667,1118.66666666667,751.133333333333,1615.66666666667,1388.8,1326.06666666667
2026-07-24 02:45:00,1139.06666666667,,773.333333333333,885.733333333333,1270.4,1606.06666666667,1014.0,761.666666666667,1638.33333333333,1397.2,1321.06666666667
2026-07-24 03:00:00,1120.33333333333,,777.266666666667,869.333333333333,1280.4,2103.8,873.266666666667,779.466666666667,1678.73333333333,1366.8,1332.8
2026-07-24 03:15:00,1180.93333333333,,847.333333333333,872.666666666667,1272.6,2704.33333333333,1073.0,814.6,1631.2,1325.66666666667,1342.4
2026-07-24 03:30:00,1124.8,,905.4,866.2,1283.46666666667,2722.46666666667,1191.93333333333,816.266666666667,1631.33333333333,1347.66666666667,1375.73333333333
2026-07-24 03:45:00,1158.26666666667,,914.266666666667,821.466666666667,1325.93333333333,2809.4,1093.86666666667,819.4,1552.33333333333,1316.93333333333,1361.0
2026-07-24 04:00:00,1176.26666666667,,935.6,808.466666666667,1352.93333333333,2683.66666666667,1022.8,807.066666666667,1591.2,1281.33333333333,1388.86666666667
2026-07-24 04:15:00,1192.4,,900.0,816.533333333333,1391.53333333333,2515.73333333333,1025.33333333333,796.0,1498.0,1253.46666666667,1463.2
2026-07-24 04:30:00,1196.46666666667,,882.866666666667,821.533333333333,1377.2,2527.53333333333,1021.33333333333,798.8,1517.86666666667,1237.13333333333,1605.06666666667
2026-07-24 04:45:00,1183.8,,891.066666666667,814.133333333333,1352.2,2688.33333333333,985.6,805.666666666667,1502.2,1235.2,1732.66666666667
2026-07-24 05:00:00,1168.46666666667,,933.8,825.266666666667,1386.86666666667,2821.6,1047.93333333333,821.266666666667,1476.73333333333,1236.73333333333,1775.0
2026-07-24 05:15:00,1172.06666666667,,984.066666666667,808.933333333333,1509.53333333333,3057.0,1016.13333333333,786.466666666667,1490.86666666667,1235.13333333333,1704.46666666667
2026-07-24 05:30:00,1215.93333333333,,1085.0,781.8,1718.6,2989.4,952.533333333333,771.0,1467.93333333333,1223.53333333333,1739.66666666667
2026-07-24 05:45:00,1215.13333333333,,1175.06666666667,794.466666666667,1752.33333333333,2520.6,943.466666666667,787.466666666667,1440.6,1224.53333333333,1714.13333333333
2026-07-24 06:00:00,1195.73333333333,,1150.4,802.666666666667,1713.8,2308.06666666667,915.866666666667,786.066666666667,1459.26666666667,1219.2,1665.6
2026-07-24 06:15:00,1162.4,,1062.6,829.0,1672.73333333333,2214.06666666667,959.2,781.066666666667,1447.13333333333,1227.13333333333,1719.13333333333
2026-07-24 06:30:00,1161.66666666667,,1036.4,832.533333333333,1748.26666666667,2250.53333333333,1007.93333333333,813.266666666667,1450.26666666667,1187.73333333333,1626.2
2026-07-24 06:45:00,1093.13333333333,,1047.73333333333,802.266666666667,1682.6,2298.06666666667,978.8,872.466666666667,1464.6,1173.6,1720.86666666667
2026-07-24 07:00:00,1097.2,,1047.06666666667,912.533333333333,1520.2,2259.73333333333,1042.13333333333,827.4,1463.26666666667,1137.53333333333,1669.2
2026-07-24 07:15:00,1017.26666666667,,1084.33333333333,851.466666666667,1624.66666666667,2439.4,1088.2,814.333333333333,1438.86666666667,1098.73333333333,1571.53333333333
2026-07-24 07:30:00,938.4,,1139.93333333333,792.133333333333,1559.2,2564.86666666667,1203.13333333333,780.866666666667,1385.0,966.6,1119.4
2026-07-24 07:45:00,858.2,,1190.6,701.733333333333,1539.93333333333,2091.8,997.8,763.066666666667,1289.53333333333,677.666666666667,1094.26666666667
2026-07-24 08:00:00,824.266666666667,,1141.46666666667,784.733333333333,1439.73333333333,1854.53333333333,1010.86666666667,763.0,1253.46666666667,600.333333333333,937.0
2026-07-24 08:15:00,770.2,,1089.13333333333,701.133333333333,1452.33333333333,2820.73333333333,982.933333333333,757.533333333333,1182.26666666667,590.733333333333,916.066666666667
2026-07-24 08:30:00,758.866666666667,,1006.46666666667,766.066666666667,1448.4,6421.93333333333,867.866666666667,767.4,1139.13333333333,518.533333333333,900.266666666667
2026-07-24 08:45:00,716.266666666667,,901.866666666667,733.066666666667,1285.2,4953.33333333333,803.2,756.066666666667,1052.8,506.733333333333,822.533333333333
2026-07-24 09:00:00,693.133333333333,,838.8,616.583333333333,1188.4,2534.66666666667,746.466666666667,732.4,997.666666666667,835.2,728.733333333333
2026-07-24 09:15:00,671.066666666667,,812.666666666667,947.769230769231,1099.66666666667,1183.26666666667,700.0,714.333333333333,950.666666666667,1221.6,685.933333333333
2026-07-24 09:30:00,611.666666666667,,795.866666666667,778.666666666667,1076.8,1009.86666666667,646.333333333333,639.133333333333,929.8,1465.0,664.0
2026-07-24 09:45:00,592.933333333333,,828.0,715.066666666667,941.133333333333,947.466666666667,622.4,582.533333333333,904.333333333333,1375.13333333333,
2026-07-24 10:00:00,570.8,,760.133333333333,677.8,900.866666666667,885.066666666667,614.2,602.2,841.266666666667,1483.4,
2026-07-24 10:15:00,528.8,,666.533333333333,688.466666666667,855.333333333333,861.066666666667,619.533333333333,598.666666666667,783.4,1133.13333333333,
2026-07-24 10:30:00,517.333333333333,,652.8,770.733333333333,864.0,824.666666666667,689.133333333333,578.666666666667,776.266666666667,836.533333333333,550.2
2026-07-24 10:45:00,507.333333333333,,683.933333333333,835.333333333333,851.6,816.066666666667,665.133333333333,544.8,773.2,638.4,557.733333333333
2026-07-24 11:00:00,550.933333333333,,631.666666666667,830.466666666667,924.533333333333,806.333333333333,693.0,527.6,792.533333333333,646.4,566.2
2026-07-24 11:15:00,638.066666666667,,577.4,771.066666666667,964.266666666667,783.666666666667,742.733333333333,494.4,816.133333333333,703.266666666667,511.933333333333
2026-07-24 11:30:00,688.933333333333,,575.733333333333,766.333333333333,859.4,779.266666666667,705.2,431.666666666667,839.8,955.933333333333,502.5
2026-07-24 11:45:00,591.4,,550.733333333333,712.333333333333,821.466666666667,791.266666666667,787.066666666667,428.0,844.066666666667,695.2,
2026-07-24 12:00:00,601.333333333333,,556.333333333333,661.8,802.2,801.666666666667,817.466666666667,434.333333333333,848.666666666667,681.466666666667,
2026-07-24 12:15:00,588.333333333333,,565.2,575.6,807.266666666667,797.0,667.666666666667,406.4,815.266666666667,706.666666666667,
2026-07-24 12:30:00,206.0,,566.866666666667,578.133333333333,817.133333333333,765.466666666667,655.8,384.333333333333,832.933333333333,618.4,
2026-07-24 12:45:00,457.933333333333,,585.866666666667,619.266666666667,824.666666666667,787.8,604.933333333333,385.0,813.133333333333,552.133333333333,
2026-07-24 13:00:00,611.2,,566.133333333333,638.866666666667,823.266666666667,798.466666666667,646.0,401.0,773.2,620.6,
2026-07-24 13:15:00,557.466666666667,,577.733333333333,604.266666666667,810.6,811.2,646.266666666667,401.333333333333,769.0,553.533333333333,
2026-07-24 13:30:00,557.4,,578.266666666667,583.666666666667,820.2,812.4,640.733333333333,409.133333333333,750.4,593.333333333333,
2026-07-24 13:45:00,572.266666666667,,592.4,579.333333333333,835.2,744.6,631.4,420.0,750.6,555.0,
2026-07-24 14:00:00,581.2,,578.133333333333,565.6,836.533333333333,766.333333333333,654.2,432.733333333333,743.4,528.6,
2026-07-24 14:15:00,563.8,,591.266666666667,572.8,843.333333333333,770.266666666667,722.0,445.4,771.866666666667,536.066666666667,
2026-07-24 14:30:00,554.8,,584.2,534.066666666667,858.666666666667,761.666666666667,661.2,481.666666666667,793.066666666667,608.8,
2026-07-24 14:45:00,552.333333333333,,578.133333333333,544.0,869.4,795.733333333333,648.6,444.6,777.866666666667,643.933333333333,
2026-07-24 15:00:00,571.6,,622.466666666667,584.933333333333,894.466666666667,833.6,664.266666666667,430.666666666667,740.933333333333,649.133333333333,
2026-07-24 15:15:00,581.2,,638.466666666667,579.266666666667,859.266666666667,836.466666666667,680.733333333333,426.666666666667,757.133333333333,621.0,
2026-07-24 15:30:00,584.8,,639.533333333333,587.2,939.733333333333,854.133333333333,702.333333333333,431.0,779.533333333333,582.266666666667,
2026-07-24 15:45:00,611.4,,669.666666666667,585.133333333333,1015.53333333333,905.2,716.0,447.266666666667,781.666666666667,543.933333333333,
2026-07-24 16:00:00,676.4,,682.6,601.6,1035.26666666667,981.533333333333,713.133333333333,461.4,823.133333333333,601.733333333333,
2026-07-24 16:15:00,671.8,,670.733333333333,587.6,1018.73333333333,987.6,696.133333333333,475.230769230769,963.066666666667,576.642857142857,
2026-07-24 16:30:00,685.266666666667,,680.4,590.066666666667,977.666666666667,974.666666666667,701.733333333333,,1068.0,528.266666666667,
2026-07-24 16:45:00,650.066666666667,801.923076923077,705.066666666667,596.533333333333,981.933333333333,953.133333333333,724.933333333333,,1004.6,527.2,
2026-07-24 17:00:00,658.533333333333,738.666666666667,706.533333333333,583.333333333333,998.866666666667,996.333333333333,692.666666666667,,953.066666666667,531.733333333333,
2026-07-24 17:15:00,676.666666666667,790.066666666667,787.666666666667,610.866666666667,989.8,984.533333333333,680.466666666667,,853.0,513.666666666667,
2026-07-24 17:30:00,647.733333333333,792.066666666667,701.2,641.533333333333,1036.73333333333,999.066666666667,701.333333333333,495.0,855.266666666667,497.333333333333,527.538461538462
2026-07-24 17:45:00,656.133333333333,878.866666666667,758.4,600.866666666667,1018.53333333333,1005.53333333333,714.933333333333,527.066666666667,914.2,501.8,526.133333333333
2026-07-24 18:00:00,641.133333333333,1022.53333333333,873.266666666667,618.8,1018.73333333333,964.4,721.733333333333,502.466666666667,1198.2,497.6,560.4
2026-07-24 18:15:00,655.866666666667,1040.86666666667,955.4,651.133333333333,1055.86666666667,1023.26666666667,797.733333333333,503.866666666667,911.0,511.866666666667,529.133333333333
2026-07-24 18:30:00,685.333333333333,1082.0,972.533333333333,669.4,1005.26666666667,979.666666666667,753.8,516.2,892.933333333333,533.866666666667,535.533333333333
2026-07-24 18:45:00,683.6,,888.533333333333,700.133333333333,1056.66666666667,992.533333333333,741.533333333333,522.666666666667,884.666666666667,541.0,535.733333333333
2026-07-24 19:00:00,729.0,,782.266666666667,684.066666666667,1099.8,1017.4,736.533333333333,517.8,886.133333333333,520.066666666667,650.0
2026-07-24 19:15:00,690.066666666667,,775.266666666667,680.866666666667,1111.53333333333,1056.53333333333,750.866666666667,526.266666666667,887.666666666667,540.2,629.8
2026-07-24 19:30:00,696.133333333333,,769.0,730.133333333333,1097.06666666667,1048.53333333333,755.466666666667,551.266666666667,1083.8,554.133333333333,596.0
2026-07-24 19:45:00,698.4,,793.733333333333,785.0,1125.33333333333,1100.13333333333,742.0,560.8,933.4,573.933333333333,597.333333333333
2026-07-24 20:00:00,716.4,,788.333333333333,831.933333333333,1128.13333333333,1105.13333333333,738.2,571.866666666667,911.0,530.2,625.8
2026-07-24 20:15:00,706.2,,785.4,884.666666666667,1147.6,1134.93333333333,780.733333333333,586.133333333333,1010.2,591.333333333333,677.733333333333
2026-07-24 20:30:00,734.533333333333,,807.4,928.733333333333,1185.26666666667,1205.26666666667,833.8,597.866666666667,968.533333333333,634.866666666667,749.533333333333
2026-07-24 20:45:00,751.733333333333,,820.866666666667,1007.66666666667,1197.73333333333,1242.13333333333,976.0,650.533333333333,964.133333333333,626.666666666667,781.733333333333
2026-07-24 21:00:00,769.266666666667,,848.8,1039.4,1253.8,1246.66666666667,977.466666666667,1328.06666666667,980.866666666667,665.8,773.8
2026-07-24 21:15:00,787.133333333333,,849.466666666667,1050.13333333333,1520.6,1237.53333333333,971.466666666667,812.333333333333,1008.53333333333,779.866666666667,747.933333333333
2026-07-24 21:30:00,819.533333333333,,930.466666666667,1103.2,1500.73333333333,1241.4,984.266666666667,698.066666666667,1005.6,771.866666666667,696.2
2026-07-24 21:45:00,843.733333333333,1026.69230769231,962.866666666667,1140.06666666667,1381.0,1228.4,1039.4,639.333333333333,1008.46666666667,685.866666666667,674.266666666667
2026-07-24 22:00:00,856.533333333333,1066.8,865.133333333333,1115.33333333333,1212.93333333333,1242.13333333333,1039.33333333333,628.133333333333,1048.2,705.666666666667,648.8
2026-07-24 22:15:00,843.8,1113.53333333333,799.0,1103.2,845.555555555556,1214.66666666667,1073.46666666667,637.466666666667,1055.8,858.0,662.2
2026-07-24 22:30:00,803.733333333333,1095.06666666667,783.733333333333,1101.2,,1198.73333333333,1059.26666666667,655.666666666667,1087.53333333333,845.0,705.466666666667
2026-07-24 22:45:00,826.733333333333,1164.53333333333,788.2,1076.46666666667,97.4615384615385,1205.86666666667,1079.13333333333,705.2,1112.0,862.933333333333,765.933333333333
2026-07-24 23:00:00,840.0,1310.8,845.733333333333,1070.6,83.8666666666667,1205.33333333333,1077.2,744.066666666667,1166.86666666667,833.933333333333,932.0
2026-07-24 23:15:00,811.533333333333,1365.2,987.6,1058.0,904.066666666667,1189.13333333333,1076.53333333333,750.666666666667,1208.06666666667,817.4,845.066666666667
2026-07-24 23:30:00,796.933333333333,1697.06666666667,1176.53333333333,1060.0,964.533333333333,1169.93333333333,1027.2,755.0,1241.66666666667,847.4,772.4
2026-07-24 23:45:00,797.866666666667,1713.66666666667,1220.66666666667,1050.06666666667,947.866666666667,1158.13333333333,1002.06666666667,731.066666666667,1314.53333333333,892.466666666667,740.733333333333
2026-07-25 00:00:00,756.266666666667,,1071.6,1040.66666666667,914.133333333333,1157.33333333333,1023.06666666667,703.333333333333,1283.2,883.666666666667,704.733333333333
2026-07-25 00:15:00,738.333333333333,,948.933333333333,1054.06666666667,877.733333333333,1197.86666666667,1088.53333333333,652.133333333333,1371.73333333333,828.2,691.6
2026-07-25 00:30:00,729.133333333333,,890.6,1011.93333333333,882.2,1187.06666666667,1100.66666666667,615.533333333333,1411.73333333333,740.533333333333,667.4
2026-07-25 00:45:00,735.2,,912.333333333333,978.133333333333,940.066666666667,1133.26666666667,1130.26666666667,608.066666666667,1441.8,689.533333333333,670.866666666667
2026-07-25 01:00:00,748.133333333333,,909.6,969.333333333333,869.466666666667,1102.06666666667,1149.66666666667,594.2,1360.66666666667,674.0,673.8
2026-07-25 01:15:00,737.666666666667,,884.466666666667,969.8,828.466666666667,1085.2,1130.66666666667,572.866666666667,1347.53333333333,636.133333333333,679.266666666667
2026-07-25 01:30:00,744.933333333333,,907.4,953.133333333333,817.2,1109.8,1097.2,571.466666666667,1295.6,620.6,685.8
2026-07-25 01:45:00,737.733333333333,,937.066666666667,949.333333333333,814.133333333333,1138.33333333333,1139.13333333333,577.333333333333,1305.33333333333,601.333333333333,699.533333333333
2026-07-25 02:00:00,759.733333333333,,1003.6,952.266666666667,874.466666666667,1136.53333333333,1168.73333333333,574.866666666667,1322.2,590.6,748.2
2026-07-25 02:15:00,792.266666666667,,1028.66666666667,955.4,1027.8,1146.4,1154.8,574.6,1285.66666666667,606.266666666667,764.4
2026-07-25 02:30:00,786.066666666667,,1067.86666666667,958.8,1061.8,1146.33333333333,1182.53333333333,615.0,1290.93333333333,607.733333333333,755.066666666667
2026-07-25 02:45:00,770.2,,1095.46666666667,963.266666666667,1006.33333333333,1180.86666666667,1223.53333333333,596.4,1358.4,604.933333333333,743.333333333333
2026-07-25 03:00:00,843.133333333333,,1192.33333333333,977.466666666667,1029.4,1482.93333333333,1243.0,616.066666666667,1347.0,636.6,751.6
2026-07-25 03:15:00,874.6,,1258.66666666667,997.333333333333,913.8,1687.8,1190.4,685.0,1391.6,683.666666666667,810.933333333333
2026-07-25 03:30:00,918.8,,1272.66666666667,1067.33333333333,884.6,1429.4,1241.06666666667,708.4,1394.53333333333,728.066666666667,892.4
2026-07-25 03:45:00,866.266666666667,,1214.8,1106.73333333333,921.533333333333,1876.46666666667,1237.4,746.2,1424.33333333333,747.466666666667,926.666666666667
2026-07-25 04:00:00,870.866666666667,,1149.73333333333,1134.33333333333,922.6,2136.66666666667,1240.13333333333,744.333333333333,1420.26666666667,746.733333333333,939.266666666667
2026-07-25 04:15:00,917.066666666667,,1130.0,1242.33333333333,920.6,1488.6,1227.53333333333,746.466666666667,1417.4,754.4,927.266666666667
2026-07-25 04:30:00,932.933333333333,,1088.13333333333,1265.93333333333,934.2,1592.4,1237.26666666667,750.2,1465.33333333333,760.933333333333,896.0
2026-07-25 04:45:00,960.4,,1052.93333333333,1280.2,941.666666666667,1495.93333333333,1239.53333333333,756.933333333333,1465.46666666667,755.066666666667,868.933333333333
2026-07-25 05:00:00,948.866666666667,,1162.33333333333,1269.53333333333,957.533333333333,1510.26666666667,1285.0,742.4,1397.26666666667,770.466666666667,922.2
2026-07-25 05:15:00,897.066666666667,,1194.26666666667,1261.33333333333,966.8,1880.93333333333,1275.53333333333,735.866666666667,1338.93333333333,781.066666666667,945.066666666667
2026-07-25 05:30:00,964.466666666667,,1234.53333333333,1222.73333333333,957.466666666667,2734.33333333333,1349.46666666667,745.0,1419.13333333333,765.733333333333,953.466666666667
2026-07-25 05:45:00,1032.2,,1246.4,1202.0,935.266666666667,3295.8,1384.33333333333,753.733333333333,1448.66666666667,778.133333333333,945.066666666667
2026-07-25 06:00:00,1009.86666666667,,1264.4,1135.4,939.4,4009.46666666667,1471.4,753.4,1439.8,804.6,952.066666666667
2026-07-25 06:15:00,994.133333333333,,1246.2,1077.4,965.733333333333,3378.86666666667,1448.2,765.733333333333,1443.73333333333,794.866666666667,932.866666666667
2026-07-25 06:30:00,1025.6,,1245.66666666667,1088.26666666667,958.666666666667,2879.0,1401.93333333333,787.133333333333,1452.6,792.133333333333,943.8
2026-07-25 06:45:00,1006.6,,1219.66666666667,1081.93333333333,961.866666666667,2134.73333333333,1363.2,797.266666666667,1435.66666666667,790.8,939.266666666667
2026-07-25 07:00:00,962.466666666667,,1192.06666666667,880.133333333333,955.0,2064.8,1445.2,798.6,1402.8,794.6,952.333333333333
2026-07-25 07:15:00,1015.86666666667,,1187.93333333333,720.266666666667,951.6,1757.06666666667,1441.66666666667,802.933333333333,1437.46666666667,802.466666666667,930.533333333333
2026-07-25 07:30:00,996.6,,1182.8,652.6,940.266666666667,1970.13333333333,1418.26666666667,807.0,1379.8,803.133333333333,914.533333333333
2026-07-25 07:45:00,971.933333333333,,1170.46666666667,589.666666666667,903.133333333333,2142.86666666667,1419.66666666667,823.8,1350.46666666667,787.666666666667,912.2
2026-07-25 08:00:00,977.466666666667,,1176.93333333333,704.533333333333,910.933333333333,2180.4,1446.4,823.466666666667,1336.6,808.2,915.933333333333
2026-07-25 08:15:00,1002.26666666667,,1154.6,700.333333333333,945.466666666667,1791.86666666667,1360.73333333333,836.0,1305.06666666667,808.266666666667,893.133333333333
2026-07-25 08:30:00,1039.26666666667,,1140.0,673.733333333333,959.8,1600.93333333333,1407.33333333333,821.733333333333,1306.6,798.333333333333,904.4
2026-07-25 08:45:00,1026.2,,1174.73333333333,571.2,954.933333333333,1484.6,1115.53333333333,840.8,1343.73333333333,791.866666666667,934.4
2026-07-25 09:00:00,983.733333333333,,1276.0,520.8,1366.0,1479.0,992.066666666667,946.133333333333,1423.73333333333,892.4,1092.06666666667
2026-07-25 09:15:00,964.533333333333,1635.0,1399.53333333333,588.933333333333,1628.0,1643.2,968.6,1056.06666666667,1977.46666666667,835.2,1073.73333333333
2026-07-25 09:30:00,946.8,1349.14285714286,1361.86666666667,801.333333333333,1410.33333333333,1697.2,972.866666666667,1000.0,3530.6,719.266666666667,1032.8
2026-07-25 09:45:00,1188.46666666667,,1438.13333333333,818.733333333333,1178.0,2215.66666666667,1052.26666666667,965.6,3211.06666666667,939.333333333333,987.733333333333
2026-07-25 10:00:00,1208.73333333333,,1408.86666666667,807.866666666667,1559.13333333333,2596.53333333333,1116.8,930.2,2453.0,906.133333333333,947.066666666667
2026-07-25 10:15:00,965.066666666667,,1399.2,741.333333333333,1664.4,2314.93333333333,1178.53333333333,1027.0,2401.93333333333,877.466666666667,988.333333333333
2026-07-25 10:30:00,891.2,,1449.4,837.6,1585.0,1973.33333333333,1193.4,1130.26666666667,2356.06666666667,780.466666666667,1035.46666666667
2026-07-25 10:45:00,1021.13333333333,,1478.0,840.933333333333,1518.66666666667,,1089.66666666667,1148.53333333333,2312.2,813.466666666667,1018.26666666667
2026-07-25 11:00:00,1105.66666666667,,1552.06666666667,733.266666666667,1456.2,,1088.86666666667,1169.73333333333,2089.33333333333,887.8,1119.26666666667
2026-07-25 11:15:00,1162.46666666667,,1654.73333333333,691.6,1478.73333333333,1387.0,1101.46666666667,1137.8,2113.2,901.666666666667,1129.46666666667
2026-07-25 11:30:00,1211.13333333333,,1669.4,735.333333333333,1480.13333333333,1308.8,1234.13333333333,1126.73333333333,2086.66666666667,1003.4,1132.06666666667
2026-07-25 11:45:00,1234.93333333333,,1570.46666666667,722.466666666667,1704.06666666667,1437.6,1081.6,1192.2,1847.0,1135.53333333333,1131.26666666667
2026-07-25 12:00:00,1278.26666666667,,1406.4,578.0,1869.6,1720.2,1065.33333333333,1167.0,1781.46666666667,1041.66666666667,1040.66666666667
2026-07-25 12:15:00,1318.06666666667,,1364.6,595.466666666667,1990.2,1762.2,1163.8,1052.53333333333,1790.06666666667,923.733333333333,934.933333333333
2026-07-25 12:30:00,1295.0,,1363.26666666667,578.8,2210.93333333333,1570.73333333333,1206.06666666667,948.2,1802.86666666667,901.733333333333,774.066666666667
2026-07-25 12:45:00,1280.66666666667,,1308.26666666667,514.466666666667,2057.4,1464.33333333333,1016.33333333333,793.866666666667,1585.33333333333,845.0,709.066666666667
2026-07-25 13:00:00,1305.26666666667,,1202.26666666667,552.866666666667,2004.93333333333,1409.86666666667,1028.13333333333,824.266666666667,1479.46666666667,777.133333333333,671.333333333333
2026-07-25 13:15:00,1290.73333333333,,1173.06666666667,543.533333333333,1899.93333333333,1414.26666666667,959.4,812.933333333333,1418.26666666667,720.6,598.466666666667
2026-07-25 13:30:00,1293.46666666667,,1202.46666666667,531.866666666667,1872.93333333333,1290.53333333333,893.4,803.866666666667,1323.33333333333,723.866666666667,588.733333333333
2026-07-25 13:45:00,1140.53333333333,,1205.06666666667,540.066666666667,1810.33333333333,1174.4,904.6,721.6,1274.13333333333,690.2,534.133333333333
2026-07-25 14:00:00,1026.73333333333,,1061.13333333333,517.666666666667,1722.0,1033.26666666667,856.466666666667,679.933333333333,1238.26666666667,649.8,519.4
2026-07-25 14:15:00,1003.66666666667,,946.6,516.933333333333,1664.46666666667,1008.0,856.533333333333,649.733333333333,1170.73333333333,604.266666666667,518.933333333333
2026-07-25 14:30:00,982.8,,915.4,518.933333333333,1453.8,936.333333333333,832.0,633.866666666667,1099.06666666667,535.333333333333,501.8
2026-07-25 14:45:00,896.066666666667,,884.666666666667,513.866666666667,1326.66666666667,956.4,803.133333333333,586.333333333333,1069.93333333333,534.333333333333,494.0
2026-07-25 15:00:00,843.4,,1485.73333333333,508.533333333333,1201.6,901.066666666667,801.733333333333,547.933333333333,1032.66666666667,514.8,442.2
2026-07-25 15:15:00,814.066666666667,,862.666666666667,506.266666666667,1170.0,912.533333333333,759.066666666667,503.533333333333,954.2,508.466666666667,420.333333333333
2026-07-25 15:30:00,774.8,,830.333333333333,522.333333333333,1092.53333333333,848.4,728.666666666667,456.133333333333,888.866666666667,501.666666666667,405.533333333333
2026-07-25 15:45:00,751.933333333333,,758.2,493.8,1046.73333333333,786.866666666667,692.533333333333,422.2,879.066666666667,477.933333333333,390.266666666667
2026-07-25 16:00:00,728.266666666667,,692.2,497.266666666667,974.466666666667,750.4,693.0,395.466666666667,852.8,472.4,363.066666666667
2026-07-25 16:15:00,721.533333333333,,680.8,487.133333333333,965.266666666667,704.866666666667,722.666666666667,377.733333333333,825.333333333333,494.8,358.8
2026-07-25 16:30:00,696.266666666667,,656.466666666667,490.6,916.533333333333,694.0,764.2,375.466666666667,801.2,456.2,361.0
2026-07-25 16:45:00,674.0,,639.666666666667,483.466666666667,855.2,672.266666666667,644.333333333333,378.666666666667,758.866666666667,810.733333333333,355.666666666667
2026-07-25 17:00:00,647.666666666667,,601.8,482.466666666667,816.4,619.266666666667,639.533333333333,408.0,726.4,1615.2,359.933333333333
2026-07-25 17:15:00,624.4,,606.733333333333,489.466666666667,796.4,641.066666666667,636.0,421.666666666667,704.666666666667,574.0,388.333333333333
2026-07-25 17:30:00,667.733333333333,,606.066666666667,493.533333333333,730.733333333333,613.0,603.8,422.266666666667,688.533333333333,467.571428571429,409.066666666667
2026-07-25 17:45:00,646.2,,582.6,492.4,694.533333333333,569.4,583.533333333333,421.4,690.266666666667,1903.0,402.933333333333
2026-07-25 18:00:00,668.066666666667,,591.933333333333,510.466666666667,683.6,598.866666666667,591.733333333333,410.466666666667,710.466666666667,,430.466666666667
2026-07-25 18:15:00,602.066666666667,,601.8,538.466666666667,658.4,560.133333333333,655.133333333333,426.133333333333,688.333333333333,,456.133333333333
2026-07-25 18:30:00,616.666666666667,,642.266666666667,570.533333333333,653.4,524.4,729.6,454.866666666667,676.2,,470.933333333333
2026-07-25 18:45:00,618.8,,676.266666666667,535.933333333333,686.6,644.8,657.333333333333,461.333333333333,697.333333333333,,482.466666666667
2026-07-25 19:00:00,699.8,,638.066666666667,543.533333333333,703.266666666667,546.8,686.866666666667,461.866666666667,704.266666666667,,503.266666666667
2026-07-25 19:15:00,724.133333333333,,527.4,562.733333333333,709.2,620.6,672.066666666667,502.266666666667,738.266666666667,,533.333333333333
2026-07-25 19:30:00,691.066666666667,,639.266666666667,572.2,735.4,647.933333333333,675.933333333333,503.8,747.4,,562.133333333333
2026-07-25 19:45:00,677.8,,702.666666666667,645.8,760.066666666667,640.2,748.333333333333,494.6,759.733333333333,,584.733333333333
2026-07-25 20:00:00,742.866666666667,,693.8,815.933333333333,788.666666666667,868.866666666667,836.4,496.2,788.533333333333,,592.733333333333
2026-07-25 20:15:00,703.333333333333,,694.533333333333,668.533333333333,853.333333333333,995.8,874.133333333333,523.4,823.466666666667,,622.933333333333
2026-07-25 20:30:00,721.0,,707.066666666667,749.0,903.0,761.4,968.8,538.066666666667,846.2,,666.333333333333
2026-07-25 20:45:00,775.533333333333,,800.733333333333,793.933333333333,926.4,799.866666666667,992.733333333333,529.933333333333,879.8,,660.466666666667
2026-07-25 21:00:00,722.4,,771.866666666667,761.266666666667,936.133333333333,750.333333333333,1044.73333333333,561.8,959.533333333333,,710.666666666667
2026-07-25 21:15:00,887.066666666667,,731.266666666667,762.133333333333,900.533333333333,846.266666666667,1091.2,623.2,980.6,,746.266666666667
2026-07-25 21:30:00,733.933333333333,,739.133333333333,889.133333333333,989.466666666667,790.266666666667,1117.93333333333,670.0,1017.33333333333,,796.066666666667
2026-07-25 21:45:00,763.0,,765.6,996.666666666667,1076.6,764.533333333333,1161.86666666667,634.066666666667,1137.46666666667,,883.266666666667
2026-07-25 22:00:00,750.333333333333,,783.6,1001.6,1225.6,923.133333333333,1225.53333333333,697.533333333333,1241.93333333333,,1052.86666666667
2026-07-25 22:15:00,837.133333333333,2096.71428571429,826.333333333333,752.933333333333,1239.2,844.6,1211.26666666667,689.533333333333,1449.53333333333,,1173.13333333333
2026-07-25 22:30:00,958.2,1910.53333333333,855.533333333333,773.6,1182.46666666667,928.666666666667,1248.66666666667,705.066666666667,1814.06666666667,,1247.26666666667
2026-07-25 22:45:00,977.2,1999.0,998.733333333333,792.066666666667,1267.33333333333,931.133333333333,1287.8,703.4,1832.06666666667,,1256.26666666667
2026-07-25 23:00:00,850.466666666667,,1109.0,772.466666666667,1201.66666666667,961.733333333333,1239.46666666667,693.733333333333,1886.4,,1282.46666666667
2026-07-25 23:15:00,789.666666666667,,1082.4,794.066666666667,1107.86666666667,1359.4,1251.26666666667,704.933333333333,1741.2,,1263.33333333333
2026-07-25 23:30:00,777.6,,1073.86666666667,811.8,1029.86666666667,2454.73333333333,1295.06666666667,751.0,2275.93333333333,764.307692307692,1360.53333333333
2026-07-25 23:45:00,779.533333333333,,1067.2,843.866666666667,1564.73333333333,1109.4,1272.73333333333,782.866666666667,3083.66666666667,847.933333333333,1428.2
2026-07-26 00:00:00,1046.46666666667,,1013.8,838.533333333333,1708.73333333333,1068.0,1280.0,793.066666666667,2201.46666666667,837.533333333333,1455.0
2026-07-26 00:15:00,1236.6,,991.466666666667,852.4,1769.86666666667,1114.46666666667,1271.33333333333,829.8,2082.0,960.066666666667,1554.66666666667
2026-07-26 00:30:00,1159.33333333333,,993.133333333333,898.666666666667,1834.13333333333,1264.0,1284.0,816.933333333333,1961.26666666667,977.2,1555.6
2026-07-26 00:45:00,1122.93333333333,,1027.6,953.466666666667,2028.66666666667,1313.53333333333,1298.73333333333,1065.26666666667,1975.26666666667,989.533333333333,1773.93333333333
2026-07-26 01:00:00,1341.2,,1015.86666666667,957.8,2258.66666666667,1293.33333333333,1314.53333333333,1482.6,1855.2,986.2,1811.33333333333
2026-07-26 01:15:00,1555.66666666667,,1024.06666666667,935.733333333333,4657.06666666667,1027.26666666667,1313.86666666667,1315.0,1890.0,990.666666666667,1743.46666666667
2026-07-26 01:30:00,1497.93333333333,,1074.4,886.0,4340.53333333333,1096.0,1455.46666666667,1086.66666666667,1824.86666666667,997.666666666667,1788.53333333333
2026-07-26 01:45:00,1492.4,,1133.8,904.6,2521.13333333333,1110.53333333333,1326.13333333333,1049.46666666667,1840.86666666667,1053.93333333333,1764.0
2026-07-26 02:00:00,1443.33333333333,,1176.46666666667,912.666666666667,2571.13333333333,1192.53333333333,1280.93333333333,1122.66666666667,1836.06666666667,1201.4,1584.2
2026-07-26 02:15:00,1343.13333333333,,1172.86666666667,985.866666666667,2722.06666666667,1355.33333333333,1310.06666666667,996.133333333333,1888.66666666667,1068.2,1585.73333333333
2026-07-26 02:30:00,1322.8,,1237.53333333333,877.266666666667,2624.8,1471.4,1524.66666666667,970.733333333333,1907.53333333333,1151.86666666667,1750.6
2026-07-26 02:45:00,1335.0,,1363.0,820.266666666667,2923.0,1365.0,1640.33333333333,1040.53333333333,1938.06666666667,1200.6,1949.13333333333
2026-07-26 03:00:00,1379.66666666667,,1295.26666666667,793.8,2203.8,1308.4,1821.53333333333,1053.6,1936.46666666667,1215.6,1829.06666666667
2026-07-26 03:15:00,1398.4,,1290.33333333333,755.733333333333,2725.06666666667,1381.2,1772.73333333333,1036.73333333333,1991.8,1220.46666666667,2041.46666666667
2026-07-26 03:30:00,1361.33333333333,,1242.53333333333,825.6,2744.8,1705.26666666667,1772.33333333333,1040.06666666667,2005.33333333333,1266.33333333333,2178.73333333333
2026-07-26 03:45:00,1410.53333333333,,1165.66666666667,838.2,2426.4,1973.93333333333,1846.13333333333,1038.33333333333,2051.26666666667,1295.06666666667,2118.0
2026-07-26 04:00:00,1522.93333333333,,1177.2,832.0,2411.73333333333,2096.73333333333,1831.33333333333,1087.06666666667,2020.73333333333,1292.53333333333,1969.33333333333
2026-07-26 04:15:00,1496.26666666667,,1210.4,807.8,2686.4,1999.0,1922.66666666667,1109.2,2014.6,1285.46666666667,2203.53333333333
2026-07-26 04:30:00,1596.93333333333,,1416.13333333333,782.6,2499.8,2321.2,2017.2,1144.33333333333,2093.8,1285.46666666667,2191.66666666667
2026-07-26 04:45:00,1705.33333333333,,1407.4,780.666666666667,2820.06666666667,2361.26666666667,2275.06666666667,1145.2,2112.06666666667,1288.6,2079.86666666667
2026-07-26 05:00:00,1752.6,,1419.86666666667,752.066666666667,2944.26666666667,2276.8,2117.93333333333,1169.46666666667,2184.06666666667,1313.06666666667,2175.46666666667
2026-07-26 05:15:00,1707.06666666667,,1575.86666666667,737.333333333333,3500.26666666667,2104.8,2097.0,1171.66666666667,2152.93333333333,1356.46666666667,2141.8
2026-07-26 05:30:00,1701.86666666667,,1811.4,726.333333333333,3825.66666666667,2505.53333333333,2317.93333333333,1182.86666666667,2211.6,1345.93333333333,2308.06666666667
2026-07-26 05:45:00,2035.4,,1857.4,757.533333333333,4351.8,4946.4,2159.13333333333,1221.4,2271.46666666667,1411.66666666667,2137.66666666667
2026-07-26 06:00:00,1762.13333333333,,1891.46666666667,1584.8,4468.2,6587.66666666667,2214.2,1222.06666666667,2240.26666666667,1433.53333333333,2113.66666666667
2026-07-26 06:15:00,1895.2,,1945.8,2402.53333333333,4310.6,6066.13333333333,1990.73333333333,1229.66666666667,2287.93333333333,1429.26666666667,2283.06666666667
2026-07-26 06:30:00,1738.13333333333,,1941.86666666667,2381.53333333333,4318.73333333333,4902.0,2041.93333333333,1242.86666666667,2358.73333333333,1426.06666666667,2175.26666666667
2026-07-26 06:45:00,1571.06666666667,,1879.0,1797.33333333333,4402.33333333333,5635.73333333333,1944.2,1251.8,2314.26666666667,1405.46666666667,1890.26666666667
2026-07-26 07:00:00,1528.33333333333,,1762.46666666667,1511.33333333333,5116.26666666667,6381.53333333333,1874.53333333333,1254.73333333333,2266.2,1399.46666666667,1777.26666666667
2026-07-26 07:15:00,1569.06666666667,,1739.33333333333,1214.66666666667,4590.93333333333,5702.33333333333,1880.8,1379.0,2255.8,1461.93333333333,1719.33333333333
2026-07-26 07:30:00,1680.93333333333,,1691.93333333333,703.466666666667,3945.06666666667,4808.0,1739.93333333333,1355.8,2298.46666666667,1254.6,1644.73333333333
2026-07-26 07:45:00,1545.46666666667,,1676.13333333333,586.333333333333,3169.0,3778.13333333333,1737.6,1440.33333333333,2153.73333333333,996.533333333333,1638.66666666667
2026-07-26 08:00:00,1392.4,,1705.4,501.666666666667,3080.46666666667,2267.26666666667,1697.46666666667,1441.6,2143.0,964.933333333333,1781.8
2026-07-26 08:15:00,1316.2,,1702.33333333333,517.733333333333,2780.46666666667,2589.4,1698.93333333333,1346.6,2471.53333333333,864.333333333333,1615.13333333333
2026-07-26 08:30:00,1241.86666666667,,1650.33333333333,464.866666666667,2638.26666666667,3553.06666666667,1588.53333333333,1261.73333333333,2529.33333333333,715.8,1445.6
2026-07-26 08:45:00,1139.13333333333,,1590.4,451.0,2536.26666666667,2863.4,1471.4,1187.66666666667,2502.06666666667,674.333333333333,1347.6
2026-07-26 09:00:00,1208.33333333333,,1500.06666666667,439.066666666667,2405.53333333333,2698.46666666667,1486.0,1107.69230769231,2423.06666666667,649.933333333333,1213.6
2026-07-26 09:15:00,1359.8,,1443.06666666667,389.266666666667,2803.13333333333,2475.33333333333,1394.4,1023.90909090909,2251.93333333333,606.466666666667,1120.26666666667
2026-07-26 09:30:00,1181.0,1724.0,1369.73333333333,537.2,2649.0,2056.6,1322.6,,2056.06666666667,581.533333333333,1044.93333333333
2026-07-26 09:45:00,1062.93333333333,,1319.46666666667,485.666666666667,2552.0,1891.66666666667,1227.46666666667,,1924.46666666667,578.133333333333,974.133333333333
2026-07-26 10:00:00,1191.6,,1185.8,442.666666666667,2060.0,1703.93333333333,1150.26666666667,844.214285714286,1744.86666666667,583.866666666667,877.266666666667
2026-07-26 10:15:00,1115.06666666667,,1126.73333333333,443.333333333333,1685.86666666667,1406.33333333333,1074.73333333333,560.733333333333,1546.86666666667,596.733333333333,781.333333333333
2026-07-26 10:30:00,990.466666666667,,1057.73333333333,511.066666666667,1566.6,1286.93333333333,1080.13333333333,511.2,1511.26666666667,553.266666666667,736.6
2026-07-26 10:45:00,1025.33333333333,,1053.26666666667,573.533333333333,1541.53333333333,1180.6,947.666666666667,473.8,1480.93333333333,561.066666666667,775.466666666667
2026-07-26 11:00:00,950.133333333333,,1003.33333333333,597.066666666667,1424.13333333333,1103.8,917.933333333333,562.0,1481.66666666667,580.466666666667,720.4
2026-07-26 11:15:00,901.8,,1020.66666666667,553.466666666667,1408.06666666667,1228.66666666667,882.6,515.533333333333,1360.2,558.466666666667,716.933333333333
2026-07-26 11:30:00,896.8,,1004.93333333333,633.133333333333,1434.6,1114.93333333333,905.0,530.8,1347.53333333333,573.066666666667,699.2
2026-07-26 11:45:00,831.533333333333,,965.066666666667,542.133333333333,1321.66666666667,1089.26666666667,886.733333333333,463.2,1293.93333333333,583.466666666667,671.733333333333
2026-07-26 12:00:00,817.866666666667,,956.133333333333,552.666666666667,1247.6,1139.66666666667,847.666666666667,403.0,1215.86666666667,544.2,657.0
2026-07-26 12:15:00,801.666666666667,,967.933333333333,611.133333333333,1178.73333333333,994.8,876.066666666667,469.933333333333,1117.26666666667,638.8,633.666666666667
2026-07-26 12:30:00,807.6,,1020.8,587.133333333333,1137.26666666667,966.333333333333,894.466666666667,483.933333333333,1035.13333333333,736.8,661.266666666667
2026-07-26 12:45:00,852.666666666667,,961.466666666667,561.733333333333,1181.53333333333,1041.53333333333,856.866666666667,480.533333333333,1069.93333333333,552.4,636.466666666667
2026-07-26 13:00:00,845.933333333333,,916.133333333333,572.133333333333,1111.46666666667,1026.2,905.333333333333,499.428571428571,1092.26666666667,578.266666666667,613.4
2026-07-26 13:15:00,847.4,,962.0,587.8,1086.8,972.333333333333,868.866666666667,664.4,1089.93333333333,546.4,641.866666666667
2026-07-26 13:30:00,846.066666666667,,912.2,554.066666666667,1080.13333333333,996.4,870.666666666667,699.6,1097.2,562.066666666667,635.533333333333
2026-07-26 13:45:00,886.266666666667,,919.4,541.4,1073.26666666667,1005.6,892.266666666667,666.133333333333,1097.66666666667,588.6,614.733333333333
2026-07-26 14:00:00,976.666666666667,,969.733333333333,564.066666666667,1107.0,959.866666666667,919.666666666667,673.733333333333,1099.66666666667,601.266666666667,620.066666666667
2026-07-26 14:15:00,1055.6,,972.866666666667,552.2,1099.93333333333,954.533333333333,928.8,673.933333333333,1123.46666666667,656.0,643.6
2026-07-26 14:30:00,887.2,,1153.13333333333,537.733333333333,1108.93333333333,968.8,911.666666666667,674.733333333333,1197.46666666667,638.933333333333,620.466666666667
2026-07-26 14:45:00,967.533333333333,,961.066666666667,523.6,1068.13333333333,963.0,958.133333333333,660.2,1137.26666666667,622.8,575.933333333333
2026-07-26 15:00:00,914.866666666667,,978.733333333333,534.466666666667,1082.8,1047.93333333333,945.733333333333,654.866666666667,1121.46666666667,625.866666666667,586.733333333333
2026-07-26 15:15:00,903.6,,968.533333333333,517.2,1111.53333333333,932.2,1007.93333333333,667.133333333333,1158.93333333333,632.8,595.8
2026-07-26 15:30:00,878.066666666667,,1025.0,523.6,1036.93333333333,904.866666666667,1034.73333333333,677.933333333333,1230.0,621.133333333333,615.8
2026-07-26 15:45:00,875.866666666667,,1078.4,547.733333333333,1064.8,929.466666666667,953.6,673.733333333333,1092.8,628.466666666667,610.866666666667
2026-07-26 16:00:00,902.733333333333,,1073.4,524.266666666667,1065.93333333333,925.266666666667,976.866666666667,642.533333333333,1090.26666666667,603.666666666667,587.733333333333
2026-07-26 16:15:00,907.533333333333,,1022.4,526.666666666667,1058.26666666667,932.0,995.466666666667,649.933333333333,1090.26666666667,610.4,599.066666666667
2026-07-26 16:30:00,925.133333333333,,1025.93333333333,526.133333333333,1048.06666666667,1031.66666666667,1070.0,672.733333333333,1113.0,626.466666666667,613.933333333333
2026-07-26 16:45:00,885.533333333333,,1017.6,515.666666666667,1065.93333333333,1069.73333333333,1114.53333333333,676.666666666667,1153.06666666667,660.0,651.666666666667
2026-07-26 17:00:00,964.333333333333,,1038.2,457.066666666667,1087.86666666667,961.733333333333,1139.66666666667,698.133333333333,1134.4,660.2,669.866666666667
2026-07-26 17:15:00,974.533333333333,,1079.46666666667,423.266666666667,1084.66666666667,960.0,1131.26666666667,708.466666666667,,699.133333333333,672.733333333333
2026-07-26 17:30:00,880.0,,1086.86666666667,393.666666666667,1102.8,990.6,1165.33333333333,693.2,649.0,763.666666666667,679.933333333333
2026-07-26 17:45:00,1109.46666666667,,1096.66666666667,380.4,1133.6,1041.33333333333,1206.4,707.133333333333,542.25,749.333333333333,702.4
2026-07-26 18:00:00,1005.26666666667,,1125.73333333333,334.333333333333,1161.06666666667,1040.46666666667,1288.73333333333,705.066666666667,734.75,718.733333333333,709.666666666667
2026-07-26 18:15:00,1036.93333333333,,1150.66666666667,307.933333333333,1211.93333333333,1035.66666666667,1332.2,719.066666666667,1208.93333333333,739.333333333333,728.733333333333
2026-07-26 18:30:00,1007.2,,1159.06666666667,347.8,1204.26666666667,1039.26666666667,1378.2,722.733333333333,1151.06666666667,714.0,734.4
2026-07-26 18:45:00,1002.66666666667,,1157.86666666667,355.333333333333,1197.2,1052.06666666667,1335.4,740.266666666667,1198.06666666667,695.666666666667,809.0
2026-07-26 19:00:00,1084.4,,1134.13333333333,360.133333333333,1192.53333333333,1047.26666666667,1337.73333333333,818.533333333333,1183.6,755.533333333333,836.8
2026-07-26 19:15:00,1002.06666666667,,1239.26666666667,347.266666666667,1193.26666666667,1621.26666666667,1321.66666666667,822.466666666667,1195.66666666667,807.466666666667,827.6
2026-07-26 19:30:00,1004.26666666667,,1294.86666666667,369.533333333333,1269.6,1203.6,1337.6,843.133333333333,1183.53333333333,818.2,830.866666666667
2026-07-26 19:45:00,991.8,,1310.13333333333,451.933333333333,1256.06666666667,1151.33333333333,1385.26666666667,897.666666666667,1181.33333333333,840.866666666667,856.8
2026-07-26 20:00:00,1031.86666666667,,1319.86666666667,527.6,1246.93333333333,1177.2,1482.53333333333,907.066666666667,1203.06666666667,870.466666666667,916.666666666667
2026-07-26 20:15:00,1143.2,,1348.86666666667,513.466666666667,1244.06666666667,1187.46666666667,1468.46666666667,911.8,1247.46666666667,891.666666666667,967.8
2026-07-26 20:30:00,1163.4,,1359.06666666667,483.333333333333,1287.73333333333,1235.26666666667,1552.0,977.4,1284.2,915.533333333333,1017.73333333333
2026-07-26 20:45:00,1321.73333333333,,1369.06666666667,531.866666666667,1409.73333333333,1283.33333333333,1619.73333333333,961.533333333333,1341.06666666667,939.933333333333,1093.86666666667
2026-07-26 21:00:00,1300.06666666667,,1441.2,700.333333333333,1480.86666666667,1311.86666666667,1734.86666666667,957.0,1445.6,982.466666666667,1143.73333333333
2026-07-26 21:15:00,1181.06666666667,,1435.2,886.066666666667,1456.26666666667,1380.66666666667,1739.2,981.733333333333,1459.4,1043.6,1165.93333333333
2026-07-26 21:30:00,1136.33333333333,,1466.06666666667,567.466666666667,2472.4,1370.0,1701.33333333333,995.066666666667,1579.26666666667,1056.33333333333,1211.46666666667
2026-07-26 21:45:00,1188.86666666667,,1522.6,553.266666666667,3778.33333333333,1382.53333333333,1682.13333333333,998.066666666667,1570.8,1054.93333333333,1211.86666666667
2026-07-26 22:00:00,1208.46666666667,2865.0,1505.8,481.4,1681.53333333333,1402.8,1723.4,986.533333333333,1618.26666666667,1045.66666666667,1236.73333333333
2026-07-26 22:15:00,1301.73333333333,,1482.66666666667,490.0,1910.33333333333,1430.73333333333,1793.6,974.266666666667,1696.33333333333,1051.6,1248.6
2026-07-26 22:30:00,1298.13333333333,,1482.6,532.466666666667,2683.26666666667,1523.0,1821.73333333333,1008.86666666667,1750.4,1068.6,1259.6
2026-07-26 22:45:00,1462.53333333333,,1493.0,518.066666666667,2163.53333333333,1564.86666666667,1895.33333333333,1061.66666666667,1776.06666666667,1099.93333333333,1256.93333333333
2026-07-26 23:00:00,1485.0,,1622.26666666667,484.4,2096.8,1638.0,1960.86666666667,1046.33333333333,2652.86666666667,1155.53333333333,1248.6
2026-07-26 23:15:00,1344.93333333333,,1654.8,485.666666666667,2257.6,1719.93333333333,1874.33333333333,1037.13333333333,2943.26666666667,1174.93333333333,1237.4
2026-07-26 23:30:00,1465.86666666667,,1642.8,490.2,2422.2,1913.0,1939.0,1088.86666666667,2507.46666666667,1161.33333333333,1268.53333333333
2026-07-26 23:45:00,1371.53333333333,,1749.46666666667,523.333333333333,2608.2,1931.06666666667,2035.73333333333,1106.66666666667,2407.06666666667,1217.33333333333,1312.13333333333
2026-07-27 00:00:00,1372.66666666667,,1828.8,550.466666666667,2423.73333333333,2141.26666666667,1801.73333333333,1146.73333333333,2395.53333333333,1256.6,1426.8
2026-07-27 00:15:00,1512.33333333333,,1876.66666666667,578.8,2426.53333333333,1979.06666666667,1790.86666666667,1212.33333333333,2356.8,1286.26666666667,1520.53333333333
2026-07-27 00:30:00,1848.73333333333,,1846.2,570.2,2576.73333333333,2015.0,1720.66666666667,1262.06666666667,2330.93333333333,1325.73333333333,1606.46666666667
2026-07-27 00:45:00,1928.13333333333,,1858.13333333333,557.866666666667,2571.86666666667,2008.86666666667,1801.66666666667,1306.2,2368.33333333333,1350.66666666667,1593.66666666667
2026-07-27 01:00:00,2009.33333333333,,1871.46666666667,552.8,2559.93333333333,2022.2,1882.2,1346.73333333333,2330.06666666667,1398.93333333333,1703.2
2026-07-27 01:15:00,2193.06666666667,,1865.6,548.066666666667,2703.0,2106.33333333333,2471.2,1353.33333333333,2394.86666666667,1435.93333333333,1738.93333333333
2026-07-27 01:30:00,2026.53333333333,,1942.46666666667,527.8,3180.93333333333,2220.8,2666.13333333333,1362.8,2442.93333333333,1461.93333333333,1802.53333333333
2026-07-27 01:45:00,1841.6,,2295.0,524.6,3368.26666666667,2300.26666666667,2681.4,1344.66666666667,2414.86666666667,1492.53333333333,1900.6
2026-07-27 02:00:00,1895.73333333333,,2356.4,520.2,4078.33333333333,2286.86666666667,2598.0,1348.33333333333,2594.33333333333,1470.8,1868.46666666667
2026-07-27 02:15:00,2606.8,,2189.13333333333,496.066666666667,3960.06666666667,2194.33333333333,2651.66666666667,1376.4,2543.2,1458.0,1835.66666666667
2026-07-27 02:30:00,2747.06666666667,,2214.73333333333,500.066666666667,3854.66666666667,2209.46666666667,2729.0,1354.66666666667,2844.93333333333,1474.13333333333,1914.53333333333
2026-07-27 02:45:00,2837.2,,2299.8,494.733333333333,5162.8,2315.8,2546.33333333333,1397.06666666667,2714.33333333333,1515.6,2012.93333333333
2026-07-27 03:00:00,2813.13333333333,,2491.53333333333,524.066666666667,4986.73333333333,2222.26666666667,2386.73333333333,1416.8,2910.93333333333,1556.2,2150.86666666667
2026-07-27 03:15:00,2508.4,,2792.6,571.266666666667,4203.93333333333,2676.93333333333,2332.93333333333,1488.6,2866.26666666667,1587.06666666667,1994.33333333333
2026-07-27 03:30:00,2485.26666666667,,2686.13333333333,612.6,4685.4,2820.33333333333,2381.33333333333,1568.73333333333,2714.66666666667,1588.2,2023.53333333333
2026-07-27 03:45:00,2678.33333333333,,2627.53333333333,651.0,4957.8,2878.8,2347.73333333333,1482.06666666667,2808.93333333333,1668.46666666667,2103.73333333333
2026-07-27 04:00:00,5684.26666666667,,2800.66666666667,682.733333333333,4623.8,3046.93333333333,2500.0,1786.4,2832.33333333333,1671.66666666667,2114.2
2026-07-27 04:15:00,6297.4,,2856.93333333333,690.133333333333,4756.46666666667,3303.06666666667,3297.46666666667,1866.86666666667,2849.46666666667,1718.93333333333,2145.2
2026-07-27 04:30:00,5476.53333333333,,2891.4,684.733333333333,4435.4,3452.2,2786.33333333333,1973.33333333333,2786.13333333333,1780.2,2314.13333333333
2026-07-27 04:45:00,4136.53333333333,,3077.86666666667,754.733333333333,5166.53333333333,3720.26666666667,2731.2,2101.53333333333,2793.06666666667,1818.4,2272.93333333333
2026-07-27 05:00:00,4124.0,,3338.53333333333,816.666666666667,5000.86666666667,3976.06666666667,2929.46666666667,2055.13333333333,2821.93333333333,1874.4,2478.0
2026-07-27 05:15:00,2977.53333333333,,3206.26666666667,848.4,4782.93333333333,4094.26666666667,2763.46666666667,2129.73333333333,2850.66666666667,1913.06666666667,2305.66666666667
2026-07-27 05:30:00,2325.66666666667,,3386.13333333333,940.466666666667,4771.4,4710.0,2379.33333333333,2284.33333333333,2846.53333333333,1988.73333333333,2285.26666666667
2026-07-27 05:45:00,2452.0,,3457.06666666667,982.2,5059.4,4737.53333333333,2334.86666666667,2152.6,2953.0,2125.4,2602.6
2026-07-27 06:00:00,2389.06666666667,,3483.8,1048.13333333333,4968.66666666667,4996.13333333333,2101.66666666667,2235.46666666667,2817.8,2108.4,2895.2
2026-07-27 06:15:00,2515.73333333333,,3507.66666666667,1065.86666666667,5504.93333333333,4992.8,1990.26666666667,1883.0,2771.4,2152.6,3296.13333333333
2026-07-27 06:30:00,2996.53333333333,,3575.6,1088.53333333333,7329.8,4968.4,2112.46666666667,1828.53333333333,2806.46666666667,2229.13333333333,3064.73333333333
2026-07-27 06:45:00,3096.4,,3533.2,985.133333333333,7442.46666666667,5063.86666666667,2538.86666666667,2283.73333333333,2825.66666666667,2098.86666666667,2805.73333333333
2026-07-27 07:00:00,2907.86666666667,,3666.53333333333,1042.8,6283.93333333333,5044.86666666667,2460.86666666667,2031.6,2918.06666666667,2088.86666666667,2647.8
2026-07-27 07:15:00,2473.73333333333,,3763.46666666667,1179.06666666667,5559.26666666667,4654.2,2422.2,2406.0,3030.33333333333,2560.4,2475.6
2026-07-27 07:30:00,1988.53333333333,,3762.6,1079.4,5580.6,4362.8,2710.0,2458.33333333333,4862.53333333333,2825.53333333333,2486.2
2026-07-27 07:45:00,1812.2,,3737.33333333333,1025.86666666667,5447.2,3773.8,2612.0,2284.13333333333,5398.6,1507.8,2661.33333333333
2026-07-27 08:00:00,1716.06666666667,,3723.13333333333,1031.66666666667,4934.26666666667,3206.0,2598.86666666667,2076.4,5391.4,1352.6,2674.33333333333
2026-07-27 08:15:00,1514.2,,3554.2,952.4,4521.6,2696.06666666667,3636.06666666667,1830.53333333333,5312.66666666667,1117.13333333333,2200.66666666667
2026-07-27 08:30:00,1282.33333333333,,3102.26666666667,1012.8,4049.33333333333,2368.4,3967.26666666667,1714.53333333333,4485.86666666667,997.066666666667,1810.46666666667
2026-07-27 08:45:00,1208.6,,2678.13333333333,1120.8,3764.6,1959.06666666667,5654.8,1609.6,3141.26666666667,856.733333333333,1603.2
2026-07-27 09:00:00,1327.73333333333,,2418.06666666667,1216.53333333333,3368.53333333333,1736.26666666667,5449.86666666667,1541.46666666667,2435.4,724.0,1458.2
2026-07-27 09:15:00,1318.2,,2128.6,836.2,2906.4,1636.86666666667,4753.26666666667,1434.2,2295.46666666667,694.866666666667,1337.4
2026-07-27 09:30:00,1314.93333333333,,1972.13333333333,823.933333333333,2805.33333333333,1599.4,3433.93333333333,1357.4,2120.46666666667,680.066666666667,1309.13333333333
2026-07-27 09:45:00,1108.6,,1833.53333333333,883.866666666667,2471.46666666667,1600.46666666667,2679.8,1312.53333333333,2099.13333333333,702.333333333333,1273.73333333333
2026-07-27 10:00:00,1103.13333333333,,1778.13333333333,936.2,2109.86666666667,1540.13333333333,1953.06666666667,1306.13333333333,2155.0,863.866666666667,1282.86666666667
2026-07-27 10:15:00,1204.53333333333,,1835.06666666667,956.133333333333,1859.4,1623.93333333333,1845.8,1263.93333333333,2024.6,878.866666666667,1291.86666666667
2026-07-27 10:30:00,1260.66666666667,,1805.66666666667,1000.2,2037.2,1790.86666666667,1612.93333333333,1285.06666666667,1935.6,863.066666666667,1285.4
2026-07-27 10:45:00,1155.6,,1813.26666666667,985.466666666667,2902.73333333333,1692.86666666667,1364.8,1323.46666666667,2019.93333333333,967.2,1302.0
2026-07-27 11:00:00,1198.13333333333,,1903.6,959.466666666667,2345.53333333333,1718.53333333333,1183.6,1318.4,2211.93333333333,949.933333333333,1287.06666666667
2026-07-27 11:15:00,1347.53333333333,,1973.73333333333,943.2,2066.2,1794.0,1055.33333333333,1314.6,2246.33333333333,968.466666666667,1244.26666666667
2026-07-27 11:30:00,1409.8,,2090.13333333333,905.066666666667,2118.6,1865.73333333333,1095.2,1392.46666666667,2194.2,981.266666666667,1264.86666666667
2026-07-27 11:45:00,1473.13333333333,,2097.26666666667,896.733333333333,2278.33333333333,1882.26666666667,1237.2,1356.2,2247.6,1059.2,1219.73333333333
2026-07-27 12:00:00,1660.06666666667,,2014.6,797.533333333333,2264.13333333333,1961.0,1298.0,1399.0,2564.33333333333,1129.06666666667,1193.73333333333
2026-07-27 12:15:00,1727.53333333333,,2050.2,621.333333333333,2189.33333333333,1907.06666666667,1532.33333333333,1385.33333333333,2494.13333333333,1084.8,1181.8
2026-07-27 12:30:00,1687.13333333333,,1923.26666666667,692.266666666667,2126.8,1888.86666666667,1630.2,1284.66666666667,2382.73333333333,1077.93333333333,1089.8
2026-07-27 12:45:00,1672.66666666667,,1891.13333333333,806.133333333333,2152.93333333333,1849.46666666667,1618.72727272727,1270.53333333333,2444.4,1166.06666666667,1055.93333333333
2026-07-27 13:00:00,1664.73333333333,,1894.33333333333,654.733333333333,2066.46666666667,1823.13333333333,,1252.66666666667,2510.0,1125.4,1004.73333333333
2026-07-27 13:15:00,1726.06666666667,,1904.73333333333,565.266666666667,2087.53333333333,1832.93333333333,,1203.53333333333,2506.06666666667,1079.26666666667,979.133333333333
2026-07-27 13:30:00,1701.06666666667,,2002.33333333333,555.533333333333,2064.46666666667,1839.33333333333,,1158.66666666667,2348.93333333333,1077.33333333333,1013.73333333333
2026-07-27 13:45:00,1730.2,,2105.53333333333,560.333333333333,2064.13333333333,1824.53333333333,,1192.2,2174.06666666667,1053.6,1006.26666666667
2026-07-27 14:00:00,1714.4,,2266.53333333333,583.066666666667,2065.26666666667,1735.53333333333,,1203.13333333333,2143.33333333333,1021.93333333333,956.466666666667
2026-07-27 14:15:00,1679.53333333333,,2222.0,562.466666666667,2070.66666666667,1725.0,,1245.86666666667,2197.2,1080.46666666667,929.733333333333
2026-07-27 14:30:00,1644.26666666667,,2118.26666666667,647.666666666667,2049.4,1654.86666666667,,1262.06666666667,2236.13333333333,1137.6,907.133333333333
2026-07-27 14:45:00,1739.66666666667,,2060.8,584.333333333333,2014.6,1693.66666666667,,1245.8,2254.26666666667,1115.4,934.0
2026-07-27 15:00:00,1802.86666666667,,2054.0,530.133333333333,1998.46666666667,1726.33333333333,,1316.8,2170.13333333333,1153.53333333333,980.8
2026-07-27 15:15:00,1811.33333333333,,1993.73333333333,478.733333333333,2031.0,1706.26666666667,,1203.4,2123.06666666667,1142.33333333333,951.866666666667
2026-07-27 15:30:00,1836.13333333333,,2001.53333333333,442.0,2092.66666666667,1748.0,,1227.4,2087.93333333333,1104.8,964.866666666667
2026-07-27 15:45:00,1764.93333333333,,1899.06666666667,418.2,2143.73333333333,1871.93333333333,,1185.46666666667,2055.93333333333,1105.53333333333,951.0
2026-07-27 16:00:00,1726.86666666667,,1853.86666666667,434.866666666667,2263.66666666667,2020.33333333333,,1155.4,2065.33333333333,1205.93333333333,949.933333333333
2026-07-27 16:15:00,1751.06666666667,,1826.06666666667,386.466666666667,2286.86666666667,1937.0,,1251.33333333333,2074.2,1270.73333333333,1012.06666666667
2026-07-27 16:30:00,1767.8,,1784.33333333333,367.466666666667,2166.73333333333,1761.26666666667,,1173.6,2086.93333333333,1240.0,958.666666666667
2026-07-27 16:45:00,1790.86666666667,,1789.2,381.8,2176.2,1704.46666666667,,1146.33333333333,2059.4,1233.6,916.0
2026-07-27 17:00:00,1862.33333333333,,1796.4,387.0,2068.13333333333,1699.86666666667,,1218.6,2100.33333333333,1210.53333333333,993.933333333333
2026-07-27 17:15:00,2033.33333333333,,1820.26666666667,343.266666666667,1947.93333333333,1706.26666666667,,1207.33333333333,2031.4,1263.6,990.2
2026-07-27 17:30:00,2042.73333333333,,1872.46666666667,295.533333333333,1862.86666666667,1699.53333333333,,1218.93333333333,2060.06666666667,1297.53333333333,1035.4
2026-07-27 17:45:00,2040.73333333333,,1874.8,287.466666666667,1928.06666666667,1732.86666666667,,1231.0,2147.46666666667,1412.33333333333,1091.4
2026-07-27 18:00:00,2118.2,,1937.26666666667,302.866666666667,1975.26666666667,1722.66666666667,,1225.46666666667,2192.0,1399.8,1128.8
2026-07-27 18:15:00,2182.53333333333,,1997.86666666667,323.933333333333,1986.13333333333,1824.53333333333,,1222.33333333333,2199.4,1322.26666666667,1159.2
2026-07-27 18:30:00,2049.86666666667,,2030.6,333.866666666667,2051.73333333333,1813.53333333333,,1251.73333333333,2269.13333333333,1331.13333333333,1202.4
2026-07-27 18:45:00,1753.6,,2071.8,313.333333333333,2038.6,1802.4,,1241.66666666667,2248.86666666667,1339.66666666667,1223.26666666667
2026-07-27 19:00:00,1863.53333333333,,2101.93333333333,345.733333333333,2085.6,1883.06666666667,,1262.13333333333,2218.46666666667,1387.2,1263.0
2026-07-27 19:15:00,1813.13333333333,,2137.86666666667,347.266666666667,2141.4,1898.66666666667,,1287.53333333333,2291.13333333333,1405.13333333333,1251.66666666667
2026-07-27 19:30:00,1835.2,,2199.06666666667,391.066666666667,2176.86666666667,1897.13333333333,,1287.73333333333,2292.46666666667,1423.4,1274.66666666667
2026-07-27 19:45:00,1871.06666666667,,2242.66666666667,580.466666666667,2255.73333333333,1943.53333333333,,1295.53333333333,2342.66666666667,1459.33333333333,1318.06666666667
2026-07-27 20:00:00,1989.66666666667,,2267.53333333333,522.2,2198.66666666667,1972.33333333333,,1303.26666666667,2372.26666666667,1448.46666666667,1373.0
2026-07-27 20:15:00,1920.6,,2305.06666666667,500.533333333333,2237.53333333333,2032.66666666667,,1349.86666666667,2364.86666666667,1502.06666666667,1425.46666666667
2026-07-27 20:30:00,1919.33333333333,,2342.9,548.2,2318.2,2106.93333333333,,1377.66666666667,2352.6,1494.86666666667,1468.26666666667
2026-07-27 20:45:00,1922.06666666667,,1436.0,601.733333333333,2356.0,2206.33333333333,,1412.73333333333,2330.4,1528.93333333333,1462.13333333333
2026-07-27 21:00:00,1911.4,,2060.26666666667,539.466666666667,2333.6,2248.93333333333,,1413.33333333333,2291.93333333333,1532.4,1490.86666666667
2026-07-27 21:15:00,1938.6,,1977.0,494.4,2349.13333333333,2313.46666666667,,1416.2,2318.06666666667,1558.4,1556.26666666667
2026-07-27 21:30:00,1955.4,,1932.6,504.0,2358.66666666667,2289.33333333333,,1422.0,2365.93333333333,1541.93333333333,1527.53333333333
2026-07-27 21:45:00,2007.86666666667,,1985.66666666667,514.6,2390.73333333333,2304.46666666667,,1424.6,2398.06666666667,1529.8,1523.0
2026-07-27 22:00:00,2021.8,,2015.4,526.933333333333,2438.46666666667,2338.66666666667,,1458.53333333333,2443.93333333333,1555.66666666667,1601.26666666667
2026-07-27 22:15:00,2028.06666666667,,2146.86666666667,498.933333333333,2492.13333333333,2499.26666666667,,1530.33333333333,2498.8,1592.26666666667,1665.53333333333
2026-07-27 22:30:00,2118.33333333333,,2369.0,468.0,2678.93333333333,2735.93333333333,,1607.66666666667,2526.6,1677.46666666667,1800.86666666667
2026-07-27 22:45:00,2252.86666666667,,2471.8,441.933333333333,2901.26666666667,2948.13333333333,,1719.33333333333,2578.73333333333,1775.26666666667,1915.0
2026-07-27 23:00:00,2431.33333333333,,2496.4,409.266666666667,3069.13333333333,3014.73333333333,,1760.26666666667,2609.26666666667,1872.93333333333,2024.8
2026-07-27 23:15:00,2498.2,,2570.2,401.8,3146.86666666667,4355.26666666667,,1773.33333333333,2789.93333333333,1911.66666666667,2107.86666666667
2026-07-27 23:30:00,2538.4,,2658.4,410.866666666667,3206.0,3321.53333333333,,1821.26666666667,2902.0,1972.6,2200.6
2026-07-27 23:45:00,2569.2,,2700.2,439.266666666667,3236.86666666667,3245.06666666667,2730.25,1848.86666666667,3012.46666666667,2011.8,2292.86666666667
2026-07-28 00:00:00,2587.53333333333,,2756.2,604.6,3318.0,3301.6,3178.4,1813.2,3131.73333333333,2035.33333333333,2278.13333333333
2026-07-28 00:15:00,2560.46666666667,,2740.53333333333,787.133333333333,3319.6,3346.93333333333,3545.53333333333,1852.53333333333,3280.4,2034.53333333333,2246.6
2026-07-28 00:30:00,2583.0,,2708.2,797.666666666667,3353.06666666667,3368.26666666667,3644.73333333333,1878.13333333333,3293.33333333333,2027.93333333333,2247.6
2026-07-28 00:45:00,2591.66666666667,,2737.26666666667,714.2,3391.26666666667,3409.6,3565.26666666667,1906.2,3361.86666666667,2052.8,2246.33333333333
2026-07-28 01:00:00,2650.46666666667,,2802.86666666667,646.133333333333,3429.4,3397.73333333333,3353.93333333333,1936.2,3394.93333333333,2152.33333333333,2349.0
2026-07-28 01:15:00,2644.4,,2877.8,618.933333333333,3559.4,3382.06666666667,3220.8,1935.8,3400.13333333333,2154.33333333333,2351.86666666667
2026-07-28 01:30:00,2643.66666666667,,2904.53333333333,594.533333333333,3606.46666666667,3400.4,3304.46666666667,1931.0,3428.66666666667,2176.6,2348.06666666667
2026-07-28 01:45:00,2647.53333333333,,2873.33333333333,574.266666666667,3665.26666666667,3493.4,3522.6,1914.73333333333,3431.53333333333,2122.26666666667,2349.73333333333
2026-07-28 02:00:00,2662.8,,2880.06666666667,527.4,3695.46666666667,3621.66666666667,3489.46666666667,1988.2,3376.2,2126.66666666667,2408.06666666667
2026-07-28 02:15:00,2676.8,,2965.26666666667,468.4,3760.66666666667,3688.2,3527.13333333333,2048.06666666667,3383.73333333333,2153.2,2425.13333333333
2026-07-28 02:30:00,2701.2,,2993.06666666667,430.466666666667,3823.66666666667,3738.2,3657.93333333333,2054.66666666667,3391.66666666667,2228.93333333333,2495.86666666667
2026-07-28 02:45:00,2792.0,,2906.06666666667,421.8,4030.33333333333,3777.93333333333,3661.06666666667,2049.66666666667,3477.46666666667,2263.06666666667,2518.6
2026-07-28 03:00:00,2897.26666666667,,2959.13333333333,404.866666666667,4091.46666666667,3724.46666666667,3600.4,2077.93333333333,3513.4,2302.33333333333,2546.0
2026-07-28 03:15:00,3007.46666666667,,3020.8,401.733333333333,4049.8,3733.4,3684.73333333333,2102.33333333333,3536.73333333333,2310.86666666667,2517.6
2026-07-28 03:30:00,3076.2,,3041.86666666667,420.2,3789.2,3703.33333333333,3812.86666666667,2133.6,3587.06666666667,2361.13333333333,2557.4
2026-07-28 03:45:00,3132.13333333333,,3110.06666666667,452.466666666667,3885.06666666667,3719.66666666667,3904.53333333333,2147.66666666667,3728.4,2415.86666666667,2590.93333333333
2026-07-28 04:00:00,3196.93333333333,,3132.0,470.6,3891.6,3847.53333333333,4004.86666666667,2172.46666666667,3822.26666666667,2425.93333333333,2668.86666666667
2026-07-28 04:15:00,3222.73333333333,,3120.13333333333,502.266666666667,4107.13333333333,3844.4,4157.6,2196.0,3920.4,2450.06666666667,2657.66666666667
2026-07-28 04:30:00,3291.8,,3162.26666666667,511.4,4164.53333333333,3861.93333333333,4147.73333333333,2194.13333333333,3909.66666666667,2478.0,2589.53333333333
2026-07-28 04:45:00,3326.66666666667,,3231.8,529.533333333333,4148.86666666667,3894.2,3680.93333333333,2188.2,3956.4,2500.8,2665.46666666667
2026-07-28 05:00:00,3340.13333333333,,3353.0,535.2,4148.73333333333,3929.0,3707.66666666667,2197.26666666667,3952.0,2488.33333333333,2732.13333333333
2026-07-28 05:15:00,3368.06666666667,,3360.53333333333,576.4,4393.13333333333,3956.2,3717.0,2289.4,3996.26666666667,2747.73333333333,2871.06666666667
2026-07-28 05:30:00,3450.8,,3359.33333333333,594.066666666667,4912.2,4027.53333333333,3687.46666666667,2675.33333333333,4375.4,3627.0,3468.8
2026-07-28 05:45:00,4007.6,,3703.26666666667,615.266666666667,5057.2,4219.4,3854.46666666667,3173.93333333333,4804.0,3647.46666666667,3966.13333333333
2026-07-28 06:00:00,4646.86666666667,,3981.13333333333,619.4,5097.8,4250.53333333333,4304.73333333333,3838.66666666667,4601.33333333333,3631.46666666667,4432.26666666667
2026-07-28 06:15:00,5101.46666666667,,4190.13333333333,679.066666666667,5453.6,4206.13333333333,4747.86666666667,4760.73333333333,4547.8,3398.46666666667,4701.33333333333
2026-07-28 06:30:00,3758.66666666667,,4270.66666666667,722.8,5769.13333333333,4221.8,4964.86666666667,4894.53333333333,4181.53333333333,3095.86666666667,4748.86666666667
2026-07-28 06:45:00,2849.66666666667,,4107.46666666667,792.866666666667,5789.26666666667,3920.2,5040.0,3955.93333333333,4394.13333333333,2772.4,4635.2
2026-07-28 07:00:00,3012.06666666667,,4390.06666666667,724.4,5521.06666666667,4436.4,4877.0,4083.46666666667,4455.06666666667,2644.73333333333,4703.13333333333
2026-07-28 07:15:00,2732.06666666667,,4381.26666666667,674.4,6039.2,4357.4,5219.46666666667,4651.06666666667,3726.53333333333,2902.8,4744.0
2026-07-28 07:30:00,3229.53333333333,,4341.73333333333,655.6,6132.33333333333,4618.6,5409.8,4638.26666666667,4016.4,3474.0,4581.13333333333
2026-07-28 07:45:00,3967.33333333333,,4136.06666666667,578.866666666667,5539.6,4161.66666666667,5095.86666666667,3930.13333333333,4401.26666666667,2812.86666666667,3944.06666666667
2026-07-28 08:00:00,4115.33333333333,,4126.66666666667,535.6,4992.86666666667,4337.53333333333,4938.66666666667,3693.6,4891.93333333333,2154.93333333333,3769.33333333333
2026-07-28 08:15:00,3842.93333333333,,4081.8,495.0,5372.13333333333,4394.93333333333,4815.8,3862.33333333333,5052.6,1696.0,3743.2
2026-07-28 08:30:00,4006.4,,3915.4,432.066666666667,5906.93333333333,4343.93333333333,4513.66666666667,3638.0,5006.46666666667,2256.06666666667,4039.73333333333
2026-07-28 08:45:00,3987.33333333333,,3477.46666666667,409.066666666667,5541.53333333333,4369.06666666667,3740.13333333333,3589.6,4949.6,2722.46666666667,4159.26666666667
2026-07-28 09:00:00,3676.46666666667,,3141.2,406.466666666667,5258.4,4353.2,2868.66666666667,3233.73333333333,4847.2,2633.93333333333,3939.0
2026-07-28 09:15:00,3525.2,,3117.33333333333,558.733333333333,4973.06666666667,4281.8,2407.06666666667,2880.26666666667,4766.2,2409.33333333333,3535.8
2026-07-28 09:30:00,3301.6,,3338.13333333333,656.533333333333,4944.33333333333,4205.13333333333,2050.33333333333,2689.46666666667,4577.4,2054.0,2937.06666666667
2026-07-28 09:45:00,3213.06666666667,,3484.6,725.266666666667,4971.66666666667,4299.33333333333,1780.86666666667,2529.93333333333,4658.6,1905.93333333333,2634.73333333333
2026-07-28 10:00:00,2982.6,,2913.06666666667,585.666666666667,4949.8,4281.8,1554.33333333333,2343.26666666667,4395.4,1854.46666666667,2574.93333333333
2026-07-28 10:15:00,2970.73333333333,,2248.73333333333,396.0,4603.26666666667,3929.4,1311.93333333333,2299.86666666667,4241.8,1953.33333333333,2683.66666666667
2026-07-28 10:30:00,2856.33333333333,,1858.66666666667,392.2,4069.46666666667,3543.66666666667,1206.2,2047.73333333333,3773.13333333333,1911.0,2614.73333333333
2026-07-28 10:45:00,2901.86666666667,,1700.86666666667,387.4,3447.53333333333,3111.26666666667,996.4,1850.8,3658.93333333333,1721.8,2483.8
2026-07-28 11:00:00,2828.8,,1526.13333333333,399.933333333333,2966.06666666667,2670.2,889.333333333333,1672.53333333333,3718.46666666667,1504.26666666667,2332.8
2026-07-28 11:15:00,2643.26666666667,,1452.73333333333,397.4,2511.2,2346.2,858.733333333333,1568.86666666667,3193.2,1422.73333333333,2362.2
2026-07-28 11:30:00,2729.66666666667,,1356.4,526.933333333333,2306.33333333333,2132.13333333333,876.933333333333,1378.0,3317.26666666667,1436.73333333333,1962.66666666667
2026-07-28 11:45:00,2413.66666666667,,1226.4,452.266666666667,2214.66666666667,1882.46666666667,891.533333333333,1213.33333333333,3302.66666666667,1267.06666666667,1630.33333333333
2026-07-28 12:00:00,2167.4,,1045.2,440.066666666667,2117.2,1691.93333333333,914.733333333333,1157.26666666667,2866.33333333333,1097.73333333333,1511.86666666667
2026-07-28 12:15:00,1846.8,,996.533333333333,479.333333333333,1907.46666666667,1629.66666666667,990.266666666667,957.066666666667,2137.26666666667,1006.73333333333,1210.6
2026-07-28 12:30:00,1560.33333333333,,1021.46666666667,590.0,1817.53333333333,1404.4,1190.86666666667,731.666666666667,1744.13333333333,876.466666666667,995.733333333333
2026-07-28 12:45:00,1377.46666666667,,1026.06666666667,819.6,1341.33333333333,1274.73333333333,1216.4,672.933333333333,1654.86666666667,725.066666666667,920.533333333333
2026-07-28 13:00:00,1219.2,,1072.73333333333,907.8,1241.86666666667,1042.73333333333,1071.13333333333,639.533333333333,1333.66666666667,611.466666666667,909.2
2026-07-28 13:15:00,1073.8,,994.2,932.333333333333,1011.0,886.6,1379.93333333333,638.533333333333,1266.33333333333,593.4,900.866666666667
2026-07-28 13:30:00,875.933333333333,,868.333333333333,977.8,928.866666666667,763.066666666667,1869.46666666667,590.333333333333,1113.66666666667,575.133333333333,792.533333333333
2026-07-28 13:45:00,845.066666666667,,746.6,961.533333333333,704.066666666667,648.666666666667,1898.73333333333,534.8,893.066666666667,582.8,611.8
2026-07-28 14:00:00,692.066666666667,,582.733333333333,775.533333333333,649.533333333333,608.866666666667,1689.33333333333,519.266666666667,824.266666666667,471.733333333333,760.466666666667
2026-07-28 14:15:00,655.266666666667,,409.733333333333,724.533333333333,656.666666666667,583.066666666667,1665.93333333333,410.066666666667,805.266666666667,383.066666666667,690.866666666667
2026-07-28 14:30:00,700.866666666667,,350.133333333333,827.133333333333,715.533333333333,577.933333333333,1811.2,397.133333333333,812.533333333333,412.666666666667,476.6
2026-07-28 14:45:00,619.533333333333,,361.6,1233.33333333333,708.533333333333,513.066666666667,1291.8,387.333333333333,850.6,408.133333333333,419.933333333333
2026-07-28 15:00:00,658.466666666667,,374.8,879.133333333333,723.8,540.533333333333,763.4,397.0,1059.4,415.4,481.133333333333
2026-07-28 15:15:00,717.533333333333,,404.733333333333,1044.4,759.466666666667,560.666666666667,510.533333333333,412.6,1272.46666666667,421.066666666667,514.066666666667
2026-07-28 15:30:00,915.466666666667,,443.333333333333,1267.33333333333,810.8,637.666666666667,454.933333333333,473.533333333333,1540.53333333333,524.0,509.0
2026-07-28 15:45:00,956.8,,611.533333333333,1397.0,981.133333333333,779.533333333333,486.666666666667,586.466666666667,1757.93333333333,823.733333333333,625.0
2026-07-28 16:00:00,1317.06666666667,,733.533333333333,1636.86666666667,1080.6,884.0,600.333333333333,838.666666666667,1928.06666666667,1004.13333333333,903.066666666667
2026-07-28 16:15:00,1637.6,,872.2,1908.66666666667,1207.73333333333,1025.33333333333,603.466666666667,867.466666666667,2053.46666666667,1098.93333333333,907.266666666667
2026-07-28 16:30:00,1801.06666666667,,922.066666666667,2095.66666666667,1536.46666666667,1323.53333333333,616.133333333333,907.0,2752.73333333333,1113.53333333333,940.466666666667
2026-07-28 16:45:00,2352.13333333333,,1011.26666666667,2062.4,1863.8,1639.66666666667,691.933333333333,1105.4,3068.53333333333,1344.4,1151.8
2026-07-28 17:00:00,2377.73333333333,,1126.4,1907.4,3446.0,2221.46666666667,900.733333333333,1288.2,3171.73333333333,1439.13333333333,1410.6
2026-07-28 17:15:00,2506.73333333333,,1216.86666666667,1731.73333333333,3522.66666666667,2404.73333333333,897.933333333333,1412.6,3104.0,1421.66666666667,1368.26666666667
2026-07-28 17:30:00,2489.13333333333,,1252.66666666667,1276.8,3306.73333333333,2387.33333333333,968.533333333333,1400.53333333333,3089.33333333333,1473.2,1572.26666666667
2026-07-28 17:45:00,2435.86666666667,,1533.46666666667,1056.93333333333,3127.53333333333,2385.46666666667,1189.86666666667,1532.8,2923.73333333333,1676.4,1722.06666666667
2026-07-28 18:00:00,2509.66666666667,,1734.0,1080.0,3075.26666666667,2386.86666666667,1406.33333333333,1666.93333333333,2855.66666666667,1797.86666666667,1742.73333333333
2026-07-28 18:15:00,2734.26666666667,,1864.2,1309.33333333333,2928.73333333333,2104.66666666667,1454.66666666667,1626.6,2942.46666666667,1824.26666666667,1723.06666666667
2026-07-28 18:30:00,2676.73333333333,,1906.86666666667,1450.46666666667,2872.0,1630.2,1408.66666666667,1744.8,3085.66666666667,1901.2,1769.2
2026-07-28 18:45:00,2683.86666666667,,1818.66666666667,1682.8,2949.06666666667,1953.06666666667,1461.86666666667,1801.4,3263.33333333333,1948.66666666667,1828.2
2026-07-28 19:00:00,2775.86666666667,,1927.0,1943.86666666667,3157.6,2490.06666666667,1684.93333333333,1863.06666666667,3383.13333333333,2021.93333333333,1949.26666666667
2026-07-28 19:15:00,2899.93333333333,,2047.33333333333,2335.66666666667,3308.66666666667,2771.86666666667,1790.46666666667,2000.86666666667,3584.53333333333,2123.46666666667,2099.86666666667
2026-07-28 19:30:00,2931.73333333333,,2302.8,2789.2,3475.6,2950.86666666667,1964.73333333333,2108.06666666667,3729.2,2319.86666666667,2262.2
2026-07-28 19:45:00,3015.93333333333,,2425.0,3770.93333333333,3591.33333333333,3099.2,1890.66666666667,2242.53333333333,3875.2,2430.2,2413.93333333333
2026-07-28 20:00:00,3144.86666666667,,2459.93333333333,3983.53333333333,3659.0,3249.53333333333,1972.53333333333,2404.46666666667,4015.0,2703.0,2648.93333333333
2026-07-28 20:15:00,3277.13333333333,,2627.53333333333,4641.33333333333,3830.93333333333,3391.0,2163.33333333333,2575.93333333333,4235.2,2909.73333333333,2810.33333333333
2026-07-28 20:30:00,3431.33333333333,,2900.2,4460.46666666667,4058.13333333333,3593.73333333333,2519.2,2678.53333333333,4334.73333333333,3000.73333333333,3073.53333333333
2026-07-28 20:45:00,3567.66666666667,,3086.13333333333,4512.26666666667,4191.6,3743.0,2574.46666666667,2771.4,4464.0,3057.66666666667,3227.73333333333
2026-07-28 21:00:00,3849.33333333333,,3162.86666666667,5839.6,4304.06666666667,3900.6,2978.46666666667,2911.53333333333,4594.06666666667,3190.73333333333,3447.0
2026-07-28 21:15:00,3772.73333333333,,3214.2,4883.4,4494.4,4056.2,3390.8,3038.26666666667,4711.4,3266.66666666667,3700.26666666667
2026-07-28 21:30:00,3826.4,4824.0,3231.86666666667,3902.8,4635.6,4184.33333333333,3824.73333333333,3131.73333333333,4844.13333333333,3331.0,3878.0
2026-07-28 21:45:00,3880.53333333333,,3366.06666666667,3623.26666666667,4860.73333333333,4275.2,3995.2,3182.13333333333,4908.86666666667,3417.26666666667,3986.8
2026-07-28 22:00:00,4036.2,,3391.4,3186.93333333333,5128.33333333333,4361.13333333333,3869.46666666667,3189.13333333333,4985.2,3443.4,4091.8
2026-07-28 22:15:00,4084.06666666667,,3510.86666666667,3183.73333333333,5266.2,4449.6,3873.4,3204.93333333333,5017.33333333333,3528.26666666667,4078.53333333333
2026-07-28 22:30:00,4174.6,,3534.66666666667,3052.8,5356.53333333333,4514.06666666667,4012.53333333333,3218.66666666667,5070.8,3563.53333333333,4046.13333333333
2026-07-28 22:45:00,4174.26666666667,,3628.66666666667,3299.86666666667,5482.2,4570.4,4263.66666666667,3281.66666666667,5118.73333333333,3602.46666666667,4221.06666666667
2026-07-28 23:00:00,4153.86666666667,,3689.86666666667,3331.86666666667,5539.8,4663.73333333333,4333.53333333333,3295.93333333333,5065.13333333333,3632.0,4281.06666666667
2026-07-28 23:15:00,4006.73333333333,,3705.26666666667,3785.6,5516.93333333333,4665.26666666667,4135.2,3363.73333333333,5006.13333333333,3579.33333333333,4293.86666666667
2026-07-28 23:30:00,3961.33333333333,,3790.0,4111.8,5383.93333333333,4692.33333333333,4335.53333333333,3383.4,4847.0,3478.06666666667,4313.2
2026-07-28 23:45:00,3910.8,,3936.33333333333,4385.93333333333,5331.46666666667,4616.53333333333,5103.4,3444.6,4763.53333333333,3576.13333333333,4485.46666666667
2026-07-29 00:00:00,3895.53333333333,,3800.46666666667,4547.0,5232.66666666667,4446.93333333333,5028.46666666667,3340.73333333333,4672.53333333333,3569.53333333333,4656.0
2026-07-29 00:15:00,3725.26666666667,,3619.2,4950.53333333333,5147.86666666667,4341.26666666667,4940.0,3259.33333333333,4612.0,3513.33333333333,4619.46666666667
2026-07-29 00:30:00,3559.4,,3540.33333333333,4797.53333333333,5105.53333333333,4387.13333333333,4873.2,3007.66666666667,4477.2,3401.8,4432.26666666667
2026-07-29 00:45:00,3393.93333333333,,3474.46666666667,4569.2,4999.53333333333,4319.06666666667,5072.26666666667,2883.86666666667,4367.06666666667,3272.33333333333,4058.6
2026-07-29 01:00:00,3320.33333333333,,3510.4,4131.13333333333,4848.06666666667,4308.6,5020.06666666667,2861.86666666667,4321.26666666667,3142.8,3998.66666666667
2026-07-29 01:15:00,3319.4,,3473.0,3959.93333333333,4659.73333333333,4223.8,5083.4,2885.86666666667,4342.06666666667,3074.46666666667,3969.93333333333
2026-07-29 01:30:00,3347.46666666667,,3377.2,4041.93333333333,4598.8,4209.2,5017.66666666667,2825.33333333333,4311.93333333333,3004.0,4116.53333333333
2026-07-29 01:45:00,3395.6,,3309.06666666667,4118.4,4794.13333333333,4347.06666666667,4938.73333333333,2809.93333333333,4196.46666666667,2901.33333333333,4069.0
2026-07-29 02:00:00,3326.13333333333,,3220.2,3329.86666666667,4822.4,4350.86666666667,4963.6,2779.86666666667,4206.73333333333,2852.06666666667,3858.8
2026-07-29 02:15:00,3234.06666666667,,3115.4,3028.66666666667,4720.0,4259.8,4710.33333333333,2716.2,4130.26666666667,2812.0,3762.66666666667
2026-07-29 02:30:00,3216.33333333333,,3037.4,2911.26666666667,4647.73333333333,4177.26666666667,5263.2,2636.13333333333,4156.26666666667,2824.6,3401.86666666667
2026-07-29 02:45:00,3143.66666666667,,3000.86666666667,2657.2,4692.53333333333,4074.13333333333,5197.73333333333,2608.46666666667,4227.33333333333,2772.2,3338.13333333333
2026-07-29 03:00:00,3180.53333333333,,2934.93333333333,2530.6,4702.6,4171.13333333333,5201.33333333333,2631.73333333333,4218.26666666667,2767.53333333333,3363.4
2026-07-29 03:15:00,3197.66666666667,,2915.26666666667,2173.06666666667,4604.06666666667,4159.4,5521.13333333333,2642.86666666667,4274.46666666667,2813.86666666667,3275.33333333333
2026-07-29 03:30:00,3146.93333333333,,2892.8,1928.53333333333,4605.53333333333,4062.73333333333,5405.6,2610.66666666667,4244.66666666667,2829.13333333333,3220.33333333333
2026-07-29 03:45:00,3093.06666666667,,2927.13333333333,2094.33333333333,4496.13333333333,3964.66666666667,5232.13333333333,2577.73333333333,4185.26666666667,2791.6,3232.06666666667
2026-07-29 04:00:00,3141.8,,2964.93333333333,1757.53333333333,4429.4,3870.0,5237.4,2628.4,4132.8,2841.6,3248.6
2026-07-29 04:15:00,3124.53333333333,,2984.33333333333,1642.26666666667,4289.26666666667,3842.4,5224.73333333333,2617.8,4051.86666666667,2832.33333333333,3303.06666666667
2026-07-29 04:30:00,3050.13333333333,,2905.53333333333,1621.33333333333,4287.4,3808.4,4908.73333333333,2656.8,3870.73333333333,2788.73333333333,3216.0
2026-07-29 04:45:00,2893.93333333333,,2900.33333333333,1514.26666666667,4236.73333333333,3686.33333333333,4932.93333333333,2626.0,3644.4,2645.06666666667,3287.8
2026-07-29 05:00:00,2784.73333333333,,2895.26666666667,1670.53333333333,4205.26666666667,3487.66666666667,4867.06666666667,2476.13333333333,3710.2,2635.86666666667,3086.2
2026-07-29 05:15:00,2738.4,,2876.53333333333,1661.33333333333,4073.0,3305.73333333333,4809.86666666667,2560.26666666667,3682.2,2706.8,3074.8
2026-07-29 05:30:00,2658.53333333333,,2987.13333333333,1590.46666666667,3921.33333333333,3247.33333333333,4799.4,2573.2,3748.6,2721.46666666667,3099.4
2026-07-29 05:45:00,2659.53333333333,,2962.8,1520.0,3842.66666666667,3215.26666666667,4749.66666666667,2520.0,3952.66666666667,2623.86666666667,3046.13333333333
2026-07-29 06:00:00,2633.6,,3024.53333333333,1534.33333333333,3728.73333333333,3264.13333333333,4722.73333333333,2450.66666666667,4186.46666666667,2715.26666666667,3121.0
2026-07-29 06:15:00,2637.53333333333,,3015.4,1525.13333333333,3737.33333333333,3331.86666666667,4586.8,2438.46666666667,4021.73333333333,2692.2,3149.2
2026-07-29 06:30:00,2754.4,,3002.4,1540.66666666667,3726.73333333333,3419.86666666667,4524.8,2335.06666666667,3711.26666666667,2519.6,3098.33333333333
2026-07-29 06:45:00,2667.46666666667,,2993.2,1622.4,3704.0,3696.93333333333,4494.86666666667,2169.66666666667,3651.13333333333,2288.2,2858.93333333333
2026-07-29 07:00:00,2603.8,,2966.13333333333,1375.86666666667,3821.4,3606.73333333333,4354.26666666667,2186.13333333333,3540.66666666667,2234.33333333333,2871.26666666667
2026-07-29 07:15:00,2446.93333333333,,2776.66666666667,1357.6,3809.4,3253.73333333333,4159.26666666667,2178.73333333333,3437.6,2150.66666666667,2960.93333333333
2026-07-29 07:30:00,2366.6,4337.0,2756.46666666667,1300.13333333333,3535.26666666667,2967.53333333333,3893.86666666667,2272.8,3295.0,2134.66666666667,2980.73333333333
2026-07-29 07:45:00,2311.73333333333,,2676.8,1301.73333333333,3335.33333333333,2954.33333333333,3586.8,2331.86666666667,3056.06666666667,2081.46666666667,2865.13333333333
2026-07-29 08:00:00,2082.06666666667,,2612.46666666667,1313.0,3118.73333333333,2873.13333333333,3308.53333333333,2281.0,2936.8,2025.8,2709.33333333333
2026-07-29 08:15:00,1864.86666666667,,2622.4,1272.93333333333,2889.73333333333,2637.06666666667,3333.0,2248.8,2780.53333333333,1809.53333333333,2567.73333333333
2026-07-29 08:30:00,1576.0,,2350.06666666667,1773.2,2683.8,2453.53333333333,3342.33333333333,2080.46666666667,2551.13333333333,1116.6,2307.93333333333
2026-07-29 08:45:00,1243.6,,2092.4,1473.26666666667,2506.53333333333,2306.93333333333,3152.86666666667,1710.0,2444.0,1136.53333333333,1963.0
2026-07-29 09:00:00,1126.4,,1965.73333333333,1852.33333333333,2391.0,2199.66666666667,3036.6,1506.13333333333,2384.73333333333,945.866666666667,1703.73333333333
2026-07-29 09:15:00,1019.73333333333,,1781.6,1769.86666666667,2266.73333333333,2032.86666666667,2860.53333333333,1432.33333333333,2305.26666666667,1072.6,1578.6
2026-07-29 09:30:00,1125.33333333333,,1536.8,1175.73333333333,2112.73333333333,1950.0,2646.46666666667,1398.8,2256.46666666667,1081.66666666667,1472.66666666667
2026-07-29 09:45:00,1286.53333333333,,1392.93333333333,1301.53333333333,2095.6,1840.86666666667,2297.53333333333,1361.6,2141.2,1066.33333333333,1333.2
2026-07-29 10:00:00,1225.8,,1366.8,1585.46666666667,2077.06666666667,1788.26666666667,2061.6,1287.26666666667,2084.4,1073.6,1330.26666666667
2026-07-29 10:15:00,1230.33333333333,,1363.86666666667,1041.8,2006.33333333333,1762.13333333333,2125.46666666667,1253.66666666667,2061.66666666667,1135.33333333333,1336.4
2026-07-29 10:30:00,1139.73333333333,,1297.66666666667,1167.93333333333,2019.06666666667,1680.8,1913.73333333333,1204.53333333333,2010.2,1064.4,1241.26666666667
2026-07-29 10:45:00,1006.0,,1257.6,896.2,1954.33333333333,1685.0,1706.4,1174.73333333333,1941.33333333333,1012.2,1187.86666666667
2026-07-29 11:00:00,1049.86666666667,,1264.66666666667,781.133333333333,1935.66666666667,1672.46666666667,1574.86666666667,1189.26666666667,1871.86666666667,1014.46666666667,1132.8
2026-07-29 11:15:00,1308.0,,1260.06666666667,799.0,1943.86666666667,1665.46666666667,1553.06666666667,1098.53333333333,1626.6,931.8,1184.13333333333
2026-07-29 11:30:00,1191.46666666667,,1141.66666666667,771.2,1947.86666666667,1632.33333333333,1568.6,988.866666666667,1494.53333333333,883.533333333333,1692.93333333333
2026-07-29 11:45:00,1050.73333333333,,1120.26666666667,706.066666666667,1826.13333333333,1609.53333333333,1471.13333333333,987.0,1457.6,911.6,1531.33333333333
2026-07-29 12:00:00,1054.06666666667,,1068.6,668.6,1491.4,1389.06666666667,1483.6,943.8,1402.86666666667,887.2,997.333333333333
2026-07-29 12:15:00,1054.33333333333,,966.733333333333,542.933333333333,1458.13333333333,1243.66666666667,1433.66666666667,841.6,1376.93333333333,771.266666666667,812.6
2026-07-29 12:30:00,978.266666666667,,912.066666666667,431.066666666667,1369.13333333333,1213.26666666667,1424.13333333333,819.266666666667,1447.73333333333,767.133333333333,795.933333333333
2026-07-29 12:45:00,988.933333333333,,892.333333333333,372.666666666667,1388.66666666667,1217.13333333333,1438.6,824.533333333333,1397.06666666667,781.933333333333,805.4
2026-07-29 13:00:00,987.0,,888.0,547.933333333333,1395.2,1180.13333333333,1320.93333333333,835.733333333333,1363.06666666667,779.066666666667,795.8
2026-07-29 13:15:00,1056.33333333333,,895.333333333333,774.733333333333,1416.66666666667,1161.4,1291.6,819.133333333333,1353.0,748.2,746.266666666667
2026-07-29 13:30:00,976.0,,892.8,1063.86666666667,1418.8,1219.13333333333,1216.86666666667,817.933333333333,1315.86666666667,770.4,782.466666666667
2026-07-29 13:45:00,946.666666666667,,898.466666666667,939.8,1364.93333333333,1148.93333333333,1185.93333333333,799.733333333333,1336.06666666667,749.133333333333,770.933333333333
2026-07-29 14:00:00,989.266666666667,,916.2,1001.2,1350.13333333333,1136.46666666667,1107.26666666667,795.666666666667,1300.73333333333,810.0,780.6
2026-07-29 14:15:00,942.0,,894.133333333333,1143.8,1330.26666666667,1123.13333333333,1055.13333333333,781.466666666667,1211.4,769.0,759.333333333333
2026-07-29 14:30:00,891.266666666667,,909.0,1006.2,1296.33333333333,1064.26666666667,1101.73333333333,744.066666666667,1208.46666666667,699.6,711.866666666667
2026-07-29 14:45:00,868.266666666667,,854.733333333333,1013.13333333333,1260.6,1067.6,1119.06666666667,726.866666666667,1170.26666666667,738.133333333333,695.333333333333
2026-07-29 15:00:00,888.533333333333,,804.2,1132.53333333333,1204.46666666667,1029.4,1080.33333333333,732.933333333333,1430.0,737.733333333333,723.2
2026-07-29 15:15:00,869.4,,814.133333333333,1232.93333333333,1188.93333333333,1040.86666666667,1085.0,702.933333333333,1249.66666666667,763.6,716.4
2026-07-29 15:30:00,929.6,,797.066666666667,1023.8,1162.33333333333,1026.06666666667,1090.46666666667,690.333333333333,1110.93333333333,714.6,698.933333333333
2026-07-29 15:45:00,879.733333333333,,784.933333333333,772.066666666667,1214.93333333333,1039.33333333333,1102.26666666667,698.8,1128.66666666667,703.2,686.333333333333
2026-07-29 16:00:00,878.866666666667,,792.466666666667,706.933333333333,1191.26666666667,1061.06666666667,1004.73333333333,693.933333333333,1106.4,692.2,699.0
2026-07-29 16:15:00,955.2,,776.533333333333,733.8,1127.53333333333,1200.73333333333,1112.6,651.4,1094.0,654.533333333333,677.933333333333
2026-07-29 16:30:00,874.0,,748.866666666667,910.266666666667,1173.66666666667,1132.53333333333,1055.33333333333,582.866666666667,1064.6,616.933333333333,637.4
2026-07-29 16:45:00,910.733333333333,,712.133333333333,711.533333333333,1161.66666666667,943.266666666667,1009.33333333333,548.0,971.6,601.066666666667,599.866666666667
2026-07-29 17:00:00,1128.4,,652.466666666667,597.4,1186.06666666667,885.0,928.733333333333,550.533333333333,944.733333333333,590.066666666667,573.8
2026-07-29 17:15:00,853.866666666667,,615.933333333333,628.466666666667,1151.0,842.066666666667,925.466666666667,558.066666666667,884.333333333333,583.266666666667,553.2
2026-07-29 17:30:00,766.466666666667,,586.133333333333,567.333333333333,965.866666666667,1311.13333333333,929.733333333333,516.866666666667,804.4,555.533333333333,505.866666666667
2026-07-29 17:45:00,780.866666666667,,557.0,495.266666666667,924.8,908.466666666667,959.4,504.866666666667,769.133333333333,556.333333333333,511.2
2026-07-29 18:00:00,937.0,,558.733333333333,420.466666666667,848.333333333333,1157.66666666667,914.466666666667,493.2,773.933333333333,531.933333333333,549.466666666667
2026-07-29 18:15:00,792.266666666667,,541.733333333333,322.333333333333,824.2,1066.66666666667,848.066666666667,496.2,783.0,516.733333333333,531.066666666667
2026-07-29 18:30:00,813.0,,542.666666666667,317.266666666667,824.2,772.133333333333,794.666666666667,522.466666666667,777.533333333333,526.866666666667,559.866666666667
2026-07-29 18:45:00,748.866666666667,,550.0,337.8,796.266666666667,712.4,753.466666666667,562.866666666667,775.733333333333,529.266666666667,534.8
2026-07-29 19:00:00,798.0,,537.466666666667,362.866666666667,783.133333333333,714.133333333333,745.4,521.266666666667,781.933333333333,543.266666666667,530.0
2026-07-29 19:15:00,1074.86666666667,,588.0,371.4,789.533333333333,708.6,736.533333333333,506.0,776.666666666667,540.333333333333,566.8
2026-07-29 19:30:00,1360.13333333333,,771.266666666667,436.6,794.4,715.933333333333,716.933333333333,486.666666666667,728.533333333333,518.066666666667,525.733333333333
2026-07-29 19:45:00,1294.33333333333,,1197.33333333333,481.533333333333,778.466666666667,740.933333333333,745.333333333333,478.066666666667,712.733333333333,523.266666666667,542.266666666667
2026-07-29 20:00:00,853.6,,1944.53333333333,503.266666666667,791.066666666667,695.666666666667,771.0,481.266666666667,654.333333333333,512.2,577.4
2026-07-29 20:15:00,795.4,,664.933333333333,566.333333333333,764.466666666667,666.2,799.266666666667,479.2,723.666666666667,506.133333333333,611.266666666667
2026-07-29 20:30:00,715.0,,558.266666666667,568.466666666667,731.2,629.8,824.466666666667,455.2,672.4,506.8,593.2
2026-07-29 20:45:00,711.066666666667,,513.133333333333,549.866666666667,703.4,597.533333333333,842.066666666667,438.066666666667,652.533333333333,509.666666666667,557.866666666667
2026-07-29 21:00:00,692.733333333333,,471.466666666667,530.066666666667,677.733333333333,623.933333333333,832.8,425.0,639.666666666667,492.933333333333,610.666666666667
2026-07-29 21:15:00,646.533333333333,,456.466666666667,544.933333333333,710.8,621.0,804.666666666667,421.6,631.4,499.466666666667,628.2
2026-07-29 21:30:00,636.0,,455.0,563.933333333333,697.0,606.066666666667,856.533333333333,437.4,665.666666666667,505.2,622.133333333333
2026-07-29 21:45:00,589.066666666667,,462.466666666667,575.0,658.933333333333,598.8,920.533333333333,482.0,651.2,498.866666666667,635.2
2026-07-29 22:00:00,564.0,,453.533333333333,608.8,637.533333333333,626.466666666667,999.8,471.2,607.333333333333,496.8,606.333333333333
2026-07-29 22:15:00,531.0,,418.933333333333,648.866666666667,616.466666666667,544.6,931.8,458.6,582.666666666667,491.733333333333,621.066666666667
2026-07-29 22:30:00,537.4,,399.733333333333,730.333333333333,570.8,532.533333333333,942.933333333333,475.733333333333,560.066666666667,481.333333333333,611.333333333333
2026-07-29 22:45:00,497.0,,387.333333333333,731.0,524.466666666667,544.266666666667,971.8,407.6,541.266666666667,452.666666666667,617.066666666667
2026-07-29 23:00:00,496.6,,377.733333333333,678.066666666667,505.2,546.733333333333,1070.13333333333,430.4,554.0,415.666666666667,575.333333333333
2026-07-29 23:15:00,506.333333333333,,381.4,609.133333333333,513.333333333333,584.466666666667,1068.6,414.133333333333,546.333333333333,403.066666666667,579.066666666667
2026-07-29 23:30:00,462.733333333333,,373.466666666667,551.933333333333,529.066666666667,604.0,1034.33333333333,429.4,545.4,392.533333333333,587.533333333333
2026-07-29 23:45:00,455.8,,368.8,504.666666666667,544.466666666667,589.066666666667,976.4,491.666666666667,608.466666666667,397.666666666667,628.933333333333
2026-07-30 00:00:00,442.733333333333,,381.733333333333,470.666666666667,568.666666666667,599.266666666667,947.666666666667,416.133333333333,683.933333333333,387.266666666667,620.2
2026-07-30 00:15:00,451.266666666667,,382.533333333333,452.933333333333,569.533333333333,595.066666666667,966.133333333333,392.0,671.066666666667,402.466666666667,588.6
2026-07-30 00:30:00,495.466666666667,,398.6,475.866666666667,576.333333333333,594.066666666667,973.6,377.733333333333,652.0,415.8,632.2
2026-07-30 00:45:00,488.133333333333,,404.6,486.4,598.8,595.4,978.0,408.866666666667,681.466666666667,421.066666666667,698.933333333333
2026-07-30 01:00:00,511.533333333333,,411.733333333333,465.266666666667,599.533333333333,600.266666666667,998.133333333333,389.2,667.466666666667,435.266666666667,733.333333333333
2026-07-30 01:15:00,519.666666666667,,436.666666666667,475.866666666667,607.4,605.733333333333,991.066666666667,390.666666666667,668.666666666667,452.466666666667,733.2
2026-07-30 01:30:00,511.333333333333,,448.133333333333,449.333333333333,616.133333333333,613.2,965.333333333333,411.0,677.866666666667,460.866666666667,645.333333333333
2026-07-30 01:45:00,510.2,,458.066666666667,420.533333333333,634.0,605.533333333333,993.2,433.266666666667,719.866666666667,466.333333333333,684.8
2026-07-30 02:00:00,523.866666666667,,461.466666666667,404.066666666667,644.666666666667,593.866666666667,998.666666666667,437.533333333333,777.866666666667,477.8,674.2
2026-07-30 02:15:00,530.333333333333,,480.866666666667,393.733333333333,648.2,606.666666666667,956.866666666667,435.6,762.466666666667,488.2,699.666666666667
2026-07-30 02:30:00,538.933333333333,,488.133333333333,379.866666666667,654.666666666667,619.066666666667,974.466666666667,439.533333333333,776.0,494.8,716.933333333333
2026-07-30 02:45:00,545.2,,521.0,358.6,711.8,637.133333333333,966.466666666667,452.866666666667,780.4,499.0,762.066666666667
2026-07-30 03:00:00,566.466666666667,,564.133333333333,347.733333333333,682.933333333333,656.666666666667,921.733333333333,471.2,825.4,534.8,816.133333333333
2026-07-30 03:15:00,548.8,,546.533333333333,346.466666666667,705.666666666667,671.6,891.266666666667,468.0,828.533333333333,593.0,795.666666666667
2026-07-30 03:30:00,599.533333333333,,549.533333333333,341.133333333333,712.8,723.866666666667,856.2,492.866666666667,800.266666666667,622.266666666667,829.933333333333
2026-07-30 03:45:00,642.4,,569.0,341.666666666667,738.266666666667,768.733333333333,832.6,504.0,818.533333333333,636.4,803.333333333333
2026-07-30 04:00:00,597.266666666667,,567.466666666667,351.4,761.933333333333,777.2,1023.66666666667,525.733333333333,825.333333333333,614.666666666667,819.266666666667
2026-07-30 04:15:00,615.6,,572.333333333333,376.733333333333,775.533333333333,777.533333333333,1217.0,553.266666666667,840.533333333333,602.333333333333,843.266666666667
2026-07-30 04:30:00,617.533333333333,,591.466666666667,358.6,795.2,777.933333333333,1083.6,572.6,885.333333333333,621.0,871.466666666667
2026-07-30 04:45:00,645.533333333333,,573.933333333333,368.466666666667,825.8,784.466666666667,992.533333333333,571.333333333333,910.533333333333,628.466666666667,923.8
2026-07-30 05:00:00,642.533333333333,,567.533333333333,384.8,841.6,736.4,988.733333333333,560.8,930.066666666667,644.933333333333,962.466666666667
2026-07-30 05:15:00,643.866666666667,,574.266666666667,420.333333333333,847.733333333333,737.333333333333,1002.66666666667,550.466666666667,927.6,669.333333333333,1080.4
2026-07-30 05:30:00,655.266666666667,,577.4,426.066666666667,875.066666666667,750.733333333333,948.8,546.6,931.2,675.666666666667,1001.53333333333
2026-07-30 05:45:00,674.866666666667,,574.6,419.933333333333,851.666666666667,734.8,890.066666666667,558.8,956.0,663.466666666667,1014.26666666667
2026-07-30 06:00:00,692.133333333333,,587.933333333333,403.666666666667,877.333333333333,748.533333333333,850.133333333333,598.466666666667,945.266666666667,656.933333333333,1008.66666666667
2026-07-30 06:15:00,712.333333333333,,584.066666666667,438.266666666667,862.6,787.133333333333,816.666666666667,607.8,954.6,657.466666666667,1097.0
2026-07-30 06:30:00,693.2,,611.266666666667,475.533333333333,844.4,827.6,787.466666666667,658.4,1001.46666666667,665.266666666667,1180.86666666667
2026-07-30 06:45:00,665.333333333333,,677.133333333333,454.6,847.6,807.266666666667,761.266666666667,648.933333333333,1003.0,679.066666666667,1212.13333333333
2026-07-30 07:00:00,647.466666666667,,668.066666666667,463.466666666667,996.533333333333,826.466666666667,726.133333333333,775.733333333333,1022.0,716.2,1149.26666666667
2026-07-30 07:15:00,649.2,,668.733333333333,513.0,1184.2,816.6,816.6,721.133333333333,996.333333333333,760.266666666667,1298.86666666667
2026-07-30 07:30:00,567.4,,649.6,523.666666666667,1115.33333333333,812.0,794.4,727.533333333333,975.466666666667,585.0,1241.46666666667
2026-07-30 07:45:00,507.866666666667,,653.266666666667,535.466666666667,1206.6,857.0,865.866666666667,649.066666666667,965.733333333333,403.866666666667,1218.0
2026-07-30 08:00:00,489.066666666667,,643.466666666667,553.666666666667,1064.8,1081.93333333333,857.2,644.466666666667,975.133333333333,421.533333333333,901.066666666667
2026-07-30 08:15:00,422.266666666667,,752.266666666667,529.2,926.6,1115.73333333333,806.133333333333,643.4,925.266666666667,352.466666666667,775.466666666667
2026-07-30 08:30:00,391.866666666667,,1317.53333333333,513.133333333333,864.266666666667,981.8,663.533333333333,634.2,960.866666666667,373.4,724.533333333333
2026-07-30 08:45:00,385.2,,823.6,446.8,846.733333333333,986.466666666667,728.933333333333,617.333333333333,940.6,385.4,667.6
2026-07-30 09:00:00,364.866666666667,,666.466666666667,423.6,845.933333333333,937.2,784.6,600.466666666667,926.466666666667,361.866666666667,660.666666666667
2026-07-30 09:15:00,375.066666666667,,658.6,406.666666666667,855.266666666667,914.333333333333,772.0,571.0,837.466666666667,352.533333333333,634.666666666667
2026-07-30 09:30:00,332.533333333333,,590.933333333333,430.666666666667,854.866666666667,853.8,759.6,545.133333333333,760.466666666667,350.933333333333,551.933333333333
2026-07-30 09:45:00,313.133333333333,,523.133333333333,457.133333333333,781.666666666667,810.066666666667,729.466666666667,484.533333333333,708.666666666667,292.0,512.666666666667
2026-07-30 10:00:00,309.4,,482.666666666667,497.2,716.466666666667,698.533333333333,683.666666666667,466.8,586.8,286.066666666667,435.066666666667
2026-07-30 10:15:00,624.4,,491.333333333333,559.666666666667,589.666666666667,635.4,629.066666666667,418.466666666667,577.133333333333,301.866666666667,417.6
2026-07-30 10:30:00,333.866666666667,,414.0,574.266666666667,543.933333333333,594.6,585.533333333333,402.0,593.666666666667,286.933333333333,384.733333333333
2026-07-30 10:45:00,259.333333333333,,448.0,534.733333333333,518.4,586.133333333333,516.266666666667,357.533333333333,566.933333333333,294.333333333333,364.866666666667
2026-07-30 11:00:00,275.866666666667,,366.6,527.933333333333,519.0,530.133333333333,504.933333333333,347.733333333333,548.266666666667,291.666666666667,326.533333333333
2026-07-30 11:15:00,337.733333333333,,372.533333333333,561.6,595.866666666667,553.666666666667,445.866666666667,346.333333333333,503.066666666667,283.066666666667,315.333333333333
2026-07-30 11:30:00,413.866666666667,,330.466666666667,563.733333333333,522.133333333333,550.0,413.4,334.6,444.066666666667,278.8,333.0
2026-07-30 11:45:00,548.866666666667,,308.733333333333,544.8,536.133333333333,529.2,361.133333333333,314.533333333333,450.8,265.4,310.866666666667
2026-07-30 12:00:00,430.0,,342.066666666667,574.0,552.666666666667,514.0,321.066666666667,309.066666666667,526.6,260.4,298.066666666667
2026-07-30 12:15:00,426.733333333333,,346.333333333333,586.2,603.4,487.066666666667,315.666666666667,307.066666666667,793.4,259.333333333333,286.866666666667
2026-07-30 12:30:00,419.466666666667,,338.466666666667,649.333333333333,573.133333333333,468.533333333333,307.4,292.066666666667,547.4,270.2,282.533333333333
2026-07-30 12:45:00,388.133333333333,,339.4,720.666666666667,521.4,454.266666666667,314.0,311.533333333333,470.066666666667,275.0,305.8
2026-07-30 13:00:00,390.0,,370.266666666667,773.8,505.0,452.666666666667,319.066666666667,321.066666666667,481.4,277.8,321.4
2026-07-30 13:15:00,410.2,,391.8,786.466666666667,490.6,442.666666666667,354.6,324.466666666667,504.4,286.333333333333,367.866666666667
2026-07-30 13:30:00,396.0,,398.2,761.8,496.733333333333,422.8,347.666666666667,324.4,488.733333333333,286.0,347.0
2026-07-30 13:45:00,392.466666666667,,372.733333333333,636.0,492.133333333333,443.333333333333,328.8,327.0,480.4,285.466666666667,327.533333333333
2026-07-30 14:00:00,389.666666666667,,389.0,443.266666666667,493.733333333333,444.133333333333,336.133333333333,316.933333333333,483.733333333333,294.066666666667,313.4
2026-07-30 14:15:00,416.733333333333,,384.333333333333,408.933333333333,504.866666666667,447.733333333333,352.2,318.4,477.533333333333,294.066666666667,259.666666666667
2026-07-30 14:30:00,414.0,,338.533333333333,476.4,498.4,426.666666666667,346.133333333333,309.133333333333,470.8,275.533333333333,257.2
2026-07-30 14:45:00,421.866666666667,,396.533333333333,336.6,510.066666666667,426.933333333333,349.933333333333,295.2,482.933333333333,293.6,243.666666666667
2026-07-30 15:00:00,404.533333333333,,352.666666666667,184.5,494.866666666667,440.2,352.333333333333,307.666666666667,481.666666666667,290.533333333333,256.933333333333
2026-07-30 15:15:00,409.733333333333,,369.8,,477.133333333333,419.6,332.733333333333,258.4,493.2,293.266666666667,265.733333333333
2026-07-30 15:30:00,410.266666666667,,362.866666666667,303.833333333333,481.466666666667,426.466666666667,332.4,232.266666666667,484.133333333333,309.933333333333,263.466666666667
2026-07-30 15:45:00,407.733333333333,,431.8,299.133333333333,482.866666666667,427.8,334.333333333333,233.333333333333,482.133333333333,314.733333333333,263.8
2026-07-30 16:00:00,444.466666666667,,390.4,281.0,490.266666666667,466.733333333333,365.133333333333,264.866666666667,475.0,310.133333333333,284.0
2026-07-30 16:15:00,591.6,,403.4,317.866666666667,500.8,502.533333333333,315.333333333333,266.733333333333,484.6,327.6,267.2
2026-07-30 16:30:00,467.666666666667,,394.4,325.266666666667,496.6,447.133333333333,312.6,243.933333333333,495.066666666667,336.466666666667,271.2
2026-07-30 16:45:00,431.066666666667,,339.133333333333,358.533333333333,517.2,451.2,315.533333333333,258.0,492.133333333333,345.066666666667,277.266666666667
2026-07-30 17:00:00,416.466666666667,,322.933333333333,387.266666666667,506.933333333333,427.8,336.0,298.666666666667,480.066666666667,323.333333333333,277.2
2026-07-30 17:15:00,452.333333333333,,304.733333333333,415.4,498.466666666667,519.866666666667,340.6,312.333333333333,460.266666666667,317.6,291.533333333333
2026-07-30 17:30:00,551.6,,314.733333333333,455.6,483.666666666667,429.466666666667,367.133333333333,300.8,412.466666666667,313.133333333333,291.666666666667
2026-07-30 17:45:00,511.666666666667,,337.0,484.133333333333,503.6,426.666666666667,395.0,306.933333333333,409.0,306.8,324.533333333333
2026-07-30 18:00:00,418.466666666667,,286.4,513.8,486.666666666667,413.533333333333,345.6,297.066666666667,395.2,297.2,281.4
2026-07-30 18:15:00,494.733333333333,,276.666666666667,561.733333333333,468.8,367.266666666667,351.2,286.4,390.333333333333,298.0,313.6
2026-07-30 18:30:00,427.733333333333,,271.066666666667,637.933333333333,449.933333333333,308.733333333333,353.333333333333,283.933333333333,385.733333333333,287.666666666667,286.933333333333
2026-07-30 18:45:00,522.0,,234.066666666667,726.533333333333,435.533333333333,292.466666666667,353.6,295.2,407.4,354.466666666667,294.4
2026-07-30 19:00:00,573.733333333333,,192.266666666667,757.6,432.2,337.933333333333,332.333333333333,284.933333333333,410.266666666667,303.933333333333,312.933333333333
2026-07-30 19:15:00,456.666666666667,,242.0,415.6,434.666666666667,410.6,359.666666666667,292.266666666667,416.333333333333,302.866666666667,317.733333333333
2026-07-30 19:30:00,475.8,,284.4,411.066666666667,487.4,450.733333333333,358.0,279.866666666667,427.266666666667,307.466666666667,311.533333333333
2026-07-30 19:45:00,593.466666666667,,286.0,360.533333333333,469.333333333333,413.933333333333,380.6,300.2,456.8,311.933333333333,308.933333333333
2026-07-30 20:00:00,607.4,,293.533333333333,305.0,510.6,540.533333333333,408.866666666667,298.666666666667,482.466666666667,332.0,312.266666666667
2026-07-30 20:15:00,1108.8,,301.2,301.2,590.6,453.6,435.8,315.4,491.866666666667,346.866666666667,335.066666666667
2026-07-30 20:30:00,675.733333333333,,316.066666666667,421.666666666667,515.466666666667,467.666666666667,458.666666666667,326.8,513.2,364.2,370.466666666667
2026-07-30 20:45:00,661.066666666667,,351.4,614.666666666667,518.866666666667,516.666666666667,481.333333333333,341.266666666667,532.933333333333,384.6,403.6
2026-07-30 21:00:00,786.0,,370.6,676.8,531.866666666667,508.466666666667,544.4,356.466666666667,561.2,388.133333333333,436.666666666667
2026-07-30 21:15:00,606.066666666667,,395.133333333333,648.6,553.4,523.866666666667,546.266666666667,370.866666666667,567.866666666667,410.533333333333,467.4
2026-07-30 21:30:00,667.2,,445.6,608.6,574.333333333333,542.2,613.133333333333,382.066666666667,626.066666666667,421.6,490.4
2026-07-30 21:45:00,561.6,,447.733333333333,581.066666666667,590.733333333333,698.533333333333,646.8,390.8,682.933333333333,422.266666666667,517.4
2026-07-30 22:00:00,649.466666666667,714.0,431.733333333333,575.666666666667,604.333333333333,658.6,694.066666666667,405.866666666667,745.933333333333,444.066666666667,535.733333333333
2026-07-30 22:15:00,640.533333333333,,440.133333333333,569.733333333333,618.066666666667,694.0,648.266666666667,414.333333333333,788.466666666667,482.8,568.866666666667
2026-07-30 22:30:00,597.133333333333,,467.4,547.2,633.933333333333,671.0,653.866666666667,433.6,834.733333333333,502.0,615.733333333333
2026-07-30 22:45:00,585.333333333333,,490.333333333333,518.266666666667,651.2,684.333333333333,684.266666666667,437.866666666667,915.466666666667,527.266666666667,639.6
2026-07-30 23:00:00,548.4,,509.533333333333,510.2,657.066666666667,687.933333333333,691.666666666667,452.866666666667,950.0,526.066666666667,659.933333333333
2026-07-30 23:15:00,528.666666666667,,528.066666666667,561.866666666667,659.8,694.333333333333,690.333333333333,461.866666666667,952.133333333333,506.866666666667,677.333333333333
2026-07-30 23:30:00,570.533333333333,,525.6,586.333333333333,679.933333333333,682.666666666667,686.333333333333,455.666666666667,955.0,492.933333333333,686.2
2026-07-30 23:45:00,556.266666666667,,553.933333333333,638.2,676.133333333333,694.533333333333,681.066666666667,460.066666666667,952.866666666667,477.266666666667,717.666666666667
2026-07-31 00:00:00,609.2,,604.666666666667,648.866666666667,780.266666666667,754.866666666667,755.133333333333,464.733333333333,942.266666666667,491.866666666667,728.2
2026-07-31 00:15:00,611.666666666667,,607.266666666667,668.6,1503.73333333333,716.2,812.2,481.0,896.0,476.6,738.933333333333
2026-07-31 00:30:00,575.933333333333,,549.0,689.4,1434.46666666667,663.733333333333,839.866666666667,487.466666666667,872.733333333333,494.333333333333,751.8
2026-07-31 00:45:00,570.8,,510.4,716.933333333333,1052.8,630.8,798.133333333333,523.2,862.6,516.4,801.333333333333
2026-07-31 01:00:00,560.533333333333,,505.666666666667,747.866666666667,828.733333333333,632.0,757.0,528.6,797.4,522.666666666667,812.066666666667
2026-07-31 01:15:00,571.733333333333,,524.0,791.333333333333,755.4,655.866666666667,741.933333333333,566.933333333333,822.266666666667,533.866666666667,819.8
2026-07-31 01:30:00,601.933333333333,,559.333333333333,858.933333333333,725.533333333333,668.133333333333,751.4,612.0,909.8,580.8,821.4
2026-07-31 01:45:00,638.666666666667,,550.066666666667,904.933333333333,714.133333333333,725.733333333333,759.4,719.333333333333,934.266666666667,935.666666666667,844.666666666667
2026-07-31 02:00:00,650.6,,550.333333333333,898.4,729.066666666667,722.733333333333,740.133333333333,777.866666666667,1059.4,1066.66666666667,892.133333333333
2026-07-31 02:15:00,665.733333333333,,667.066666666667,890.133333333333,976.933333333333,720.866666666667,714.866666666667,738.666666666667,1248.2,1307.2,888.0
2026-07-31 02:30:00,650.6,,647.466666666667,910.666666666667,2882.2,704.4,704.533333333333,834.2,970.466666666667,1287.4,886.8
2026-07-31 02:45:00,648.8,,500.333333333333,948.866666666667,1995.66666666667,709.0,719.066666666667,796.0,984.133333333333,1313.66666666667,897.866666666667
2026-07-31 03:00:00,663.6,,760.6,994.933333333333,2251.66666666667,774.0,732.0,879.8,1125.4,1275.6,954.0
2026-07-31 03:15:00,699.866666666667,,790.0,983.6,2319.93333333333,6882.4,757.066666666667,868.066666666667,995.066666666667,1207.13333333333,959.533333333333
2026-07-31 03:30:00,728.066666666667,,725.866666666667,997.733333333333,2307.66666666667,8269.2,741.933333333333,837.333333333333,1042.86666666667,1212.73333333333,1003.53333333333
2026-07-31 03:45:00,758.666666666667,,656.333333333333,1036.33333333333,2579.06666666667,7669.73333333333,790.133333333333,837.8,1085.13333333333,1280.26666666667,1026.33333333333
2026-07-31 04:00:00,784.4,,643.666666666667,1039.46666666667,2525.13333333333,6326.53333333333,756.666666666667,891.533333333333,1117.8,1378.46666666667,1024.2
2026-07-31 04:15:00,850.6,,684.666666666667,1045.0,2801.53333333333,3840.6,738.733333333333,926.8,1092.73333333333,1416.6,1060.26666666667
2026-07-31 04:30:00,847.266666666667,,619.533333333333,1099.46666666667,5476.2,1915.33333333333,713.733333333333,906.866666666667,1093.93333333333,1484.2,1054.0
2026-07-31 04:45:00,868.733333333333,,599.466666666667,1213.4,6834.86666666667,1429.66666666667,722.933333333333,991.6,1098.53333333333,1484.06666666667,1059.06666666667
2026-07-31 05:00:00,975.2,,636.8,1294.66666666667,5714.86666666667,1067.06666666667,705.466666666667,994.066666666667,1132.73333333333,1478.13333333333,1159.86666666667
2026-07-31 05:15:00,993.866666666667,,709.466666666667,1375.8,4706.06666666667,911.866666666667,729.133333333333,1023.66666666667,1140.93333333333,1488.0,1207.4
2026-07-31 05:30:00,1025.86666666667,,772.733333333333,1444.2,4655.66666666667,926.533333333333,708.466666666667,1063.86666666667,1177.46666666667,1501.2,1200.06666666667
2026-07-31 05:45:00,1689.86666666667,,702.6,1463.6,4493.73333333333,893.466666666667,719.266666666667,1110.66666666667,1210.2,1496.73333333333,1238.26666666667
2026-07-31 06:00:00,1714.2,,649.4,1470.86666666667,4337.93333333333,934.933333333333,720.933333333333,1105.53333333333,1209.4,1484.06666666667,1237.4
2026-07-31 06:15:00,1531.0,,601.4,1541.2,4373.86666666667,922.8,725.133333333333,1188.4,1248.2,1451.4,1245.2
2026-07-31 06:30:00,1568.93333333333,,619.666666666667,1517.93333333333,4334.0,944.133333333333,720.133333333333,1270.33333333333,1242.2,1455.06666666667,1289.93333333333
2026-07-31 06:45:00,1640.06666666667,,704.533333333333,1515.2,4212.33333333333,980.0,710.4,1272.8,1310.93333333333,1454.53333333333,1482.13333333333
2026-07-31 07:00:00,1269.13333333333,,755.333333333333,1268.8,4067.66666666667,1074.0,722.2,1254.2,1309.2,1462.6,1553.2
2026-07-31 07:15:00,1136.53333333333,,725.066666666667,1080.53333333333,3774.06666666667,1128.06666666667,724.133333333333,1316.8,1355.86666666667,1530.13333333333,1587.13333333333
2026-07-31 07:30:00,1171.86666666667,,717.6,957.866666666667,3217.73333333333,1430.4,793.733333333333,1428.06666666667,1469.4,1272.33333333333,1679.73333333333
2026-07-31 07:45:00,1132.2,,640.866666666667,891.4,3348.26666666667,1724.53333333333,852.666666666667,1510.33333333333,1370.13333333333,1000.13333333333,1830.13333333333
2026-07-31 08:00:00,994.4,,561.8,792.666666666667,3319.53333333333,1594.73333333333,847.8,1401.4,1235.93333333333,1029.4,1916.8
2026-07-31 08:15:00,915.066666666667,,598.4,758.066666666667,3530.4,1726.4,831.8,1341.86666666667,1185.26666666667,793.4,1909.33333333333
2026-07-31 08:30:00,873.133333333333,,700.933333333333,773.6,3470.0,1615.06666666667,734.0,1508.0,1174.73333333333,835.666666666667,1894.0
2026-07-31 08:45:00,757.8,,1003.46666666667,848.333333333333,3400.53333333333,1443.26666666667,779.8,1363.93333333333,1180.66666666667,1023.2,1900.53333333333
2026-07-31 09:00:00,688.0,,871.333333333333,803.133333333333,3159.0,1383.26666666667,832.066666666667,1413.46666666667,1165.13333333333,879.4,1526.13333333333
2026-07-31 09:15:00,605.266666666667,,577.466666666667,794.533333333333,3136.0,1488.46666666667,934.533333333333,1111.93333333333,1112.86666666667,723.933333333333,1387.6
2026-07-31 09:30:00,560.333333333333,,537.533333333333,765.866666666667,3368.53333333333,1553.13333333333,840.333333333333,720.333333333333,932.8,466.2,1072.13333333333
2026-07-31 09:45:00,576.4,,524.4,821.866666666667,2002.86666666667,1663.33333333333,819.8,561.533333333333,865.8,391.6,910.266666666667
2026-07-31 10:00:00,621.6,,600.0,891.333333333333,1685.46666666667,1413.06666666667,764.8,670.2,861.533333333333,375.333333333333,863.666666666667
2026-07-31 10:15:00,8434.5,,720.533333333333,834.133333333333,1530.4,1241.13333333333,739.066666666667,689.733333333333,890.666666666667,395.866666666667,812.533333333333
2026-07-31 10:30:00,,,691.333333333333,846.0,1550.93333333333,1211.93333333333,721.866666666667,768.4,925.4,446.0,762.0
2026-07-31 10:45:00,,,669.066666666667,842.866666666667,1411.53333333333,1189.2,706.8,681.333333333333,957.8,453.533333333333,737.8
2026-07-31 11:00:00,673.333333333333,,667.933333333333,838.333333333333,1374.93333333333,1226.0,682.933333333333,725.333333333333,933.733333333333,470.2,676.666666666667
2026-07-31 11:15:00,706.0,,686.2,999.466666666667,1271.66666666667,1213.66666666667,625.533333333333,665.866666666667,938.866666666667,502.8,665.333333333333
2026-07-31 11:30:00,733.933333333333,,655.8,1117.8,1225.93333333333,899.2,574.666666666667,619.666666666667,938.933333333333,465.6,588.6
2026-07-31 11:45:00,780.866666666667,,610.4,1105.53333333333,1190.26666666667,791.0,522.2,525.133333333333,932.866666666667,423.4,556.933333333333
2026-07-31 12:00:00,789.133333333333,,606.733333333333,1176.86666666667,1090.6,758.666666666667,496.333333333333,512.2,853.666666666667,380.533333333333,467.866666666667
2026-07-31 12:15:00,797.533333333333,,551.0,1202.06666666667,1098.13333333333,916.066666666667,496.466666666667,462.133333333333,818.4,345.2,460.6
2026-07-31 12:30:00,761.8,,556.8,1465.13333333333,1120.2,897.933333333333,464.2,478.666666666667,799.8,362.866666666667,452.6
2026-07-31 12:45:00,801.666666666667,,548.0,1204.66666666667,1126.06666666667,743.8,469.733333333333,450.066666666667,774.2,355.266666666667,421.333333333333
2026-07-31 13:00:00,800.666666666667,,551.8,1245.53333333333,1063.33333333333,805.4,468.4,436.066666666667,747.933333333333,372.666666666667,383.866666666667
2026-07-31 13:15:00,707.2,,540.6,1089.13333333333,1066.8,803.933333333333,448.2,458.8,738.866666666667,403.266666666667,384.733333333333
2026-07-31 13:30:00,651.466666666667,,520.8,1097.6,1080.8,1046.26666666667,425.266666666667,443.333333333333,727.333333333333,376.6,385.666666666667
2026-07-31 13:45:00,649.666666666667,,521.133333333333,1054.93333333333,1062.0,1197.53333333333,421.866666666667,461.066666666667,709.066666666667,375.4,405.933333333333
2026-07-31 14:00:00,610.733333333333,,518.8,1004.6,1132.93333333333,1128.06666666667,425.933333333333,456.066666666667,703.6,392.2,386.666666666667
2026-07-31 14:15:00,612.933333333333,,506.333333333333,991.066666666667,1301.73333333333,1220.4,403.2,429.333333333333,661.933333333333,525.466666666667,360.666666666667
2026-07-31 14:30:00,624.066666666667,,490.8,982.266666666667,1263.2,1186.93333333333,386.066666666667,421.733333333333,629.933333333333,409.266666666667,349.666666666667
2026-07-31 14:45:00,659.333333333333,,484.933333333333,978.733333333333,1291.06666666667,1143.33333333333,376.666666666667,415.133333333333,603.2,380.2,340.533333333333
2026-07-31 15:00:00,643.866666666667,,471.4,993.2,1374.26666666667,1051.6,392.4,391.444444444444,602.866666666667,369.266666666667,339.6
2026-07-31 15:15:00,657.8,,458.266666666667,981.266666666667,1361.33333333333,906.0,386.733333333333,,578.4,364.666666666667,340.733333333333
2026-07-31 15:30:00,638.333333333333,,461.333333333333,980.2,1299.73333333333,832.333333333333,405.933333333333,,596.666666666667,373.266666666667,324.133333333333
2026-07-31 15:45:00,646.533333333333,,460.466666666667,956.333333333333,1155.2,735.333333333333,404.133333333333,,595.733333333333,391.4,318.466666666667
2026-07-31 16:00:00,683.333333333333,,448.266666666667,930.066666666667,1101.53333333333,754.2,419.733333333333,,597.8,381.266666666667,318.066666666667
2026-07-31 16:15:00,760.6,,1549.53333333333,1049.13333333333,992.066666666667,837.866666666667,401.933333333333,,601.066666666667,390.533333333333,327.533333333333
2026-07-31 16:30:00,808.4,,732.733333333333,1169.86666666667,959.4,677.133333333333,406.133333333333,,591.733333333333,386.466666666667,315.933333333333
2026-07-31 16:45:00,789.933333333333,,549.666666666667,1142.2,932.2,609.066666666667,416.8,,594.266666666667,380.066666666667,322.133333333333
2026-07-31 17:00:00,786.8,,496.533333333333,1112.2,881.333333333333,623.0,432.333333333333,,603.2,379.733333333333,338.933333333333
2026-07-31 17:15:00,766.466666666667,,493.0,1126.0,835.333333333333,595.333333333333,411.266666666667,,611.8,402.6,359.533333333333
2026-07-31 17:30:00,799.466666666667,,469.0,1120.46666666667,819.4,564.933333333333,417.266666666667,,620.933333333333,406.333333333333,372.6
2026-07-31 17:45:00,877.866666666667,,439.933333333333,1118.4,770.2,571.933333333333,437.333333333333,,608.8,412.933333333333,378.266666666667
2026-07-31 18:00:00,766.466666666667,,424.666666666667,1091.0,736.466666666667,561.0,441.266666666667,,624.8,397.266666666667,382.666666666667
2026-07-31 18:15:00,528.266666666667,,468.4,1075.13333333333,705.333333333333,551.733333333333,465.066666666667,,635.2,393.4,372.066666666667
2026-07-31 18:30:00,518.733333333333,,380.533333333333,1088.73333333333,626.2,540.533333333333,479.666666666667,,594.266666666667,387.666666666667,353.4
2026-07-31 18:45:00,519.666666666667,,339.933333333333,1167.6,654.866666666667,740.666666666667,494.266666666667,,591.933333333333,387.333333333333,362.4
2026-07-31 19:00:00,529.666666666667,,295.2,1160.06666666667,741.466666666667,621.4,511.4,,590.266666666667,396.333333333333,351.266666666667
2026-07-31 19:15:00,549.933333333333,304.0,345.4,1198.8,1227.0,567.266666666667,507.0,,600.533333333333,367.666666666667,355.4
2026-07-31 19:30:00,536.266666666667,931.6,377.933333333333,1350.26666666667,825.066666666667,606.533333333333,531.466666666667,,603.333333333333,363.733333333333,393.866666666667
2026-07-31 19:45:00,547.733333333333,530.2,400.666666666667,1347.33333333333,715.6,608.266666666667,554.733333333333,,671.6,370.533333333333,398.0
2026-07-31 20:00:00,566.866666666667,484.666666666667,413.466666666667,1385.6,724.4,623.2,593.133333333333,,662.666666666667,380.666666666667,380.4
2026-07-31 20:15:00,572.8,484.733333333333,454.533333333333,1428.26666666667,784.533333333333,699.866666666667,627.4,,756.533333333333,371.933333333333,379.666666666667
2026-07-31 20:30:00,583.6,568.333333333333,452.133333333333,1483.2,802.733333333333,794.533333333333,653.666666666667,,706.533333333333,382.933333333333,385.2
2026-07-31 20:45:00,712.6,605.533333333333,505.266666666667,1569.86666666667,849.866666666667,1062.06666666667,677.533333333333,,722.2,412.8,520.6
2026-07-31 21:00:00,694.733333333333,746.066666666667,487.333333333333,1571.0,822.466666666667,1356.93333333333,741.733333333333,,733.933333333333,423.8,503.733333333333
2026-07-31 21:15:00,732.933333333333,805.933333333333,514.866666666667,1558.0,1029.86666666667,1209.6,784.0,,737.333333333333,419.066666666667,532.4
2026-07-31 21:30:00,783.933333333333,1135.93333333333,527.2,1553.06666666667,890.533333333333,933.866666666667,815.866666666667,653.384615384615,853.6,434.266666666667,581.133333333333
2026-07-31 21:45:00,890.066666666667,1253.26666666667,499.533333333333,1634.8,1309.6,792.8,813.8,466.333333333333,880.666666666667,446.333333333333,584.133333333333
2026-07-31 22:00:00,876.733333333333,1119.4,516.8,1640.73333333333,1262.0,819.733333333333,812.266666666667,544.866666666667,791.866666666667,463.4,571.866666666667
2026-07-31 22:15:00,910.533333333333,948.8,517.733333333333,1641.86666666667,1344.0,858.133333333333,848.466666666667,711.466666666667,778.0,487.6,619.2
2026-07-31 22:30:00,982.0,910.666666666667,497.266666666667,1627.0,1479.53333333333,1016.6,828.066666666667,716.933333333333,850.333333333333,493.6,689.4
2026-07-31 22:45:00,1011.2,948.266666666667,503.733333333333,1657.53333333333,1384.46666666667,1524.8,830.933333333333,639.466666666667,972.333333333333,515.066666666667,812.133333333333
2026-07-31 23:00:00,1080.0,1099.73333333333,508.8,1642.46666666667,1420.4,2670.2,812.866666666667,652.066666666667,1068.93333333333,523.266666666667,897.866666666667
2026-07-31 23:15:00,1165.06666666667,1052.33333333333,499.733333333333,1681.26666666667,1689.73333333333,2681.46666666667,829.8,687.333333333333,1050.06666666667,528.2,947.466666666667
2026-07-31 23:30:00,1191.6,1142.53333333333,514.666666666667,1685.2,1635.4,4363.2,835.266666666667,799.266666666667,1173.46666666667,534.133333333333,942.333333333333
2026-07-31 23:45:00,1218.93333333333,1152.0,540.8,1706.53333333333,1795.66666666667,3626.53333333333,847.666666666667,930.333333333333,1196.6,553.333333333333,1043.33333333333
2026-08-01 00:00:00,1258.73333333333,1167.46666666667,554.266666666667,1707.2,1797.33333333333,2174.33333333333,881.666666666667,822.733333333333,1201.86666666667,597.066666666667,1024.26666666667
2026-08-01 00:15:00,1271.86666666667,1230.0,582.0,1716.8,1532.26666666667,2747.6,872.866666666667,833.0,1274.8,670.066666666667,1067.93333333333
2026-08-01 00:30:00,1271.6,1353.86666666667,598.6,1691.2,1499.6,2414.06666666667,894.066666666667,829.733333333333,1320.13333333333,734.0,1096.86666666667
2026-08-01 00:45:00,1241.0,1410.26666666667,576.333333333333,1663.53333333333,1622.2,2274.4,863.933333333333,801.866666666667,1377.8,709.066666666667,1073.6
2026-08-01 01:00:00,1330.06666666667,1962.46666666667,583.133333333333,1639.66666666667,1779.4,2335.26666666667,870.133333333333,767.466666666667,1408.26666666667,673.6,1022.86666666667
2026-08-01 01:15:00,2012.93333333333,1986.33333333333,582.266666666667,1663.8,1807.26666666667,4741.46666666667,866.666666666667,770.333333333333,1422.4,688.0,1002.4
2026-08-01 01:30:00,2852.33333333333,1754.4,618.133333333333,1640.8,1911.26666666667,5269.46666666667,869.866666666667,844.133333333333,1446.2,688.6,976.6
2026-08-01 01:45:00,3375.93333333333,1435.93333333333,665.133333333333,1662.06666666667,1906.4,6919.06666666667,870.6,754.333333333333,1488.26666666667,724.466666666667,974.533333333333
2026-08-01 02:00:00,3430.73333333333,1300.53333333333,697.8,1745.93333333333,1990.13333333333,6662.73333333333,875.133333333333,729.2,1517.53333333333,728.133333333333,984.866666666667
2026-08-01 02:15:00,3339.13333333333,1371.2,731.2,1774.4,1955.86666666667,7019.46666666667,862.733333333333,777.933333333333,1591.73333333333,730.466666666667,977.933333333333
2026-08-01 02:30:00,2902.8,1360.66666666667,704.066666666667,1720.26666666667,1921.06666666667,4695.2,860.533333333333,767.333333333333,1653.26666666667,764.4,1003.53333333333
2026-08-01 02:45:00,2411.0,1380.26666666667,766.266666666667,1679.86666666667,1929.66666666667,2959.6,855.8,753.2,1707.86666666667,787.466666666667,1009.46666666667
2026-08-01 03:00:00,1761.33333333333,1363.66666666667,798.133333333333,1725.53333333333,1996.4,1872.26666666667,877.666666666667,773.533333333333,1680.73333333333,821.733333333333,979.333333333333
2026-08-01 03:15:00,1670.13333333333,1393.93333333333,810.266666666667,1661.06666666667,1940.66666666667,1698.06666666667,868.533333333333,789.533333333333,1728.0,798.2,1015.66666666667
2026-08-01 03:30:00,1518.8,1394.86666666667,895.0,1633.06666666667,1858.86666666667,1696.46666666667,890.133333333333,784.533333333333,1813.26666666667,822.2,1044.53333333333
2026-08-01 03:45:00,1576.66666666667,1428.93333333333,1004.53333333333,1622.6,1833.8,1701.93333333333,949.8,777.066666666667,1886.46666666667,825.0,1041.0
2026-08-01 04:00:00,1496.73333333333,1476.93333333333,917.2,1619.26666666667,2043.53333333333,1746.86666666667,970.333333333333,790.333333333333,2095.33333333333,827.533333333333,1053.06666666667
2026-08-01 04:15:00,1510.26666666667,1509.86666666667,1088.73333333333,1616.86666666667,2230.2,1761.26666666667,903.266666666667,809.4,2106.0,840.0,1082.26666666667
2026-08-01 04:30:00,1534.13333333333,1487.8,1024.13333333333,1588.66666666667,2253.13333333333,1773.66666666667,910.133333333333,794.266666666667,2084.93333333333,863.133333333333,1118.2
2026-08-01 04:45:00,1546.53333333333,1622.86666666667,996.8,1527.06666666667,2189.2,1805.06666666667,912.333333333333,807.133333333333,2049.53333333333,917.733333333333,1104.93333333333
2026-08-01 05:00:00,1587.0,1602.53333333333,970.866666666667,1485.13333333333,2115.0,1811.2,884.466666666667,852.466666666667,2112.0,1024.93333333333,1118.06666666667
2026-08-01 05:15:00,1668.53333333333,1654.86666666667,1079.46666666667,1477.86666666667,2034.0,1848.73333333333,898.733333333333,873.6,2114.6,1231.86666666667,1128.53333333333
2026-08-01 05:30:00,1711.73333333333,1708.78571428571,1185.2,1422.2,1994.13333333333,1858.2,928.333333333333,914.266666666667,2145.73333333333,1581.46666666667,1134.93333333333
2026-08-01 05:45:00,1705.46666666667,,3410.26666666667,1428.86666666667,1974.73333333333,1818.33333333333,936.2,947.333333333333,2135.6,1732.53333333333,1146.53333333333
2026-08-01 06:00:00,1699.53333333333,,3298.73333333333,1433.86666666667,2006.13333333333,1784.4,941.333333333333,919.266666666667,2138.6,1738.26666666667,1167.13333333333
2026-08-01 06:15:00,1720.66666666667,,2353.06666666667,1428.73333333333,2044.33333333333,1870.13333333333,937.533333333333,992.533333333333,2168.73333333333,1849.0,1156.93333333333
2026-08-01 06:30:00,1738.0,,2009.73333333333,1753.33333333333,2131.8,1981.93333333333,904.8,1149.4,2152.86666666667,1714.66666666667,1280.4
2026-08-01 06:45:00,1736.13333333333,,1877.13333333333,1874.0,2059.73333333333,1799.4,917.666666666667,1142.2,2126.53333333333,1551.53333333333,1341.53333333333
2026-08-01 07:00:00,1679.6,,1700.4,1548.4,2013.13333333333,1743.93333333333,920.133333333333,1015.26666666667,2123.8,1511.4,1598.86666666667
2026-08-01 07:15:00,1702.13333333333,,1573.46666666667,1367.53333333333,2039.86666666667,1784.93333333333,913.533333333333,992.0,2116.6,1559.13333333333,1968.13333333333
2026-08-01 07:30:00,1655.86666666667,,1416.4,1222.4,2119.8,1848.4,907.333333333333,1431.6,2116.26666666667,1701.0,2240.53333333333
2026-08-01 07:45:00,1709.33333333333,,1339.46666666667,1163.93333333333,2064.33333333333,1872.13333333333,936.666666666667,1745.73333333333,2095.33333333333,1701.46666666667,1884.93333333333
2026-08-01 08:00:00,1721.73333333333,,1351.93333333333,1220.6,1982.86666666667,1898.66666666667,960.266666666667,1545.46666666667,2061.6,1618.13333333333,2043.33333333333
2026-08-01 08:15:00,1643.26666666667,,1226.73333333333,1348.06666666667,1985.73333333333,2086.46666666667,1011.4,1542.66666666667,1981.06666666667,1421.6,1983.26666666667
2026-08-01 08:30:00,1595.73333333333,,1256.93333333333,1026.13333333333,1812.2,1844.93333333333,1114.0,1425.66666666667,1949.86666666667,1345.06666666667,1789.4
2026-08-01 08:45:00,1685.53333333333,,1125.6,857.8,1691.26666666667,1792.2,1118.13333333333,1306.73333333333,1928.73333333333,1320.93333333333,1602.6
2026-08-01 09:00:00,1872.6,,1047.6,1070.8,1610.13333333333,1861.93333333333,1067.2,1245.73333333333,2102.0,1245.53333333333,1215.93333333333
2026-08-01 09:15:00,1981.46666666667,,1079.93333333333,694.933333333333,1552.66666666667,2153.4,1024.53333333333,1109.4,2076.53333333333,1129.73333333333,1040.2
2026-08-01 09:30:00,2058.6,,1038.46666666667,469.466666666667,1584.93333333333,1886.53333333333,1023.93333333333,983.4,1980.53333333333,973.466666666667,913.066666666667
2026-08-01 09:45:00,1865.26666666667,,1015.8,705.266666666667,1481.8,1222.93333333333,972.066666666667,767.4,1945.73333333333,766.0,828.466666666667
2026-08-01 10:00:00,1686.73333333333,,921.4,750.866666666667,1279.4,1121.73333333333,947.733333333333,710.6,1912.86666666667,672.733333333333,744.666666666667
2026-08-01 10:15:00,1464.93333333333,,856.0,445.333333333333,1255.06666666667,1280.53333333333,994.333333333333,646.933333333333,1929.46666666667,599.533333333333,683.8
2026-08-01 10:30:00,1307.13333333333,,794.933333333333,360.133333333333,1152.73333333333,1610.6,930.8,612.266666666667,2009.73333333333,548.733333333333,653.333333333333
2026-08-01 10:45:00,1200.4,,752.133333333333,355.4,1073.2,1659.66666666667,797.466666666667,585.466666666667,2036.13333333333,531.333333333333,623.733333333333
2026-08-01 11:00:00,1078.2,,710.333333333333,317.0,1004.86666666667,1561.93333333333,773.533333333333,585.4,1973.06666666667,536.533333333333,608.6
2026-08-01 11:15:00,957.133333333333,,682.6,301.2,969.8,1156.46666666667,699.0,577.066666666667,1798.26666666667,555.133333333333,600.066666666667
2026-08-01 11:30:00,919.066666666667,,669.533333333333,386.0,1008.0,895.533333333333,822.533333333333,568.0,1693.8,556.6,570.2
2026-08-01 11:45:00,864.0,,685.8,383.333333333333,1095.8,903.666666666667,763.333333333333,558.666666666667,1541.73333333333,550.2,568.866666666667
2026-08-01 12:00:00,788.4,,698.666666666667,443.466666666667,1121.53333333333,912.333333333333,849.6,559.333333333333,1293.2,509.266666666667,548.866666666667
2026-08-01 12:15:00,767.533333333333,,688.8,661.533333333333,1221.0,902.133333333333,888.866666666667,556.266666666667,1095.6,496.333333333333,527.4
2026-08-01 12:30:00,779.466666666667,,708.066666666667,592.266666666667,1149.73333333333,895.0,896.266666666667,543.8,1009.26666666667,476.333333333333,497.6
2026-08-01 12:45:00,791.133333333333,,693.133333333333,559.8,1218.46666666667,941.133333333333,898.133333333333,537.533333333333,976.666666666667,470.8,497.466666666667
2026-08-01 13:00:00,807.333333333333,,722.733333333333,606.666666666667,1118.8,873.133333333333,944.2,538.066666666667,948.6,458.4,503.666666666667
2026-08-01 13:15:00,787.8,,761.533333333333,608.8,1095.13333333333,829.0,930.666666666667,536.8,929.933333333333,490.133333333333,528.066666666667
2026-08-01 13:30:00,762.8,,811.266666666667,535.2,1068.06666666667,911.066666666667,946.733333333333,571.533333333333,897.533333333333,506.266666666667,557.777777777778
2026-08-01 13:45:00,793.0,,870.4,533.6,1175.33333333333,1003.46666666667,945.866666666667,620.733333333333,888.733333333333,558.533333333333,
2026-08-01 14:00:00,863.533333333333,,886.333333333333,540.933333333333,1149.0,1028.66666666667,935.466666666667,706.533333333333,891.466666666667,621.266666666667,
2026-08-01 14:15:00,992.8,,917.133333333333,490.133333333333,1341.93333333333,1091.93333333333,948.866666666667,702.2,921.666666666667,679.733333333333,
2026-08-01 14:30:00,1000.4,,936.8,545.0,1352.0,1166.6,931.866666666667,729.6,1007.93333333333,712.666666666667,
2026-08-01 14:45:00,1031.0,,982.8,612.533333333333,1320.6,1206.8,915.333333333333,740.733333333333,1165.53333333333,707.733333333333,
2026-08-01 15:00:00,1034.8,,911.066666666667,615.066666666667,1294.4,1122.06666666667,926.666666666667,749.6,1290.4,714.133333333333,
2026-08-01 15:15:00,1039.86666666667,,918.266666666667,540.066666666667,1257.06666666667,1106.13333333333,938.4,739.266666666667,1332.8,707.2,
2026-08-01 15:30:00,1026.13333333333,,948.133333333333,532.066666666667,1199.66666666667,1122.73333333333,958.6,737.4,1355.33333333333,727.0,
2026-08-01 15:45:00,1061.8,,957.933333333333,578.2,1171.6,1085.86666666667,930.266666666667,751.733333333333,1334.86666666667,732.6,
2026-08-01 16:00:00,1074.6,,992.8,615.333333333333,1145.33333333333,1100.86666666667,953.533333333333,763.6,1337.06666666667,304.333333333333,
2026-08-01 16:15:00,1068.13333333333,,952.266666666667,965.6,1147.6,1089.6,1025.4,735.733333333333,1316.4,,
2026-08-01 16:30:00,1030.4,,930.6,1070.46666666667,1161.66666666667,1113.6,1070.46666666667,715.933333333333,1361.2,,
2026-08-01 16:45:00,970.666666666667,,938.2,1068.73333333333,1163.8,1075.0,1106.53333333333,707.466666666667,1456.2,,
2026-08-01 17:00:00,962.466666666667,,911.933333333333,1087.26666666667,989.2,1117.0,1122.4,701.066666666667,1453.46666666667,,
2026-08-01 17:15:00,1070.06666666667,,906.6,1125.06666666667,330.2,1314.06666666667,1159.06666666667,687.6,1426.4,,
2026-08-01 17:30:00,1054.86666666667,,879.333333333333,1139.26666666667,369.666666666667,1254.8,1201.13333333333,703.666666666667,1279.2,,
2026-08-01 17:45:00,1025.2,,895.266666666667,1237.6,,1148.46666666667,1256.4,702.866666666667,1236.8,,
2026-08-01 18:00:00,1018.2,,891.866666666667,1304.46666666667,1508.46153846154,1210.0,1331.06666666667,708.466666666667,1195.26666666667,,
2026-08-01 18:15:00,1058.06666666667,,940.466666666667,1370.86666666667,1321.46666666667,1217.13333333333,1376.0,727.466666666667,1328.2,748.333333333333,
2026-08-01 18:30:00,1090.73333333333,,972.733333333333,1229.33333333333,1344.46666666667,1225.86666666667,1480.46666666667,738.266666666667,1308.8,798.333333333333,
2026-08-01 18:45:00,1146.6,,940.133333333333,1192.0,1430.8,1288.26666666667,1554.46666666667,742.666666666667,1372.93333333333,824.533333333333,
2026-08-01 19:00:00,1164.26666666667,,958.133333333333,1214.93333333333,1422.93333333333,1315.66666666667,1632.73333333333,773.266666666667,1311.61538461538,863.0,781.75
2026-08-01 19:15:00,1249.26666666667,,1019.8,1256.6,1427.26666666667,1333.66666666667,1619.66666666667,815.066666666667,1604.25,901.4,793.733333333333
2026-08-01 19:30:00,1245.2,,1465.4,1361.13333333333,1474.53333333333,1406.33333333333,1737.06666666667,832.533333333333,1459.33333333333,899.0,802.066666666667
2026-08-01 19:45:00,1248.0,,1134.2,1973.6,1477.8,1330.13333333333,1684.46666666667,826.733333333333,1428.6,910.2,803.133333333333
2026-08-01 20:00:00,1248.86666666667,,1124.66666666667,1266.6,1400.8,2859.86666666667,1657.26666666667,846.8,1384.33333333333,902.733333333333,814.066666666667
2026-08-01 20:15:00,1217.0,,1093.93333333333,1188.93333333333,1398.86666666667,1669.2,1649.53333333333,832.8,1416.73333333333,882.666666666667,843.333333333333
2026-08-01 20:30:00,1260.26666666667,,1062.33333333333,1249.66666666667,1417.53333333333,1299.53333333333,1699.4,821.4,1434.4,874.866666666667,874.8
2026-08-01 20:45:00,1253.6,,1049.06666666667,1132.86666666667,1403.26666666667,1323.73333333333,1789.4,822.333333333333,1484.0,830.533333333333,859.466666666667
2026-08-01 21:00:00,1260.33333333333,,1121.33333333333,1150.0,1418.46666666667,1327.53333333333,2000.6,804.866666666667,1524.73333333333,864.266666666667,884.133333333333
2026-08-01 21:15:00,1239.13333333333,,1207.13333333333,1258.0,1598.4,1391.86666666667,2140.0,804.933333333333,1562.2,941.6,872.6
2026-08-01 21:30:00,1223.06666666667,,1183.4,1284.13333333333,1632.0,1488.06666666667,2308.0,822.2,1527.46666666667,1066.26666666667,887.066666666667
2026-08-01 21:45:00,1286.06666666667,,1199.33333333333,1311.73333333333,1586.13333333333,1643.86666666667,2251.4,857.266666666667,1534.73333333333,1000.8,912.933333333333
2026-08-01 22:00:00,1735.0,,1248.73333333333,1250.6,2110.4,1584.6,2268.26666666667,886.333333333333,1506.73333333333,1009.0,944.933333333333
2026-08-01 22:15:00,2071.73333333333,,1177.66666666667,1262.4,1919.93333333333,1665.93333333333,2264.06666666667,874.066666666667,1488.06666666667,1588.73333333333,913.533333333333
2026-08-01 22:30:00,1744.06666666667,,1181.46666666667,1349.6,1639.6,1703.06666666667,2235.93333333333,868.8,1515.06666666667,1012.2,916.2
2026-08-01 22:45:00,1709.26666666667,,1156.26666666667,1291.4,1732.33333333333,1707.46666666667,2298.2,880.266666666667,1595.26666666667,1016.13333333333,934.0
2026-08-01 23:00:00,1540.2,,1184.26666666667,1418.86666666667,1883.46666666667,1752.46666666667,2195.46666666667,868.466666666667,1710.0,960.133333333333,919.8
2026-08-01 23:15:00,1421.13333333333,,1226.13333333333,1982.4,1706.6,1715.2,2068.0,889.133333333333,1828.4,1028.6,940.466666666667
2026-08-01 23:30:00,1400.06666666667,,1185.53333333333,2185.93333333333,1749.33333333333,1680.13333333333,2067.33333333333,999.6,1681.73333333333,1113.66666666667,1088.33333333333
2026-08-01 23:45:00,1411.26666666667,,1229.8,4164.06666666667,1890.0,1686.4,2097.26666666667,1085.33333333333,1621.06666666667,1151.33333333333,1240.46666666667
2026-08-02 00:00:00,1409.86666666667,,1292.26666666667,4908.0,1925.8,1747.93333333333,2068.0,1195.53333333333,1549.06666666667,1205.6,1326.93333333333
2026-08-02 00:15:00,1465.6,,1363.0,5880.0,2063.73333333333,1892.13333333333,2131.93333333333,1262.06666666667,1527.0,1295.13333333333,1326.93333333333
2026-08-02 00:30:00,1542.93333333333,,1488.33333333333,4770.4,2214.46666666667,2015.26666666667,2112.2,1257.2,1633.06666666667,1430.46666666667,1310.0
2026-08-02 00:45:00,1656.0,,1567.0,3899.93333333333,2376.06666666667,2157.8,2141.4,1275.66666666667,1664.46666666667,1589.2,1333.2
2026-08-02 01:00:00,1757.2,,1645.6,4037.33333333333,2498.4,2337.53333333333,2075.26666666667,1321.26666666667,1779.06666666667,1659.26666666667,1367.93333333333
2026-08-02 01:15:00,1879.46666666667,,1727.2,3414.13333333333,2712.73333333333,2533.2,2160.66666666667,1349.2,1902.73333333333,1618.06666666667,1416.93333333333
2026-08-02 01:30:00,2000.26666666667,,1879.86666666667,3148.86666666667,2891.26666666667,2724.66666666667,2145.06666666667,1392.2,2001.0,1636.86666666667,1522.46666666667
2026-08-02 01:45:00,2117.06666666667,,1993.33333333333,5694.86666666667,3081.66666666667,2881.93333333333,2167.86666666667,1466.93333333333,2201.4,1740.0,1601.33333333333
2026-08-02 02:00:00,2260.2,,2100.8,7074.2,3280.06666666667,2994.66666666667,2250.93333333333,1577.33333333333,2171.8,1807.26666666667,1732.06666666667
2026-08-02 02:15:00,2420.33333333333,,2254.06666666667,7469.4,3467.2,3125.13333333333,2373.8,1665.06666666667,2517.2,1858.06666666667,1818.6
2026-08-02 02:30:00,2629.46666666667,,2376.53333333333,7937.06666666667,3662.66666666667,3275.33333333333,2795.13333333333,1754.4,2789.8,1960.33333333333,1893.6
2026-08-02 02:45:00,2807.13333333333,,2548.73333333333,7588.13333333333,3738.53333333333,3376.4,3498.6,1779.53333333333,2947.73333333333,1997.46666666667,1939.8
2026-08-02 03:00:00,2964.93333333333,,2855.4,8346.0,3887.06666666667,3632.93333333333,3763.46666666667,2014.93333333333,3226.4,2115.66666666667,2139.73333333333
2026-08-02 03:15:00,3155.86666666667,,3011.0,8096.66666666667,4009.2,4139.8,3693.13333333333,2373.46666666667,3390.53333333333,2350.8,2575.33333333333
2026-08-02 03:30:00,3247.06666666667,,3159.0,7677.26666666667,4073.8,4779.93333333333,4167.0,2612.66666666667,3635.06666666667,2501.46666666667,2858.66666666667
2026-08-02 03:45:00,3307.06666666667,,3274.66666666667,6828.46666666667,4471.46666666667,4759.13333333333,4371.6,2743.13333333333,3920.46666666667,2607.46666666667,3014.66666666667
2026-08-02 04:00:00,3394.66666666667,,3381.06666666667,5801.13333333333,4601.66666666667,5106.4,4454.8,2807.13333333333,4074.73333333333,2644.26666666667,3145.06666666667
2026-08-02 04:15:00,3527.13333333333,,3493.13333333333,5788.8,4762.53333333333,5066.0,4361.86666666667,3314.2,4094.53333333333,2616.6,3239.0
2026-08-02 04:30:00,3589.6,,3525.86666666667,5669.06666666667,4802.6,4622.93333333333,4405.86666666667,3202.6,4291.33333333333,2669.33333333333,3281.8
2026-08-02 04:45:00,3827.93333333333,,3531.0,5323.0,4833.86666666667,4505.4,4823.13333333333,2956.53333333333,4432.06666666667,2735.06666666667,3377.0
2026-08-02 05:00:00,4149.93333333333,,3657.0,5341.26666666667,4798.86666666667,4442.6,4897.86666666667,2967.33333333333,4577.53333333333,2818.33333333333,3506.4
2026-08-02 05:15:00,3820.06666666667,,3696.66666666667,5735.86666666667,4724.46666666667,4384.2,4861.93333333333,2960.66666666667,4562.53333333333,2956.53333333333,3406.53333333333
2026-08-02 05:30:00,3611.0,,3687.33333333333,6693.13333333333,4702.26666666667,4385.46666666667,5120.93333333333,3010.33333333333,4561.53333333333,3014.8,3372.53333333333
2026-08-02 05:45:00,3528.06666666667,,3637.2,7033.4,4610.66666666667,4225.46666666667,5044.33333333333,3078.8,4447.2,2935.4,3386.13333333333
2026-08-02 06:00:00,3582.8,,3774.26666666667,7207.06666666667,4348.46666666667,4277.93333333333,5130.0,3515.4,4757.33333333333,3152.73333333333,3756.6
2026-08-02 06:15:00,4025.93333333333,,3930.2,7855.4,4083.6,4199.53333333333,5555.13333333333,3949.46666666667,5445.73333333333,3305.4,4227.06666666667
2026-08-02 06:30:00,4269.8,,3949.73333333333,9189.8,4166.46666666667,4081.06666666667,5497.33333333333,4119.93333333333,5660.33333333333,3439.93333333333,4502.2
2026-08-02 06:45:00,4624.93333333333,,4214.53333333333,8599.53333333333,4260.4,4820.0,5946.0,4728.53333333333,5770.46666666667,3591.33333333333,4805.6
2026-08-02 07:00:00,4606.73333333333,,3901.86666666667,8569.6,5321.4,5002.8,5832.73333333333,5555.06666666667,5605.8,3785.4,4755.4
2026-08-02 07:15:00,4726.66666666667,,2855.73333333333,8397.53333333333,5861.6,4578.06666666667,5776.33333333333,5593.8,5777.46666666667,3765.4,4847.6
2026-08-02 07:30:00,5067.33333333333,,2665.06666666667,7213.33333333333,6780.6,4573.0,5849.13333333333,5615.93333333333,5636.0,3570.73333333333,4069.26666666667
2026-08-02 07:45:00,5547.53333333333,,2154.33333333333,5750.26666666667,7266.73333333333,3842.93333333333,5946.0,4137.16666666667,5417.93333333333,2995.66666666667,2919.2
2026-08-02 08:00:00,5236.86666666667,,2101.73333333333,2589.73333333333,6487.86666666667,3647.0,5747.13333333333,581.0,5587.06666666667,2205.53333333333,2095.4
2026-08-02 08:15:00,3390.06666666667,,2146.86666666667,1874.2,6304.93333333333,3971.33333333333,5594.46666666667,,5455.26666666667,1496.93333333333,1936.66666666667
2026-08-02 08:30:00,3290.26666666667,,2457.8,1814.73333333333,6483.2,4165.46666666667,5497.8,,3122.0,1395.93333333333,1914.33333333333
2026-08-02 08:45:00,3575.46666666667,,3034.8,1679.06666666667,5826.13333333333,4193.2,5453.26666666667,,3135.06666666667,1820.06666666667,2382.0
2026-08-02 09:00:00,4186.8,,2944.46666666667,1595.46666666667,5395.73333333333,3542.8,4846.13333333333,,3328.6,1804.06666666667,2705.4
2026-08-02 09:15:00,4248.13333333333,,2261.8,1359.13333333333,5722.13333333333,3357.4,4803.8,,3185.86666666667,2091.66666666667,2883.13333333333
2026-08-02 09:30:00,4070.6,,1413.6,1307.2,6184.26666666667,2802.4,4748.2,,2356.93333333333,1861.4,2403.2
2026-08-02 09:45:00,3594.06666666667,,1129.26666666667,1485.6,5998.86666666667,3182.13333333333,4545.93333333333,,2172.73333333333,1544.33333333333,1947.0
2026-08-02 10:00:00,2779.2,,1320.6,1576.53333333333,5016.6,3781.66666666667,4395.5,,2333.26666666667,1415.8,1679.0
2026-08-02 10:15:00,2797.8,,1741.53333333333,1319.86666666667,4847.86666666667,3608.13333333333,,,3157.0,1264.8,1655.13333333333
2026-08-02 10:30:00,2773.73333333333,,2104.26666666667,1198.26666666667,4873.93333333333,3800.8,,,3218.8,1301.73333333333,2020.46666666667
2026-08-02 10:45:00,2697.66666666667,,2171.13333333333,1240.8,4735.73333333333,3842.0,,,2720.4,1615.2,2257.6
2026-08-02 11:00:00,2774.46666666667,,2294.26666666667,1280.6,4414.26666666667,4161.46666666667,,,2694.53333333333,1847.66666666667,2444.0
2026-08-02 11:15:00,2781.4,,2371.73333333333,1136.2,4545.73333333333,4320.8,,,2725.13333333333,1852.73333333333,2539.13333333333
2026-08-02 11:30:00,2762.46666666667,,2292.8,986.0,4265.46666666667,4118.4,,,2920.4,1916.33333333333,2382.06666666667
2026-08-02 11:45:00,2779.86666666667,,2349.2,1013.06666666667,4021.86666666667,3896.66666666667,,,3244.2,1888.2,2090.46666666667
2026-08-02 12:00:00,2642.66666666667,,2116.06666666667,999.8,4039.4,3702.2,,,3477.06666666667,1657.13333333333,1943.33333333333
2026-08-02 12:15:00,2454.4,,2074.66666666667,1051.53333333333,3786.46666666667,3327.0,,,3635.33333333333,1418.4,1730.86666666667
2026-08-02 12:30:00,2276.46666666667,,2172.6,1123.53333333333,3321.53333333333,2938.46666666667,,,3556.2,1304.6,1567.2
2026-08-02 12:45:00,1993.53333333333,,2095.6,1085.46666666667,3293.86666666667,3108.6,,2917.25,3316.2,1250.93333333333,1501.86666666667
2026-08-02 13:00:00,2016.86666666667,,1798.2,1081.73333333333,3179.2,2953.4,,1941.46666666667,3116.8,1113.46666666667,1235.66666666667
2026-08-02 13:15:00,1973.06666666667,,1552.06666666667,1006.06666666667,2970.06666666667,2831.2,,1467.8,2984.73333333333,1015.53333333333,1109.2
2026-08-02 13:30:00,1651.46666666667,,1478.6,1020.53333333333,2321.4,2619.4,,1346.26666666667,2835.66666666667,1061.0,1136.33333333333
2026-08-02 13:45:00,1612.6,,1514.46666666667,995.0,2024.4,,,1402.86666666667,2641.33333333333,1094.86666666667,1163.13333333333
2026-08-02 14:00:00,1496.86666666667,,1507.06666666667,971.866666666667,1870.13333333333,,,1396.0,2439.26666666667,1109.0,1261.2
2026-08-02 14:15:00,1523.2,,1710.6,983.8,1970.2,,,1509.66666666667,2740.2,1442.0,1479.06666666667
2026-08-02 14:30:00,1594.86666666667,,1658.8,1056.46666666667,2156.0,,,1630.66666666667,2817.86666666667,1293.4,1410.66666666667
2026-08-02 14:45:00,1739.6,,1437.86666666667,1171.13333333333,2083.06666666667,2616.75,,1535.8,1361.06666666667,1150.66666666667,1316.6
2026-08-02 15:00:00,1563.33333333333,,1007.13333333333,1121.8,1929.06666666667,1936.86666666667,,1380.86666666667,1099.4,1224.4,1058.46666666667
2026-08-02 15:15:00,1378.33333333333,,977.266666666667,1106.2,1735.8,1670.0,,1073.0,942.4,1088.73333333333,881.4
2026-08-02 15:30:00,1047.33333333333,,878.333333333333,1170.0,1735.66666666667,999.666666666667,,885.6,971.933333333333,895.066666666667,766.466666666667
2026-08-02 15:45:00,961.6,,850.066666666667,1196.66666666667,1434.8,818.133333333333,,767.8,1443.73333333333,775.8,740.8
2026-08-02 16:00:00,945.2,,905.533333333333,1092.93333333333,1104.0,904.8,,769.533333333333,1548.73333333333,665.6,791.2
2026-08-02 16:15:00,930.6,,1073.06666666667,992.2,1209.4,1110.33333333333,,1134.73333333333,1526.53333333333,713.2,952.933333333333
2026-08-02 16:30:00,903.066666666667,,1140.0,916.4,1294.0,1208.86666666667,,1007.53333333333,1540.4,727.666666666667,994.333333333333
2026-08-02 16:45:00,840.466666666667,,1042.66666666667,867.8,1417.13333333333,1246.26666666667,,982.266666666667,1664.46666666667,729.333333333333,845.866666666667
2026-08-02 17:00:00,878.6,,1014.0,820.8,1365.46666666667,1318.6,,939.333333333333,1818.2,764.2,808.266666666667
2026-08-02 17:15:00,1083.26666666667,,917.4,884.066666666667,1411.13333333333,1300.4,,913.466666666667,1706.06666666667,773.533333333333,956.0
2026-08-02 17:30:00,1160.93333333333,,986.933333333333,1085.0,1428.0,1249.8,,901.866666666667,1693.73333333333,789.266666666667,1037.66666666667
2026-08-02 17:45:00,1160.0,,1042.66666666667,1070.2,1454.13333333333,1386.06666666667,,912.666666666667,1616.73333333333,897.533333333333,897.8
2026-08-02 18:00:00,1176.73333333333,,1055.33333333333,1071.46666666667,1508.2,1412.4,,930.733333333333,1759.8,850.866666666667,999.466666666667
2026-08-02 18:15:00,1223.6,,1146.93333333333,1044.6,1495.4,1524.06666666667,,983.8,1901.06666666667,752.866666666667,1214.8
2026-08-02 18:30:00,1386.2,,1276.13333333333,1032.93333333333,1496.2,1633.33333333333,,358.266666666667,1186.6,335.733333333333,767.0
2026-08-02 18:45:00,839.2,,664.933333333333,1036.93333333333,1629.73333333333,1702.93333333333,,462.2,1195.13333333333,416.066666666667,653.666666666667
2026-08-02 19:00:00,802.333333333333,,421.733333333333,1038.4,1691.93333333333,999.533333333333,,,1269.4,938.466666666667,765.733333333333
2026-08-02 19:15:00,878.266666666667,,571.666666666667,1058.06666666667,836.666666666667,544.333333333333,,678.0,1270.26666666667,564.066666666667,764.866666666667
2026-08-02 19:30:00,602.666666666667,,702.866666666667,1061.53333333333,840.133333333333,534.866666666667,,955.533333333333,1064.2,698.666666666667,892.8
2026-08-02 19:45:00,554.8,,707.133333333333,1128.66666666667,743.666666666667,776.933333333333,,944.266666666667,1122.73333333333,645.2,919.733333333333
2026-08-02 20:00:00,577.866666666667,,750.8,1205.73333333333,954.4,882.6,,1054.86666666667,1207.33333333333,715.466666666667,1010.26666666667
2026-08-02 20:15:00,747.266666666667,,751.866666666667,1167.93333333333,923.866666666667,984.2,,1035.53333333333,1287.06666666667,753.6,1024.0
2026-08-02 20:30:00,670.866666666667,,707.166666666667,1270.86666666667,1022.93333333333,1005.4,,1040.73333333333,1467.46666666667,781.733333333333,1150.66666666667
2026-08-02 20:45:00,754.666666666667,,,1059.26666666667,1119.8,1033.26666666667,,1130.4,1486.6,848.066666666667,1211.6
2026-08-02 21:00:00,786.733333333333,,,1016.6,1085.93333333333,1000.53333333333,,1107.8,1514.66666666667,868.133333333333,1219.13333333333
2026-08-02 21:15:00,837.266666666667,,,1023.26666666667,1113.0,1017.26666666667,,1091.73333333333,1605.06666666667,894.2,1252.13333333333
2026-08-02 21:30:00,892.0,,,1016.26666666667,1026.6,921.6,,1004.73333333333,1710.4,984.866666666667,1168.93333333333
2026-08-02 21:45:00,920.666666666667,,,938.133333333333,1137.0,907.733333333333,,999.2,1735.46666666667,951.466666666667,1292.26666666667
2026-08-02 22:00:00,961.6,,,748.733333333333,1179.8,884.6,,1032.93333333333,1791.66666666667,893.266666666667,1158.46666666667
2026-08-02 22:15:00,1117.93333333333,,,721.8,2070.86666666667,940.533333333333,,1121.06666666667,1918.06666666667,859.066666666667,1148.86666666667
2026-08-02 22:30:00,1013.86666666667,,,803.133333333333,1326.86666666667,995.0,,1143.33333333333,1992.8,872.466666666667,1251.86666666667
2026-08-02 22:45:00,1017.33333333333,,,813.066666666667,1347.33333333333,1025.46666666667,,981.2,2112.0,920.333333333333,1107.86666666667
2026-08-02 23:00:00,1504.0,,,845.2,1240.26666666667,1066.26666666667,,982.866666666667,2085.66666666667,1015.06666666667,1337.93333333333
2026-08-02 23:15:00,1881.2,,,925.6,1516.6,1086.06666666667,,1192.93333333333,2219.46666666667,1162.73333333333,2078.0
2026-08-02 23:30:00,1574.33333333333,,,945.533333333333,1893.33333333333,1328.0,,1480.4,2117.93333333333,1219.06666666667,1497.2
2026-08-02 23:45:00,1544.66666666667,,,1073.86666666667,1682.0,2316.0,,1207.53333333333,2095.2,1252.8,1658.46666666667
2026-08-03 00:00:00,1613.26666666667,,,1208.86666666667,1867.6,2506.86666666667,,1227.93333333333,1858.73333333333,1203.73333333333,1592.26666666667
2026-08-03 00:15:00,1996.33333333333,,,1133.06666666667,2207.53333333333,1984.8,,1343.33333333333,1275.73333333333,1129.86666666667,1512.6
2026-08-03 00:30:00,1902.13333333333,,,1156.33333333333,2117.4,2009.53333333333,,1194.33333333333,1111.8,891.066666666667,1237.13333333333
2026-08-03 00:45:00,803.533333333333,,,1312.66666666667,2126.33333333333,1939.86666666667,,961.0,928.733333333333,703.866666666667,1208.33333333333
2026-08-03 01:00:00,656.066666666667,,,1324.66666666667,1677.46666666667,1861.8,,1020.2,676.133333333333,740.333333333333,1257.13333333333
2026-08-03 01:15:00,654.133333333333,,,1267.26666666667,1315.4,1279.86666666667,,758.733333333333,451.666666666667,568.8,841.266666666667
2026-08-03 01:30:00,577.4,,,1435.13333333333,1165.53333333333,804.666666666667,,376.866666666667,370.0,372.533333333333,454.6
2026-08-03 01:45:00,330.733333333333,,,1609.13333333333,592.0,403.0,,319.8,279.466666666667,306.866666666667,387.733333333333
2026-08-03 02:00:00,279.733333333333,,,1386.66666666667,351.8,308.666666666667,,315.466666666667,258.933333333333,264.4,423.333333333333
2026-08-03 02:15:00,271.733333333333,,,1402.66666666667,324.6,291.866666666667,,302.333333333333,279.866666666667,253.4,364.866666666667
2026-08-03 02:30:00,256.133333333333,,,1699.86666666667,327.933333333333,298.066666666667,,302.066666666667,308.0,270.333333333333,422.6
2026-08-03 02:45:00,244.066666666667,,,1786.4,310.733333333333,286.266666666667,,342.4,390.133333333333,303.8,402.333333333333
2026-08-03 03:00:00,235.6,,,1838.8,298.733333333333,322.133333333333,,424.666666666667,448.6,362.066666666667,407.0
2026-08-03 03:15:00,248.866666666667,,,2254.0,301.466666666667,360.4,,468.533333333333,384.466666666667,370.733333333333,423.933333333333
2026-08-03 03:30:00,264.8,,,2411.93333333333,315.333333333333,482.066666666667,,483.666666666667,426.133333333333,412.866666666667,466.8
2026-08-03 03:45:00,283.4,,,1911.33333333333,354.533333333333,642.466666666667,,490.8,377.6,424.2,471.266666666667
2026-08-03 04:00:00,336.8,,,1893.06666666667,436.533333333333,625.266666666667,,474.533333333333,355.8,411.8,454.266666666667
2026-08-03 04:15:00,334.733333333333,,,1466.86666666667,583.666666666667,647.266666666667,,462.666666666667,354.133333333333,358.733333333333,426.466666666667
2026-08-03 04:30:00,313.6,,,1257.73333333333,562.666666666667,675.333333333333,,422.733333333333,374.6,359.8,437.333333333333
2026-08-03 04:45:00,329.733333333333,,,1675.73333333333,438.2,543.8,,381.666666666667,383.266666666667,341.866666666667,450.333333333333
2026-08-03 05:00:00,327.6,,,1330.53333333333,451.133333333333,517.533333333333,,394.6,405.0,341.0,459.266666666667
2026-08-03 05:15:00,318.066666666667,,,1052.2,445.2,473.933333333333,,352.2,419.6,332.466666666667,418.933333333333
2026-08-03 05:30:00,302.6,,,938.4,387.266666666667,428.466666666667,,346.866666666667,430.066666666667,343.4,389.6
2026-08-03 05:45:00,305.133333333333,,,1082.8,375.466666666667,424.933333333333,,333.8,440.933333333333,309.933333333333,427.666666666667
2026-08-03 06:00:00,345.266666666667,,,1081.73333333333,367.266666666667,410.866666666667,,316.666666666667,447.0,315.666666666667,444.6
2026-08-03 06:15:00,361.466666666667,,,1046.93333333333,381.933333333333,372.333333333333,,335.666666666667,450.466666666667,355.466666666667,505.066666666667
2026-08-03 06:30:00,376.533333333333,,,1061.66666666667,395.733333333333,376.8,,338.2,460.666666666667,330.2,500.333333333333
2026-08-03 06:45:00,340.933333333333,,,1031.93333333333,399.0,409.2,,384.533333333333,418.666666666667,330.6,499.2
2026-08-03 07:00:00,348.866666666667,,,809.533333333333,438.0,424.266666666667,,468.133333333333,405.533333333333,419.133333333333,545.733333333333
2026-08-03 07:15:00,297.266666666667,,,873.4,424.2,417.133333333333,,537.8,392.8,395.466666666667,523.8
2026-08-03 07:30:00,275.333333333333,,,1130.86666666667,405.066666666667,423.4,,533.866666666667,398.8,347.4,513.733333333333
2026-08-03 07:45:00,222.933333333333,,,992.0,348.666666666667,379.133333333333,,488.266666666667,364.4,307.0,423.333333333333
2026-08-03 08:00:00,196.266666666667,,,910.2,310.266666666667,324.8,,386.066666666667,338.133333333333,265.6,351.933333333333
2026-08-03 08:15:00,187.533333333333,,,850.333333333333,289.8,308.866666666667,,349.866666666667,316.466666666667,260.6,334.133333333333
2026-08-03 08:30:00,175.4,,,1123.0,264.733333333333,327.066666666667,,315.933333333333,315.533333333333,211.333333333333,332.733333333333
2026-08-03 08:45:00,192.533333333333,,,1843.53333333333,263.666666666667,294.733333333333,,328.133333333333,325.8,233.533333333333,315.066666666667
2026-08-03 09:00:00,205.866666666667,,,2733.73333333333,282.2,292.133333333333,,315.0,355.2,244.2,286.333333333333
2026-08-03 09:15:00,216.2,,,3646.86666666667,362.133333333333,291.266666666667,,303.0,415.4,215.6,231.266666666667
2026-08-03 09:30:00,277.8,,,2770.93333333333,359.4,315.466666666667,,291.8,422.8,191.866666666667,239.333333333333
2026-08-03 09:45:00,441.8,,,3385.93333333333,402.066666666667,397.733333333333,,304.733333333333,464.733333333333,186.266666666667,275.2
2026-08-03 10:00:00,618.666666666667,,,4413.4,402.466666666667,435.066666666667,,317.133333333333,574.866666666667,193.0,293.2
2026-08-03 10:15:00,339.6,,,4756.73333333333,488.533333333333,499.466666666667,,360.333333333333,696.266666666667,237.466666666667,314.866666666667
2026-08-03 10:30:00,401.733333333333,,,5676.2,507.8,478.266666666667,,428.133333333333,797.866666666667,245.866666666667,375.8
2026-08-03 10:45:00,454.666666666667,,,5931.6,643.266666666667,577.4,,445.533333333333,863.466666666667,310.866666666667,378.333333333333
2026-08-03 11:00:00,470.4,,,5918.93333333333,722.4,588.066666666667,,469.066666666667,932.666666666667,335.733333333333,412.0
2026-08-03 11:15:00,517.133333333333,,,6078.26666666667,673.0,549.0,,467.6,835.266666666667,353.6,409.8
2026-08-03 11:30:00,565.533333333333,,,6047.8,643.266666666667,601.933333333333,,440.666666666667,742.8,325.0,376.333333333333
2026-08-03 11:45:00,676.266666666667,,,5878.86666666667,566.133333333333,639.466666666667,,432.733333333333,748.933333333333,346.933333333333,373.466666666667
2026-08-03 12:00:00,614.933333333333,,,5815.86666666667,606.733333333333,592.8,,482.133333333333,674.6,365.2,390.666666666667
2026-08-03 12:15:00,653.266666666667,,,5699.86666666667,655.066666666667,617.2,,500.666666666667,654.466666666667,370.933333333333,378.466666666667
2026-08-03 12:30:00,635.2,,,5077.93333333333,682.066666666667,583.333333333333,,515.866666666667,642.933333333333,372.533333333333,1577.4
2026-08-03 12:45:00,590.133333333333,,,5685.06666666667,706.133333333333,602.333333333333,,558.333333333333,576.333333333333,390.466666666667,557.266666666667
2026-08-03 13:00:00,561.2,,,5726.33333333333,660.4,602.866666666667,,495.666666666667,514.133333333333,362.066666666667,393.4
2026-08-03 13:15:00,488.4,,,6027.13333333333,689.733333333333,605.4,,438.8,450.4,327.2,367.533333333333
2026-08-03 13:30:00,541.866666666667,,,6032.4,647.533333333333,579.0,,374.4,406.933333333333,280.8,308.466666666667
2026-08-03 13:45:00,463.733333333333,,,5414.66666666667,611.4,501.866666666667,,328.733333333333,399.333333333333,260.2,278.916666666667
2026-08-03 14:00:00,421.266666666667,,,4926.26666666667,602.333333333333,477.066666666667,,352.6,354.533333333333,275.466666666667,
2026-08-03 14:15:00,385.0,,,4163.13333333333,544.6,408.4,,342.533333333333,311.066666666667,241.0,
2026-08-03 14:30:00,350.2,,,3877.33333333333,495.8,393.866666666667,,274.266666666667,313.666666666667,226.733333333333,
2026-08-03 14:45:00,395.666666666667,,,3351.86666666667,463.6,347.4,,285.733333333333,315.0,233.666666666667,
2026-08-03 15:00:00,333.866666666667,,,2994.8,432.733333333333,326.266666666667,,270.733333333333,320.0,214.6,
2026-08-03 15:15:00,390.066666666667,,,2983.46666666667,415.0,327.066666666667,,245.8,320.266666666667,230.466666666667,
2026-08-03 15:30:00,499.266666666667,,,3236.46666666667,354.0,266.6,,215.133333333333,316.4,211.8,
2026-08-03 15:45:00,341.4,,,3082.53333333333,333.8,260.533333333333,,191.733333333333,309.2,206.666666666667,
2026-08-03 16:00:00,318.2,,,3078.33333333333,313.533333333333,272.666666666667,,183.333333333333,298.866666666667,203.266666666667,
2026-08-03 16:15:00,375.2,,,2583.8,311.933333333333,265.333333333333,,180.066666666667,270.666666666667,194.266666666667,
2026-08-03 16:30:00,284.733333333333,,,2231.06666666667,320.866666666667,265.333333333333,,188.333333333333,263.733333333333,203.266666666667,
2026-08-03 16:45:00,294.2,,,2083.6,300.466666666667,276.266666666667,,210.266666666667,257.133333333333,212.666666666667,
2026-08-03 17:00:00,292.466666666667,,,2001.6,324.8,260.6,,218.6,255.6,203.266666666667,220.0
2026-08-03 17:15:00,294.866666666667,,,1932.4,309.533333333333,256.533333333333,,223.533333333333,250.4,203.8,179.333333333333
2026-08-03 17:30:00,281.6,,,1876.4,416.266666666667,250.533333333333,,222.066666666667,253.533333333333,188.8,192.333333333333
2026-08-03 17:45:00,339.066666666667,,,2389.0,407.6,225.2,,206.266666666667,7484.66666666667,197.0,213.8
2026-08-03 18:00:00,301.666666666667,,,2570.86666666667,263.066666666667,220.533333333333,,212.333333333333,576.866666666667,198.733333333333,549.4
2026-08-03 18:15:00,514.6,,,2862.33333333333,242.066666666667,193.133333333333,,226.333333333333,254.4,193.866666666667,804.4
2026-08-03 18:30:00,472.333333333333,,,3234.2,245.6,149.4,,215.666666666667,250.733333333333,214.266666666667,198.266666666667
2026-08-03 18:45:00,325.133333333333,,,3368.46666666667,245.066666666667,161.866666666667,,216.066666666667,249.2,223.266666666667,264.466666666667
2026-08-03 19:00:00,320.133333333333,,,3420.26666666667,261.0,188.733333333333,,218.0,261.533333333333,216.0,225.866666666667
2026-08-03 19:15:00,324.6,,,3651.0,312.466666666667,220.266666666667,,224.6,257.866666666667,228.8,259.866666666667
2026-08-03 19:30:00,288.6,,,3489.0,410.933333333333,236.466666666667,,234.266666666667,256.733333333333,240.333333333333,268.866666666667
2026-08-03 19:45:00,253.0,,,2700.73333333333,322.666666666667,235.6,,241.533333333333,288.533333333333,237.0,294.0
2026-08-03 20:00:00,268.2,,,3447.06666666667,364.466666666667,241.933333333333,,248.466666666667,317.0,238.6,346.666666666667
2026-08-03 20:15:00,304.733333333333,,,3204.8,486.2,265.8,,252.333333333333,305.733333333333,236.0,436.0
2026-08-03 20:30:00,437.8,,,3737.2,474.533333333333,274.0,,269.4,328.666666666667,254.533333333333,810.4
2026-08-03 20:45:00,393.866666666667,,,3924.46666666667,453.2,302.933333333333,,268.866666666667,375.333333333333,273.0,431.466666666667
2026-08-03 21:00:00,528.2,,,3774.66666666667,388.133333333333,351.333333333333,,272.733333333333,359.0,302.666666666667,463.066666666667
2026-08-03 21:15:00,382.866666666667,,,3421.73333333333,478.666666666667,337.933333333333,,366.0,397.733333333333,361.133333333333,761.333333333333
2026-08-03 21:30:00,408.0,,,2848.46666666667,673.866666666667,368.066666666667,,299.533333333333,447.266666666667,397.0,757.266666666667
2026-08-03 21:45:00,443.133333333333,,,2321.13333333333,727.266666666667,392.133333333333,,319.0,498.666666666667,397.2,1037.93333333333
2026-08-03 22:00:00,384.866666666667,,,2182.13333333333,628.2,430.533333333333,,345.2,566.733333333333,381.066666666667,772.333333333333
2026-08-03 22:15:00,382.933333333333,,,2086.46666666667,658.466666666667,455.333333333333,,348.733333333333,580.533333333333,388.6,681.4
2026-08-03 22:30:00,384.533333333333,,,1862.53333333333,530.266666666667,462.4,,355.666666666667,547.133333333333,393.8,600.466666666667
2026-08-03 22:45:00,382.2,,,1531.8,539.533333333333,443.066666666667,,354.533333333333,713.0,401.533333333333,556.333333333333
2026-08-03 23:00:00,376.866666666667,,,1116.33333333333,646.066666666667,458.066666666667,,378.4,566.266666666667,401.4,605.0
2026-08-03 23:15:00,381.066666666667,,,734.866666666667,751.0,441.266666666667,,346.4,641.066666666667,381.066666666667,627.466666666667
2026-08-03 23:30:00,387.333333333333,,,465.333333333333,760.066666666667,471.466666666667,,337.6,655.733333333333,400.8,619.6
2026-08-03 23:45:00,404.0,,,265.533333333333,909.4,475.6,,368.666666666667,708.866666666667,408.4,629.133333333333
2026-08-04 00:00:00,426.466666666667,,389.066666666667,186.0,832.333333333333,465.0,,382.866666666667,634.4,414.133333333333,603.666666666667
2026-08-04 00:15:00,443.6,,371.2,145.066666666667,753.933333333333,462.666666666667,,428.933333333333,746.8,438.933333333333,646.666666666667
2026-08-04 00:30:00,456.533333333333,,359.666666666667,128.4,776.466666666667,483.266666666667,,411.0,708.466666666667,475.266666666667,647.333333333333
2026-08-04 00:45:00,454.933333333333,,368.4,124.866666666667,718.2,486.4,,427.333333333333,658.733333333333,495.266666666667,678.333333333333
2026-08-04 01:00:00,451.133333333333,,362.2,139.066666666667,598.2,483.333333333333,,409.133333333333,644.0,481.8,703.666666666667
2026-08-04 01:15:00,468.333333333333,,381.866666666667,157.4,706.866666666667,500.866666666667,,391.733333333333,660.333333333333,450.533333333333,696.8
2026-08-04 01:30:00,518.933333333333,,391.8,174.0,620.866666666667,533.333333333333,,373.266666666667,684.066666666667,434.133333333333,735.4
2026-08-04 01:45:00,525.933333333333,,401.0,192.066666666667,637.733333333333,554.8,,399.0,721.533333333333,422.933333333333,757.4
2026-08-04 02:00:00,534.0,,398.933333333333,266.866666666667,718.666666666667,583.466666666667,,424.0,745.6,434.8,723.333333333333
2026-08-04 02:15:00,545.533333333333,,393.466666666667,247.933333333333,774.733333333333,612.066666666667,,410.866666666667,743.666666666667,441.6,756.066666666667
2026-08-04 02:30:00,550.533333333333,,402.333333333333,267.266666666667,851.6,634.8,,434.8,736.866666666667,441.4,764.2
2026-08-04 02:45:00,625.8,,421.866666666667,294.333333333333,884.466666666667,672.133333333333,,456.933333333333,730.6,460.8,761.733333333333
2026-08-04 03:00:00,710.666666666667,,440.666666666667,315.533333333333,904.533333333333,768.466666666667,,487.133333333333,739.666666666667,484.0,778.133333333333
2026-08-04 03:15:00,926.533333333333,,436.933333333333,339.466666666667,904.266666666667,783.333333333333,,485.4,750.4,501.133333333333,874.8
2026-08-04 03:30:00,1138.66666666667,,454.133333333333,348.866666666667,1002.26666666667,783.4,,501.0,745.6,526.2,863.933333333333
2026-08-04 03:45:00,1176.06666666667,,472.8,362.2,990.133333333333,763.933333333333,,510.2,715.533333333333,550.733333333333,881.866666666667
2026-08-04 04:00:00,1189.2,,488.933333333333,346.333333333333,962.866666666667,730.866666666667,,551.266666666667,734.466666666667,558.733333333333,875.133333333333
2026-08-04 04:15:00,1255.73333333333,,492.8,367.533333333333,996.066666666667,732.4,,610.933333333333,752.6,572.6,867.333333333333
2026-08-04 04:30:00,1366.33333333333,,505.066666666667,381.266666666667,1070.06666666667,781.933333333333,,610.933333333333,742.533333333333,576.266666666667,859.8
2026-08-04 04:45:00,1365.66666666667,,518.866666666667,397.4,1105.0,825.6,,607.666666666667,775.0,582.666666666667,888.733333333333
2026-08-04 05:00:00,1396.33333333333,,548.933333333333,377.6,1106.46666666667,995.666666666667,,640.6,802.2,609.733333333333,846.4
2026-08-04 05:15:00,1517.93333333333,,563.133333333333,367.0,1117.13333333333,967.6,,669.0,798.0,616.133333333333,864.0
2026-08-04 05:30:00,1526.06666666667,,592.733333333333,405.666666666667,1129.33333333333,1004.73333333333,,745.6,802.266666666667,648.666666666667,906.6
2026-08-04 05:45:00,1568.2,,650.2,439.8,1112.33333333333,1016.8,,775.6,833.266666666667,677.066666666667,932.133333333333
2026-08-04 06:00:00,1560.8,,677.933333333333,466.866666666667,1000.33333333333,1065.2,,838.4,843.6,695.866666666667,1008.53333333333
2026-08-04 06:15:00,1441.33333333333,,704.333333333333,437.933333333333,1031.93333333333,1116.53333333333,,881.666666666667,870.0,692.066666666667,1091.8
2026-08-04 06:30:00,1322.4,,724.933333333333,479.4,1034.2,1318.86666666667,,868.933333333333,912.666666666667,701.466666666667,1049.2
2026-08-04 06:45:00,1202.26666666667,,697.6,535.2,981.533333333333,1965.26666666667,,837.533333333333,895.2,777.933333333333,995.666666666667
2026-08-04 07:00:00,1111.06666666667,,710.666666666667,510.133333333333,974.4,2295.2,,1059.26666666667,860.666666666667,868.733333333333,1066.0
2026-08-04 07:15:00,987.733333333333,,721.0,457.666666666667,1428.86666666667,1880.2,,1209.8,889.466666666667,826.733333333333,1171.66666666667
2026-08-04 07:30:00,904.866666666667,,729.0,451.0,1589.0,1785.4,,1041.4,863.8,799.4,1280.06666666667
2026-08-04 07:45:00,753.133333333333,,723.8,454.466666666667,1199.73333333333,1599.06666666667,,938.066666666667,902.733333333333,754.6,1359.33333333333
2026-08-04 08:00:00,677.666666666667,,715.4,472.2,1048.0,1513.66666666667,,884.933333333333,907.533333333333,759.533333333333,1566.8
2026-08-04 08:15:00,688.2,,735.066666666667,429.933333333333,989.4,1769.06666666667,,864.866666666667,890.666666666667,624.933333333333,1416.46666666667
2026-08-04 08:30:00,712.8,,780.066666666667,361.933333333333,954.6,1654.8,,801.133333333333,893.733333333333,641.266666666667,1215.55555555556
2026-08-04 08:45:00,577.933333333333,,769.866666666667,371.266666666667,934.8,1278.13333333333,,761.466666666667,864.466666666667,665.666666666667,
2026-08-04 09:00:00,501.933333333333,,714.066666666667,314.6,885.666666666667,994.333333333333,,809.2,833.533333333333,600.466666666667,767.75
2026-08-04 09:15:00,465.733333333333,,676.866666666667,282.466666666667,820.8,994.2,,783.933333333333,811.4,540.733333333333,711.6
2026-08-04 09:30:00,455.2,,620.733333333333,292.0,739.0,739.6,,691.933333333333,759.466666666667,501.2,678.0
2026-08-04 09:45:00,432.066666666667,,621.333333333333,440.933333333333,673.666666666667,694.466666666667,,664.933333333333,733.666666666667,432.866666666667,668.933333333333
2026-08-04 10:00:00,413.266666666667,,641.0,455.066666666667,645.0,630.666666666667,,657.666666666667,684.466666666667,487.8,629.733333333333
2026-08-04 10:15:00,338.933333333333,,633.266666666667,334.133333333333,632.866666666667,571.333333333333,,636.933333333333,630.266666666667,500.533333333333,538.0
2026-08-04 10:30:00,325.666666666667,,588.6,705.6,627.866666666667,557.866666666667,,553.666666666667,636.866666666667,510.8,453.2
2026-08-04 10:45:00,355.266666666667,,563.866666666667,2085.2,622.4,548.466666666667,,509.733333333333,628.8,454.466666666667,433.133333333333
2026-08-04 11:00:00,403.866666666667,,549.4,513.466666666667,610.0,549.866666666667,,446.333333333333,630.866666666667,419.333333333333,414.0
2026-08-04 11:15:00,496.666666666667,,541.666666666667,1457.0,610.266666666667,566.266666666667,,450.733333333333,622.333333333333,394.133333333333,400.333333333333
2026-08-04 11:30:00,583.666666666667,,530.133333333333,386.066666666667,617.0,557.733333333333,,442.0,614.6,392.933333333333,426.866666666667
2026-08-04 11:45:00,581.466666666667,,494.8,382.2,623.666666666667,567.466666666667,,433.2,611.266666666667,387.733333333333,400.066666666667
2026-08-04 12:00:00,609.866666666667,,481.4,325.066666666667,593.533333333333,552.4,,429.933333333333,627.333333333333,369.666666666667,398.333333333333
2026-08-04 12:15:00,606.133333333333,,452.066666666667,341.8,560.666666666667,600.866666666667,,434.533333333333,621.0,369.066666666667,367.733333333333
2026-08-04 12:30:00,586.0,,407.466666666667,317.0,545.533333333333,585.8,,412.066666666667,624.6,338.666666666667,367.533333333333
2026-08-04 12:45:00,597.2,,380.266666666667,329.2,544.666666666667,552.066666666667,,400.066666666667,610.066666666667,332.733333333333,352.6
2026-08-04 13:00:00,564.933333333333,,376.866666666667,321.733333333333,542.2,605.133333333333,,379.733333333333,580.133333333333,323.266666666667,316.933333333333
2026-08-04 13:15:00,531.4,,372.0,296.933333333333,543.133333333333,559.6,,370.066666666667,557.4,376.866666666667,303.4
2026-08-04 13:30:00,512.6,,369.0,375.6,523.466666666667,558.533333333333,,354.466666666667,542.0,314.266666666667,298.8
2026-08-04 13:45:00,530.333333333333,,360.933333333333,433.666666666667,498.0,516.0,,345.733333333333,558.666666666667,297.6,278.733333333333
2026-08-04 14:00:00,517.933333333333,,351.8,395.733333333333,515.2,478.0,,340.933333333333,554.066666666667,286.0,265.333333333333
2026-08-04 14:15:00,513.8,,337.0,395.866666666667,519.333333333333,499.666666666667,,329.466666666667,546.8,290.133333333333,251.6
2026-08-04 14:30:00,501.333333333333,,319.733333333333,357.266666666667,575.933333333333,519.733333333333,,295.733333333333,539.933333333333,273.933333333333,219.533333333333
2026-08-04 14:45:00,493.266666666667,,317.8,365.733333333333,559.666666666667,499.333333333333,,278.066666666667,509.666666666667,270.933333333333,234.333333333333
2026-08-04 15:00:00,445.733333333333,,311.466666666667,337.866666666667,520.466666666667,497.733333333333,,286.2,465.4,278.066666666667,223.666666666667
2026-08-04 15:15:00,424.666666666667,,340.133333333333,339.6,496.333333333333,483.2,,246.0,471.133333333333,288.666666666667,204.066666666667
2026-08-04 15:30:00,488.4,,314.933333333333,339.333333333333,523.133333333333,460.533333333333,,207.733333333333,460.066666666667,256.066666666667,203.133333333333
2026-08-04 15:45:00,525.133333333333,,295.0,333.6,482.4,474.2,,200.2,444.933333333333,251.733333333333,195.266666666667
2026-08-04 16:00:00,521.533333333333,,277.533333333333,334.333333333333,492.733333333333,427.533333333333,,222.733333333333,441.133333333333,270.066666666667,200.6
2026-08-04 16:15:00,500.0,,275.8,359.666666666667,485.533333333333,436.133333333333,,210.866666666667,437.8,288.533333333333,231.0
2026-08-04 16:30:00,495.333333333333,,270.2,397.666666666667,444.666666666667,371.933333333333,,217.333333333333,439.933333333333,298.533333333333,231.266666666667
2026-08-04 16:45:00,458.6,,258.266666666667,374.333333333333,396.133333333333,378.0,,197.266666666667,426.666666666667,272.466666666667,205.266666666667
2026-08-04 17:00:00,496.0,,270.133333333333,390.0,385.6,396.133333333333,,224.0,2111.8,282.733333333333,213.733333333333
2026-08-04 17:15:00,459.866666666667,,258.0,381.933333333333,383.8,403.533333333333,,220.933333333333,999.066666666667,264.466666666667,243.0
2026-08-04 17:30:00,439.0,,240.266666666667,362.4,344.333333333333,391.533333333333,,278.466666666667,417.533333333333,256.6,242.133333333333
2026-08-04 17:45:00,475.533333333333,,378.466666666667,383.466666666667,338.466666666667,360.8,,290.6,431.0,264.866666666667,248.6
2026-08-04 18:00:00,481.933333333333,,397.6,404.466666666667,326.266666666667,315.933333333333,,271.2,448.0,260.533333333333,266.6
2026-08-04 18:15:00,493.333333333333,,220.8,418.0,330.266666666667,282.6,,254.133333333333,448.333333333333,328.0,251.2
2026-08-04 18:30:00,481.866666666667,,166.933333333333,453.533333333333,375.333333333333,239.466666666667,,245.333333333333,445.666666666667,276.666666666667,244.733333333333
2026-08-04 18:45:00,452.733333333333,,132.933333333333,485.733333333333,403.333333333333,267.733333333333,,267.266666666667,426.8,268.4,273.333333333333
2026-08-04 19:00:00,456.333333333333,,122.933333333333,540.0,316.0,323.133333333333,,262.2,416.8,294.066666666667,302.266666666667
2026-08-04 19:15:00,421.6,,173.933333333333,527.533333333333,300.2,443.6,,228.6,431.2,258.6,334.8
2026-08-04 19:30:00,451.066666666667,,189.733333333333,618.866666666667,303.866666666667,354.0,,217.666666666667,453.866666666667,237.6,316.8
2026-08-04 19:45:00,449.333333333333,,202.666666666667,570.4,314.4,334.466666666667,,233.466666666667,488.866666666667,232.8,269.6
2026-08-04 20:00:00,444.0,,230.666666666667,636.0,349.133333333333,360.2,,256.933333333333,450.2,229.6,285.133333333333
2026-08-04 20:15:00,468.533333333333,,258.533333333333,648.733333333333,428.133333333333,372.333333333333,,298.666666666667,456.266666666667,242.133333333333,845.466666666667
2026-08-04 20:30:00,512.4,,279.466666666667,687.933333333333,455.8,420.0,,287.0,482.666666666667,263.866666666667,354.533333333333
2026-08-04 20:45:00,496.133333333333,,252.4,730.2,459.066666666667,434.133333333333,,277.133333333333,529.666666666667,330.933333333333,374.333333333333
2026-08-04 21:00:00,518.533333333333,,268.266666666667,753.8,482.666666666667,472.066666666667,,284.733333333333,576.933333333333,375.533333333333,458.733333333333
2026-08-04 21:15:00,490.933333333333,,282.866666666667,752.466666666667,455.066666666667,470.466666666667,,328.6,607.4,367.066666666667,492.933333333333
2026-08-04 21:30:00,503.2,,321.6,764.2,468.133333333333,560.933333333333,,443.066666666667,665.6,383.266666666667,526.466666666667
2026-08-04 21:45:00,529.266666666667,,387.266666666667,772.2,517.466666666667,668.933333333333,,410.133333333333,662.133333333333,388.733333333333,581.666666666667
2026-08-04 22:00:00,595.533333333333,,412.6,735.333333333333,569.2,627.6,,371.933333333333,710.333333333333,435.6,899.0
2026-08-04 22:15:00,534.866666666667,,482.8,717.8,624.533333333333,534.066666666667,,370.533333333333,766.133333333333,445.6,606.466666666667
2026-08-04 22:30:00,502.466666666667,,487.933333333333,708.933333333333,563.8,497.4,,433.2,788.733333333333,440.733333333333,625.0
2026-08-04 22:45:00,501.933333333333,,483.866666666667,691.466666666667,576.666666666667,509.666666666667,,426.866666666667,900.0,471.2,680.333333333333
2026-08-04 23:00:00,509.4,,502.8,701.733333333333,613.0,531.933333333333,,395.066666666667,959.133333333333,495.0,689.066666666667
2026-08-04 23:15:00,505.666666666667,,484.0,728.333333333333,631.8,559.266666666667,,432.333333333333,886.4,474.2,660.666666666667
2026-08-04 23:30:00,508.133333333333,,461.066666666667,710.533333333333,619.0,563.666666666667,,459.333333333333,919.666666666667,479.6,613.133333333333
2026-08-04 23:45:00,503.6,,462.066666666667,726.533333333333,610.6,562.066666666667,,456.8,1007.93333333333,479.066666666667,535.666666666667
2026-08-05 00:00:00,515.8,,453.533333333333,730.8,623.266666666667,553.2,,444.733333333333,1070.0,412.466666666667,513.733333333333
2026-08-05 00:15:00,523.133333333333,,466.266666666667,728.666666666667,597.866666666667,553.266666666667,,423.2,925.733333333333,371.733333333333,520.866666666667
2026-08-05 00:30:00,531.6,,462.4,732.0,604.133333333333,544.733333333333,,413.6,851.133333333333,365.733333333333,586.666666666667
2026-08-05 00:45:00,535.4,,472.933333333333,729.6,650.333333333333,557.533333333333,,406.466666666667,882.133333333333,368.0,602.4
2026-08-05 01:00:00,615.0,,476.933333333333,744.466666666667,641.866666666667,572.0,,414.733333333333,869.8,366.2,502.333333333333
2026-08-05 01:15:00,666.066666666667,,501.133333333333,770.266666666667,653.266666666667,564.466666666667,,417.466666666667,838.066666666667,377.466666666667,479.0
2026-08-05 01:30:00,666.2,,504.066666666667,778.666666666667,654.933333333333,573.133333333333,,418.533333333333,921.666666666667,397.0,495.4
2026-08-05 01:45:00,695.066666666667,,492.466666666667,768.466666666667,699.8,587.266666666667,,419.2,955.666666666667,399.933333333333,609.333333333333
2026-08-05 02:00:00,676.333333333333,,503.533333333333,776.533333333333,684.066666666667,602.866666666667,,435.666666666667,978.266666666667,405.0,556.266666666667
2026-08-05 02:15:00,686.733333333333,,513.866666666667,800.066666666667,683.6,617.2,,432.8,984.733333333333,413.4,575.8
2026-08-05 02:30:00,700.933333333333,,529.2,809.466666666667,688.866666666667,633.333333333333,,433.2,1225.46666666667,425.6,682.533333333333
2026-08-05 02:45:00,725.0,,583.133333333333,775.533333333333,696.8,660.6,,432.933333333333,1312.4,444.8,740.266666666667
2026-08-05 03:00:00,745.933333333333,,582.933333333333,784.466666666667,698.533333333333,672.4,,444.666666666667,1092.93333333333,441.866666666667,770.133333333333
2026-08-05 03:15:00,811.733333333333,,593.266666666667,780.866666666667,718.666666666667,684.133333333333,,447.333333333333,1069.86666666667,452.933333333333,723.2
2026-08-05 03:30:00,837.8,,584.866666666667,758.8,747.066666666667,706.266666666667,,457.266666666667,962.8,464.8,583.2
2026-08-05 03:45:00,843.6,,588.4,788.733333333333,767.066666666667,730.466666666667,,490.466666666667,1088.86666666667,483.333333333333,561.2
2026-08-05 04:00:00,854.6,,641.4,799.733333333333,786.2,758.8,,484.333333333333,1047.4,489.466666666667,555.4
2026-08-05 04:15:00,841.466666666667,,664.533333333333,796.6,791.2,770.333333333333,,493.266666666667,1050.86666666667,499.533333333333,622.066666666667
2026-08-05 04:30:00,886.333333333333,,796.933333333333,799.466666666667,809.133333333333,780.0,,500.466666666667,1076.4,493.666666666667,778.933333333333
2026-08-05 04:45:00,940.266666666667,,714.4,783.2,816.4,798.733333333333,,511.333333333333,1021.6,504.8,953.333333333333
2026-08-05 05:00:00,1020.73333333333,,777.333333333333,761.333333333333,853.666666666667,800.133333333333,,535.533333333333,1029.46666666667,506.0,954.4
2026-08-05 05:15:00,1191.73333333333,,830.6,762.8,870.0,813.6,,537.933333333333,1152.46666666667,516.733333333333,694.933333333333
2026-08-05 05:30:00,1033.0,,860.0,763.866666666667,866.533333333333,821.266666666667,,550.8,1123.46666666667,512.933333333333,1038.86666666667
2026-08-05 05:45:00,979.333333333333,,827.066666666667,764.333333333333,870.733333333333,842.2,,529.933333333333,1148.26666666667,555.0,1618.2
2026-08-05 06:00:00,1017.33333333333,,794.2,757.6,882.066666666667,914.4,,542.2,1230.93333333333,651.066666666667,1943.6
2026-08-05 06:15:00,1048.8,,679.666666666667,754.533333333333,896.133333333333,899.0,,558.066666666667,1221.6,755.0,2198.06666666667
2026-08-05 06:30:00,961.266666666667,,711.333333333333,733.6,925.4,821.4,,652.866666666667,1230.26666666667,656.8,2187.0
2026-08-05 06:45:00,1021.13333333333,,767.133333333333,782.666666666667,1028.6,870.533333333333,,657.2,1284.93333333333,610.333333333333,2154.86666666667
2026-08-05 07:00:00,1015.13333333333,,768.333333333333,688.666666666667,1157.0,914.6,,648.933333333333,1280.8,572.466666666667,2094.26666666667
2026-08-05 07:15:00,1058.73333333333,,755.866666666667,541.133333333333,1095.2,1124.4,,726.6,1183.46666666667,580.933333333333,1937.0
2026-08-05 07:30:00,1096.4,,749.4,521.666666666667,1257.93333333333,2157.4,,793.2,1243.53333333333,585.266666666667,1750.13333333333
2026-08-05 07:45:00,1201.66666666667,,753.6,470.533333333333,1297.33333333333,1281.2,,778.733333333333,1253.86666666667,573.333333333333,1236.06666666667
2026-08-05 08:00:00,1247.13333333333,,782.933333333333,533.266666666667,1035.53333333333,968.466666666667,,753.666666666667,1177.86666666667,557.933333333333,920.333333333333
2026-08-05 08:15:00,1488.66666666667,,830.866666666667,988.133333333333,1047.26666666667,999.4,,659.8,1112.0,566.8,765.733333333333
2026-08-05 08:30:00,1693.06666666667,,1016.93333333333,858.4,1106.73333333333,1014.6,,623.066666666667,1145.8,580.8,731.466666666667
2026-08-05 08:45:00,1350.06666666667,,953.933333333333,932.666666666667,1431.4,1045.46666666667,,651.066666666667,1201.66666666667,634.666666666667,727.2
2026-08-05 09:00:00,1296.2,,921.066666666667,868.333333333333,1002.26666666667,1034.2,,685.466666666667,1285.73333333333,706.6,810.0
2026-08-05 09:15:00,1025.53333333333,,947.266666666667,824.533333333333,819.8,1049.66666666667,,782.0,1208.13333333333,660.666666666667,810.4
2026-08-05 09:30:00,557.733333333333,,978.533333333333,522.933333333333,852.066666666667,993.2,,777.2,1310.46666666667,669.066666666667,821.6
2026-08-05 09:45:00,572.333333333333,,1256.66666666667,507.533333333333,896.733333333333,959.666666666667,,750.866666666667,1431.73333333333,675.8,859.066666666667
2026-08-05 10:00:00,913.2,,1081.46666666667,480.266666666667,982.2,937.133333333333,,742.133333333333,1370.6,724.866666666667,927.933333333333
2026-08-05 10:15:00,1548.33333333333,,1113.6,368.266666666667,1010.26666666667,1023.2,,884.6,996.933333333333,804.133333333333,1057.13333333333
2026-08-05 10:30:00,1580.33333333333,,1075.93333333333,550.333333333333,995.266666666667,1071.06666666667,,970.733333333333,957.866666666667,831.266666666667,1118.6
2026-08-05 10:45:00,1511.86666666667,,1013.8,534.333333333333,1131.46666666667,1637.53333333333,,938.466666666667,1100.93333333333,826.933333333333,1117.2
2026-08-05 11:00:00,1581.6,,958.6,445.133333333333,1112.53333333333,1600.66666666667,,889.0,1151.33333333333,788.6,983.4
2026-08-05 11:15:00,1651.6,,863.6,593.266666666667,1170.0,1708.46666666667,,809.0,1271.0,734.333333333333,850.333333333333
2026-08-05 11:30:00,1511.0,,729.666666666667,546.466666666667,1145.93333333333,1781.06666666667,,790.8,1339.93333333333,627.333333333333,685.4
2026-08-05 11:45:00,2035.0,,621.066666666667,499.466666666667,1134.0,1746.6,,695.4,1308.73333333333,523.333333333333,677.333333333333
2026-08-05 12:00:00,3354.6,,574.733333333333,447.733333333333,1110.66666666667,2022.33333333333,,769.666666666667,1213.66666666667,540.666666666667,642.266666666667
2026-08-05 12:15:00,2089.13333333333,,560.133333333333,458.133333333333,1072.73333333333,1530.6,,940.866666666667,1134.93333333333,496.266666666667,513.6
2026-08-05 12:30:00,1425.26666666667,,593.0,474.4,940.6,1866.0,,466.533333333333,1142.4,453.8,421.6
2026-08-05 12:45:00,1343.26666666667,,672.533333333333,466.4,887.6,1304.0,,476.266666666667,1114.33333333333,420.066666666667,451.666666666667
2026-08-05 13:00:00,1056.2,,683.8,335.6,939.333333333333,1140.66666666667,,537.8,1167.73333333333,411.066666666667,459.066666666667
2026-08-05 13:15:00,1022.66666666667,,691.266666666667,357.733333333333,953.8,1028.73333333333,,559.6,1080.73333333333,457.266666666667,483.666666666667
2026-08-05 13:30:00,1014.66666666667,,668.333333333333,342.333333333333,916.0,946.066666666667,,574.2,1013.46666666667,494.066666666667,485.866666666667
2026-08-05 13:45:00,987.266666666667,,660.666666666667,361.133333333333,969.0,984.733333333333,,563.2,985.2,492.733333333333,494.0
2026-08-05 14:00:00,1009.0,,650.333333333333,417.666666666667,1086.73333333333,1027.4,,589.266666666667,924.0,518.333333333333,543.2
2026-08-05 14:15:00,1001.0,,612.333333333333,378.333333333333,926.866666666667,979.133333333333,,590.2,851.266666666667,525.0,507.4
2026-08-05 14:30:00,1150.26666666667,,593.0,373.2,911.2,1048.13333333333,,581.733333333333,760.8,549.533333333333,470.8
2026-08-05 14:45:00,1124.0,,570.0,396.6,838.8,955.2,,524.133333333333,787.0,518.933333333333,416.6
2026-08-05 15:00:00,1054.06666666667,,604.733333333333,340.6,792.133333333333,936.6,,490.533333333333,854.866666666667,486.733333333333,375.533333333333
2026-08-05 15:15:00,941.266666666667,,560.333333333333,380.4,730.666666666667,753.933333333333,,415.466666666667,814.666666666667,440.6,363.733333333333
2026-08-05 15:30:00,869.8,,497.4,342.866666666667,710.866666666667,701.666666666667,,318.866666666667,880.066666666667,409.733333333333,355.266666666667
2026-08-05 15:45:00,718.133333333333,,480.266666666667,395.2,648.8,737.666666666667,,351.266666666667,944.2,412.733333333333,402.466666666667
2026-08-05 16:00:00,667.466666666667,,464.266666666667,401.866666666667,549.266666666667,644.2,,482.933333333333,940.533333333333,440.733333333333,486.933333333333
2026-08-05 16:15:00,669.2,,586.6,371.4,518.266666666667,598.733333333333,,613.266666666667,974.266666666667,470.866666666667,537.466666666667
2026-08-05 16:30:00,666.066666666667,,544.866666666667,380.933333333333,559.0,648.066666666667,,516.266666666667,851.266666666667,478.866666666667,504.266666666667
2026-08-05 16:45:00,619.4,,516.133333333333,398.466666666667,564.533333333333,592.733333333333,,557.6,787.533333333333,474.533333333333,513.466666666667
2026-08-05 17:00:00,696.533333333333,,480.8,389.866666666667,568.8,562.933333333333,,582.133333333333,739.2,493.466666666667,541.933333333333
2026-08-05 17:15:00,868.533333333333,,497.6,408.6,537.933333333333,624.8,,542.4,654.8,499.2,543.266666666667
2026-08-05 17:30:00,1182.73333333333,,550.2,434.733333333333,590.866666666667,696.6,,555.133333333333,559.333333333333,527.266666666667,526.2
2026-08-05 17:45:00,752.6,,611.6,425.533333333333,594.533333333333,909.866666666667,,581.133333333333,531.866666666667,539.8,614.266666666667
2026-08-05 18:00:00,1287.66666666667,,904.133333333333,427.066666666667,623.866666666667,1068.86666666667,,696.866666666667,591.6,575.4,624.333333333333
2026-08-05 18:15:00,1323.93333333333,,779.4,454.933333333333,956.733333333333,2149.33333333333,,328.8,512.0,266.666666666667,402.666666666667
2026-08-05 18:30:00,932.133333333333,,404.666666666667,454.266666666667,884.066666666667,767.533333333333,,1080.66666666667,306.533333333333,732.866666666667,1053.8
2026-08-05 18:45:00,589.866666666667,,737.666666666667,547.933333333333,594.6,390.066666666667,,,321.8,778.066666666667,928.533333333333
2026-08-05 19:00:00,719.066666666667,,451.866666666667,679.866666666667,1109.53333333333,971.4,,,662.8,592.8,846.333333333333
2026-08-05 19:15:00,715.6,,417.066666666667,824.6,1131.53333333333,872.466666666667,,,709.8,502.733333333333,715.933333333333
2026-08-05 19:30:00,629.2,,480.533333333333,1096.13333333333,1094.33333333333,900.666666666667,,,752.866666666667,565.266666666667,694.0
2026-08-05 19:45:00,740.133333333333,,355.133333333333,2289.0,1166.33333333333,972.666666666667,,,820.866666666667,579.733333333333,757.933333333333
2026-08-05 20:00:00,932.733333333333,,454.466666666667,1232.26666666667,1041.66666666667,938.333333333333,,,839.533333333333,610.866666666667,809.8
2026-08-05 20:15:00,861.666666666667,,464.0,1140.0,1120.53333333333,936.4,,,766.933333333333,586.333333333333,813.8
2026-08-05 20:30:00,911.333333333333,,489.2,1607.0,1287.0,1019.0,,,753.266666666667,602.2,887.4
2026-08-05 20:45:00,962.933333333333,,530.0,1299.8,1710.73333333333,1116.4,,938.357142857143,731.6,661.6,859.533333333333
2026-08-05 21:00:00,993.466666666667,,527.333333333333,925.266666666667,1556.46666666667,1218.46666666667,,881.2,742.533333333333,699.4,954.4
2026-08-05 21:15:00,1129.53333333333,,742.933333333333,910.4,1303.8,1899.66666666667,,895.8,718.2,705.333333333333,954.066666666667
2026-08-05 21:30:00,999.2,,608.066666666667,905.866666666667,1017.06666666667,1500.06666666667,,871.333333333333,736.866666666667,702.666666666667,950.4
2026-08-05 21:45:00,1132.06666666667,,520.333333333333,935.6,905.266666666667,1443.6,,817.866666666667,825.866666666667,737.066666666667,830.266666666667
2026-08-05 22:00:00,1263.0,,516.6,1044.66666666667,841.266666666667,1336.4,,805.0,1009.4,766.6,913.866666666667
2026-08-05 22:15:00,1036.86666666667,,584.066666666667,972.733333333333,973.733333333333,1972.13333333333,,843.0,1136.4,618.933333333333,981.333333333333
2026-08-05 22:30:00,921.933333333333,,575.733333333333,978.6,987.8,1797.8,,849.733333333333,1141.8,638.8,1020.33333333333
2026-08-05 22:45:00,926.066666666667,,598.4,948.466666666667,1027.26666666667,1692.0,,899.866666666667,1384.33333333333,677.666666666667,1257.13333333333
2026-08-05 23:00:00,934.133333333333,,622.8,978.733333333333,1159.33333333333,2220.33333333333,,924.933333333333,1470.66666666667,710.4,1234.26666666667
2026-08-05 23:15:00,923.866666666667,,712.666666666667,981.2,1246.06666666667,2300.0,,903.2,1733.46666666667,729.866666666667,1513.06666666667
2026-08-05 23:30:00,906.0,,743.066666666667,994.466666666667,1423.46666666667,1875.66666666667,,885.2,1738.13333333333,775.466666666667,1333.66666666667
2026-08-05 23:45:00,999.6,,745.333333333333,1020.6,1270.86666666667,1767.73333333333,,888.066666666667,1784.06666666667,741.266666666667,1331.93333333333
2026-08-06 00:00:00,931.533333333333,,1017.2,1029.73333333333,1365.13333333333,2046.13333333333,,920.533333333333,1834.0,691.466666666667,1316.93333333333
2026-08-06 00:15:00,878.066666666667,,894.8,1033.86666666667,1258.6,1727.2,,931.666666666667,1888.6,679.0,1170.6
2026-08-06 00:30:00,942.2,,918.866666666667,1016.06666666667,1249.4,1526.26666666667,,906.333333333333,2004.26666666667,665.133333333333,1217.26666666667
2026-08-06 00:45:00,1080.6,,957.466666666667,1020.46666666667,1702.86666666667,1725.66666666667,,866.333333333333,1766.26666666667,662.733333333333,1228.33333333333
2026-08-06 01:00:00,1036.53333333333,,948.2,1039.46666666667,1729.66666666667,3071.4,,922.533333333333,1649.0,709.266666666667,1243.6
2026-08-06 01:15:00,1074.53333333333,,942.066666666667,1049.6,1553.93333333333,3865.06666666667,,976.933333333333,1715.0,768.266666666667,1350.6
2026-08-06 01:30:00,1136.6,,947.466666666667,1043.53333333333,1617.06666666667,3471.6,,948.133333333333,1905.8,794.066666666667,1245.0
2026-08-06 01:45:00,1136.26666666667,,1045.06666666667,1042.93333333333,1877.06666666667,3132.33333333333,,1034.93333333333,1876.33333333333,798.2,1349.06666666667
2026-08-06 02:00:00,1134.13333333333,,1125.33333333333,1068.93333333333,2084.53333333333,2747.46666666667,,996.666666666667,1660.26666666667,822.066666666667,1389.8
2026-08-06 02:15:00,1084.33333333333,,1157.2,1074.2,3681.46666666667,2350.0,,981.733333333333,1801.86666666667,846.933333333333,1291.53333333333
2026-08-06 02:30:00,1059.4,,1197.2,1039.93333333333,4510.8,2095.26666666667,,1082.8,1567.13333333333,889.0,1448.2
2026-08-06 02:45:00,1032.73333333333,,1207.06666666667,1028.93333333333,4144.6,1875.86666666667,,1104.4,1542.93333333333,969.466666666667,1328.66666666667
2026-08-06 03:00:00,1063.93333333333,,1232.4,993.0,5000.46666666667,1942.26666666667,,1121.73333333333,1597.4,1025.8,1321.46666666667
2026-08-06 03:15:00,1126.2,,1394.53333333333,1022.33333333333,4223.06666666667,2184.33333333333,,1155.2,1602.66666666667,1025.66666666667,1373.0
2026-08-06 03:30:00,1141.26666666667,,1486.93333333333,994.0,3774.46666666667,2268.0,,1128.06666666667,1602.8,1066.06666666667,1503.4
2026-08-06 03:45:00,1168.46666666667,,1409.66666666667,986.733333333333,3219.93333333333,2377.2,,1127.93333333333,1658.13333333333,1024.66666666667,1580.73333333333
2026-08-06 04:00:00,1175.6,,1463.53333333333,958.733333333333,3266.26666666667,2703.13333333333,,1167.6,1637.4,1012.2,1565.53333333333
2026-08-06 04:15:00,1213.86666666667,,1595.6,911.6,3844.13333333333,3152.26666666667,,1227.66666666667,1586.66666666667,1050.66666666667,1425.13333333333
2026-08-06 04:30:00,1281.4,,1669.06666666667,883.6,3606.8,3416.73333333333,,1231.86666666667,1540.13333333333,1167.46666666667,1592.2
2026-08-06 04:45:00,1467.13333333333,,1877.66666666667,884.4,4049.66666666667,3602.33333333333,,1831.06666666667,1876.0,1515.4,2086.13333333333
2026-08-06 05:00:00,1568.93333333333,,2304.53333333333,864.6,4158.53333333333,3671.2,,2522.8,2516.93333333333,2116.0,2642.2
2026-08-06 05:15:00,1943.46666666667,,2983.33333333333,939.6,3486.06666666667,4066.93333333333,,2682.66666666667,3349.53333333333,2470.6,3184.93333333333
2026-08-06 05:30:00,2207.93333333333,,3295.33333333333,960.533333333333,3731.13333333333,4406.06666666667,,2798.33333333333,4623.53333333333,2654.2,3408.8
2026-08-06 05:45:00,3083.8,,3739.0,1026.8,3860.2,4760.53333333333,,3136.33333333333,5049.93333333333,2922.8,3440.06666666667
2026-08-06 06:00:00,4204.93333333333,,4181.8,980.8,4327.06666666667,5323.73333333333,,3752.46666666667,5325.4,3221.8,4232.6
2026-08-06 06:15:00,4609.06666666667,,4558.06666666667,917.0,5205.33333333333,6098.06666666667,,4289.13333333333,5236.66666666667,3655.46666666667,4572.93333333333
2026-08-06 06:30:00,5303.33333333333,,5081.0,1027.06666666667,5359.26666666667,6451.66666666667,,4497.4,5998.06666666667,3879.46666666667,5002.26666666667
2026-08-06 06:45:00,5654.93333333333,,5244.6,1011.4,5601.8,6496.73333333333,,4589.66666666667,6055.13333333333,4170.93333333333,5344.06666666667
2026-08-06 07:00:00,5596.8,,6020.66666666667,864.0,6156.53333333333,6660.06666666667,,4360.53333333333,6250.46666666667,4475.73333333333,5442.13333333333
2026-08-06 07:15:00,5850.06666666667,,5772.8,805.333333333333,6262.0,6823.93333333333,,4439.0,6740.13333333333,4256.8,5792.4
2026-08-06 07:30:00,6138.26666666667,,6386.66666666667,952.0,6535.66666666667,7018.6,,5169.4,7438.0,4386.33333333333,6319.26666666667
2026-08-06 07:45:00,6581.4,,6674.8,879.866666666667,6795.8,7411.2,,5790.13333333333,7538.4,4676.6,6790.0
2026-08-06 08:00:00,6285.86666666667,,6583.66666666667,863.266666666667,7228.6,7352.46666666667,,6238.93333333333,7805.33333333333,5382.66666666667,7193.86666666667
2026-08-06 08:15:00,6115.13333333333,,6902.2,920.333333333333,7141.26666666667,7511.6,,6814.4,7748.6,6014.86666666667,7803.26666666667
2026-08-06 08:30:00,6205.06666666667,,7295.0,867.733333333333,7286.26666666667,7807.8,,7156.0,7848.13333333333,6509.6,7955.06666666667
2026-08-06 08:45:00,6355.6,,7381.0,866.4,7183.0,8154.46666666667,,7274.93333333333,7944.73333333333,6591.6,7830.66666666667
2026-08-06 09:00:00,6218.2,,7179.26666666667,798.866666666667,7655.46666666667,8090.53333333333,,7001.13333333333,8109.13333333333,6526.73333333333,7745.33333333333
2026-08-06 09:15:00,6160.53333333333,,7080.4,860.0,8136.6,8350.2,,6613.2,8523.4,6399.53333333333,7572.93333333333
2026-08-06 09:30:00,6277.8,,6714.6,768.6,7931.46666666667,8371.26666666667,,6558.73333333333,8601.0,5966.06666666667,7289.8
2026-08-06 09:45:00,6703.33333333333,,6253.0,677.466666666667,7508.86666666667,7901.93333333333,,6028.6,8396.06666666667,4718.53333333333,6832.06666666667
2026-08-06 10:00:00,7214.93333333333,,5669.53333333333,674.533333333333,7373.86666666667,7260.0,,5576.46666666667,8407.33333333333,4642.13333333333,6594.86666666667
2026-08-06 10:15:00,7058.86666666667,,5931.33333333333,599.866666666667,7353.73333333333,7032.13333333333,,5130.06666666667,8087.2,5294.26666666667,6068.6
2026-08-06 10:30:00,6923.2,,6187.0,534.266666666667,6822.0,6931.2,,4560.8,7901.4,5218.0,5378.06666666667
2026-08-06 10:45:00,6354.66666666667,,6627.06666666667,491.333333333333,6125.6,6643.8,,4233.53333333333,7634.0,4316.6,5428.2
2026-08-06 11:00:00,5837.93333333333,,6594.8,494.0,5230.06666666667,6616.4,,4594.26666666667,7474.06666666667,3581.2,5844.2
2026-08-06 11:15:00,5420.0,,6052.6,470.466666666667,5395.26666666667,6586.93333333333,,5012.06666666667,7560.06666666667,3281.06666666667,6153.33333333333
2026-08-06 11:30:00,5067.26666666667,,5975.2,454.666666666667,5751.53333333333,6529.2,,4946.4,7260.13333333333,3700.8,5834.33333333333
2026-08-06 11:45:00,4148.53333333333,,4799.66666666667,456.266666666667,5655.66666666667,6125.06666666667,,4957.13333333333,6993.73333333333,3976.0,5646.73333333333
2026-08-06 12:00:00,3784.93333333333,,5342.6,464.2,5947.6,5833.66666666667,,4496.26666666667,6054.93333333333,3250.93333333333,4569.0
2026-08-06 12:15:00,3798.86666666667,,4670.46666666667,459.733333333333,6195.2,5895.13333333333,,3592.66666666667,5812.4,3052.33333333333,4000.46666666667
2026-08-06 12:30:00,3487.6,,4240.86666666667,402.866666666667,5642.8,5453.4,,3689.8,4740.06666666667,2818.0,3493.8
2026-08-06 12:45:00,3140.93333333333,,3717.73333333333,453.0,5487.53333333333,5006.0,,3360.86666666667,3820.86666666667,2908.93333333333,3328.46666666667
2026-08-06 13:00:00,2906.13333333333,,2941.46666666667,514.066666666667,4954.0,4381.93333333333,,3253.6,4480.2,2679.46666666667,3090.13333333333
2026-08-06 13:15:00,2792.0,,2438.46666666667,474.466666666667,4487.93333333333,4128.26666666667,,2926.6,3876.06666666667,2522.4,3051.73333333333
2026-08-06 13:30:00,3020.6,,2004.06666666667,390.333333333333,3892.53333333333,3853.33333333333,,2762.33333333333,4475.33333333333,2448.46666666667,2683.33333333333
2026-08-06 13:45:00,2890.6,,1827.4,361.133333333333,3283.8,3507.26666666667,,2290.2,4398.06666666667,2330.33333333333,2110.26666666667
2026-08-06 14:00:00,2694.46666666667,,1618.86666666667,345.0,2785.4,2938.13333333333,,2031.06666666667,4195.6,1838.93333333333,1830.4
2026-08-06 14:15:00,2400.33333333333,,1382.46666666667,355.6,2322.06666666667,2367.33333333333,,1660.4,4823.06666666667,1520.53333333333,1608.06666666667
2026-08-06 14:30:00,2261.8,,1264.06666666667,340.4,1980.06666666667,1785.0,,1497.33333333333,5021.4,1237.0,1273.66666666667
2026-08-06 14:45:00,2090.53333333333,,1230.66666666667,363.666666666667,1615.26666666667,1600.73333333333,,1197.2,3916.2,1187.4,1146.2
2026-08-06 15:00:00,1610.8,,1255.93333333333,366.133333333333,1471.33333333333,1402.8,,1093.46666666667,3018.26666666667,1125.8,832.133333333333
2026-08-06 15:15:00,1443.66666666667,,1200.93333333333,399.4,1366.0,1221.26666666667,,762.933333333333,2934.86666666667,913.6,760.266666666667
2026-08-06 15:30:00,1193.4,,1310.0,434.933333333333,1232.73333333333,1126.2,,698.133333333333,2382.06666666667,812.266666666667,883.266666666667
2026-08-06 15:45:00,1080.53333333333,,1263.66666666667,442.066666666667,1217.73333333333,988.8,,681.666666666667,1989.86666666667,730.733333333333,837.6
2026-08-06 16:00:00,1024.46666666667,,1324.13333333333,491.866666666667,1295.66666666667,1048.6,,638.466666666667,1791.2,741.066666666667,874.866666666667
2026-08-06 16:15:00,906.0,,1186.2,441.2,1377.26666666667,1175.8,,762.4,1590.46666666667,699.866666666667,1076.8
2026-08-06 16:30:00,860.8,,1238.0,435.8,1445.4,1359.73333333333,,715.0,1388.86666666667,717.2,1008.46666666667
2026-08-06 16:45:00,855.4,,1221.0,415.8,1533.93333333333,1343.13333333333,,776.733333333333,1478.46666666667,757.466666666667,1130.53333333333
2026-08-06 17:00:00,903.933333333333,,1180.8,457.2,1428.73333333333,1415.4,,765.066666666667,1356.8,767.666666666667,959.066666666667
2026-08-06 17:15:00,895.133333333333,,1132.33333333333,442.066666666667,1310.33333333333,1440.06666666667,,649.0,1183.26666666667,664.2,894.266666666667
2026-08-06 17:30:00,966.733333333333,,903.733333333333,470.733333333333,1364.2,1460.8,,652.733333333333,1091.4,643.333333333333,975.866666666667
2026-08-06 17:45:00,921.933333333333,,644.133333333333,444.533333333333,1365.33333333333,1179.8,,709.333333333333,1103.33333333333,682.933333333333,788.066666666667
2026-08-06 18:00:00,963.4,,552.6,430.866666666667,1245.33333333333,1017.73333333333,,645.666666666667,1174.6,678.866666666667,671.4
2026-08-06 18:15:00,1078.93333333333,,402.6,444.933333333333,1174.26666666667,872.8,,607.133333333333,1225.6,571.6,642.933333333333
2026-08-06 18:30:00,1036.46666666667,,327.8,465.933333333333,981.733333333333,867.466666666667,,489.333333333333,1161.2,512.666666666667,614.733333333333
2026-08-06 18:45:00,1046.26666666667,,227.333333333333,501.333333333333,962.4,757.466666666667,,410.0,1150.66666666667,490.866666666667,617.266666666667
2026-08-06 19:00:00,1033.6,,242.266666666667,546.4,925.533333333333,625.133333333333,,403.666666666667,1220.13333333333,449.2,690.133333333333
2026-08-06 19:15:00,1034.73333333333,,295.533333333333,632.6,851.266666666667,758.266666666667,,380.133333333333,1248.8,666.533333333333,744.733333333333
2026-08-06 19:30:00,991.0,,361.866666666667,644.4,753.466666666667,722.466666666667,,415.6,1204.13333333333,1952.06666666667,681.666666666667
2026-08-06 19:45:00,951.6,,402.666666666667,589.6,713.4,661.8,,462.133333333333,1283.4,577.866666666667,778.0
2026-08-06 20:00:00,883.133333333333,,427.133333333333,678.333333333333,708.2,677.066666666667,,486.0,1446.73333333333,540.866666666667,841.733333333333
2026-08-06 20:15:00,847.333333333333,,455.333333333333,734.066666666667,827.333333333333,649.933333333333,,505.8,1461.93333333333,576.866666666667,913.133333333333
2026-08-06 20:30:00,942.933333333333,,491.066666666667,704.8,1219.2,672.733333333333,,802.333333333333,1445.86666666667,608.8,1016.0
2026-08-06 20:45:00,951.2,,586.2,754.0,1687.33333333333,717.866666666667,,658.2,1685.0,659.8,1149.33333333333
2026-08-06 21:00:00,930.866666666667,,534.0,818.0,1303.46666666667,770.933333333333,,689.466666666667,1904.8,729.6,1242.06666666667
2026-08-06 21:15:00,1209.6,,656.866666666667,983.933333333333,1794.0,797.2,,756.866666666667,1899.93333333333,763.666666666667,1397.06666666667
2026-08-06 21:30:00,1745.73333333333,,761.133333333333,969.066666666667,2187.86666666667,917.733333333333,2482.42857142857,729.733333333333,1983.6,718.733333333333,1340.66666666667
2026-08-06 21:45:00,1968.33333333333,,627.733333333333,903.666666666667,2026.33333333333,862.866666666667,2370.2,830.066666666667,1941.06666666667,750.6,1382.0
2026-08-06 22:00:00,1921.26666666667,,621.0,901.866666666667,1918.13333333333,1335.13333333333,2505.2,925.0,2035.93333333333,765.533333333333,1566.33333333333
2026-08-06 22:15:00,1853.73333333333,,644.2,923.733333333333,1910.53333333333,1658.66666666667,2570.2,1008.73333333333,2081.33333333333,784.666666666667,1652.6
2026-08-06 22:30:00,1904.86666666667,,650.0,940.8,2102.0,1963.66666666667,2500.46666666667,1034.73333333333,2036.13333333333,793.933333333333,1712.6
2026-08-06 22:45:00,1877.86666666667,,629.466666666667,912.466666666667,2317.46666666667,1988.26666666667,2537.0,1069.66666666667,2242.46666666667,846.6,1732.26666666667
2026-08-06 23:00:00,1916.73333333333,,647.266666666667,894.066666666667,2211.4,2151.8,2603.73333333333,1158.66666666667,2436.2,900.466666666667,2888.93333333333
2026-08-06 23:15:00,1982.26666666667,,666.466666666667,939.666666666667,2217.93333333333,2072.8,2500.53333333333,1129.06666666667,2454.4,934.933333333333,2031.46666666667
2026-08-06 23:30:00,1990.2,,642.2,964.533333333333,2324.46666666667,2570.93333333333,2413.4,1099.6,2601.33333333333,992.266666666667,1884.4
2026-08-06 23:45:00,2015.86666666667,,633.0,946.6,2441.6,3289.4,2383.0,1115.06666666667,2712.8,1025.13333333333,2125.26666666667
2026-08-07 00:00:00,2189.26666666667,,642.666666666667,938.066666666667,2548.13333333333,3468.0,2729.66666666667,1236.86666666667,2648.73333333333,1027.4,2110.33333333333
2026-08-07 00:15:00,2410.73333333333,,653.933333333333,952.066666666667,2598.0,3065.6,2382.46666666667,1224.53333333333,2781.66666666667,1051.86666666667,2152.66666666667
2026-08-07 00:30:00,2596.33333333333,,708.066666666667,947.2,2667.6,3139.66666666667,2459.73333333333,1248.06666666667,2747.06666666667,1100.53333333333,2309.86666666667
2026-08-07 00:45:00,2811.8,,748.133333333333,946.133333333333,2641.2,2967.2,2771.8,1229.4,2838.93333333333,1133.93333333333,2258.13333333333
2026-08-07 01:00:00,2885.4,,748.333333333333,950.4,2609.4,2736.0,2910.4,1197.86666666667,2893.33333333333,1073.06666666667,2179.46666666667
2026-08-07 01:15:00,3109.2,,752.266666666667,968.733333333333,2546.66666666667,4962.0,2661.2,1125.33333333333,2863.4,1021.2,2097.2
2026-08-07 01:30:00,2987.26666666667,,783.6,1030.8,2502.86666666667,5756.66666666667,2567.06666666667,1115.4,2902.26666666667,1065.86666666667,2517.13333333333
2026-08-07 01:45:00,2796.53333333333,,996.2,1082.26666666667,2572.73333333333,5908.93333333333,2557.66666666667,1139.33333333333,2938.93333333333,1052.66666666667,2496.2
2026-08-07 02:00:00,3056.73333333333,,1173.4,1182.4,2713.33333333333,4972.46666666667,2635.4,1144.93333333333,2841.33333333333,1028.46666666667,2455.86666666667
2026-08-07 02:15:00,2954.06666666667,,1321.06666666667,1172.8,2781.6,4619.73333333333,2587.73333333333,1130.46666666667,2963.8,1055.0,2268.26666666667
2026-08-07 02:30:00,2874.8,,1485.4,1209.06666666667,2928.0,4691.93333333333,2611.33333333333,1127.73333333333,3016.53333333333,1055.8,2212.46666666667
2026-08-07 02:45:00,3018.4,,1455.0,1174.46666666667,2976.33333333333,4522.73333333333,2391.4,1167.46666666667,2958.93333333333,1083.46666666667,2324.06666666667
2026-08-07 03:00:00,3046.93333333333,,1446.0,1195.66666666667,2995.13333333333,4108.66666666667,2366.26666666667,1216.46666666667,2950.4,1329.0,2328.46666666667
2026-08-07 03:15:00,2924.6,,1450.53333333333,1208.86666666667,2948.33333333333,3779.13333333333,2657.66666666667,1305.0,2948.26666666667,1353.0,2385.0
2026-08-07 03:30:00,2958.2,,1388.26666666667,1241.06666666667,2987.93333333333,3669.66666666667,3142.06666666667,1230.6,2898.93333333333,1333.06666666667,2390.53333333333
2026-08-07 03:45:00,2889.8,,1315.13333333333,1223.26666666667,3059.6,4056.93333333333,3084.66666666667,1384.73333333333,3082.6,1303.33333333333,2380.4
2026-08-07 04:00:00,2933.33333333333,,1299.26666666667,1415.66666666667,3365.53333333333,4245.46666666667,3369.6,1323.73333333333,2929.46666666667,1289.26666666667,2413.0
2026-08-07 04:15:00,3000.46666666667,,1113.86666666667,1415.6,3559.8,4634.4,3381.13333333333,1368.8,2954.86666666667,1271.13333333333,2695.53333333333
2026-08-07 04:30:00,3165.86666666667,,1056.33333333333,1663.4,3455.13333333333,4529.8,3062.13333333333,1404.66666666667,2965.46666666667,1302.93333333333,2572.93333333333
2026-08-07 04:45:00,3179.2,,1078.0,1623.53333333333,3492.8,4728.06666666667,2932.06666666667,1351.66666666667,2934.33333333333,1350.93333333333,2568.66666666667
2026-08-07 05:00:00,3375.66666666667,,1038.66666666667,1541.6,3578.8,4990.13333333333,2739.93333333333,1421.6,2996.86666666667,1426.73333333333,2240.06666666667
2026-08-07 05:15:00,3248.93333333333,,1157.13333333333,1514.46666666667,3498.26666666667,4703.6,2594.13333333333,1404.13333333333,3073.33333333333,1455.2,2092.6
2026-08-07 05:30:00,3137.0,,1554.0,1507.26666666667,3525.8,4664.53333333333,2716.73333333333,1377.6,3046.0,1450.46666666667,2340.8
2026-08-07 05:45:00,3561.93333333333,,3071.4,1481.26666666667,3411.93333333333,5491.8,2808.53333333333,1419.2,3076.6,1565.86666666667,2912.4
2026-08-07 06:00:00,3770.0,,4693.86666666667,1430.13333333333,3261.26666666667,5779.06666666667,2687.2,1918.46666666667,3043.86666666667,2232.53333333333,3973.73333333333
2026-08-07 06:15:00,3544.6,,3240.26666666667,1390.4,2930.86666666667,6203.93333333333,2600.33333333333,2481.6,3144.86666666667,2787.86666666667,3661.53333333333
2026-08-07 06:30:00,3230.66666666667,,2454.8,1326.4,2809.86666666667,5988.2,2690.26666666667,2323.93333333333,3400.46666666667,2706.2,3632.6
2026-08-07 06:45:00,2998.6,,2184.93333333333,1300.46666666667,2784.2,4344.2,2526.8,2141.2,3504.2,2386.93333333333,2700.93333333333
2026-08-07 07:00:00,3172.6,,2052.86666666667,1448.73333333333,2745.4,3677.26666666667,2710.13333333333,2090.13333333333,3487.0,2254.06666666667,2954.46666666667
2026-08-07 07:15:00,16225.1666666667,,2350.66666666667,1666.4,2829.73333333333,3924.8,2694.46666666667,1987.0,3409.93333333333,2169.6,2613.46666666667
2026-08-07 07:30:00,2504.2,,1870.66666666667,1366.66666666667,3107.73333333333,3798.4,2606.6,1803.2,3502.73333333333,2240.2,3343.86666666667
2026-08-07 07:45:00,2527.46666666667,,1770.46666666667,1099.66666666667,2981.66666666667,3953.8,2292.06666666667,1638.13333333333,3490.33333333333,1987.93333333333,2666.46666666667
2026-08-07 08:00:00,2468.73333333333,,1759.0,850.533333333333,3396.26666666667,3929.33333333333,2104.06666666667,1473.6,3510.46666666667,1473.0,2143.13333333333
2026-08-07 08:15:00,2410.6,,1540.53333333333,710.066666666667,3432.53333333333,2633.46666666667,2119.2,1393.53333333333,3441.6,1324.73333333333,1845.6
2026-08-07 08:30:00,2214.86666666667,,1673.6,591.666666666667,2105.8,2110.13333333333,1500.86666666667,1383.33333333333,3647.26666666667,1147.0,1797.06666666667
2026-08-07 08:45:00,2184.93333333333,,1524.66666666667,608.6,1709.46666666667,2583.8,1340.26666666667,1544.93333333333,3315.26666666667,1120.26666666667,1809.4
2026-08-07 09:00:00,1688.4,,1391.73333333333,599.6,1616.13333333333,1668.53333333333,1228.13333333333,1920.2,3405.0,1661.06666666667,2141.8
2026-08-07 09:15:00,1717.26666666667,,1272.66666666667,696.666666666667,1634.6,1666.86666666667,1030.4,1674.4,3448.4,1146.46666666667,1778.2
2026-08-07 09:30:00,1290.13333333333,,1214.0,701.6,2044.33333333333,2381.53333333333,901.133333333333,1527.33333333333,3299.46666666667,1076.73333333333,1492.53333333333
2026-08-07 09:45:00,1273.26666666667,,1148.2,684.4,1874.46666666667,2506.2,852.466666666667,1243.8,2508.4,894.0,1175.53333333333
2026-08-07 10:00:00,1310.2,,1086.4,715.066666666667,1544.06666666667,2492.6,772.2,1143.4,1899.26666666667,751.066666666667,1032.33333333333
2026-08-07 10:15:00,1285.93333333333,,998.333333333333,714.066666666667,1255.73333333333,4653.0,813.733333333333,1110.33333333333,1741.2,704.066666666667,982.733333333333
2026-08-07 10:30:00,1388.2,,962.733333333333,680.466666666667,1148.6,3208.4,822.466666666667,933.333333333333,1735.93333333333,686.6,898.6
2026-08-07 10:45:00,1643.0,,906.266666666667,702.533333333333,1157.13333333333,1813.73333333333,792.866666666667,906.066666666667,1925.0,683.066666666667,867.066666666667
2026-08-07 11:00:00,1729.73333333333,,835.733333333333,755.8,1119.26666666667,1537.93333333333,719.466666666667,915.866666666667,1984.73333333333,756.866666666667,957.6
2026-08-07 11:15:00,1636.33333333333,,867.266666666667,768.266666666667,1280.8,1283.66666666667,694.533333333333,960.6,2349.13333333333,748.2,847.733333333333
2026-08-07 11:30:00,1426.8,,944.2,837.666666666667,1413.93333333333,1349.13333333333,706.8,1046.2,2808.06666666667,707.0,1063.2
2026-08-07 11:45:00,1299.8,,917.2,829.533333333333,1524.73333333333,1773.2,696.6,892.333333333333,3199.66666666667,772.933333333333,1059.86666666667
2026-08-07 12:00:00,1365.0,,762.866666666667,797.666666666667,2262.06666666667,2883.13333333333,772.2,1057.06666666667,3262.73333333333,832.066666666667,1210.8
2026-08-07 12:15:00,1366.93333333333,,691.333333333333,737.066666666667,1472.93333333333,2396.06666666667,922.533333333333,1291.93333333333,2639.06666666667,1292.33333333333,1057.26666666667
2026-08-07 12:30:00,1359.6,,679.0,741.533333333333,927.066666666667,889.0,797.0,1017.26666666667,2386.13333333333,1485.6,885.6
2026-08-07 12:45:00,1246.33333333333,,571.866666666667,832.333333333333,896.466666666667,876.133333333333,614.533333333333,1393.73333333333,1950.8,1280.13333333333,935.466666666667
2026-08-07 13:00:00,1296.6,,564.466666666667,808.2,926.133333333333,717.666666666667,508.133333333333,1057.13333333333,1485.06666666667,1252.26666666667,731.533333333333
2026-08-07 13:15:00,1397.13333333333,,569.133333333333,989.4,830.0,641.533333333333,516.333333333333,1030.86666666667,1536.8,1152.4,792.0
2026-08-07 13:30:00,1903.33333333333,,570.066666666667,1041.46666666667,754.0,774.133333333333,492.733333333333,740.0,1320.4,944.933333333333,636.4
2026-08-07 13:45:00,1999.93333333333,,525.8,1015.66666666667,829.933333333333,904.133333333333,511.2,612.8,1182.46666666667,693.333333333333,587.4
2026-08-07 14:00:00,1753.93333333333,,520.466666666667,1230.0,1356.2,1121.8,524.533333333333,567.466666666667,1601.53333333333,576.0,609.2
2026-08-07 14:15:00,1159.46666666667,,585.933333333333,1222.6,1835.66666666667,988.2,494.333333333333,529.2,2231.26666666667,536.4,460.133333333333
2026-08-07 14:30:00,961.933333333333,,611.866666666667,1031.86666666667,1220.73333333333,695.866666666667,486.533333333333,152.5,2391.13333333333,487.8,679.533333333333
2026-08-07 14:45:00,869.4,,630.6,994.2,887.8,700.133333333333,493.4,,2668.46666666667,450.666666666667,596.533333333333
2026-08-07 15:00:00,794.8,,629.266666666667,828.2,996.066666666667,744.6,557.933333333333,,3783.66666666667,416.692307692308,643.333333333333
2026-08-07 15:15:00,744.8,,598.466666666667,843.266666666667,980.266666666667,760.866666666667,553.666666666667,,4549.33333333333,,634.133333333333
2026-08-07 15:30:00,1201.0,,669.333333333333,858.266666666667,845.933333333333,757.666666666667,500.0,,3487.13333333333,,1031.53333333333
2026-08-07 15:45:00,2301.66666666667,,831.266666666667,794.4,1113.26666666667,1002.26666666667,703.066666666667,,2934.53333333333,,1391.6
2026-08-07 16:00:00,2791.46666666667,,260.866666666667,644.2,1683.66666666667,1934.73333333333,621.866666666667,,2924.8,,843.533333333333
2026-08-07 16:15:00,2200.2,,294.4,653.266666666667,3115.46666666667,2406.2,656.266666666667,,3386.6,,627.133333333333
2026-08-07 16:30:00,1932.26666666667,,333.533333333333,522.266666666667,2106.6,2114.8,723.066666666667,,3262.06666666667,,632.2
2026-08-07 16:45:00,1662.46666666667,,426.266666666667,619.266666666667,1846.26666666667,1842.53333333333,669.2,,2481.66666666667,,677.4
2026-08-07 17:00:00,1577.0,,482.6,706.533333333333,1522.33333333333,1571.86666666667,652.8,,2437.93333333333,1083.0,650.533333333333
2026-08-07 17:15:00,1522.66666666667,,443.4,669.533333333333,1393.86666666667,1356.8,681.266666666667,,2006.8,752.133333333333,749.2
2026-08-07 17:30:00,1455.8,,450.533333333333,627.2,874.733333333333,1431.8,668.133333333333,,2207.33333333333,741.666666666667,871.066666666667
2026-08-07 17:45:00,1390.4,,574.4,656.933333333333,702.2,1365.8,743.0,,8111.4,795.933333333333,933.4
2026-08-07 18:00:00,1357.73333333333,,580.0,756.533333333333,720.066666666667,1232.0,741.133333333333,,2804.4,736.666666666667,918.2
2026-08-07 18:15:00,1396.66666666667,,543.0,765.933333333333,618.866666666667,785.133333333333,858.6,,2529.8,695.8,905.133333333333
2026-08-07 18:30:00,1633.53333333333,,475.6,936.0,635.2,659.133333333333,711.733333333333,,2572.06666666667,776.6,833.733333333333
2026-08-07 18:45:00,1363.93333333333,,603.666666666667,1058.46666666667,684.2,625.933333333333,745.533333333333,,2499.93333333333,808.8,874.2
2026-08-07 19:00:00,1260.4,,662.4,1193.46666666667,712.0,860.866666666667,826.466666666667,,2554.06666666667,895.0,1093.53333333333
2026-08-07 19:15:00,1391.26666666667,,809.466666666667,1270.6,737.2,966.666666666667,902.2,,1989.06666666667,967.466666666667,1414.53333333333
2026-08-07 19:30:00,1503.93333333333,,849.133333333333,1248.0,748.666666666667,1153.06666666667,943.266666666667,,1486.66666666667,848.4,1779.93333333333
2026-08-07 19:45:00,1123.6,,886.2,1260.66666666667,928.933333333333,1294.46666666667,1099.46666666667,1076.0,1556.6,754.066666666667,1683.53333333333
2026-08-07 20:00:00,1550.06666666667,,939.666666666667,1583.2,1141.33333333333,1311.53333333333,1088.53333333333,980.266666666667,1421.33333333333,881.866666666667,1464.13333333333
2026-08-07 20:15:00,1519.93333333333,,985.6,2118.2,1168.66666666667,1312.53333333333,984.533333333333,978.533333333333,1494.73333333333,935.4,1447.26666666667
2026-08-07 20:30:00,1690.0,,1185.86666666667,2586.06666666667,1398.26666666667,1464.26666666667,907.133333333333,1133.33333333333,1533.2,959.266666666667,1648.6
2026-08-07 20:45:00,2038.2,,1260.13333333333,2784.93333333333,1161.93333333333,1326.53333333333,1434.13333333333,1132.2,1483.13333333333,1012.4,1753.73333333333
2026-08-07 21:00:00,2287.66666666667,,1333.46666666667,3126.86666666667,1136.06666666667,2070.53333333333,1699.6,1149.0,1457.26666666667,1094.66666666667,6139.93333333333
2026-08-07 21:15:00,2676.66666666667,,1302.26666666667,3366.73333333333,1051.46666666667,1813.93333333333,1744.06666666667,1155.66666666667,1559.53333333333,1187.26666666667,3603.26666666667
2026-08-07 21:30:00,2802.8,,1313.73333333333,3437.8,1180.2,1619.66666666667,1887.8,1218.86666666667,1801.93333333333,1239.0,2499.8
2026-08-07 21:45:00,2840.53333333333,,1180.86666666667,3280.0,1463.93333333333,1773.6,1913.06666666667,1457.0,1853.86666666667,1222.26666666667,2148.4
2026-08-07 22:00:00,2799.86666666667,,1200.86666666667,3039.4,1484.4,1896.06666666667,2219.06666666667,1259.0,1916.66666666667,1263.53333333333,1965.8
2026-08-07 22:15:00,2387.86666666667,,1373.2,2879.73333333333,1484.06666666667,1887.66666666667,1855.26666666667,1079.93333333333,2023.86666666667,1281.93333333333,1554.66666666667
2026-08-07 22:30:00,2235.06666666667,,1144.86666666667,3036.26666666667,1576.86666666667,1837.06666666667,1735.46666666667,998.733333333333,1961.0,1143.2,1154.73333333333
2026-08-07 22:45:00,2195.4,,1184.26666666667,3288.4,1887.53333333333,1801.8,1581.46666666667,886.533333333333,1935.46666666667,1029.13333333333,1772.93333333333
2026-08-07 23:00:00,2227.2,,1065.13333333333,3432.8,1829.2,1741.46666666667,1475.66666666667,799.8,2151.6,940.2,1649.26666666667
2026-08-07 23:15:00,2078.33333333333,,993.933333333333,3387.4,1630.0,1612.53333333333,1396.4,1020.53333333333,2259.33333333333,934.6,1525.73333333333
2026-08-07 23:30:00,1944.6,,1135.06666666667,3249.53333333333,1576.8,1610.86666666667,1320.66666666667,1092.53333333333,1807.4,1038.8,3868.13333333333
2026-08-07 23:45:00,2369.86666666667,,1346.73333333333,3072.53333333333,1593.66666666667,1495.93333333333,1269.26666666667,1145.73333333333,1853.06666666667,1049.46666666667,1733.46666666667
2026-08-08 00:00:00,2479.93333333333,,1482.93333333333,2826.86666666667,1472.06666666667,1599.33333333333,1281.13333333333,1114.33333333333,1727.86666666667,1140.4,1898.66666666667
2026-08-08 00:15:00,2055.6,,1591.0,2724.33333333333,1484.93333333333,1662.53333333333,1372.53333333333,1101.2,1717.46666666667,1230.8,1675.53333333333
2026-08-08 00:30:00,1750.13333333333,,1710.93333333333,2752.2,1627.33333333333,1808.8,1364.93333333333,1178.6,1742.13333333333,1266.33333333333,1966.2
2026-08-08 00:45:00,1848.0,,1818.73333333333,2654.93333333333,1793.06666666667,2077.13333333333,1394.86666666667,1301.4,1801.46666666667,1286.06666666667,2037.26666666667
2026-08-08 01:00:00,1919.93333333333,,1913.4,2617.73333333333,1929.4,2297.53333333333,1432.2,1423.93333333333,2075.93333333333,1467.93333333333,2203.53333333333
2026-08-08 01:15:00,2063.13333333333,,1857.66666666667,2715.8,1990.93333333333,2595.33333333333,1458.53333333333,1594.73333333333,2020.66666666667,1644.46666666667,2285.4
2026-08-08 01:30:00,2285.2,,1843.66666666667,2714.33333333333,2073.4,2706.53333333333,1427.33333333333,1830.0,2104.13333333333,1761.06666666667,2438.73333333333
2026-08-08 01:45:00,2454.06666666667,,2090.6,2698.2,2282.2,3011.8,1398.86666666667,2046.46666666667,2228.2,1905.6,2264.2
2026-08-08 02:00:00,2571.66666666667,,2008.33333333333,3260.2,2588.06666666667,3160.13333333333,1406.2,2185.46666666667,2381.0,2111.53333333333,2503.26666666667
2026-08-08 02:15:00,2633.46666666667,,1833.06666666667,3787.4,2776.73333333333,3313.2,1534.6,2474.13333333333,2316.0,2151.0,2948.6
2026-08-08 02:30:00,2746.53333333333,,1619.46666666667,3670.2,2578.13333333333,3533.06666666667,1333.0,2287.26666666667,2408.73333333333,2067.13333333333,2894.33333333333
2026-08-08 02:45:00,2928.4,,1652.46666666667,3467.53333333333,2547.2,3571.8,1338.53333333333,2273.06666666667,2479.33333333333,2180.0,2890.86666666667
2026-08-08 03:00:00,2922.8,,1811.0,3114.93333333333,2283.46666666667,3239.8,1305.6,2054.33333333333,2066.06666666667,2453.33333333333,2667.33333333333
2026-08-08 03:15:00,2918.4,,1798.86666666667,2693.93333333333,2150.8,2918.4,1344.46666666667,1701.53333333333,2314.46666666667,2383.6,2539.2
2026-08-08 03:30:00,2940.86666666667,,1787.86666666667,2078.0,2330.6,2630.46666666667,1392.46666666667,1299.53333333333,2642.66666666667,1794.93333333333,1975.4
2026-08-08 03:45:00,2490.73333333333,,1698.26666666667,1895.86666666667,2236.66666666667,2800.8,1421.8,1241.73333333333,2470.6,1400.0,1877.8
2026-08-08 04:00:00,2189.6,,1663.26666666667,2032.53333333333,2369.46666666667,2912.53333333333,1426.86666666667,1178.2,2278.6,1258.8,1618.33333333333
2026-08-08 04:15:00,1871.6,,1558.46666666667,2235.4,2159.46666666667,2953.86666666667,1448.66666666667,1113.86666666667,2268.2,1171.33333333333,1565.2
2026-08-08 04:30:00,1785.13333333333,,1411.33333333333,2631.93333333333,1903.86666666667,2738.73333333333,1497.93333333333,1048.46666666667,2495.53333333333,1099.4,1451.33333333333
2026-08-08 04:45:00,1750.73333333333,,1282.86666666667,3015.33333333333,2142.53333333333,2586.0,1428.8,1064.0,2441.93333333333,1102.06666666667,1530.93333333333
2026-08-08 05:00:00,1714.6,,1120.0,2913.93333333333,2153.53333333333,2217.6,1478.33333333333,1029.13333333333,2567.2,1115.8,1532.8
2026-08-08 05:15:00,1678.6,,1023.2,2586.13333333333,2073.2,2111.8,1472.2,1126.4,2603.0,1169.0,1485.46666666667
2026-08-08 05:30:00,1670.33333333333,,930.866666666667,2498.73333333333,1866.53333333333,2078.13333333333,1475.33333333333,1049.0,2574.6,1119.46666666667,1642.6
2026-08-08 05:45:00,1599.13333333333,,970.0,2328.66666666667,1789.06666666667,2093.93333333333,1469.86666666667,1031.33333333333,2560.0,1151.33333333333,1689.06666666667
2026-08-08 06:00:00,1544.66666666667,,1007.8,2577.06666666667,1632.0,2168.73333333333,1523.0,1081.33333333333,2647.46666666667,1179.86666666667,1496.53333333333
2026-08-08 06:15:00,1523.06666666667,,953.4,1873.93333333333,1529.66666666667,1924.46666666667,1460.0,1040.26666666667,2946.06666666667,1046.73333333333,1441.46666666667
2026-08-08 06:30:00,1495.46666666667,,1025.13333333333,2306.2,1569.26666666667,2058.13333333333,1449.66666666667,986.4,2736.2,1012.13333333333,1381.2
2026-08-08 06:45:00,1519.33333333333,,1362.33333333333,2541.93333333333,1612.26666666667,2240.46666666667,1378.46666666667,947.933333333333,1870.2,991.4,1186.46666666667
2026-08-08 07:00:00,1549.0,,1363.6,2801.86666666667,1875.8,1954.53333333333,1332.06666666667,933.8,1784.26666666667,942.6,1106.06666666667
2026-08-08 07:15:00,1240.33333333333,,1378.93333333333,2841.86666666667,1572.0,1778.93333333333,1243.53333333333,925.133333333333,1884.13333333333,887.133333333333,1061.2
2026-08-08 07:30:00,907.666666666667,,1133.66666666667,2642.2,1678.13333333333,1704.33333333333,1436.6,918.0,1898.73333333333,852.6,1006.86666666667
2026-08-08 07:45:00,835.933333333333,,977.533333333333,2299.2,1659.8,1499.73333333333,1297.66666666667,912.733333333333,1743.26666666667,711.2,962.266666666667
2026-08-08 08:00:00,703.133333333333,,894.0,1679.06666666667,1898.53333333333,1312.53333333333,1311.2,875.6,1654.46666666667,709.333333333333,880.933333333333
2026-08-08 08:15:00,679.666666666667,,1014.6,1440.73333333333,2125.06666666667,1206.46666666667,1324.06666666667,926.066666666667,1795.4,641.133333333333,1102.06666666667
2026-08-08 08:30:00,959.866666666667,,1171.66666666667,1170.6,1968.93333333333,1356.4,1300.0,1172.86666666667,2136.6,943.933333333333,1329.86666666667
2026-08-08 08:45:00,1324.66666666667,,1548.26666666667,1222.46666666667,1740.06666666667,1481.0,1236.33333333333,1294.53333333333,2198.93333333333,995.333333333333,1292.66666666667
2026-08-08 09:00:00,1484.66666666667,,1821.93333333333,1503.33333333333,1597.93333333333,1737.53333333333,1143.66666666667,1464.13333333333,2233.93333333333,1119.73333333333,1657.86666666667
2026-08-08 09:15:00,1719.0,,1899.66666666667,1695.53333333333,1564.73333333333,1966.86666666667,1185.13333333333,1712.66666666667,2529.4,1467.06666666667,1936.46666666667
2026-08-08 09:30:00,1896.93333333333,,1809.93333333333,1976.06666666667,2129.46666666667,2489.2,1166.93333333333,1799.06666666667,2543.6,1537.13333333333,2089.53333333333
2026-08-08 09:45:00,1720.6,,1656.66666666667,2180.26666666667,2014.2,2382.13333333333,1105.73333333333,1792.26666666667,2707.93333333333,1447.06666666667,1985.6
2026-08-08 10:00:00,1623.93333333333,,1538.0,2142.73333333333,1818.73333333333,2085.13333333333,1018.4,1665.33333333333,2974.26666666667,1084.33333333333,1844.2
2026-08-08 10:15:00,1841.13333333333,,1408.66666666667,1793.26666666667,1692.06666666667,2047.4,1055.0,1596.13333333333,3060.0,1419.2,1764.86666666667
2026-08-08 10:30:00,2727.26666666667,,1440.33333333333,730.428571428571,1741.8,2273.6,1062.73333333333,1712.0,3601.0,1510.73333333333,1658.46666666667
2026-08-08 10:45:00,3248.26666666667,,1772.66666666667,,1946.66666666667,2680.06666666667,1046.6,2183.06666666667,4406.46666666667,1933.53333333333,2325.2
2026-08-08 11:00:00,3557.86666666667,,2667.6,,2070.73333333333,3604.4,1064.86666666667,2805.53333333333,5246.06666666667,3024.93333333333,2914.86666666667
2026-08-08 11:15:00,3550.4,,3419.46666666667,,2541.6,3565.73333333333,1196.73333333333,3152.8,6102.8,3405.06666666667,3240.2
2026-08-08 11:30:00,4400.46666666667,,3498.66666666667,1803.0,2890.8,3711.46666666667,1451.8,3204.46666666667,6164.0,3416.93333333333,3350.33333333333
2026-08-08 11:45:00,4541.2,,2993.8,1697.06666666667,3951.46666666667,4684.66666666667,1968.06666666667,3501.06666666667,6446.0,3207.46666666667,3260.86666666667
2026-08-08 12:00:00,4212.2,,2618.8,1585.26666666667,4251.46666666667,4620.6,2587.4,2983.8,6559.13333333333,3160.73333333333,2933.66666666667
2026-08-08 12:15:00,3883.93333333333,,2236.8,1559.33333333333,3933.6,4091.06666666667,3418.93333333333,2657.2,6683.46666666667,2894.33333333333,2719.2
2026-08-08 12:30:00,3692.86666666667,,2066.4,1366.13333333333,3582.26666666667,3583.4,3602.4,2301.06666666667,6479.73333333333,2432.26666666667,2255.06666666667
2026-08-08 12:45:00,3369.6,,2070.33333333333,1194.46666666667,3271.13333333333,2978.66666666667,3210.6,1967.66666666667,6312.0,2100.33333333333,2019.33333333333
2026-08-08 13:00:00,3523.66666666667,,2119.26666666667,1136.33333333333,2820.0,2669.86666666667,2525.33333333333,1960.53333333333,6355.73333333333,1861.26666666667,2098.8
2026-08-08 13:15:00,4010.46666666667,,2345.86666666667,1063.26666666667,2591.0,2511.6,2470.86666666667,1958.26666666667,6048.26666666667,1829.06666666667,2118.26666666667
2026-08-08 13:30:00,3832.8,,2898.46666666667,998.133333333333,2634.4,2572.4,3351.4,1953.33333333333,5707.93333333333,1976.13333333333,2060.46666666667
2026-08-08 13:45:00,3261.4,,3328.13333333333,1002.86666666667,2702.33333333333,,3594.33333333333,2138.2,5537.8,2657.26666666667,2190.0
2026-08-08 14:00:00,3165.46666666667,,3371.33333333333,1008.06666666667,2827.73333333333,,3939.06666666667,2229.26666666667,6024.13333333333,2529.0,2242.66666666667
2026-08-08 14:15:00,4144.0,,3315.6,1053.8,3106.0,,4363.73333333333,2175.6,5814.93333333333,2406.26666666667,2314.26666666667
2026-08-08 14:30:00,4744.13333333333,,3514.4,1038.0,3587.86666666667,,4529.86666666667,2344.2,5706.46666666667,2011.26666666667,2516.2
2026-08-08 14:45:00,4408.13333333333,,3611.8,1006.46666666667,3878.66666666667,,4774.73333333333,2441.46666666667,5783.33333333333,1956.73333333333,2605.86666666667
2026-08-08 15:00:00,4173.06666666667,,3538.46666666667,1086.06666666667,4041.2,,5262.33333333333,2386.0,6115.0,2014.53333333333,2436.66666666667
2026-08-08 15:15:00,3642.66666666667,,3286.73333333333,1136.6,4279.2,,5225.46666666667,1858.33333333333,6387.73333333333,2068.0,1935.93333333333
2026-08-08 15:30:00,2962.06666666667,,3042.8,1148.66666666667,4145.33333333333,,4466.06666666667,1970.8,6285.06666666667,1865.8,2070.6
2026-08-08 15:45:00,2787.6,,2746.2,1084.13333333333,3897.8,,4679.33333333333,1930.86666666667,5721.2,1922.66666666667,2252.33333333333
2026-08-08 16:00:00,2373.53333333333,,2161.26666666667,828.333333333333,3569.13333333333,,4438.33333333333,1836.6,5110.0,1855.66666666667,1994.13333333333
2026-08-08 16:15:00,2271.0,,2001.73333333333,748.933333333333,3348.66666666667,,4248.4,1719.0,4030.0,1844.73333333333,1741.86666666667
2026-08-08 16:30:00,2387.13333333333,,1952.2,601.733333333333,3199.73333333333,,3986.13333333333,1405.06666666667,3298.125,1689.73333333333,1530.8
2026-08-08 16:45:00,2293.33333333333,,1907.86666666667,682.733333333333,2886.06666666667,,3431.4,1184.8,3680.92307692308,1581.26666666667,1205.2
2026-08-08 17:00:00,2068.2,,1768.33333333333,662.866666666667,2691.93333333333,,2972.46666666667,1323.46666666667,3270.66666666667,1454.2,1341.06666666667
2026-08-08 17:15:00,1858.73333333333,,1825.0,654.4,2466.66666666667,,2133.66666666667,1375.4,2702.73333333333,1399.26666666667,1387.8
2026-08-08 17:30:00,1823.86666666667,,1700.8,739.533333333333,2437.6,,1877.53333333333,1334.86666666667,2626.0,1458.53333333333,1476.2
2026-08-08 17:45:00,1871.6,,1582.93333333333,965.6,2391.06666666667,,1748.53333333333,1501.06666666667,2462.73333333333,1454.8,1680.46666666667
2026-08-08 18:00:00,1932.86666666667,,1501.46666666667,1100.0,2219.86666666667,,1774.86666666667,1334.4,2336.8,1422.53333333333,1499.86666666667
2026-08-08 18:15:00,1947.0,,1377.53333333333,1139.8,2113.46666666667,,1898.13333333333,1276.86666666667,2269.33333333333,1413.2,1489.06666666667
2026-08-08 18:30:00,1922.86666666667,,1544.4,1109.46666666667,2069.6,,2251.13333333333,1258.06666666667,2282.33333333333,1387.93333333333,1493.06666666667
2026-08-08 18:45:00,1861.0,,2220.93333333333,1195.0,1916.13333333333,,2668.73333333333,1289.2,2274.6,1400.06666666667,1471.53333333333
2026-08-08 19:00:00,1860.33333333333,,2228.53333333333,1259.86666666667,2044.53333333333,,2505.8,1318.0,2283.4,1431.4,1505.93333333333
2026-08-08 19:15:00,1829.0,,2812.46666666667,1495.46666666667,2566.6,,2568.8,1459.2,2211.4,1436.93333333333,1725.2
2026-08-08 19:30:00,1862.0,,2716.13333333333,1875.86666666667,2939.2,,2461.86666666667,1868.53333333333,2208.73333333333,1753.33333333333,2083.13333333333
2026-08-08 19:45:00,2214.53333333333,,2494.33333333333,1989.4,2860.66666666667,,2356.73333333333,2137.53333333333,2221.93333333333,2084.33333333333,2322.2
2026-08-08 20:00:00,2694.93333333333,,2756.73333333333,1999.06666666667,2777.33333333333,,2462.33333333333,2346.26666666667,2435.93333333333,2387.6,2573.66666666667
2026-08-08 20:15:00,3009.86666666667,,2973.53333333333,2000.53333333333,2789.4,,2637.4,2593.46666666667,3003.6,2690.8,3024.6
2026-08-08 20:30:00,3167.06666666667,,3284.06666666667,2076.46666666667,2948.46666666667,,3228.4,2782.2,3623.8,2966.73333333333,3508.66666666667
2026-08-08 20:45:00,3358.13333333333,,3537.73333333333,2151.8,3198.46666666667,,3470.0,3004.8,3892.13333333333,3286.33333333333,3718.6
2026-08-08 21:00:00,3546.4,,3783.53333333333,2235.26666666667,3595.8,,3472.46666666667,3250.13333333333,4283.86666666667,3498.26666666667,3827.46666666667
2026-08-08 21:15:00,3724.0,,4006.73333333333,2373.2,3953.53333333333,4280.26666666667,3477.53333333333,3416.93333333333,4478.46666666667,3652.2,4109.4
2026-08-08 21:30:00,3988.13333333333,,4297.26666666667,2421.8,4227.73333333333,4222.6,3480.8,3513.93333333333,4525.93333333333,3857.46666666667,4240.93333333333
2026-08-08 21:45:00,4287.4,,4331.53333333333,2498.73333333333,4503.46666666667,4274.73333333333,3595.4,3600.4,4615.26666666667,4000.4,4546.73333333333
2026-08-08 22:00:00,4478.0,,4307.0,2521.46666666667,4572.46666666667,4314.86666666667,3539.26666666667,3707.6,4661.86666666667,4151.93333333333,5465.86666666667
2026-08-08 22:15:00,4559.33333333333,,4304.06666666667,2558.2,4494.2,4393.2,3377.0,3821.6,4719.46666666667,4233.26666666667,5248.06666666667
2026-08-08 22:30:00,4578.26666666667,,4316.53333333333,2431.66666666667,4419.4,4502.46666666667,3289.2,3775.73333333333,4762.86666666667,4297.13333333333,4939.26666666667
2026-08-08 22:45:00,4595.33333333333,,4310.6,2386.66666666667,4382.2,4513.8,3492.2,3815.33333333333,4799.66666666667,4362.06666666667,5240.2
2026-08-08 23:00:00,4564.66666666667,,4356.33333333333,2367.53333333333,4171.4,4534.13333333333,3540.93333333333,4262.2,4853.53333333333,4478.66666666667,5421.2
2026-08-08 23:15:00,4499.0,,4584.06666666667,2313.33333333333,4272.2,4569.4,3619.0,3885.13333333333,4828.4,4314.4,5048.2
2026-08-08 23:30:00,4014.73333333333,,4704.26666666667,2321.26666666667,4406.6,4664.86666666667,3582.13333333333,3625.86666666667,4639.26666666667,3410.86666666667,5114.8
2026-08-08 23:45:00,3482.2,,4582.86666666667,2364.33333333333,4713.8,4754.4,3641.66666666667,3650.53333333333,3671.46666666667,2956.13333333333,5245.4
2026-08-09 00:00:00,1668.46666666667,,3203.13333333333,2345.66666666667,4626.66666666667,3213.66666666667,3343.06666666667,2359.0,2307.6,1356.86666666667,2515.26666666667
2026-08-09 00:15:00,1221.8,,1292.13333333333,2312.13333333333,1886.53333333333,1822.93333333333,3309.53333333333,1944.26666666667,1548.0,1354.73333333333,1767.4
2026-08-09 00:30:00,1196.73333333333,,1114.46666666667,2291.73333333333,1261.73333333333,624.466666666667,3349.93333333333,1368.66666666667,1481.8,1183.2,1434.86666666667
2026-08-09 00:45:00,1273.13333333333,,1187.0,2287.2,427.666666666667,618.733333333333,2939.46666666667,1198.33333333333,1421.4,1010.13333333333,1331.0
2026-08-09 01:00:00,1283.66666666667,,1570.46666666667,2642.4,583.4,805.266666666667,2307.6,1232.06666666667,1435.06666666667,1066.26666666667,1309.2
2026-08-09 01:15:00,1189.73333333333,,1637.66666666667,3235.73333333333,822.866666666667,1191.6,2271.0,1649.6,1640.46666666667,1029.73333333333,1493.26666666667
2026-08-09 01:30:00,900.133333333333,,1512.13333333333,3707.13333333333,1059.53333333333,1506.53333333333,2315.53333333333,1826.6,1724.33333333333,1230.06666666667,1709.6
2026-08-09 01:45:00,880.333333333333,,1789.0,3581.73333333333,1458.2,1802.0,2472.26666666667,1808.66666666667,1728.86666666667,1293.8,1703.33333333333
2026-08-09 02:00:00,1107.13333333333,,1555.6,3369.4,1698.46666666667,2483.66666666667,2242.6,1783.33333333333,1808.53333333333,1327.06666666667,1812.73333333333
2026-08-09 02:15:00,1139.46666666667,,1531.53333333333,3447.73333333333,2303.53333333333,2671.4,2001.0,1859.0,1792.66666666667,1471.06666666667,2078.26666666667
2026-08-09 02:30:00,1255.26666666667,,1566.8,3214.6,2187.73333333333,2454.93333333333,2145.8,1980.0,1741.66666666667,1505.4,2239.66666666667
2026-08-09 02:45:00,1397.06666666667,,1520.0,2948.33333333333,2244.4,2446.2,2090.53333333333,1974.26666666667,1775.46666666667,1532.73333333333,2375.73333333333
2026-08-09 03:00:00,1484.6,,1311.8,2855.6,2312.6,2420.86666666667,1654.66666666667,1972.06666666667,1795.73333333333,1667.4,2436.33333333333
2026-08-09 03:15:00,1605.8,,1154.8,2857.33333333333,2257.0,2321.0,1667.73333333333,1972.06666666667,1801.33333333333,1706.66666666667,2499.53333333333
2026-08-09 03:30:00,1756.6,,1114.73333333333,2774.26666666667,1831.8,1862.46666666667,1654.53333333333,1922.46666666667,1890.46666666667,1725.66666666667,2457.26666666667
2026-08-09 03:45:00,1716.6,,1190.46666666667,2622.13333333333,1843.73333333333,1787.6,1691.13333333333,1864.26666666667,1843.46666666667,1792.53333333333,2392.06666666667
2026-08-09 04:00:00,1732.26666666667,,1264.6,2774.93333333333,1972.0,1859.73333333333,1930.13333333333,1713.73333333333,1781.53333333333,1765.86666666667,2361.33333333333
2026-08-09 04:15:00,1740.13333333333,,1281.46666666667,2325.0,1929.4,1881.0,1956.66666666667,1614.13333333333,1761.86666666667,1747.73333333333,2072.06666666667
2026-08-09 04:30:00,1708.2,,1388.4,1871.0,1926.13333333333,1921.46666666667,1988.26666666667,1477.53333333333,1769.66666666667,1603.0,1985.2
2026-08-09 04:45:00,1730.53333333333,,1527.13333333333,2186.46666666667,1995.2,1888.0,1950.4,1502.4,1829.33333333333,1517.73333333333,2003.4
2026-08-09 05:00:00,1698.53333333333,,1631.33333333333,3094.53333333333,2100.8,1930.13333333333,1954.93333333333,1608.66666666667,2002.66666666667,1532.93333333333,1996.6
2026-08-09 05:15:00,1646.6,,1739.73333333333,2973.73333333333,2192.33333333333,2114.13333333333,1944.86666666667,1735.33333333333,2351.86666666667,1514.4,2102.73333333333
2026-08-09 05:30:00,1599.26666666667,,1812.2,2191.0,2275.6,2269.4,1871.46666666667,1817.13333333333,2369.86666666667,1524.13333333333,2208.8
2026-08-09 05:45:00,1640.46666666667,,1814.66666666667,1789.2,2406.26666666667,2415.13333333333,1893.66666666667,1886.06666666667,2086.26666666667,1601.2,2254.93333333333
2026-08-09 06:00:00,1652.93333333333,,1790.86666666667,1638.4,2397.93333333333,2565.53333333333,1743.6,2047.26666666667,2075.73333333333,1657.4,3229.4
2026-08-09 06:15:00,1694.8,,1896.6,1607.93333333333,2497.4,2901.0,1675.8,2187.46666666667,2196.2,1699.0,2261.66666666667
2026-08-09 06:30:00,1720.8,,1986.4,1750.2,2562.66666666667,3086.66666666667,1779.06666666667,2262.73333333333,2402.93333333333,1738.26666666667,2437.0
2026-08-09 06:45:00,1669.53333333333,,2020.06666666667,1496.13333333333,2779.66666666667,3056.4,1401.06666666667,2208.46666666667,2338.6,1744.46666666667,2811.4
2026-08-09 07:00:00,1555.73333333333,,2051.26666666667,1163.86666666667,3093.86666666667,3309.06666666667,1296.13333333333,2228.66666666667,2341.26666666667,1758.0,2567.06666666667
2026-08-09 07:15:00,1432.2,,1977.13333333333,1101.0,3843.86666666667,3223.13333333333,1350.93333333333,2180.8,2426.33333333333,1751.6,2670.66666666667
2026-08-09 07:30:00,1301.06666666667,,1803.66666666667,1223.13333333333,3380.06666666667,3135.26666666667,1540.33333333333,2227.4,3553.06666666667,1615.86666666667,2446.93333333333
2026-08-09 07:45:00,1178.13333333333,,1740.53333333333,1019.13333333333,2673.0,2942.06666666667,1778.33333333333,2224.26666666667,3596.13333333333,1280.86666666667,2520.2
2026-08-09 08:00:00,1073.13333333333,,1782.73333333333,747.866666666667,2503.73333333333,2810.66666666667,2228.86666666667,2181.2,3094.26666666667,1262.06666666667,2378.2
2026-08-09 08:15:00,1026.86666666667,,1773.4,691.533333333333,2594.33333333333,2714.2,2432.06666666667,2131.66666666667,2810.4,908.866666666667,2245.2
2026-08-09 08:30:00,992.666666666667,,1719.06666666667,635.133333333333,2409.73333333333,2608.26666666667,2565.2,2067.73333333333,2942.66666666667,733.4,2058.13333333333
2026-08-09 08:45:00,1010.33333333333,,1656.6,584.2,2016.13333333333,2520.6,2624.66666666667,1998.73333333333,3336.46666666667,683.133333333333,1975.93333333333
2026-08-09 09:00:00,938.266666666667,,1591.8,468.2,471.6,2543.33333333333,2738.26666666667,2045.8,3399.8,671.733333333333,1890.46666666667
2026-08-09 09:15:00,1044.0,,1583.86666666667,415.466666666667,,2484.86666666667,2670.66666666667,1982.13333333333,3120.13333333333,714.733333333333,1817.53333333333
2026-08-09 09:30:00,981.066666666667,,1515.13333333333,388.066666666667,452.444444444444,2437.73333333333,2454.53333333333,1968.86666666667,2798.33333333333,691.933333333333,1764.2
2026-08-09 09:45:00,838.6,,1455.46666666667,370.6,2237.26666666667,2437.26666666667,2356.66666666667,1881.2,2674.33333333333,683.466666666667,1682.4
2026-08-09 10:00:00,817.933333333333,,1394.06666666667,379.466666666667,2261.86666666667,2304.6,2171.0,1824.66666666667,2558.0,655.733333333333,1591.53333333333
2026-08-09 10:15:00,790.266666666667,,1344.93333333333,372.2,2206.13333333333,2147.33333333333,2047.2,1686.06666666667,2560.8,626.866666666667,1557.66666666667
2026-08-09 10:30:00,769.733333333333,,1231.2,374.466666666667,2140.53333333333,2647.33333333333,1929.66666666667,1616.73333333333,2359.53333333333,630.4,1395.0
2026-08-09 10:45:00,773.2,,1176.66666666667,388.4,2114.53333333333,1833.53333333333,1825.46666666667,1474.8,2250.66666666667,675.533333333333,
2026-08-09 11:00:00,826.8,,1212.4,410.266666666667,1969.46666666667,1655.13333333333,1773.86666666667,1307.66666666667,2297.4,781.466666666667,
2026-08-09 11:15:00,1001.53333333333,,1225.4,443.133333333333,1793.6,1590.33333333333,1646.33333333333,1203.66666666667,2164.26666666667,828.933333333333,
2026-08-09 11:30:00,1110.93333333333,,1153.86666666667,444.333333333333,1722.53333333333,1588.93333333333,1543.26666666667,1128.26666666667,2004.86666666667,851.2,
2026-08-09 11:45:00,1091.86666666667,,1176.73333333333,451.866666666667,1791.2,1474.2,1522.73333333333,1030.06666666667,1770.6,798.733333333333,
2026-08-09 12:00:00,1063.2,,1131.33333333333,429.933333333333,1561.73333333333,1394.06666666667,1544.8,967.666666666667,1595.0,693.533333333333,
2026-08-09 12:15:00,1039.2,,1077.2,406.666666666667,1471.26666666667,1282.33333333333,1559.66666666667,941.733333333333,1488.2,669.6,
2026-08-09 12:30:00,1006.4,,1009.2,388.0,1434.6,1150.86666666667,1540.93333333333,886.733333333333,1444.8,643.0,
2026-08-09 12:45:00,951.933333333333,,1103.6,388.533333333333,1297.6,1168.33333333333,1560.4,923.4,1295.13333333333,614.8,
2026-08-09 13:00:00,974.533333333333,,1087.33333333333,410.933333333333,1236.6,1015.2,1477.13333333333,911.333333333333,1112.4,645.6,
2026-08-09 13:15:00,896.4,,936.2,410.066666666667,1255.06666666667,1136.8,1467.06666666667,843.266666666667,1116.4,663.333333333333,
2026-08-09 13:30:00,881.733333333333,,914.733333333333,402.8,1230.2,1121.33333333333,1370.4,865.333333333333,1026.46666666667,638.533333333333,
2026-08-09 13:45:00,927.866666666667,,924.466666666667,375.8,1215.26666666667,1076.73333333333,1346.73333333333,859.066666666667,1066.8,604.466666666667,
2026-08-09 14:00:00,886.2,,929.0,370.066666666667,1208.93333333333,1043.66666666667,1319.33333333333,826.8,978.333333333333,614.666666666667,
2026-08-09 14:15:00,821.866666666667,,973.066666666667,372.533333333333,1199.46666666667,1036.53333333333,1285.0,869.933333333333,965.933333333333,650.933333333333,
2026-08-09 14:30:00,817.0,,941.8,363.933333333333,1183.53333333333,1055.33333333333,1284.46666666667,867.866666666667,897.733333333333,682.066666666667,
2026-08-09 14:45:00,799.4,,905.866666666667,416.4,1196.4,1076.6,1280.0,867.133333333333,912.8,716.8,
2026-08-09 15:00:00,824.066666666667,,874.866666666667,519.933333333333,1272.8,1110.4,1273.73333333333,849.466666666667,966.533333333333,716.4,
2026-08-09 15:15:00,865.333333333333,,908.533333333333,642.4,1223.0,1110.46666666667,1241.8,785.733333333333,915.933333333333,738.133333333333,
2026-08-09 15:30:00,894.6,,811.6,719.6,1237.06666666667,1084.66666666667,1171.0,717.666666666667,920.066666666667,755.0,
2026-08-09 15:45:00,933.8,,806.533333333333,733.733333333333,1219.2,1058.13333333333,1165.0,657.466666666667,910.4,753.266666666667,
2026-08-09 16:00:00,987.8,,841.866666666667,786.6,1245.13333333333,1051.4,1171.4,654.2,920.266666666667,734.6,
2026-08-09 16:15:00,1036.6,,826.6,825.6,1212.06666666667,1008.13333333333,1227.86666666667,656.4,943.266666666667,707.866666666667,
2026-08-09 16:30:00,1024.86666666667,,806.066666666667,906.0,1166.66666666667,984.266666666667,1274.53333333333,641.2,953.4,677.866666666667,
2026-08-09 16:45:00,983.266666666667,,819.6,1000.2,1171.86666666667,990.266666666667,1279.4,623.466666666667,997.466666666667,707.8,
2026-08-09 17:00:00,957.733333333333,,811.333333333333,1033.66666666667,1193.66666666667,946.2,1292.2,696.0,1047.26666666667,716.333333333333,
2026-08-09 17:15:00,953.266666666667,,809.533333333333,1018.86666666667,1199.66666666667,949.466666666667,1258.86666666667,751.866666666667,975.333333333333,760.466666666667,
2026-08-09 17:30:00,956.733333333333,,836.266666666667,1060.93333333333,1141.93333333333,1051.8,1282.4,788.133333333333,972.6,756.666666666667,
2026-08-09 17:45:00,983.666666666667,,845.4,1075.46666666667,1226.53333333333,1109.53333333333,1278.6,749.0,1009.6,782.8,
2026-08-09 18:00:00,986.2,,753.066666666667,1141.4,1521.53333333333,1008.8,1328.66666666667,761.6,1005.4,776.066666666667,
2026-08-09 18:15:00,1017.0,,605.133333333333,1130.33333333333,1461.8,926.733333333333,1325.86666666667,757.866666666667,1006.26666666667,796.4,
2026-08-09 18:30:00,1094.93333333333,,492.266666666667,1169.06666666667,1427.8,803.8,1379.06666666667,853.466666666667,1017.86666666667,823.466666666667,
2026-08-09 18:45:00,1139.13333333333,,476.666666666667,1206.93333333333,1386.06666666667,799.466666666667,1469.13333333333,822.666666666667,1041.06666666667,854.533333333333,
2026-08-09 19:00:00,1039.0,,531.666666666667,1182.66666666667,1227.53333333333,1004.53333333333,1568.06666666667,831.0,1043.06666666667,877.533333333333,
2026-08-09 19:15:00,1101.66666666667,,731.533333333333,1243.13333333333,1290.4,1144.4,1686.06666666667,878.933333333333,1078.0,917.266666666667,
2026-08-09 19:30:00,1066.86666666667,,826.2,1333.93333333333,1336.33333333333,1230.0,1770.26666666667,933.8,1126.93333333333,946.533333333333,
2026-08-09 19:45:00,1106.73333333333,,844.866666666667,1386.93333333333,1316.06666666667,1311.93333333333,1816.0,914.466666666667,1215.66666666667,982.6,
2026-08-09 20:00:00,1118.4,,1017.46666666667,1430.13333333333,1352.53333333333,1257.86666666667,1980.13333333333,1018.73333333333,1353.13333333333,1094.4,
2026-08-09 20:15:00,1190.8,,1000.73333333333,1465.93333333333,1483.66666666667,1323.13333333333,2084.46666666667,1179.73333333333,1400.0,1094.2,
2026-08-09 20:30:00,1469.73333333333,,981.533333333333,2401.13333333333,1515.53333333333,1440.93333333333,2145.2,1358.06666666667,1491.73333333333,1111.2,
2026-08-09 20:45:00,1274.6,,1012.6,1802.73333333333,1613.06666666667,1475.06666666667,2377.8,1522.66666666667,1562.06666666667,1142.2,2088.55555555556
2026-08-09 21:00:00,1304.4,,1054.93333333333,1308.86666666667,1660.33333333333,1527.13333333333,2266.33333333333,1710.13333333333,1576.33333333333,1200.53333333333,2740.86666666667
2026-08-09 21:15:00,1333.66666666667,,1172.33333333333,1236.06666666667,1724.8,1874.46666666667,2388.06666666667,1477.13333333333,1608.0,1251.6,2514.8
2026-08-09 21:30:00,1342.8,,1245.73333333333,1299.53333333333,1819.53333333333,1940.0,2487.66666666667,1612.6,1754.26666666667,1305.86666666667,2328.93333333333
2026-08-09 21:45:00,1394.06666666667,,1331.93333333333,1279.33333333333,1846.2,1820.86666666667,2420.4,1826.8,1962.46666666667,1366.13333333333,2122.6
2026-08-09 22:00:00,1410.93333333333,,1404.4,1229.33333333333,2056.53333333333,1780.2,2488.33333333333,1687.06666666667,3441.6,1406.0,2178.8
2026-08-09 22:15:00,1411.46666666667,,1494.86666666667,1161.06666666667,2185.33333333333,1809.06666666667,3311.13333333333,1594.2,2937.4,1350.46666666667,2438.53333333333
2026-08-09 22:30:00,1533.93333333333,,1515.8,1152.0,2200.26666666667,1985.0,2833.93333333333,1567.06666666667,3194.46666666667,1318.0,3218.46666666667
2026-08-09 22:45:00,1661.46666666667,,1536.2,1146.26666666667,2272.6,1948.33333333333,2757.06666666667,1658.93333333333,3861.46666666667,1410.06666666667,2525.6
2026-08-09 23:00:00,1627.06666666667,,1586.93333333333,1072.93333333333,2500.33333333333,2005.53333333333,3008.46666666667,1606.13333333333,4039.26666666667,1417.2,2478.13333333333
2026-08-09 23:15:00,1611.93333333333,,1693.2,943.866666666667,2557.6,2026.26666666667,2793.13333333333,1570.26666666667,3979.06666666667,1467.53333333333,2291.6
2026-08-09 23:30:00,1594.13333333333,,1865.33333333333,988.133333333333,2847.0,2223.06666666667,2737.13333333333,1548.33333333333,3997.73333333333,1534.26666666667,3559.46666666667
2026-08-09 23:45:00,1703.26666666667,,2018.0,989.4,3370.2,2305.86666666667,2829.53333333333,1570.2,3929.46666666667,1615.93333333333,2649.13333333333
2026-08-10 00:00:00,1810.2,,2194.66666666667,1020.0,3344.06666666667,2479.4,3201.53333333333,1590.46666666667,3804.93333333333,1643.33333333333,2494.86666666667
2026-08-10 00:15:00,1983.8,,2276.8,990.6,3138.33333333333,2638.53333333333,2813.6,1686.33333333333,3878.2,1682.25,2451.86666666667
2026-08-10 00:30:00,2214.4,,2398.93333333333,913.933333333333,3154.33333333333,2829.93333333333,3082.0,1720.33333333333,3743.8,,2409.8
2026-08-10 00:45:00,2591.06666666667,,2552.6,904.466666666667,3358.13333333333,2963.33333333333,2906.13333333333,1887.26666666667,3633.6,,2474.66666666667
2026-08-10 01:00:00,2917.0,,2568.93333333333,916.866666666667,3520.53333333333,3119.6,2877.4,2194.53333333333,3560.26666666667,,2409.33333333333
2026-08-10 01:15:00,2840.2,,2568.4,997.4,5090.86666666667,3215.2,3118.53333333333,2387.93333333333,3648.0,,2549.33333333333
2026-08-10 01:30:00,2644.2,,2646.73333333333,1105.46666666667,5556.4,3316.73333333333,3674.53333333333,2436.6,3585.26666666667,,2583.13333333333
2026-08-10 01:45:00,2950.73333333333,,2701.8,1210.4,5075.26666666667,3411.8,3693.4,2723.33333333333,3573.73333333333,,2567.13333333333
2026-08-10 02:00:00,3033.46666666667,,2749.0,1312.06666666667,4892.73333333333,3508.26666666667,3505.6,2717.86666666667,3736.46666666667,,2752.13333333333
2026-08-10 02:15:00,3114.66666666667,,2763.86666666667,1267.93333333333,4664.33333333333,3624.8,3935.73333333333,2438.53333333333,3553.46666666667,,2944.13333333333
2026-08-10 02:30:00,3062.33333333333,,2783.73333333333,1310.26666666667,4459.53333333333,3729.46666666667,3914.46666666667,2398.66666666667,3510.0,,3284.86666666667
2026-08-10 02:45:00,3155.13333333333,,2840.33333333333,1382.66666666667,4425.06666666667,3787.4,3721.86666666667,2352.33333333333,3642.06666666667,,3293.13333333333
2026-08-10 03:00:00,3605.66666666667,,2938.06666666667,1433.26666666667,4595.26666666667,4006.66666666667,3030.46666666667,2340.93333333333,3659.93333333333,,3279.2
2026-08-10 03:15:00,3628.8,,2998.2,1410.86666666667,4521.53333333333,4182.26666666667,2892.8,2425.66666666667,3642.26666666667,,3060.0
2026-08-10 03:30:00,3589.4,,2796.0,1427.53333333333,4849.4,4112.93333333333,3046.06666666667,2421.6,3490.93333333333,,3276.0
2026-08-10 03:45:00,3512.6,,2736.66666666667,1426.86666666667,4655.53333333333,4138.66666666667,2707.2,2484.33333333333,3542.8,,3358.53333333333
2026-08-10 04:00:00,3469.06666666667,,2746.73333333333,1126.86666666667,4550.73333333333,4113.53333333333,2776.46666666667,2582.8,3585.0,,3221.8
2026-08-10 04:15:00,3693.4,,2914.4,1137.53333333333,4680.06666666667,4193.66666666667,4041.26666666667,2654.73333333333,3606.2,,3372.26666666667
2026-08-10 04:30:00,3961.6,,2884.4,1209.86666666667,4712.86666666667,4370.4,3113.26666666667,2769.6,3638.33333333333,,3468.46666666667
2026-08-10 04:45:00,3869.6,,2747.26666666667,1212.86666666667,4703.6,4429.66666666667,2939.53333333333,2780.73333333333,3779.66666666667,,3853.73333333333
2026-08-10 05:00:00,3629.2,,2723.73333333333,1112.2,4772.26666666667,4418.46666666667,3003.2,2915.2,3797.8,,4179.6
2026-08-10 05:15:00,3609.6,,2776.66666666667,1013.26666666667,4972.6,4440.86666666667,2919.0,3059.2,3850.86666666667,,4226.0
2026-08-10 05:30:00,3627.26666666667,,2870.6,971.533333333333,5364.46666666667,4479.2,3071.86666666667,2991.73333333333,3877.26666666667,,4521.73333333333
2026-08-10 05:45:00,3669.46666666667,,2926.93333333333,934.2,4688.53333333333,4571.26666666667,2832.4,2807.6,3847.86666666667,,4509.06666666667
2026-08-10 06:00:00,3646.86666666667,,2922.66666666667,898.333333333333,4696.0,4629.46666666667,2943.86666666667,2684.06666666667,3879.06666666667,,4836.0
2026-08-10 06:15:00,3614.6,,2890.2,894.733333333333,5212.6,4699.26666666667,3462.86666666667,2559.06666666667,3960.93333333333,,4728.8
2026-08-10 06:30:00,3626.13333333333,,2919.8,872.866666666667,5630.26666666667,4747.26666666667,3567.13333333333,2478.06666666667,3874.66666666667,,4306.93333333333
2026-08-10 06:45:00,3797.2,,2928.46666666667,861.6,6271.2,4739.6,3357.26666666667,2393.4,4094.06666666667,,4009.26666666667
2026-08-10 07:00:00,3425.2,,2740.53333333333,843.333333333333,6104.13333333333,4632.66666666667,3326.93333333333,2366.4,4494.2,,3712.06666666667
2026-08-10 07:15:00,3191.53333333333,,2675.26666666667,680.4,5270.26666666667,4499.26666666667,2828.8,2384.86666666667,4494.73333333333,,3464.53333333333
2026-08-10 07:30:00,2914.73333333333,,2771.86666666667,735.666666666667,4941.93333333333,4394.13333333333,2743.2,2363.33333333333,4663.6,,3214.13333333333
2026-08-10 07:45:00,2811.6,,2720.53333333333,916.866666666667,4752.46666666667,4218.33333333333,2485.13333333333,2318.66666666667,4868.33333333333,,3029.73333333333
2026-08-10 08:00:00,2598.13333333333,,2641.8,1080.93333333333,4398.6,4034.4,2316.13333333333,2267.33333333333,4519.4,,2774.73333333333
2026-08-10 08:15:00,2421.73333333333,,2503.4,908.466666666667,4106.46666666667,3811.53333333333,2163.06666666667,2211.73333333333,4294.73333333333,,2587.06666666667
2026-08-10 08:30:00,1858.93333333333,,2332.66666666667,787.066666666667,3590.2,3521.13333333333,1972.6,2128.73333333333,4182.46666666667,,2249.86666666667
2026-08-10 08:45:00,1486.46666666667,,2294.53333333333,733.466666666667,3113.06666666667,3029.6,1850.33333333333,1887.2,3916.2,,2080.93333333333
2026-08-10 09:00:00,1374.53333333333,,2042.2,707.533333333333,2799.53333333333,2699.33333333333,1786.53333333333,1717.46666666667,3702.0,,1836.2
2026-08-10 09:15:00,1503.66666666667,,2069.0,701.466666666667,2634.0,2495.8,1711.13333333333,1582.6,3547.0,,1673.33333333333
2026-08-10 09:30:00,1701.73333333333,,1784.6,655.133333333333,2485.13333333333,2492.8,1639.73333333333,1787.8,3377.66666666667,,1574.13333333333
2026-08-10 09:45:00,1595.0,,1643.53333333333,568.4,2393.2,2362.26666666667,1522.4,1568.0,3073.33333333333,,1524.8
2026-08-10 10:00:00,1577.2,,1583.93333333333,495.666666666667,2239.93333333333,2215.2,1462.06666666667,1368.26666666667,2932.33333333333,,1367.06666666667
2026-08-10 10:15:00,1574.2,,1525.53333333333,481.133333333333,2100.6,2173.4,1443.66666666667,1319.6,2602.53333333333,,1332.86666666667
2026-08-10 10:30:00,1490.2,,1466.86666666667,450.333333333333,2147.4,2066.66666666667,1401.26666666667,1313.26666666667,2547.06666666667,,1262.2
2026-08-10 10:45:00,1436.2,,1379.4,376.533333333333,2015.46666666667,1959.2,1276.06666666667,1265.0,2517.8,,1273.13333333333
2026-08-10 11:00:00,1437.0,,1454.2,365.133333333333,1841.4,1935.6,1247.2,1281.2,2498.6,,1335.26666666667
2026-08-10 11:15:00,1594.46666666667,,1489.53333333333,312.866666666667,1947.73333333333,2063.0,1238.26666666667,1493.6,2535.66666666667,,1754.4
2026-08-10 11:30:00,1996.46666666667,,1777.4,342.8,2080.8,2175.06666666667,1294.66666666667,2747.93333333333,2997.66666666667,,2808.4
2026-08-10 11:45:00,2818.93333333333,,1495.8,298.0,2917.53333333333,2905.53333333333,1291.86666666667,1824.66666666667,3650.26666666667,,2182.8
2026-08-10 12:00:00,2490.8,,1095.33333333333,283.066666666667,3012.06666666667,2292.66666666667,1374.8,2091.8,3753.33333333333,,1704.73333333333
2026-08-10 12:15:00,1811.0,,1324.8,274.4,1468.46666666667,1743.13333333333,1646.33333333333,2133.73333333333,2756.53333333333,,1805.4
2026-08-10 12:30:00,1443.66666666667,,776.6,272.666666666667,1813.66666666667,1645.33333333333,1547.33333333333,1273.4,2563.6,,891.0
2026-08-10 12:45:00,1125.13333333333,,698.0,264.6,1548.2,1325.0,1227.13333333333,822.933333333333,2565.86666666667,,767.533333333333
2026-08-10 13:00:00,920.933333333333,,816.133333333333,288.8,1358.93333333333,1203.93333333333,1574.4,759.133333333333,2104.2,,747.533333333333
2026-08-10 13:15:00,798.666666666667,,903.133333333333,326.4,2283.8,1188.2,2190.73333333333,830.933333333333,1749.06666666667,,876.333333333333
2026-08-10 13:30:00,689.133333333333,,931.6,303.733333333333,2497.8,1252.06666666667,2234.86666666667,889.933333333333,1297.86666666667,,922.333333333333
2026-08-10 13:45:00,736.733333333333,,928.2,316.133333333333,2225.66666666667,1265.86666666667,1930.8,920.133333333333,1077.26666666667,,912.6
2026-08-10 14:00:00,757.133333333333,,937.466666666667,290.733333333333,1559.86666666667,1406.33333333333,1792.46666666667,936.533333333333,1105.66666666667,,921.733333333333
2026-08-10 14:15:00,804.466666666667,,1005.53333333333,286.4,1930.06666666667,1473.46666666667,1712.13333333333,1027.06666666667,1116.46666666667,,1057.86666666667
2026-08-10 14:30:00,869.066666666667,,1098.26666666667,284.0,1606.13333333333,1559.8,1685.66666666667,1027.86666666667,1205.46666666667,,1273.93333333333
2026-08-10 14:45:00,939.266666666667,,1152.4,339.466666666667,2059.0,1643.46666666667,1719.4,1042.6,1314.6,,1109.8
2026-08-10 15:00:00,1007.2,,1204.4,290.666666666667,2416.06666666667,1666.66666666667,1700.2,1074.8,1402.0,,1181.0
2026-08-10 15:15:00,1062.26666666667,,1344.4,321.8,2095.73333333333,1699.13333333333,1658.33333333333,1081.4,1485.26666666667,,1241.26666666667
2026-08-10 15:30:00,1090.86666666667,,1289.26666666667,286.866666666667,1915.66666666667,1774.26666666667,1604.73333333333,1068.4,1526.2,,1080.86666666667
2026-08-10 15:45:00,1112.46666666667,,1303.26666666667,289.666666666667,1964.0,1852.8,1647.13333333333,1085.26666666667,1639.73333333333,,1158.6
2026-08-10 16:00:00,1161.13333333333,,1360.4,315.866666666667,1982.0,1885.6,1663.26666666667,1133.86666666667,1747.53333333333,,1211.8
2026-08-10 16:15:00,1266.86666666667,,1380.2,331.0,1958.06666666667,1832.93333333333,1657.73333333333,1202.0,1909.46666666667,,1323.66666666667
2026-08-10 16:30:00,1436.06666666667,,1407.4,309.466666666667,1991.2,2132.86666666667,1674.2,1208.2,2019.73333333333,,1281.2
2026-08-10 16:45:00,1448.26666666667,,1395.93333333333,342.066666666667,2004.66666666667,2187.46666666667,1692.73333333333,1207.33333333333,2139.8,,1261.2
2026-08-10 17:00:00,1429.2,,1436.66666666667,388.933333333333,1983.53333333333,1892.8,1613.86666666667,1226.26666666667,2174.13333333333,,1613.4
2026-08-10 17:15:00,1403.0,481.5,1532.73333333333,411.6,1973.06666666667,1822.86666666667,1578.06666666667,1259.4,2041.0,,1560.4
2026-08-10 17:30:00,1387.06666666667,1631.42857142857,1523.66666666667,404.933333333333,1962.13333333333,1882.13333333333,1645.26666666667,1262.46666666667,1928.4,,1744.86666666667
2026-08-10 17:45:00,1398.6,2008.6,1757.73333333333,411.133333333333,1958.4,1906.73333333333,1459.46666666667,1236.4,1866.73333333333,,1736.2
2026-08-10 18:00:00,1415.73333333333,2304.66666666667,1742.66666666667,410.2,1949.13333333333,1951.8,1668.8,1272.8,1916.26666666667,,1619.86666666667
2026-08-10 18:15:00,1466.8,2361.73333333333,1899.0,378.4,2023.86666666667,1955.86666666667,1564.33333333333,1347.46666666667,1957.46666666667,,1734.6
2026-08-10 18:30:00,1533.53333333333,2395.93333333333,1935.86666666667,422.066666666667,2279.73333333333,2230.93333333333,1627.8,1446.2,1948.26666666667,,1891.8
2026-08-10 18:45:00,1622.2,2382.4,1877.8,412.933333333333,2538.86666666667,2469.73333333333,1731.53333333333,1500.0,1967.26666666667,,2060.8
2026-08-10 19:00:00,1706.33333333333,2428.4,1841.86666666667,463.466666666667,2609.93333333333,2538.2,1769.33333333333,1482.0,2018.73333333333,,1934.46666666667
2026-08-10 19:15:00,1726.2,2460.8,1843.73333333333,540.066666666667,2656.8,2557.8,1792.33333333333,1525.06666666667,2114.4,,2021.8
2026-08-10 19:30:00,1733.6,2356.13333333333,1954.73333333333,560.8,2832.73333333333,2613.2,1857.53333333333,1544.0,2231.53333333333,,2361.73333333333
2026-08-10 19:45:00,1786.6,2383.46666666667,2033.26666666667,621.0,2974.66666666667,2814.46666666667,1830.33333333333,1777.86666666667,2296.33333333333,,2571.73333333333
2026-08-10 20:00:00,1842.13333333333,2502.06666666667,2060.26666666667,702.666666666667,3052.86666666667,3140.6,1826.66666666667,1992.13333333333,2279.66666666667,,2423.86666666667
2026-08-10 20:15:00,1877.6,2434.4,2095.53333333333,799.666666666667,2934.33333333333,3241.4,1821.66666666667,1789.73333333333,2292.06666666667,,2175.13333333333
2026-08-10 20:30:00,1973.46666666667,2429.73333333333,2147.86666666667,935.866666666667,2961.6,3194.2,1870.73333333333,1778.4,2320.26666666667,,2192.0
2026-08-10 20:45:00,2133.26666666667,2465.06666666667,2228.53333333333,942.133333333333,2916.53333333333,3109.4,1804.13333333333,1846.6,2353.33333333333,,2567.26666666667
2026-08-10 21:00:00,2324.06666666667,2452.8,2295.73333333333,962.866666666667,2861.06666666667,3158.13333333333,1789.06666666667,1879.53333333333,2449.26666666667,,2582.8
2026-08-10 21:15:00,2323.46666666667,2485.2,2289.86666666667,1008.66666666667,2909.8,3185.8,1932.33333333333,1944.53333333333,2452.46666666667,,2382.26666666667
2026-08-10 21:30:00,2355.8,2526.13333333333,2271.8,1002.93333333333,3000.53333333333,3238.06666666667,2221.86666666667,1977.26666666667,2495.86666666667,,2613.66666666667
2026-08-10 21:45:00,2376.46666666667,2461.6,2209.66666666667,1015.86666666667,3052.73333333333,3233.06666666667,2377.13333333333,2003.93333333333,2715.8,,2476.0
2026-08-10 22:00:00,2415.4,2595.13333333333,2263.26666666667,1038.33333333333,3006.93333333333,3314.4,2157.13333333333,1969.8,2698.2,,2457.46666666667
2026-08-10 22:15:00,2451.4,2601.73333333333,2210.86666666667,1065.13333333333,3323.46666666667,3298.33333333333,2227.0,1962.2,2898.6,,2452.4
2026-08-10 22:30:00,2430.93333333333,2581.73333333333,2271.2,1065.46666666667,3243.4,3206.73333333333,2252.73333333333,1958.2,3099.0,,2545.06666666667
2026-08-10 22:45:00,2427.8,2723.53333333333,2308.0,1086.66666666667,3158.6,3163.53333333333,2393.06666666667,2007.86666666667,3054.66666666667,,2468.2
2026-08-10 23:00:00,2410.13333333333,2654.66666666667,2303.33333333333,1092.06666666667,3072.66666666667,3265.33333333333,2262.6,1977.73333333333,3043.26666666667,,2467.73333333333
2026-08-10 23:15:00,2357.06666666667,2682.33333333333,2236.13333333333,1108.8,2927.66666666667,3443.33333333333,2200.4,2025.86666666667,3070.66666666667,,2423.46666666667
2026-08-10 23:30:00,2352.06666666667,2649.8,2166.6,1105.8,2828.6,3764.8,2227.8,2024.73333333333,3130.4,,2463.86666666667
2026-08-10 23:45:00,2410.13333333333,2605.4,2258.86666666667,1110.46666666667,2853.06666666667,3658.93333333333,2362.33333333333,2020.13333333333,3080.06666666667,,2553.2
2026-08-11 00:00:00,2648.0,2803.0,2225.26666666667,1147.06666666667,2810.2,3497.13333333333,2440.33333333333,2006.6,3050.66666666667,,2713.4
2026-08-11 00:15:00,2634.86666666667,2747.2,2282.26666666667,1168.4,2841.13333333333,3147.13333333333,2494.53333333333,1978.86666666667,2912.73333333333,,2424.53333333333
2026-08-11 00:30:00,2576.86666666667,2833.93333333333,2204.86666666667,1166.6,2901.13333333333,3111.0,2631.2,1954.93333333333,3053.53333333333,,2458.4
2026-08-11 00:45:00,2521.06666666667,3001.33333333333,2520.26666666667,1177.86666666667,2921.4,3089.6,2684.86666666667,2735.53333333333,3021.86666666667,,2632.66666666667
2026-08-11 01:00:00,2548.26666666667,3498.86666666667,2529.8,1208.33333333333,2873.4,3315.66666666667,2653.26666666667,2673.0,2963.06666666667,,2971.13333333333
2026-08-11 01:15:00,2501.6,3380.33333333333,2670.4,1210.66666666667,3511.4,3766.73333333333,2668.0,2640.8,3037.4,,3026.86666666667
2026-08-11 01:30:00,2480.26666666667,3421.2,2834.26666666667,1524.53333333333,3823.06666666667,4046.93333333333,3175.13333333333,2625.13333333333,3080.33333333333,,3144.86666666667
2026-08-11 01:45:00,2648.46666666667,3782.0,3087.66666666667,1913.8,3992.2,4169.33333333333,3205.8,2763.2,3272.66666666667,,3099.2
2026-08-11 02:00:00,2885.06666666667,4127.33333333333,3295.46666666667,1419.6,4573.6,4191.13333333333,2919.8,3105.46666666667,3612.93333333333,,3460.6
2026-08-11 02:15:00,3339.53333333333,4051.86666666667,3244.0,1409.13333333333,4337.6,4217.6,3542.2,3127.93333333333,4427.0,,3429.8
2026-08-11 02:30:00,3660.86666666667,4250.26666666667,3348.66666666667,1380.66666666667,4271.0,4074.53333333333,3919.06666666667,3165.13333333333,4784.46666666667,,3555.93333333333
2026-08-11 02:45:00,3840.6,4449.8,3433.06666666667,1296.13333333333,4174.73333333333,4157.53333333333,3851.33333333333,3254.2,4982.6,,3651.4
2026-08-11 03:00:00,3974.93333333333,4585.2,3757.8,1216.33333333333,4212.26666666667,4300.46666666667,3881.4,3482.2,5017.13333333333,,4014.86666666667
2026-08-11 03:15:00,4182.93333333333,4901.30769230769,3730.26666666667,1256.0,4579.53333333333,4610.93333333333,4126.53333333333,3892.0,4915.6,,4386.66666666667
2026-08-11 03:30:00,4404.8,,3988.46666666667,1249.26666666667,4956.8,4744.46666666667,4068.66666666667,4187.13333333333,4816.26666666667,,4623.26666666667
2026-08-11 03:45:00,4495.13333333333,,4084.53333333333,1163.06666666667,5458.73333333333,4866.4,3902.93333333333,4309.0,4686.13333333333,,4769.13333333333
2026-08-11 04:00:00,4271.53333333333,,4016.4,1139.2,5704.13333333333,4835.66666666667,3779.33333333333,4274.6,4799.06666666667,,4715.86666666667
2026-08-11 04:15:00,4014.93333333333,,3866.13333333333,1106.0,5630.33333333333,4806.4,3961.4,4863.46666666667,4952.53333333333,,4619.0
2026-08-11 04:30:00,4008.33333333333,,3683.2,1132.93333333333,5360.06666666667,4794.4,4040.26666666667,4819.0,4870.93333333333,,4528.86666666667
2026-08-11 04:45:00,4140.06666666667,,3762.93333333333,1131.73333333333,5513.8,4862.73333333333,4138.46666666667,4600.6,4858.66666666667,,4747.4
2026-08-11 05:00:00,4146.26666666667,,3802.13333333333,1120.2,5884.73333333333,4877.13333333333,4112.8,4242.93333333333,4874.2,,4709.93333333333
2026-08-11 05:15:00,4196.33333333333,,3862.46666666667,1152.93333333333,5599.66666666667,4959.13333333333,3810.33333333333,4290.46666666667,4886.13333333333,,4795.53333333333
2026-08-11 05:30:00,4146.2,,4491.8,1025.13333333333,5659.86666666667,5115.6,3831.46666666667,4195.33333333333,4885.06666666667,,4581.66666666667
2026-08-11 05:45:00,4188.6,,4761.86666666667,967.4,6553.13333333333,5015.26666666667,3847.6,4005.93333333333,4982.13333333333,,4393.13333333333
2026-08-11 06:00:00,4496.26666666667,,4670.8,956.2,7107.66666666667,5121.46666666667,3730.86666666667,4247.93333333333,4947.53333333333,,4682.8
2026-08-11 06:15:00,4728.13333333333,,4519.66666666667,980.8,7766.73333333333,5098.53333333333,3759.6,4346.33333333333,5094.0,,4996.2
2026-08-11 06:30:00,4540.86666666667,,4451.33333333333,1017.8,7444.0,4992.73333333333,3756.13333333333,4257.6,5167.66666666667,,4987.13333333333
2026-08-11 06:45:00,4437.13333333333,,4308.8,1011.26666666667,7757.4,4962.13333333333,3723.93333333333,4136.33333333333,5320.86666666667,,4991.2
2026-08-11 07:00:00,4346.66666666667,,4270.06666666667,775.6,7155.6,4979.2,3535.86666666667,4227.06666666667,5457.2,,4973.6
2026-08-11 07:15:00,4335.93333333333,,3990.6,668.466666666667,6874.0,4934.0,3888.33333333333,4160.73333333333,5289.8,,4923.0
2026-08-11 07:30:00,4335.73333333333,,4463.93333333333,682.933333333333,6613.4,4876.53333333333,3906.8,4143.66666666667,5335.6,,4884.2
2026-08-11 07:45:00,4348.46666666667,,4535.2,607.4,6752.8,4876.26666666667,3978.0,4295.2,5257.53333333333,,4787.46666666667
2026-08-11 08:00:00,4138.13333333333,,4608.86666666667,666.333333333333,6690.06666666667,4788.2,3902.2,4247.86666666667,5165.2,,4730.53333333333
2026-08-11 08:15:00,3381.73333333333,,4665.53333333333,576.466666666667,6323.8,4787.6,3792.73333333333,4273.13333333333,5214.53333333333,,4588.93333333333
2026-08-11 08:30:00,3166.86666666667,,4454.4,559.8,6127.93333333333,4778.2,3500.4,4533.66666666667,5226.13333333333,,4749.86666666667
2026-08-11 08:45:00,3329.26666666667,,4193.13333333333,500.133333333333,5824.46666666667,4602.13333333333,3233.13333333333,4448.53333333333,5194.86666666667,,4640.93333333333
2026-08-11 09:00:00,3496.6,,4111.46666666667,472.466666666667,5587.6,4526.66666666667,3103.0,4344.66666666667,5248.86666666667,,4801.4
2026-08-11 09:15:00,4023.0,,4438.66666666667,591.2,5651.26666666667,4577.6,3222.33333333333,4478.53333333333,5264.8,,4939.4
2026-08-11 09:30:00,4372.66666666667,,4532.6,734.933333333333,5880.8,4657.53333333333,3299.73333333333,4244.46666666667,5330.93333333333,,4688.6
2026-08-11 09:45:00,4436.13333333333,,2869.86666666667,835.133333333333,5981.4,4740.86666666667,3903.93333333333,3116.46666666667,5273.93333333333,,3706.73333333333
2026-08-11 10:00:00,4240.0,,3257.13333333333,852.6,5759.53333333333,4748.8,4274.53333333333,3081.13333333333,5260.2,,3628.8
2026-08-11 10:15:00,3937.93333333333,,3567.93333333333,918.066666666667,4773.53333333333,4564.73333333333,4308.06666666667,3063.13333333333,5367.13333333333,,3556.0
2026-08-11 10:30:00,3226.86666666667,,3640.13333333333,992.0,5017.6,4251.53333333333,4491.8,3317.53333333333,5017.8,,3774.33333333333
2026-08-11 10:45:00,2626.06666666667,,3374.86666666667,1083.0,5552.46666666667,4657.53333333333,4510.93333333333,3461.46666666667,3726.86666666667,,3591.53333333333
2026-08-11 11:00:00,2635.33333333333,,3062.33333333333,1083.46666666667,5485.13333333333,5153.13333333333,4080.8,3184.73333333333,3424.66666666667,,3335.2
2026-08-11 11:15:00,2695.33333333333,,3002.26666666667,1121.06666666667,6112.26666666667,4830.0,3599.86666666667,2976.4,4103.46666666667,,3126.46666666667
2026-08-11 11:30:00,2652.46666666667,,2877.2,1166.86666666667,5706.46666666667,4474.86666666667,3082.13333333333,3290.13333333333,4404.73333333333,,3018.93333333333
2026-08-11 11:45:00,2493.66666666667,,2825.86666666667,1228.8,4592.06666666667,4044.4,2629.93333333333,3085.0,4121.4,,2745.0
2026-08-11 12:00:00,2497.26666666667,,2787.33333333333,1179.4,3879.46666666667,3619.53333333333,2322.93333333333,2529.26666666667,4066.93333333333,,2525.6
2026-08-11 12:15:00,2474.13333333333,,2473.66666666667,1185.4,3766.2,3563.93333333333,1944.26666666667,2467.4,3703.86666666667,,2657.66666666667
2026-08-11 12:30:00,2446.8,,2465.13333333333,1260.6,3726.73333333333,3634.93333333333,1706.86666666667,2365.4,3647.33333333333,,2557.53333333333
2026-08-11 12:45:00,2458.73333333333,,2496.66666666667,1158.66666666667,3699.13333333333,3704.8,1649.73333333333,2085.86666666667,3881.0,,2284.6
2026-08-11 13:00:00,2249.0,,2261.93333333333,1127.8,3550.86666666667,3519.13333333333,1548.4,1886.86666666667,3972.26666666667,,2121.2
2026-08-11 13:15:00,2033.8,,2028.4,997.866666666667,3362.46666666667,3209.66666666667,1535.66666666667,1799.86666666667,3644.66666666667,,1955.53333333333
2026-08-11 13:30:00,2015.4,,1891.46666666667,1029.93333333333,3026.06666666667,2913.86666666667,1692.33333333333,1866.93333333333,3130.26666666667,,1997.0
2026-08-11 13:45:00,1920.66666666667,,1853.06666666667,936.933333333333,2969.86666666667,2899.73333333333,1691.0,1819.93333333333,2777.0,,1995.93333333333
2026-08-11 14:00:00,1780.26666666667,,1727.46666666667,876.333333333333,2765.86666666667,2814.06666666667,1473.6,1503.2,2529.06666666667,,1820.86666666667
2026-08-11 14:15:00,1650.26666666667,,1545.8,834.666666666667,2529.6,2367.93333333333,1466.73333333333,1384.73333333333,2199.53333333333,,1648.2
2026-08-11 14:30:00,1480.53333333333,,1437.0,767.8,2356.8,2161.33333333333,1373.93333333333,1235.0,2084.66666666667,,1467.66666666667
2026-08-11 14:45:00,1396.53333333333,,1333.53333333333,751.8,2172.73333333333,1982.53333333333,1547.26666666667,1271.26666666667,2060.53333333333,,1362.53333333333
2026-08-11 15:00:00,1323.86666666667,,1297.73333333333,742.733333333333,2015.4,1827.86666666667,1475.33333333333,1239.0,2007.73333333333,,1285.13333333333
2026-08-11 15:15:00,1335.6,,1272.4,657.733333333333,1937.0,1751.46666666667,1351.6,1116.06666666667,2039.93333333333,,1243.93333333333
2026-08-11 15:30:00,1374.86666666667,,1258.93333333333,630.866666666667,1884.26666666667,1763.93333333333,1268.2,1103.73333333333,2105.66666666667,,1269.93333333333
2026-08-11 15:45:00,1373.66666666667,,1365.0,604.333333333333,1876.13333333333,1780.0,1211.86666666667,1196.8,2135.46666666667,,1392.06666666667
2026-08-11 16:00:00,1416.46666666667,,1532.0,613.733333333333,1917.73333333333,1809.53333333333,1194.2,1235.8,2148.2,,1454.13333333333
2026-08-11 16:15:00,1462.4,,1438.2,608.933333333333,1955.8,1846.06666666667,1175.4,1216.66666666667,2187.86666666667,,1434.13333333333
2026-08-11 16:30:00,1527.66666666667,,1415.6,609.333333333333,1929.2,1852.93333333333,1174.93333333333,1170.46666666667,2158.46666666667,,1444.33333333333
2026-08-11 16:45:00,1541.06666666667,,1385.26666666667,544.8,1979.6,1920.13333333333,1194.8,1203.26666666667,2192.2,,1443.2
2026-08-11 17:00:00,1573.13333333333,,1392.73333333333,519.466666666667,2050.26666666667,1962.53333333333,1218.06666666667,1251.53333333333,2222.6,,1445.73333333333
2026-08-11 17:15:00,1598.93333333333,,1371.13333333333,514.266666666667,2050.8,2001.93333333333,1201.8,1282.8,2216.2,,1498.0
2026-08-11 17:30:00,1626.53333333333,,1322.2,500.133333333333,2107.46666666667,2119.46666666667,1251.06666666667,1296.0,2295.4,,1524.73333333333
2026-08-11 17:45:00,1733.73333333333,,1342.8,501.4,2165.33333333333,2150.93333333333,1274.93333333333,1295.26666666667,2330.06666666667,,1617.86666666667
2026-08-11 18:00:00,1774.4,,1515.2,481.266666666667,2221.2,2180.93333333333,1305.73333333333,1304.53333333333,2398.53333333333,,1742.13333333333
2026-08-11 18:15:00,1810.26666666667,,1571.73333333333,465.8,2226.0,2155.26666666667,1306.86666666667,1314.26666666667,2476.66666666667,,1817.8
2026-08-11 18:30:00,1697.8,,1540.2,469.733333333333,2269.73333333333,2175.86666666667,1239.66666666667,1339.6,2320.66666666667,,1859.53333333333
2026-08-11 18:45:00,1649.6,,1534.93333333333,469.266666666667,2204.86666666667,2161.2,1100.66666666667,1337.33333333333,1997.86666666667,,1902.53333333333
2026-08-11 19:00:00,1685.93333333333,,1447.73333333333,480.4,2198.2,2183.6,1164.33333333333,1331.93333333333,1909.46666666667,,1794.33333333333
2026-08-11 19:15:00,1699.93333333333,,1428.53333333333,504.2,2144.53333333333,2146.46666666667,1291.6,1423.46666666667,1904.46666666667,,1736.4
2026-08-11 19:30:00,1761.26666666667,,1461.26666666667,539.733333333333,2140.13333333333,2124.46666666667,1348.2,1399.53333333333,1884.0,,1721.2
2026-08-11 19:45:00,1585.26666666667,,1479.0,519.733333333333,2255.4,2145.53333333333,1359.73333333333,1318.6,1876.53333333333,,1565.06666666667
2026-08-11 20:00:00,1558.73333333333,,1539.73333333333,544.333333333333,2086.53333333333,2166.4,1318.53333333333,1289.33333333333,1918.86666666667,,1607.0
2026-08-11 20:15:00,1577.66666666667,,1538.06666666667,543.0,2159.06666666667,2166.13333333333,1412.0,1317.26666666667,1957.8,,1739.4
2026-08-11 20:30:00,1578.46666666667,,1630.8,560.4,2187.46666666667,2247.2,1513.86666666667,1375.0,2034.4,,1814.8
2026-08-11 20:45:00,1602.8,,1694.33333333333,560.733333333333,2340.06666666667,2344.06666666667,1580.86666666667,1411.66666666667,2118.53333333333,,1902.86666666667
2026-08-11 21:00:00,1613.4,,1720.06666666667,563.266666666667,2556.66666666667,2465.66666666667,1613.26666666667,1427.33333333333,2009.6,,2088.0
2026-08-11 21:15:00,1653.53333333333,,1679.66666666667,575.533333333333,2485.06666666667,2490.66666666667,1518.4,1424.8,2141.06666666667,,2018.13333333333
2026-08-11 21:30:00,1671.6,,1604.2,564.466666666667,2464.73333333333,2508.4,1559.0,1455.73333333333,2075.06666666667,,2054.66666666667
2026-08-11 21:45:00,1712.06666666667,,1703.26666666667,568.533333333333,2527.13333333333,2572.93333333333,1731.33333333333,1507.33333333333,2084.6,,2204.8
2026-08-11 22:00:00,1785.33333333333,,1813.66666666667,565.6,2701.46666666667,2543.53333333333,1680.4,1552.13333333333,2058.26666666667,,2151.4
2026-08-11 22:15:00,1803.26666666667,,1816.06666666667,612.133333333333,2798.8,2495.86666666667,1639.6,1550.33333333333,2171.33333333333,,2270.86666666667
2026-08-11 22:30:00,1807.8,,1800.8,614.733333333333,2561.0,2518.53333333333,1609.73333333333,1573.33333333333,2156.4,,3071.73333333333
2026-08-11 22:45:00,1817.33333333333,,1725.53333333333,609.866666666667,2662.86666666667,2497.66666666667,1663.33333333333,1623.06666666667,2195.73333333333,,8694.2
2026-08-11 23:00:00,1795.46666666667,,1724.46666666667,606.866666666667,2637.4,2433.4,1604.2,1630.33333333333,2282.46666666667,,8734.0
2026-08-11 23:15:00,1786.53333333333,,1701.06666666667,620.266666666667,2594.46666666667,2368.33333333333,1548.66666666667,1618.8,2264.33333333333,,8392.0
2026-08-11 23:30:00,1794.13333333333,,1700.0,614.0,2475.4,2336.33333333333,1586.8,1688.4,2435.4,,9200.4
2026-08-11 23:45:00,1798.8,,1697.66666666667,569.0,2543.86666666667,2381.53333333333,1497.26666666667,1728.06666666667,2416.73333333333,,8917.0
2026-08-12 00:00:00,1786.33333333333,,1711.93333333333,561.266666666667,2502.8,2452.0,1575.53333333333,1777.86666666667,2391.2,,7260.06666666667
2026-08-12 00:15:00,1796.2,,1675.0,613.4,2563.46666666667,2507.06666666667,1597.93333333333,1751.93333333333,2454.66666666667,,8681.66666666667
2026-08-12 00:30:00,1857.26666666667,,1685.53333333333,631.0,2476.46666666667,2581.4,1625.46666666667,1748.13333333333,2491.4,,8183.93333333333
2026-08-12 00:45:00,1885.33333333333,,1648.73333333333,599.333333333333,2363.73333333333,2536.73333333333,1656.73333333333,1707.8,2412.53333333333,,9504.66666666667
2026-08-12 01:00:00,1837.8,,1631.66666666667,608.933333333333,2360.13333333333,2496.86666666667,1634.46666666667,1669.33333333333,2284.86666666667,,10119.5333333333
2026-08-12 01:15:00,1836.73333333333,,1676.0,631.8,2474.0,2619.8,1621.2,1716.6,2291.33333333333,,11532.9333333333
2026-08-12 01:30:00,1786.33333333333,,1827.0,660.8,2528.6,2750.33333333333,1708.46666666667,1669.06666666667,2630.0,,11645.3333333333
2026-08-12 01:45:00,1806.06666666667,,2018.46666666667,683.0,2631.2,2976.66666666667,2050.66666666667,1718.46666666667,2841.53333333333,,11118.2
2026-08-12 02:00:00,1957.6,,2448.33333333333,695.933333333333,2761.93333333333,3115.13333333333,2089.0,1936.86666666667,3188.4,,11008.8
2026-08-12 02:15:00,2371.0,,3078.93333333333,708.066666666667,2864.86666666667,3170.13333333333,1529.26666666667,2291.0,3380.26666666667,,8645.66666666667
2026-08-12 02:30:00,2683.73333333333,,3197.93333333333,712.666666666667,2806.86666666667,3529.13333333333,1590.93333333333,2250.26666666667,3257.93333333333,,9793.33333333333
2026-08-12 02:45:00,3000.4,,3577.73333333333,735.8,2995.66666666667,3844.73333333333,1464.6,2542.86666666667,3096.86666666667,2310.66666666667,10832.1333333333
2026-08-12 03:00:00,3201.26666666667,,3616.53333333333,751.466666666667,3477.8,4574.2,1587.73333333333,4552.73333333333,2950.06666666667,2335.33333333333,11691.1333333333
2026-08-12 03:15:00,3182.13333333333,,3242.6,777.0,3915.46666666667,4787.73333333333,1351.73333333333,4585.2,2483.53333333333,2522.86666666667,11637.3333333333
2026-08-12 03:30:00,2963.46666666667,,3251.8,751.533333333333,4472.26666666667,4572.66666666667,1392.26666666667,3570.46666666667,2241.26666666667,2557.6,11166.3333333333
2026-08-12 03:45:00,2552.13333333333,,3547.86666666667,763.933333333333,4532.8,4540.46666666667,1971.86666666667,3161.4,2525.53333333333,2504.46666666667,10663.0
2026-08-12 04:00:00,2218.46666666667,,3398.73333333333,755.2,4636.2,4317.06666666667,2321.33333333333,2884.93333333333,2585.73333333333,2421.73333333333,11056.0666666667
2026-08-12 04:15:00,2113.33333333333,,4281.0,774.8,4796.73333333333,4343.6,2346.26666666667,2942.93333333333,2510.73333333333,2395.06666666667,10472.3333333333
2026-08-12 04:30:00,2091.4,,4569.0,741.933333333333,4662.53333333333,4564.13333333333,2380.6,2899.66666666667,2495.33333333333,2492.86666666667,11340.9333333333
2026-08-12 04:45:00,2101.6,,3800.06666666667,745.866666666667,4801.0,4886.06666666667,2387.2,2641.0,2467.86666666667,2658.0,10777.7333333333
2026-08-12 05:00:00,2115.13333333333,,3787.2,735.133333333333,4828.06666666667,4841.06666666667,2370.0,2218.0,2542.6,2882.13333333333,9002.06666666667
2026-08-12 05:15:00,2276.26666666667,,3722.93333333333,706.933333333333,4784.06666666667,4648.4,2442.13333333333,2088.6,2611.0,3138.06666666667,9045.53333333333
2026-08-12 05:30:00,2409.53333333333,,3377.66666666667,741.066666666667,4000.2,3825.73333333333,2576.2,2529.6,2588.33333333333,3272.73333333333,11324.7333333333
2026-08-12 05:45:00,2428.6,,2880.6,756.733333333333,3698.6,4086.46666666667,2625.4,2651.0,2580.73333333333,3107.53333333333,11891.8666666667
2026-08-12 06:00:00,2327.66666666667,,2728.6,779.733333333333,4238.26666666667,4450.33333333333,2790.66666666667,3201.06666666667,2597.13333333333,3215.13333333333,11816.4
2026-08-12 06:15:00,2200.46666666667,,2683.53333333333,718.733333333333,4348.33333333333,4555.53333333333,2894.13333333333,3137.0,2585.33333333333,3158.13333333333,11732.4
2026-08-12 06:30:00,2144.33333333333,,2601.46666666667,703.866666666667,4660.66666666667,4611.33333333333,2820.2,3214.93333333333,2474.33333333333,3032.33333333333,13151.0666666667
2026-08-12 06:45:00,2117.73333333333,,3032.33333333333,675.266666666667,4740.8,4775.13333333333,2893.8,3459.53333333333,2496.6,3040.93333333333,14416.4
2026-08-12 07:00:00,2135.33333333333,,3243.8,556.2,4487.66666666667,4625.93333333333,2788.2,3530.86666666667,2562.0,2940.93333333333,13498.4666666667
2026-08-12 07:15:00,2161.46666666667,,3175.8,463.6,4217.66666666667,4784.0,2975.33333333333,3528.6,2579.2,2989.0,14386.1333333333
2026-08-12 07:30:00,2595.13333333333,,2929.2,449.333333333333,4693.86666666667,4890.0,2991.66666666667,3625.66666666667,2617.73333333333,,11211.6666666667
2026-08-12 07:45:00,2507.73333333333,,3357.86666666667,436.133333333333,4551.33333333333,5119.8,3144.2,3275.53333333333,2614.33333333333,,9361.66666666667
2026-08-12 08:00:00,2494.93333333333,,3410.46666666667,427.933333333333,4004.0,4984.2,3032.4,3135.4,2818.2,,14247.2666666667
2026-08-12 08:15:00,2773.6,,3458.0,381.333333333333,3658.53333333333,4309.93333333333,3106.2,2865.4,3245.46666666667,,9809.2
2026-08-12 08:30:00,3220.8,,3173.33333333333,369.0,3436.6,3754.93333333333,3131.46666666667,2479.93333333333,3043.66666666667,,10190.9333333333
2026-08-12 08:45:00,3591.53333333333,,3347.73333333333,430.866666666667,3538.26666666667,4074.73333333333,3051.46666666667,2550.73333333333,2989.33333333333,,10273.8
2026-08-12 09:00:00,3483.86666666667,,4110.0,395.933333333333,3830.33333333333,4009.93333333333,2869.8,2613.6,3621.46666666667,,9481.86666666667
2026-08-12 09:15:00,2637.46666666667,,4362.26666666667,2388.2,3647.86666666667,3744.0,2731.13333333333,2438.26666666667,4404.6,,9555.33333333333
2026-08-12 09:30:00,2541.0,,4179.13333333333,475.933333333333,4048.8,3853.66666666667,2722.8,2872.66666666667,5104.73333333333,,10218.9333333333
2026-08-12 09:45:00,2913.46666666667,,4000.0,324.466666666667,4497.53333333333,4777.26666666667,2626.33333333333,3389.13333333333,4408.06666666667,,11228.4
2026-08-12 10:00:00,3363.06666666667,,3966.8,305.2,4712.46666666667,4831.13333333333,2476.46666666667,3599.66666666667,3652.46666666667,,9673.6
2026-08-12 10:15:00,3462.53333333333,,3814.66666666667,289.6,4481.06666666667,4608.66666666667,2241.73333333333,3249.73333333333,3479.06666666667,,9831.73333333333
2026-08-12 10:30:00,3213.13333333333,,3555.2,265.466666666667,4237.06666666667,4411.8,1974.13333333333,3011.86666666667,3577.33333333333,3227.0,9091.06666666667
2026-08-12 10:45:00,3204.53333333333,,3442.86666666667,266.2,4833.66666666667,4363.6,1786.46666666667,2992.13333333333,4289.8,3181.73333333333,7313.73333333333
2026-08-12 11:00:00,3058.2,,3153.06666666667,279.266666666667,4614.06666666667,4313.0,1645.0,2880.93333333333,4964.6,3038.0,6748.73333333333
2026-08-12 11:15:00,3032.26666666667,,2861.06666666667,249.2,4449.73333333333,4259.06666666667,1649.73333333333,2813.86666666667,5066.0,2854.4,5495.46666666667
2026-08-12 11:30:00,4094.0,,2609.8,236.6,4475.13333333333,4109.13333333333,1803.0,2509.13333333333,5327.53333333333,2663.93333333333,4588.53333333333
2026-08-12 11:45:00,2943.4,,2299.2,259.733333333333,4089.2,3726.53333333333,2007.66666666667,2394.13333333333,5343.13333333333,2233.06666666667,3804.26666666667
2026-08-12 12:00:00,2741.06666666667,,2251.93333333333,236.333333333333,3914.13333333333,3430.93333333333,1972.4,2180.33333333333,5113.26666666667,2134.8,4109.06666666667
2026-08-12 12:15:00,2647.26666666667,,2076.53333333333,252.0,3788.46666666667,3270.53333333333,1896.06666666667,2106.46666666667,4774.26666666667,2123.26666666667,2786.66666666667
2026-08-12 12:30:00,2489.93333333333,,1887.6,227.0,3464.46666666667,3200.0,1809.66666666667,1810.13333333333,4544.93333333333,1686.4,2341.46666666667
2026-08-12 12:45:00,2357.46666666667,,1837.46666666667,249.533333333333,3139.0,2844.93333333333,1902.0,1651.8,4304.46666666667,1712.4,2193.13333333333
2026-08-12 13:00:00,2332.6,,1764.8,301.8,3067.66666666667,2725.8,1730.0,1590.33333333333,4097.26666666667,1670.46666666667,2170.73333333333
2026-08-12 13:15:00,2212.93333333333,,1958.93333333333,305.0,2916.33333333333,2655.73333333333,1639.2,1576.86666666667,3923.6,1566.73333333333,2159.66666666667
2026-08-12 13:30:00,2101.06666666667,,2103.86666666667,251.466666666667,2905.0,2524.66666666667,1376.6,1673.2,3575.33333333333,1509.26666666667,2470.33333333333
2026-08-12 13:45:00,1982.73333333333,,2228.8,319.4,2712.06666666667,2259.06666666667,1374.46666666667,1875.2,3015.73333333333,1542.26666666667,2716.0
2026-08-12 14:00:00,1812.46666666667,,2336.6,331.866666666667,2518.6,2415.73333333333,1285.26666666667,2052.33333333333,2839.06666666667,1859.13333333333,2836.4
2026-08-12 14:15:00,1896.53333333333,,2401.73333333333,292.0,2638.46666666667,2717.2,1189.46666666667,2226.8,3295.06666666667,2171.13333333333,3314.2
2026-08-12 14:30:00,2304.86666666667,,2556.4,233.2,2915.66666666667,3020.2,1262.46666666667,2253.93333333333,4403.33333333333,2269.4,3609.46666666667
2026-08-12 14:45:00,2607.86666666667,,2368.13333333333,209.333333333333,3195.33333333333,3390.46666666667,1287.26666666667,2258.53333333333,4787.8,2151.2,2889.53333333333
2026-08-12 15:00:00,2572.8,,1823.86666666667,204.866666666667,3458.66666666667,3398.33333333333,1227.13333333333,1708.53333333333,4795.33333333333,1947.53333333333,2116.4
2026-08-12 15:15:00,2468.6,,1535.0,217.8,3337.46666666667,3032.8,1147.4,1696.73333333333,4922.13333333333,1914.0,2548.93333333333
2026-08-12 15:30:00,2463.13333333333,,1403.33333333333,242.933333333333,3058.06666666667,3006.66666666667,1182.46666666667,1452.6,4369.13333333333,1682.13333333333,2192.66666666667
2026-08-12 15:45:00,2398.33333333333,,1431.93333333333,248.6,3214.46666666667,2812.13333333333,1207.73333333333,1468.0,4175.6,1545.2,2146.26666666667
2026-08-12 16:00:00,2264.46666666667,,1488.4,235.066666666667,2822.93333333333,2279.6,1406.53333333333,1427.13333333333,4143.26666666667,1593.8,2215.46666666667
2026-08-12 16:15:00,2224.0,,1495.8,228.333333333333,2483.93333333333,2257.93333333333,1634.0,1570.93333333333,4194.86666666667,1696.6,2542.4
2026-08-12 16:30:00,2262.26666666667,,1600.26666666667,226.6,2378.53333333333,2427.8,1847.66666666667,1803.66666666667,3953.33333333333,1837.2,3275.2
2026-08-12 16:45:00,2569.2,,1670.46666666667,242.466666666667,2477.4,2835.13333333333,2087.06666666667,1835.6,3962.33333333333,2047.4,3601.46666666667
2026-08-12 17:00:00,2780.2,,1777.53333333333,377.733333333333,2549.6,2834.0,2015.06666666667,1765.6,4048.66666666667,2073.13333333333,3401.4
2026-08-12 17:15:00,2944.53333333333,,1839.13333333333,353.6,2572.13333333333,2875.2,2149.0,1920.53333333333,4102.66666666667,2119.0,3664.4
2026-08-12 17:30:00,2927.66666666667,,1934.86666666667,366.933333333333,3104.26666666667,2938.53333333333,2125.6,2012.53333333333,4411.8,2169.33333333333,3466.86666666667
2026-08-12 17:45:00,3003.4,,2284.0,422.8,3193.66666666667,3058.73333333333,2156.06666666667,2247.26666666667,4882.33333333333,2323.2,3971.26666666667
2026-08-12 18:00:00,3181.6,,2436.73333333333,418.0,3237.0,3336.53333333333,2106.66666666667,2375.73333333333,4260.4,2543.0,4535.06666666667
2026-08-12 18:15:00,3059.93333333333,,2520.33333333333,366.133333333333,3408.93333333333,3495.8,2192.6,2479.53333333333,4178.53333333333,2720.0,5452.93333333333
2026-08-12 18:30:00,3144.06666666667,,2635.2,375.066666666667,3581.46666666667,3649.66666666667,2225.06666666667,2595.46666666667,4169.06666666667,2867.0,5630.8
2026-08-12 18:45:00,3380.86666666667,,2688.26666666667,356.6,3889.13333333333,3811.46666666667,2081.26666666667,2470.8,4045.13333333333,2750.66666666667,5990.46666666667
2026-08-12 19:00:00,3315.0,,2713.4,350.0,3955.6,3823.46666666667,1983.8,2529.2,3873.66666666667,2521.66666666667,5494.33333333333
2026-08-12 19:15:00,3052.2,,2848.33333333333,351.133333333333,3982.73333333333,3801.2,1956.33333333333,2412.93333333333,3995.93333333333,2489.66666666667,5699.26666666667
2026-08-12 19:30:00,2801.86666666667,,2799.83333333333,387.533333333333,3943.4,3721.8,1940.8,2343.26666666667,3811.53333333333,2431.06666666667,6235.46666666667
2026-08-12 19:45:00,2862.46666666667,,2161.66666666667,379.0,4292.4,4234.0,2075.33333333333,2219.93333333333,3469.93333333333,2338.13333333333,6656.2
2026-08-12 20:00:00,2953.46666666667,,1928.4,372.2,3938.86666666667,4157.46666666667,2334.06666666667,2027.8,3530.93333333333,2264.33333333333,7738.46666666667
2026-08-12 20:15:00,2842.8,,1894.33333333333,372.733333333333,3896.4,3736.06666666667,2269.13333333333,1853.46666666667,3344.86666666667,2152.46666666667,8843.8
2026-08-12 20:30:00,2600.4,,1826.33333333333,432.066666666667,3470.8,3346.6,2330.13333333333,1809.2,3182.93333333333,2110.6,10114.0666666667
2026-08-12 20:45:00,2584.46666666667,,1780.4,482.2,3135.53333333333,3131.06666666667,3035.0,1777.93333333333,3037.6,2092.4,9491.8
2026-08-12 21:00:00,2458.8,,1793.4,489.8,2884.73333333333,3273.66666666667,2772.53333333333,1826.13333333333,2890.26666666667,2040.73333333333,10904.1333333333
2026-08-12 21:15:00,2338.26666666667,,1718.6,512.8,2850.0,3247.4,2867.13333333333,1850.6,2836.26666666667,2025.66666666667,12272.8
2026-08-12 21:30:00,2193.46666666667,,1880.6,532.2,3132.53333333333,3155.0,2488.2,1990.8,2907.6,2123.4,13669.4
2026-08-12 21:45:00,2087.06666666667,,2084.06666666667,557.6,3416.6,3215.06666666667,2322.6,1982.26666666667,2808.93333333333,2146.8,13634.2666666667
2026-08-12 22:00:00,2084.33333333333,,2108.0,550.2,3549.13333333333,3317.46666666667,2153.4,1949.4,2984.46666666667,2112.6,13919.0666666667
2026-08-12 22:15:00,2135.2,,2357.4,601.8,3728.33333333333,3508.73333333333,2038.33333333333,2076.53333333333,3123.06666666667,2106.4,13623.8
2026-08-12 22:30:00,2183.66666666667,,2578.2,575.266666666667,3783.26666666667,3479.2,1974.8,1959.93333333333,3225.13333333333,2080.6,14541.7333333333
2026-08-12 22:45:00,2221.13333333333,,2972.6,586.733333333333,4118.86666666667,3476.53333333333,1932.6,1903.86666666667,3203.06666666667,2054.26666666667,14628.9333333333
2026-08-12 23:00:00,2355.8,,3349.93333333333,613.333333333333,4107.66666666667,3795.53333333333,1790.86666666667,2085.26666666667,3163.73333333333,2147.73333333333,12760.2666666667
2026-08-12 23:15:00,2428.66666666667,,3645.2,648.733333333333,4417.13333333333,4214.2,1777.86666666667,2123.33333333333,3030.0,2203.13333333333,13526.4
2026-08-12 23:30:00,2329.26666666667,,3682.33333333333,644.6,4556.8,4455.0,1730.26666666667,2217.6,2949.93333333333,2262.2,13645.0666666667
2026-08-12 23:45:00,2468.86666666667,,3558.2,665.0,4378.33333333333,4462.66666666667,1777.46666666667,2183.06666666667,2972.0,2288.66666666667,16031.9333333333
2026-08-13 00:00:00,2644.86666666667,,3180.6,679.866666666667,4147.4,4296.46666666667,1779.26666666667,2253.26666666667,3039.93333333333,2276.66666666667,3563.73333333333
2026-08-13 00:15:00,2518.26666666667,,2959.0,706.0,4202.86666666667,4134.93333333333,1810.2,2233.93333333333,2983.73333333333,2281.86666666667,3410.6
2026-08-13 00:30:00,2485.4,,2647.26666666667,734.933333333333,4322.13333333333,3908.6,1841.66666666667,2151.4,2984.4,2182.46666666667,3472.06666666667
2026-08-13 00:45:00,2440.2,,2454.8,728.866666666667,4169.53333333333,3643.8,1884.46666666667,2078.13333333333,3023.33333333333,2169.4,3167.8
2026-08-13 01:00:00,2352.93333333333,,2289.73333333333,706.533333333333,3880.93333333333,3493.33333333333,1866.8,2009.2,2972.6,2135.8,3220.8
2026-08-13 01:15:00,2306.66666666667,,2136.4,680.466666666667,3368.26666666667,3275.06666666667,1956.0,2051.53333333333,2924.8,2186.06666666667,3360.8
2026-08-13 01:30:00,2290.53333333333,,2081.53333333333,685.933333333333,3192.8,3317.06666666667,1952.86666666667,1841.13333333333,2815.13333333333,2272.93333333333,3265.8
2026-08-13 01:45:00,2235.13333333333,,1958.86666666667,712.466666666667,3097.13333333333,2951.53333333333,1917.4,1848.33333333333,2745.53333333333,2000.2,2931.46666666667
2026-08-13 02:00:00,2199.46666666667,,1829.86666666667,725.666666666667,3023.2,2873.26666666667,1975.26666666667,1862.46666666667,2675.13333333333,1820.26666666667,2728.2
2026-08-13 02:15:00,2083.2,,1811.2,739.666666666667,2869.33333333333,2761.66666666667,1967.93333333333,1650.6,2617.86666666667,1754.73333333333,2647.06666666667
2026-08-13 02:30:00,2011.93333333333,,1829.86666666667,718.266666666667,2785.13333333333,2598.8,1916.46666666667,1574.46666666667,2587.53333333333,1710.33333333333,2600.0
2026-08-13 02:45:00,2000.2,,1875.6,707.133333333333,2683.06666666667,2529.6,1843.86666666667,1547.93333333333,2524.73333333333,1692.8,2534.2
2026-08-13 03:00:00,2027.0,,1769.66666666667,709.066666666667,2631.6,2510.53333333333,1917.2,1553.0,2496.53333333333,1694.8,2606.73333333333
2026-08-13 03:15:00,2026.4,,1747.4,717.866666666667,2600.6,2553.8,1905.33333333333,1535.13333333333,2477.2,1702.53333333333,2502.86666666667
2026-08-13 03:30:00,1997.13333333333,,1732.4,706.466666666667,2631.46666666667,2502.8,1943.6,1539.66666666667,2429.2,1716.6,2477.6
2026-08-13 03:45:00,1992.4,,1691.93333333333,708.6,2617.0,2526.6,1809.73333333333,1536.2,2460.33333333333,1725.26666666667,2393.93333333333
2026-08-13 04:00:00,1996.13333333333,,1783.06666666667,694.866666666667,2628.06666666667,2776.73333333333,1833.0,1563.86666666667,2472.33333333333,1739.66666666667,2413.13333333333
2026-08-13 04:15:00,2009.6,,1817.0,678.933333333333,2614.93333333333,2705.6,1756.2,1556.26666666667,2474.6,1816.26666666667,2517.66666666667
2026-08-13 04:30:00,2063.13333333333,,1763.66666666667,706.4,2568.53333333333,2669.53333333333,1782.4,1588.13333333333,2619.53333333333,1852.13333333333,2578.13333333333
2026-08-13 04:45:00,2123.6,,1734.8,686.266666666667,2697.53333333333,2709.8,1809.2,1656.2,2639.33333333333,1837.8,2574.6
2026-08-13 05:00:00,2199.26666666667,,1755.06666666667,686.333333333333,2776.26666666667,2986.13333333333,1925.46666666667,1707.2,2580.33333333333,1894.46666666667,2611.13333333333
2026-08-13 05:15:00,2228.2,,1860.93333333333,691.066666666667,2822.26666666667,3140.26666666667,1692.06666666667,1769.8,2643.33333333333,1947.33333333333,2839.46666666667
2026-08-13 05:30:00,2218.73333333333,,2040.53333333333,681.733333333333,3192.4,3009.8,1639.86666666667,1785.86666666667,2682.0,2036.73333333333,2887.2
2026-08-13 05:45:00,2334.8,,2203.2,673.866666666667,3191.0,2969.4,1629.93333333333,1841.66666666667,2747.6,2082.73333333333,2917.46666666667
2026-08-13 06:00:00,2341.53333333333,,2401.93333333333,619.333333333333,3406.86666666667,3068.33333333333,1588.8,1774.2,2730.73333333333,2075.6,3041.06666666667
2026-08-13 06:15:00,2411.46666666667,,2538.4,606.933333333333,3423.46666666667,3146.8,1993.06666666667,1814.4,2778.26666666667,2144.93333333333,3143.26666666667
2026-08-13 06:30:00,2395.66666666667,,2506.2,569.133333333333,3464.33333333333,3340.6,1627.73333333333,1871.33333333333,2787.0,2133.73333333333,3016.46666666667
2026-08-13 06:45:00,2360.06666666667,,2513.33333333333,609.4,3547.06666666667,3651.53333333333,1657.0,1924.93333333333,2784.53333333333,2124.0,3114.46666666667
2026-08-13 07:00:00,2247.13333333333,,2457.26666666667,605.066666666667,3659.86666666667,3601.6,1707.4,1912.46666666667,2805.13333333333,2093.13333333333,3124.6
2026-08-13 07:15:00,2117.86666666667,,2280.33333333333,691.466666666667,3478.86666666667,3663.86666666667,1612.2,1876.46666666667,2860.2,2037.6,3044.6
2026-08-13 07:30:00,1907.6,,2029.73333333333,729.866666666667,3096.06666666667,3383.13333333333,2116.73333333333,1910.66666666667,2798.6,1944.93333333333,2703.06666666667
2026-08-13 07:45:00,1702.13333333333,,2125.8,744.266666666667,3017.86666666667,3175.26666666667,1607.66666666667,1933.6,2856.73333333333,1681.86666666667,2564.2
2026-08-13 08:00:00,1817.46666666667,,2186.0,786.4,2983.53333333333,3036.0,1115.26666666667,1842.33333333333,2938.73333333333,1666.13333333333,2360.66666666667
2026-08-13 08:15:00,1857.2,,2210.66666666667,876.6,2860.6,2783.53333333333,1000.06666666667,1783.53333333333,2888.73333333333,1169.4,2257.06666666667
2026-08-13 08:30:00,1964.93333333333,,1934.33333333333,937.6,2587.4,2524.86666666667,960.733333333333,1664.13333333333,2837.33333333333,938.8,2069.93333333333
2026-08-13 08:45:00,1921.86666666667,,1666.2,923.933333333333,2371.66666666667,2423.8,1436.33333333333,1538.26666666667,2624.53333333333,1006.53333333333,1838.13333333333
2026-08-13 09:00:00,1583.13333333333,,1523.8,884.666666666667,2111.06666666667,2294.6,1476.53333333333,1572.73333333333,2428.13333333333,967.266666666667,1815.46666666667
2026-08-13 09:15:00,1267.93333333333,,1506.93333333333,844.933333333333,2060.73333333333,2233.6,1501.13333333333,1597.33333333333,2403.26666666667,1039.2,1725.13333333333
2026-08-13 09:30:00,1094.06666666667,,1348.4,976.266666666667,2078.93333333333,2085.8,1416.53333333333,1535.0,2472.93333333333,1264.93333333333,1610.53333333333
2026-08-13 09:45:00,1170.53333333333,,1380.46666666667,864.8,1859.2,2119.86666666667,1320.0,1385.06666666667,2364.33333333333,1130.86666666667,1455.33333333333
2026-08-13 10:00:00,1028.73333333333,,1274.46666666667,873.933333333333,1844.86666666667,1943.86666666667,1213.06666666667,1200.26666666667,2114.6,931.333333333333,1337.93333333333
2026-08-13 10:15:00,1082.93333333333,,1272.46666666667,606.266666666667,1715.6,1682.8,1180.33333333333,1142.13333333333,2027.33333333333,771.666666666667,1277.86666666667
2026-08-13 10:30:00,949.866666666667,,1265.13333333333,596.266666666667,1594.53333333333,1690.8,1032.8,1183.33333333333,2059.33333333333,683.333333333333,1309.26666666667
2026-08-13 10:45:00,1062.4,,1211.46666666667,649.333333333333,1635.93333333333,1599.33333333333,1010.06666666667,1153.4,1947.73333333333,597.2,1215.46666666667
2026-08-13 11:00:00,1002.46666666667,,1249.73333333333,563.6,1611.66666666667,1623.86666666667,930.266666666667,1003.93333333333,1803.13333333333,683.866666666667,1070.0
2026-08-13 11:15:00,1106.2,,1193.06666666667,406.866666666667,1582.46666666667,1499.4,964.4,956.4,1761.4,726.066666666667,1035.2
2026-08-13 11:30:00,1174.26666666667,,1171.26666666667,388.6,1545.73333333333,1561.6,872.6,1046.73333333333,1769.06666666667,766.733333333333,1088.8
2026-08-13 11:45:00,1152.8,,1143.86666666667,401.933333333333,1525.26666666667,1504.66666666667,1385.46666666667,1070.0,1656.33333333333,734.4,1052.0
2026-08-13 12:00:00,1104.73333333333,,1100.26666666667,410.266666666667,1533.33333333333,1392.46666666667,903.0,994.2,1654.06666666667,726.333333333333,1004.73333333333
2026-08-13 12:15:00,1116.66666666667,,1169.73333333333,411.533333333333,1553.93333333333,1358.13333333333,1026.33333333333,943.666666666667,1703.86666666667,764.733333333333,987.533333333333
2026-08-13 12:30:00,1053.33333333333,,1221.53333333333,454.133333333333,1509.8,1376.8,2065.26666666667,952.6,1501.46666666667,777.266666666667,1049.4
2026-08-13 12:45:00,989.533333333333,,1072.4,421.2,1456.66666666667,1322.26666666667,706.066666666667,1011.4,1456.86666666667,777.066666666667,1083.0
2026-08-13 13:00:00,1021.46666666667,,1065.26666666667,363.133333333333,1515.73333333333,1353.66666666667,618.133333333333,1059.73333333333,1352.93333333333,884.8,1039.53333333333
2026-08-13 13:15:00,1030.33333333333,,1034.26666666667,333.866666666667,1496.66666666667,1331.33333333333,578.266666666667,1034.8,1287.53333333333,733.266666666667,1043.13333333333
2026-08-13 13:30:00,1066.0,,1000.4,333.733333333333,1501.6,1326.73333333333,631.533333333333,1152.2,1320.8,748.133333333333,1147.6
2026-08-13 13:45:00,1106.86666666667,,962.066666666667,376.666666666667,1496.46666666667,1359.46666666667,540.866666666667,1045.53333333333,1278.06666666667,733.866666666667,1078.2
2026-08-13 14:00:00,1164.46666666667,,923.933333333333,383.866666666667,1477.6,1369.46666666667,603.533333333333,1097.6,1241.53333333333,843.4,1032.93333333333
2026-08-13 14:15:00,1177.86666666667,,879.866666666667,383.533333333333,1529.4,1333.4,572.866666666667,1049.86666666667,1272.6,780.666666666667,900.4
2026-08-13 14:30:00,1154.86666666667,,873.2,392.533333333333,1513.8,1348.0,641.066666666667,1026.46666666667,1287.4,864.133333333333,971.2
2026-08-13 14:45:00,1178.33333333333,,836.933333333333,466.2,1550.93333333333,1476.86666666667,792.933333333333,986.933333333333,1291.2,905.733333333333,1009.66666666667
2026-08-13 15:00:00,1108.66666666667,,862.333333333333,617.0,1600.46666666667,1448.46666666667,547.2,1030.06666666667,1299.46666666667,881.4,1034.93333333333
2026-08-13 15:15:00,1069.93333333333,,901.6,594.733333333333,1639.13333333333,1462.53333333333,640.066666666667,1123.0,1298.73333333333,831.6,1097.06666666667
2026-08-13 15:30:00,1067.06666666667,,945.866666666667,650.333333333333,1607.8,1470.06666666667,543.133333333333,974.333333333333,1245.46666666667,780.666666666667,1027.93333333333
2026-08-13 15:45:00,1048.13333333333,,1010.26666666667,458.133333333333,1630.33333333333,1432.93333333333,607.4,819.2,1182.73333333333,734.4,936.533333333333
2026-08-13 16:00:00,1002.66666666667,,900.4,479.0,1699.93333333333,1474.73333333333,726.4,756.866666666667,1167.93333333333,672.0,817.666666666667
2026-08-13 16:15:00,1045.4,,885.6,496.733333333333,1718.33333333333,1316.06666666667,817.133333333333,673.6,1150.26666666667,638.733333333333,720.333333333333
2026-08-13 16:30:00,973.0,,870.066666666667,560.666666666667,1687.46666666667,1224.4,723.266666666667,648.933333333333,1196.26666666667,630.066666666667,661.2
2026-08-13 16:45:00,1057.6,,790.466666666667,594.933333333333,1645.0,1175.46666666667,737.533333333333,661.8,1343.73333333333,612.4,623.466666666667
2026-08-13 17:00:00,1005.46666666667,,757.133333333333,1181.66666666667,1561.86666666667,1042.86666666667,692.133333333333,680.8,1561.8,633.133333333333,678.0
2026-08-13 17:15:00,981.2,,728.666666666667,674.066666666667,1316.8,946.866666666667,687.2,687.133333333333,1605.86666666667,625.933333333333,1032.93333333333
2026-08-13 17:30:00,967.466666666667,,682.266666666667,604.866666666667,1137.06666666667,943.866666666667,699.733333333333,669.066666666667,1647.46666666667,599.866666666667,819.8
2026-08-13 17:45:00,965.333333333333,,718.6,549.666666666667,1064.26666666667,921.066666666667,774.466666666667,635.466666666667,1630.6,655.866666666667,720.066666666667
2026-08-13 18:00:00,1018.4,,755.2,555.6,1093.66666666667,956.2,806.2,653.0,1659.93333333333,686.533333333333,1431.53333333333
2026-08-13 18:15:00,1223.0,,710.133333333333,560.466666666667,1070.93333333333,888.133333333333,883.333333333333,681.2,1667.53333333333,745.866666666667,1910.06666666667
2026-08-13 18:30:00,1241.4,,725.8,573.8,1120.2,916.866666666667,924.666666666667,712.533333333333,1612.8,760.6,1189.73333333333
2026-08-13 18:45:00,1433.06666666667,,745.6,586.733333333333,1293.06666666667,1034.53333333333,955.933333333333,763.8,1591.26666666667,840.533333333333,883.466666666667
2026-08-13 19:00:00,1597.0,,728.866666666667,620.933333333333,1583.0,1128.73333333333,1061.6,805.866666666667,1630.4,902.466666666667,1133.4
2026-08-13 19:15:00,1852.73333333333,,745.0,712.533333333333,1419.46666666667,1213.06666666667,1234.2,858.266666666667,1895.06666666667,897.266666666667,1036.33333333333
2026-08-13 19:30:00,1588.46666666667,,771.6,737.266666666667,1469.46666666667,1342.0,1272.4,881.133333333333,2229.2,893.066666666667,1050.86666666667
2026-08-13 19:45:00,1506.53333333333,,790.133333333333,756.133333333333,1573.46666666667,1445.86666666667,1486.66666666667,933.2,1937.93333333333,975.533333333333,1275.33333333333
2026-08-13 20:00:00,1728.33333333333,,827.266666666667,782.866666666667,1698.4,1542.8,1840.0,1009.0,1858.73333333333,1056.86666666667,1450.8
2026-08-13 20:15:00,1738.8,,881.6,814.733333333333,1800.66666666667,1738.26666666667,1739.6,1022.4,1801.53333333333,1147.66666666667,1677.86666666667
2026-08-13 20:30:00,2101.46666666667,,933.533333333333,832.266666666667,1959.26666666667,1810.0,1847.0,1099.2,1836.6,1265.06666666667,1662.86666666667
2026-08-13 20:45:00,1798.4,,1047.86666666667,872.8,1961.2,1772.26666666667,1656.8,1105.0,1882.0,1303.26666666667,1875.86666666667
2026-08-13 21:00:00,1728.26666666667,,1067.66666666667,852.266666666667,1922.66666666667,1790.13333333333,1768.73333333333,1148.13333333333,2012.06666666667,1332.2,1928.26666666667
2026-08-13 21:15:00,1894.46666666667,,1109.46666666667,851.733333333333,1947.93333333333,1857.46666666667,1784.13333333333,1270.0,2152.13333333333,1349.86666666667,4436.6
2026-08-13 21:30:00,1721.46666666667,,1107.8,881.266666666667,1949.4,2091.8,1800.46666666667,1291.06666666667,2345.06666666667,1427.46666666667,2558.06666666667
2026-08-13 21:45:00,1874.06666666667,,1100.8,883.466666666667,2080.93333333333,2146.4,1912.2,1388.53333333333,2324.66666666667,1470.4,3557.8
2026-08-13 22:00:00,2062.66666666667,,1153.8,907.533333333333,2165.13333333333,2027.13333333333,1905.86666666667,1448.8,2487.66666666667,1524.93333333333,2201.86666666667
2026-08-13 22:15:00,2019.86666666667,,1167.4,914.066666666667,2147.93333333333,2213.53333333333,1889.8,1490.46666666667,2551.73333333333,1425.6,2237.73333333333
2026-08-13 22:30:00,2078.4,,1184.33333333333,915.2,2164.8,2378.33333333333,1979.13333333333,1428.93333333333,2487.53333333333,1454.6,2364.13333333333
2026-08-13 22:45:00,2120.26666666667,,1187.06666666667,958.466666666667,2536.4,2433.73333333333,2062.8,1497.6,2535.86666666667,1509.4,2267.46666666667
2026-08-13 23:00:00,2190.73333333333,,1237.6,943.666666666667,2715.86666666667,2598.13333333333,2005.73333333333,1530.53333333333,2565.53333333333,1516.66666666667,2335.33333333333
2026-08-13 23:15:00,2180.13333333333,,1228.13333333333,959.066666666667,2836.53333333333,2683.06666666667,1952.66666666667,1592.2,2625.4,1520.53333333333,2517.93333333333
2026-08-13 23:30:00,2175.06666666667,,1220.26666666667,961.6,2786.53333333333,2969.8,1985.66666666667,1570.46666666667,2575.73333333333,1550.66666666667,2698.0
2026-08-13 23:45:00,2121.4,,1386.06666666667,989.6,2718.73333333333,2890.6,2104.93333333333,1605.6,2561.86666666667,1572.73333333333,2834.46666666667
2026-08-14 00:00:00,2511.66666666667,,1365.33333333333,994.133333333333,2728.93333333333,3489.8,2125.66666666667,1606.06666666667,2642.0,1651.4,2749.6
2026-08-14 00:15:00,2469.4,,1380.13333333333,961.533333333333,3007.66666666667,3868.0,2506.86666666667,1676.0,2619.46666666667,1793.13333333333,2726.33333333333
2026-08-14 00:30:00,2421.0,,1467.06666666667,947.8,3125.66666666667,3416.33333333333,2677.06666666667,1729.26666666667,2811.26666666667,1844.46666666667,2781.46666666667
2026-08-14 00:45:00,2518.06666666667,,1523.0,944.666666666667,3074.93333333333,4386.4,2648.33333333333,1755.8,2726.46666666667,1911.33333333333,3025.06666666667
2026-08-14 01:00:00,2552.53333333333,,1541.46666666667,959.333333333333,3055.06666666667,4308.13333333333,2502.93333333333,1749.86666666667,2714.46666666667,1879.8,2965.93333333333
2026-08-14 01:15:00,2423.4,,1622.0,960.666666666667,3030.73333333333,4355.6,2401.26666666667,1674.6,2755.8,1909.8,2986.2
2026-08-14 01:30:00,2477.2,,1650.06666666667,947.333333333333,2942.6,4096.46666666667,2416.26666666667,1701.73333333333,2638.46666666667,1950.46666666667,2994.53333333333
2026-08-14 01:45:00,2527.66666666667,,1738.86666666667,902.6,2955.2,3637.4,2375.86666666667,1752.33333333333,2699.46666666667,2049.93333333333,3255.2
2026-08-14 02:00:00,2631.13333333333,,1790.86666666667,871.133333333333,2961.2,3560.26666666667,2487.46666666667,1715.4,2850.13333333333,2072.93333333333,3184.66666666667
2026-08-14 02:15:00,2545.06666666667,,1718.13333333333,893.466666666667,2898.93333333333,3921.93333333333,2523.53333333333,1761.26666666667,2916.66666666667,2107.26666666667,2780.93333333333
2026-08-14 02:30:00,2517.86666666667,,1706.2,904.933333333333,3068.66666666667,3598.93333333333,2631.53333333333,1824.53333333333,2912.4,2155.26666666667,2862.2
2026-08-14 02:45:00,2661.8,,1947.73333333333,847.2,3300.26666666667,3185.53333333333,2644.33333333333,1880.6,2797.8,2223.13333333333,2979.46666666667
2026-08-14 03:00:00,2841.06666666667,,2095.2,875.6,3192.2,3520.2,2605.8,1922.46666666667,2712.93333333333,2269.86666666667,2804.06666666667
2026-08-14 03:15:00,2898.06666666667,,2066.13333333333,969.8,3422.46666666667,3876.53333333333,2465.2,1946.6,2754.0,2228.73333333333,3205.26666666667
2026-08-14 03:30:00,2999.2,,2335.26666666667,981.333333333333,3599.2,4191.13333333333,2389.4,2104.93333333333,2779.53333333333,2213.33333333333,2991.6
2026-08-14 03:45:00,3106.8,,2377.4,990.2,3812.4,4623.2,2423.13333333333,2239.0,2823.8,2298.93333333333,2897.73333333333
2026-08-14 04:00:00,3147.4,,2167.8,932.066666666667,4239.8,4330.06666666667,2467.93333333333,2081.4,2825.53333333333,2567.26666666667,2869.26666666667
2026-08-14 04:15:00,3146.8,,2400.26666666667,942.6,4234.13333333333,4220.66666666667,2635.93333333333,2075.46666666667,2807.46666666667,2707.93333333333,3113.93333333333
2026-08-14 04:30:00,3115.0,,2284.53333333333,912.0,4412.86666666667,4417.53333333333,2516.86666666667,2091.2,2896.2,2702.6,3282.0
2026-08-14 04:45:00,3192.4,,2230.73333333333,859.733333333333,4676.33333333333,4074.0,2725.13333333333,2125.33333333333,2913.2,2757.06666666667,3221.8
2026-08-14 05:00:00,3448.93333333333,,2240.86666666667,776.133333333333,4091.66666666667,4940.4,2759.93333333333,1989.53333333333,2889.73333333333,2767.06666666667,3200.46666666667
2026-08-14 05:15:00,3266.06666666667,,2469.53333333333,675.866666666667,4239.6,4413.6,2585.4,2206.8,2888.46666666667,2711.0,3083.6
2026-08-14 05:30:00,3261.86666666667,,2843.93333333333,594.666666666667,4102.26666666667,4032.0,2641.13333333333,2285.73333333333,2860.8,2726.73333333333,2999.33333333333
2026-08-14 05:45:00,3301.06666666667,,3705.0,593.133333333333,4252.2,4264.53333333333,2601.8,2352.86666666667,2901.4,2679.8,3140.13333333333
2026-08-14 06:00:00,3463.33333333333,,3539.0,598.933333333333,4410.2,4508.93333333333,2541.53333333333,2259.13333333333,2927.33333333333,2790.33333333333,3205.0
2026-08-14 06:15:00,3601.66666666667,,4063.0,578.8,4079.0,4299.2,2675.53333333333,2283.93333333333,2964.4,2747.0,3416.86666666667
2026-08-14 06:30:00,3466.86666666667,,3511.86666666667,553.8,4006.4,4270.46666666667,2611.2,2341.26666666667,3039.2,2819.13333333333,3224.06666666667
2026-08-14 06:45:00,3156.8,,3673.2,458.8,3859.73333333333,4252.2,2735.8,2522.8,3015.6,2750.93333333333,3112.33333333333
2026-08-14 07:00:00,3117.46666666667,,4349.33333333333,412.2,3553.53333333333,4027.2,2648.4,2482.0,3050.93333333333,2760.6,3211.06666666667
2026-08-14 07:15:00,3337.73333333333,,3858.66666666667,395.333333333333,3450.93333333333,3823.8,2787.4,2459.93333333333,3141.93333333333,2599.33333333333,3253.13333333333
2026-08-14 07:30:00,3294.46666666667,,3308.4,318.266666666667,3514.26666666667,3772.93333333333,2964.4,2501.53333333333,3125.46666666667,2507.66666666667,3101.73333333333
2026-08-14 07:45:00,3418.0,,2885.13333333333,297.4,3663.86666666667,3747.26666666667,2916.0,2514.66666666667,3227.06666666667,2508.46666666667,3066.2
2026-08-14 08:00:00,3321.06666666667,,2483.4,260.266666666667,3536.26666666667,4060.0,3109.26666666667,2424.2,3353.26666666667,2602.8,3040.73333333333
2026-08-14 08:15:00,3234.0,,2618.93333333333,218.733333333333,3161.13333333333,3858.66666666667,3127.2,2551.06666666667,3538.6,2636.0,3086.53333333333
2026-08-14 08:30:00,3214.33333333333,,2729.4,195.066666666667,3354.0,3666.13333333333,3333.93333333333,2499.13333333333,3420.0,2791.26666666667,3505.86666666667
2026-08-14 08:45:00,3264.6,,3154.73333333333,188.8,3709.93333333333,3458.4,3394.86666666667,2372.6,3747.4,2774.2,3585.13333333333
2026-08-14 09:00:00,3264.73333333333,,3306.73333333333,173.066666666667,3864.93333333333,3610.8,3053.86666666667,2402.06666666667,3799.26666666667,2644.46666666667,3907.13333333333
2026-08-14 09:15:00,3356.53333333333,,3412.06666666667,172.533333333333,4297.86666666667,4118.4,2775.8,3257.86666666667,3810.06666666667,2805.13333333333,3710.6
2026-08-14 09:30:00,3523.2,,3426.4,195.0,4144.13333333333,4119.73333333333,2580.33333333333,3197.4,3844.33333333333,3028.26666666667,3427.0
2026-08-14 09:45:00,3455.66666666667,,2973.93333333333,159.333333333333,4362.6,4019.0,2443.6,2606.86666666667,3789.26666666667,2897.4,2917.8
2026-08-14 10:00:00,2985.73333333333,,2778.86666666667,144.466666666667,3875.06666666667,3597.26666666667,2472.33333333333,2177.33333333333,3796.66666666667,2602.73333333333,2454.06666666667
2026-08-14 10:15:00,8950.75,,2660.53333333333,140.333333333333,3308.46666666667,3721.93333333333,2099.8,2142.6,3749.2,2090.73333333333,2239.0
2026-08-14 10:30:00,,,2567.6,126.266666666667,4644.0,4425.33333333333,1945.8,1993.06666666667,3643.73333333333,2037.8,2049.73333333333
2026-08-14 10:45:00,,,2077.73333333333,141.0,5258.93333333333,4005.26666666667,1920.73333333333,1879.2,3598.86666666667,2143.46666666667,2044.2
2026-08-14 11:00:00,,,2075.46666666667,165.2,4715.86666666667,3890.46666666667,1730.2,1822.0,3573.0,1828.6,1929.8
2026-08-14 11:15:00,,,2227.93333333333,143.4,4659.53333333333,4057.53333333333,1722.6,1720.0,3638.93333333333,1787.33333333333,1877.4
2026-08-14 11:30:00,,,2271.73333333333,174.533333333333,5224.0,4274.46666666667,1762.73333333333,1667.26666666667,3698.26666666667,1828.13333333333,1833.06666666667
2026-08-14 11:45:00,,,2161.0,144.666666666667,5526.53333333333,4483.93333333333,1694.13333333333,1721.93333333333,3851.2,1993.53333333333,1789.93333333333
2026-08-14 12:00:00,,,2242.06666666667,148.466666666667,5554.2,4322.93333333333,1663.13333333333,1563.86666666667,3912.06666666667,2274.26666666667,1768.33333333333
2026-08-14 12:15:00,,,2270.53333333333,141.066666666667,3786.73333333333,4188.33333333333,1592.33333333333,1717.53333333333,3762.26666666667,2664.73333333333,2059.53333333333
2026-08-14 12:30:00,,,2637.4,159.466666666667,3012.93333333333,4440.53333333333,1464.26666666667,2159.4,3760.26666666667,3078.93333333333,2614.06666666667
2026-08-14 12:45:00,,,2472.46666666667,161.466666666667,3344.33333333333,4540.33333333333,1390.33333333333,2595.66666666667,3913.46666666667,3586.26666666667,3146.8
2026-08-14 13:00:00,,,2498.8,141.066666666667,3522.46666666667,4530.53333333333,1356.6,3740.46666666667,3999.66666666667,4075.06666666667,3535.53333333333
2026-08-14 13:15:00,,,2535.86666666667,152.266666666667,3516.2,4865.06666666667,1496.6,4730.33333333333,4293.06666666667,4525.06666666667,4946.13333333333
2026-08-14 13:30:00,,,2877.4,149.933333333333,4854.66666666667,5041.86666666667,1561.2,6381.4,4396.73333333333,4041.06666666667,5688.0
2026-08-14 13:45:00,,,2531.6,152.866666666667,6676.06666666667,5068.46666666667,1559.73333333333,5833.86666666667,4482.13333333333,4366.73333333333,5157.06666666667
2026-08-14 14:00:00,,,2305.2,152.8,6987.73333333333,4953.53333333333,1715.66666666667,5816.46666666667,4515.4,3604.4,4643.53333333333
2026-08-14 14:15:00,,,2322.06666666667,154.2,6563.6,4832.2,1765.06666666667,5208.86666666667,4616.26666666667,3134.46666666667,4180.66666666667
2026-08-14 14:30:00,,,2411.0,169.066666666667,6903.06666666667,4292.46666666667,1627.2,4120.06666666667,4373.13333333333,2437.46666666667,3527.93333333333
2026-08-14 14:45:00,,,2264.73333333333,158.466666666667,5510.4,3360.73333333333,1466.53333333333,3375.33333333333,4473.73333333333,2413.33333333333,3012.8
2026-08-14 15:00:00,,,2179.6,164.733333333333,4533.26666666667,3197.4,1259.73333333333,3457.53333333333,4436.13333333333,2342.26666666667,2859.6
2026-08-14 15:15:00,,,2105.53333333333,163.2,3874.73333333333,3253.33333333333,1272.46666666667,3692.06666666667,4271.13333333333,2392.06666666667,2997.53333333333
2026-08-14 15:30:00,,,2060.13333333333,170.333333333333,4255.93333333333,3563.2,1175.73333333333,3569.66666666667,4184.33333333333,2505.6,2610.73333333333
2026-08-14 15:45:00,,,2092.4,161.066666666667,4015.4,3772.33333333333,1138.13333333333,3456.0,4255.66666666667,2582.0,2558.73333333333
2026-08-14 16:00:00,,,1928.06666666667,152.133333333333,3970.66666666667,3186.93333333333,1182.13333333333,2731.13333333333,4231.26666666667,2537.06666666667,2495.0
2026-08-14 16:15:00,,,1858.06666666667,157.4,3752.53333333333,2922.73333333333,1242.06666666667,2749.33333333333,4178.53333333333,2624.66666666667,2595.4
2026-08-14 16:30:00,,,2911.26666666667,150.0,3940.73333333333,3084.6,1301.86666666667,2378.46666666667,3970.93333333333,2469.33333333333,2512.46666666667
2026-08-14 16:45:00,,,4190.2,145.733333333333,4573.0,3426.06666666667,1275.73333333333,2322.4,4046.06666666667,2704.06666666667,2526.93333333333
2026-08-14 17:00:00,,,2475.26666666667,145.6,4414.13333333333,3381.53333333333,1283.66666666667,2247.06666666667,4051.73333333333,2575.4,2286.2
2026-08-14 17:15:00,,,1860.53333333333,152.2,3695.0,3285.6,1241.93333333333,2266.6,4011.53333333333,2519.2,2451.0
2026-08-14 17:30:00,,,1792.86666666667,148.533333333333,3429.26666666667,3225.66666666667,1214.13333333333,2244.46666666667,4113.46666666667,2641.13333333333,2822.86666666667
2026-08-14 17:45:00,,,1732.93333333333,138.8,3425.53333333333,3242.2,1343.0,3045.73333333333,4145.06666666667,2624.06666666667,2792.2
2026-08-14 18:00:00,,,1665.93333333333,153.866666666667,3428.26666666667,3149.33333333333,1333.26666666667,2449.66666666667,4110.4,2539.0,2734.73333333333
2026-08-14 18:15:00,,,1643.06666666667,140.466666666667,3542.86666666667,2475.53333333333,1096.86666666667,2275.6,3909.2,2633.53333333333,2826.73333333333
2026-08-14 18:30:00,,,1421.66666666667,131.933333333333,3749.53333333333,2399.33333333333,1246.2,2083.86666666667,3920.13333333333,2623.2,3192.93333333333
2026-08-14 18:45:00,,,1304.06666666667,121.066666666667,4019.0,2650.86666666667,1370.0,2176.86666666667,4078.6,2704.06666666667,3327.4
2026-08-14 19:00:00,,,1310.26666666667,128.066666666667,3907.73333333333,3358.73333333333,1389.2,2201.53333333333,4065.46666666667,2691.13333333333,3850.93333333333
2026-08-14 19:15:00,,,1568.86666666667,123.866666666667,4061.13333333333,3617.2,1495.73333333333,2249.2,4126.8,2849.06666666667,4158.73333333333
2026-08-14 19:30:00,,,1753.2,127.466666666667,4126.0,3775.2,1575.8,2326.4,4206.4,3022.8,4349.73333333333
2026-08-14 19:45:00,,,1966.8,154.666666666667,4104.0,3815.8,1729.73333333333,2437.0,4340.0,3162.4,4241.66666666667
2026-08-14 20:00:00,,,2041.66666666667,140.466666666667,4088.2,3955.6,1882.33333333333,2600.26666666667,4349.6,3315.4,4369.8
2026-08-14 20:15:00,,,2120.73333333333,130.533333333333,3962.73333333333,4028.2,1785.26666666667,2773.53333333333,4338.46666666667,3286.6,4536.06666666667
2026-08-14 20:30:00,,,2202.6,138.4,3971.93333333333,4148.53333333333,1969.26666666667,2757.93333333333,4273.6,3279.6,4491.46666666667
2026-08-14 20:45:00,,,2432.06666666667,127.533333333333,4280.93333333333,4232.53333333333,1990.53333333333,2791.66666666667,4021.46666666667,3341.73333333333,4753.66666666667
2026-08-14 21:00:00,,,2657.4,128.533333333333,4288.06666666667,4252.8,2008.4,2884.73333333333,4246.06666666667,3297.66666666667,4589.8
2026-08-14 21:15:00,,,2416.66666666667,127.2,4382.93333333333,4202.13333333333,2114.13333333333,3066.4,4274.93333333333,3306.86666666667,4490.6
2026-08-14 21:30:00,,,2332.06666666667,196.0,4658.33333333333,4307.4,2585.0,3212.46666666667,3383.66666666667,3459.0,4841.6
2026-08-14 21:45:00,,,2234.4,248.266666666667,5806.93333333333,4283.0,2932.26666666667,3267.53333333333,3101.73333333333,3659.26666666667,4928.53333333333
2026-08-14 22:00:00,,,2169.46666666667,311.2,5974.66666666667,4238.0,2566.6,3413.86666666667,3221.93333333333,3883.46666666667,4448.06666666667
2026-08-14 22:15:00,,,2310.0,216.533333333333,5168.8,4438.0,2382.2,3484.53333333333,3192.8,3851.0,4600.26666666667
2026-08-14 22:30:00,,,2447.0,177.666666666667,5160.86666666667,4404.93333333333,2824.2,3248.33333333333,3429.73333333333,3943.26666666667,5051.46666666667
2026-08-14 22:45:00,,,2643.73333333333,196.733333333333,5287.46666666667,4341.53333333333,3221.53333333333,3537.53333333333,3427.33333333333,3903.86666666667,4967.66666666667
2026-08-14 23:00:00,,,2806.33333333333,190.333333333333,5528.86666666667,4414.73333333333,2323.0,3412.4,3121.06666666667,3954.33333333333,4688.6
2026-08-14 23:15:00,,,3231.2,188.2,5549.86666666667,4330.13333333333,2161.13333333333,3324.46666666667,3134.53333333333,4057.53333333333,4705.2
2026-08-14 23:30:00,,,3593.33333333333,176.866666666667,5892.93333333333,4341.0,1814.0,3351.46666666667,3077.6,4229.6,5034.73333333333
2026-08-14 23:45:00,,,3596.33333333333,172.6,6434.46666666667,4502.53333333333,2048.2,3507.8,3113.73333333333,4176.8,4472.26666666667
2026-08-15 00:00:00,,,3075.6,185.4,6359.86666666667,4502.46666666667,2997.0,3417.2,3640.06666666667,4404.93333333333,4964.33333333333
2026-08-15 00:15:00,,,2528.0,179.733333333333,6634.13333333333,4539.13333333333,1959.4,3522.6,4049.53333333333,4323.4,4560.4
2026-08-15 00:30:00,,,2376.33333333333,173.066666666667,6408.8,4664.4,2100.53333333333,3422.66666666667,3552.93333333333,4286.73333333333,4732.06666666667
2026-08-15 00:45:00,,,2194.13333333333,162.666666666667,6255.73333333333,4691.73333333333,2115.13333333333,3557.2,3780.86666666667,4168.2,4968.06666666667
2026-08-15 01:00:00,,,2204.73333333333,162.666666666667,5823.86666666667,4661.46666666667,1286.6,3546.86666666667,3724.73333333333,4188.2,4967.53333333333
2026-08-15 01:15:00,,,2417.66666666667,146.066666666667,7289.2,4634.66666666667,3123.4,3560.8,3385.26666666667,4044.66666666667,4650.2
2026-08-15 01:30:00,,,2845.46666666667,143.533333333333,5911.86666666667,4592.46666666667,1914.86666666667,3518.8,3152.06666666667,4087.93333333333,4748.0
2026-08-15 01:45:00,,,2702.8,137.866666666667,6269.2,4717.53333333333,1624.26666666667,3531.2,3291.93333333333,3891.4,5170.86666666667
2026-08-15 02:00:00,,,2510.33333333333,152.466666666667,10538.6666666667,4747.86666666667,1183.6,3764.73333333333,3486.93333333333,3886.93333333333,7624.06666666667
2026-08-15 02:15:00,,,2548.86666666667,173.466666666667,10819.6666666667,4755.73333333333,1374.06666666667,4317.73333333333,3311.66666666667,3944.93333333333,7425.66666666667
2026-08-15 02:30:00,,,3008.6,186.133333333333,11635.0666666667,4768.13333333333,1059.46666666667,4474.13333333333,3187.26666666667,4001.13333333333,6801.33333333333
2026-08-15 02:45:00,,,5464.46666666667,191.933333333333,10321.0666666667,4856.66666666667,1009.33333333333,4263.73333333333,3340.33333333333,4267.66666666667,5970.33333333333
2026-08-15 03:00:00,,,3637.26666666667,187.2,12380.4666666667,4895.73333333333,877.466666666667,3919.8,3284.4,4404.6,5467.33333333333
2026-08-15 03:15:00,,,4017.8,194.733333333333,13782.8666666667,4979.93333333333,921.133333333333,5364.6,3356.4,4785.66666666667,6173.2
2026-08-15 03:30:00,,,4690.26666666667,186.6,13611.2,5132.6,1540.2,4929.93333333333,3231.06666666667,6715.13333333333,5736.33333333333
2026-08-15 03:45:00,,,4002.2,180.066666666667,12711.1333333333,5315.93333333333,2061.33333333333,6321.06666666667,3887.06666666667,7188.66666666667,6375.66666666667
2026-08-15 04:00:00,,,4208.86666666667,174.733333333333,9492.8,5415.93333333333,1294.13333333333,5991.33333333333,3943.66666666667,7003.73333333333,8933.93333333333
2026-08-15 04:15:00,,,4792.6,167.866666666667,11664.6,6364.93333333333,1229.2,5400.6,3953.6,4606.46666666667,8575.33333333333
2026-08-15 04:30:00,,,4437.13333333333,176.666666666667,13137.7333333333,8460.2,1443.0,3843.0,3503.93333333333,4251.26666666667,7471.26666666667
2026-08-15 04:45:00,,,3154.06666666667,177.866666666667,14932.5333333333,9349.4,1504.0,4325.8,3688.33333333333,5186.93333333333,6053.0
2026-08-15 05:00:00,,,2058.2,180.8,14482.6,12521.8666666667,1551.8,4253.93333333333,3461.4,5838.33333333333,4922.66666666667
2026-08-15 05:15:00,,,2078.66666666667,189.533333333333,13019.2666666667,15121.2,1337.73333333333,4280.33333333333,3548.0,7776.13333333333,5084.33333333333
2026-08-15 05:30:00,,,1678.26666666667,189.0,12930.7333333333,11769.9333333333,1311.73333333333,5209.93333333333,3447.13333333333,8089.46666666667,5571.13333333333
2026-08-15 05:45:00,,,2550.66666666667,193.6,11093.1333333333,10290.1333333333,1538.06666666667,5711.86666666667,3246.2,7701.33333333333,5325.8
2026-08-15 06:00:00,,,2385.4,189.733333333333,10194.0666666667,9789.26666666667,2631.4,6213.26666666667,3308.6,7786.66666666667,7138.46666666667
2026-08-15 06:15:00,,,1761.0,189.533333333333,10189.0,9701.2,2955.66666666667,6491.93333333333,2884.0,7690.8,7831.73333333333
2026-08-15 06:30:00,,,1459.53333333333,187.533333333333,10357.9333333333,10939.0666666667,1734.8,6824.26666666667,3157.86666666667,8003.86666666667,7189.46666666667
2026-08-15 06:45:00,,,3601.46666666667,184.133333333333,10152.6666666667,9943.93333333333,2175.66666666667,6813.73333333333,3220.53333333333,8388.2,7137.4
2026-08-15 07:00:00,,,3358.6,199.666666666667,10410.4666666667,9619.8,1825.2,6583.53333333333,2931.93333333333,8386.13333333333,6760.0
2026-08-15 07:15:00,,,2855.6,174.933333333333,9847.06666666667,10055.4666666667,1779.06666666667,5949.13333333333,2657.26666666667,8293.2,7994.8
2026-08-15 07:30:00,,,2788.6,140.2,10249.6923076923,9764.53333333333,2063.8,6391.0,2670.66666666667,8562.73333333333,7839.0
2026-08-15 07:45:00,,,3741.2,133.533333333333,,9655.93333333333,2939.53333333333,6841.53333333333,3057.4,8640.6,8016.86666666667
2026-08-15 08:00:00,,,3463.46666666667,140.533333333333,,10094.0,4424.6,7002.26666666667,3224.2,8599.26666666667,8019.6
2026-08-15 08:15:00,,,6191.46666666667,129.733333333333,115.0,10427.1333333333,6799.2,7439.4,3077.86666666667,8625.06666666667,7970.6
2026-08-15 08:30:00,,,7337.66666666667,133.2,,10423.7333333333,9690.06666666667,7673.06666666667,3248.46666666667,8875.86666666667,7854.66666666667
2026-08-15 08:45:00,,,7409.4,120.866666666667,,9846.46666666667,8500.33333333333,7974.0,3604.33333333333,8482.6,8550.0
2026-08-15 09:00:00,,,6624.33333333333,122.066666666667,,9431.06666666667,7076.4,8164.86666666667,3683.66666666667,7721.46666666667,9499.93333333333
2026-08-15 09:15:00,,,8089.26666666667,112.466666666667,,9539.26666666667,7318.73333333333,8443.13333333333,3936.06666666667,8050.8,11865.2666666667
2026-08-15 09:30:00,,,7844.8,144.333333333333,,9164.66666666667,7485.06666666667,8737.46666666667,5485.33333333333,7739.86666666667,13023.1333333333
2026-08-15 09:45:00,,,6650.86666666667,130.533333333333,,10272.5333333333,7184.13333333333,8918.53333333333,6068.26666666667,6560.33333333333,13846.7333333333
2026-08-15 10:00:00,,,6305.86666666667,161.466666666667,,9771.06666666667,6514.53333333333,8329.33333333333,6446.2,6806.06666666667,13355.9333333333
2026-08-15 10:15:00,,,6076.86666666667,191.466666666667,,7710.13333333333,6333.33333333333,8297.53333333333,6562.73333333333,6898.4,10459.2
2026-08-15 10:30:00,,,5788.0,166.733333333333,,6560.4,6161.53333333333,8019.6,6615.86666666667,5482.0,8080.2
2026-08-15 10:45:00,,,5572.6,143.6,,5966.46666666667,5564.26666666667,7533.2,8826.06666666667,,6803.53333333333
2026-08-15 11:00:00,,,5434.06666666667,148.466666666667,,5646.2,4949.26666666667,7054.06666666667,8103.0,,6398.26666666667
2026-08-15 11:15:00,,,5192.6,142.8,,5327.6,4616.46666666667,6769.4,8086.33333333333,,5874.6
2026-08-15 11:30:00,,,4506.13333333333,140.133333333333,,5119.8,3975.8,6672.6,7490.86666666667,,5426.26666666667
2026-08-15 11:45:00,,,3926.8,143.666666666667,,4768.46666666667,3441.06666666667,5579.53333333333,6848.13333333333,,4475.0
2026-08-15 12:00:00,,,2953.4,191.466666666667,,4636.53333333333,2918.46666666667,4674.11111111111,5529.4,,3769.53333333333
2026-08-15 12:15:00,,,2511.06666666667,222.2,,4761.8,2819.6,434.6,4608.93333333333,,2608.33333333333
2026-08-15 12:30:00,,,2332.06666666667,156.133333333333,,4509.66666666667,2738.06666666667,415.4,3934.4,,342.533333333333
2026-08-15 12:45:00,,,2328.46666666667,174.066666666667,,4288.93333333333,2387.0,399.166666666667,3124.33333333333,,0.0
2026-08-15 13:00:00,,,2359.06666666667,156.533333333333,,3885.53333333333,2209.6,388.0,2736.06666666667,,0.0
2026-08-15 13:15:00,,,2297.26666666667,175.2,,3542.6,2086.46666666667,,2589.93333333333,,0.0
2026-08-15 13:30:00,,,2199.6,157.733333333333,,3011.4,1927.06666666667,,2782.93333333333,,0.0
2026-08-15 13:45:00,,,2018.33333333333,152.4,,2933.33333333333,1840.66666666667,2053.06666666667,2685.46666666667,,0.0
2026-08-15 14:00:00,,,2010.26666666667,203.2,,2898.26666666667,1894.8,1718.06666666667,2766.66666666667,,0.0
2026-08-15 14:15:00,,,1878.06666666667,191.933333333333,,2724.73333333333,1948.06666666667,1681.2,2728.86666666667,,0.0
2026-08-15 14:30:00,,,1745.93333333333,180.733333333333,,2569.46666666667,2021.33333333333,1697.13333333333,2747.0,,0.0
2026-08-15 14:45:00,,,1733.2,178.8,,2570.46666666667,2045.2,1702.26666666667,2792.13333333333,,0.0
2026-08-15 15:00:00,,,1781.73333333333,175.133333333333,,2257.6,2175.53333333333,1822.93333333333,2947.53333333333,,0.0
2026-08-15 15:15:00,,,1804.46666666667,153.6,,2338.6,2196.2,1841.0,3086.33333333333,,0.0
2026-08-15 15:30:00,,,1797.8,167.8,,2181.66666666667,2290.93333333333,1827.26666666667,3225.13333333333,,0.0
2026-08-15 15:45:00,,,1817.6,168.666666666667,,2202.73333333333,2140.4,1863.53333333333,3246.8,,0.0
2026-08-15 16:00:00,,,1815.4,165.133333333333,,2274.8,2058.2,1915.86666666667,3271.06666666667,,0.0
2026-08-15 16:15:00,,,1813.4,172.333333333333,,2404.8,2007.0,1926.4,2941.0,,0.0
2026-08-15 16:30:00,,,1760.46666666667,179.466666666667,,2476.73333333333,2070.86666666667,1896.46666666667,2714.25,,0.0
2026-08-15 16:45:00,,,1714.0,173.866666666667,,2581.6,2016.63636363636,1847.13333333333,3086.28571428571,,0.0
2026-08-15 17:00:00,,,1772.6,168.866666666667,,2750.2,,1935.0,,,0.0
2026-08-15 17:15:00,,,1892.13333333333,174.333333333333,,2797.0,,1847.06666666667,,,0.0
2026-08-15 17:30:00,,,1943.06666666667,170.8,,2798.66666666667,,1842.8,,,0.0
2026-08-15 17:45:00,,,1967.73333333333,187.0,,2819.66666666667,,1957.26666666667,,,0.0
2026-08-15 18:00:00,,,1837.6,207.266666666667,,2876.06666666667,,1853.66666666667,,,0.0
2026-08-15 18:15:00,,,1961.46666666667,181.933333333333,,3899.73333333333,,1797.26666666667,,,0.0
2026-08-15 18:30:00,,,2020.4,203.266666666667,,5290.13333333333,,2101.93333333333,,,0.0
2026-08-15 18:45:00,,,2042.13333333333,207.866666666667,,4639.53333333333,,1888.93333333333,,,0.0
2026-08-15 19:00:00,,,1985.0,230.066666666667,,4005.86666666667,,2012.06666666667,,,0.0
2026-08-15 19:15:00,,,2002.53333333333,212.533333333333,,3241.0,,2085.66666666667,,,0.0
2026-08-15 19:30:00,,,2008.2,225.4,,3356.93333333333,,2163.33333333333,,,0.0
2026-08-15 19:45:00,,,2055.6,240.266666666667,,3498.13333333333,,2408.8,,,0.0
2026-08-15 20:00:00,,,2364.93333333333,266.8,,3447.8,,2808.93333333333,,,0.0
2026-08-15 20:15:00,,,2451.73333333333,331.533333333333,,3665.13333333333,,2718.13333333333,,,0.0
2026-08-15 20:30:00,,,2461.33333333333,335.333333333333,,3554.8,,2609.0,,,0.0
2026-08-15 20:45:00,,,2359.8,387.8,,3727.2,,2627.0,,,0.0
2026-08-15 21:00:00,,,2336.66666666667,310.333333333333,,3719.93333333333,,2574.86666666667,,,0.0769230769230769
2026-08-15 21:15:00,,,2344.0,271.866666666667,,3635.86666666667,,2684.13333333333,,,
2026-08-15 21:30:00,,,2114.53333333333,273.866666666667,,3615.26666666667,,2740.4,,,
2026-08-15 21:45:00,,,2097.93333333333,303.933333333333,,3734.73333333333,,2626.8,,,
2026-08-15 22:00:00,,,2150.26666666667,358.8,,3871.2,,2684.86666666667,,,
2026-08-15 22:15:00,,,2062.46666666667,404.666666666667,,4209.13333333333,,2845.6,,,
2026-08-15 22:30:00,,,2048.4,503.466666666667,,4222.06666666667,,2989.26666666667,,,
2026-08-15 22:45:00,,,2154.4,671.933333333333,,4195.6,,3045.73333333333,,,
2026-08-15 23:00:00,,,2229.46666666667,833.733333333333,,4329.53333333333,,3055.6,,,
2026-08-15 23:15:00,,,2256.86666666667,863.266666666667,,4286.53333333333,,2945.2,,,
2026-08-15 23:30:00,,,2335.46666666667,918.4,,4392.26666666667,,2968.73333333333,,,
2026-08-15 23:45:00,,,2650.13333333333,1097.93333333333,,4773.46666666667,,3027.46666666667,,,
2026-08-16 00:00:00,,,2532.06666666667,1197.2,,5091.8,,2985.26666666667,,,
2026-08-16 00:15:00,,,2617.2,1339.8,,5493.53333333333,,3039.53333333333,,,
2026-08-16 00:30:00,,,2670.4,1397.2,,5712.0,,3138.66666666667,,,
2026-08-16 00:45:00,,,2984.6,1368.33333333333,,5984.13333333333,,3157.86666666667,,,
2026-08-16 01:00:00,,,3391.33333333333,1328.26666666667,,6166.86666666667,,3122.4,,,
2026-08-16 01:15:00,,,3499.2,1278.86666666667,,6595.33333333333,,3236.26666666667,,,
2026-08-16 01:30:00,,,3339.0,1261.13333333333,,6847.46666666667,,3203.13333333333,,,
2026-08-16 01:45:00,,,3197.0,1229.33333333333,,6880.2,,3156.06666666667,,,
2026-08-16 02:00:00,,,3084.0,1238.66666666667,,7209.33333333333,,3204.6,,,
2026-08-16 02:15:00,,,3022.0,1216.46666666667,,8280.2,,3260.13333333333,,,
2026-08-16 02:30:00,,,2824.46666666667,1198.6,,9074.46666666667,,3285.73333333333,,,
2026-08-16 02:45:00,,,2698.53333333333,1198.26666666667,,8923.66666666667,,3247.53333333333,,,
2026-08-16 03:00:00,,,2788.46666666667,1228.8,,9436.73333333333,,3131.8,,,
2026-08-16 03:15:00,,,3156.66666666667,1278.73333333333,,10028.4,,3089.33333333333,,,
2026-08-16 03:30:00,,,3422.86666666667,1328.6,,8881.4,,3492.53333333333,,,
2026-08-16 03:45:00,,,3422.73333333333,1394.93333333333,,4793.33333333333,,3849.2,,,
2026-08-16 04:00:00,,,2496.86666666667,1572.73333333333,,4584.86666666667,,4716.13333333333,,,
2026-08-16 04:15:00,,,2503.0,1593.66666666667,,4723.2,,4662.06666666667,,,
2026-08-16 04:30:00,,,3190.33333333333,1683.4,,4781.6,,3701.26666666667,,,
2026-08-16 04:45:00,,,3373.33333333333,1954.33333333333,,4850.4,,3535.13333333333,,,
2026-08-16 05:00:00,,,3273.93333333333,2065.06666666667,,4878.8,,3173.86666666667,,,
2026-08-16 05:15:00,,,2946.73333333333,2159.06666666667,,5037.06666666667,,3220.06666666667,,,
2026-08-16 05:30:00,,,2724.86666666667,2297.33333333333,,5101.06666666667,,3154.8,,,
2026-08-16 05:45:00,,,2343.66666666667,2498.73333333333,,5243.6,,2651.93333333333,,,
2026-08-16 06:00:00,,,1801.93333333333,2592.66666666667,,5181.93333333333,,2149.66666666667,,,
2026-08-16 06:15:00,,,1730.73333333333,2718.0,,4425.33333333333,,1961.66666666667,,,
2026-08-16 06:30:00,,,1676.0,2832.53333333333,,3628.46666666667,,2159.46666666667,,,
2026-08-16 06:45:00,,,1669.4,2777.8,,3225.73333333333,,2282.4,,,
2026-08-16 07:00:00,,,1676.53333333333,2903.86666666667,,3231.33333333333,,2440.93333333333,,,
2026-08-16 07:15:00,,,1817.73333333333,3208.0,,3497.66666666667,,2673.46666666667,,,
2026-08-16 07:30:00,,,1913.93333333333,3889.93333333333,,3377.06666666667,,2597.46666666667,,,
2026-08-16 07:45:00,,,1968.6,4221.06666666667,,3654.8,,2646.26666666667,,,
2026-08-16 08:00:00,,,1942.0,4703.2,,3806.73333333333,,2791.2,,,
2026-08-16 08:15:00,,,1705.6,5302.06666666667,,3405.33333333333,,2521.26666666667,,,
2026-08-16 08:30:00,,,1593.66666666667,5169.0,,2632.26666666667,,2166.46666666667,,,
2026-08-16 08:45:00,,,1500.33333333333,5052.66666666667,,2524.53333333333,,1923.53333333333,,,
2026-08-16 09:00:00,,,1305.8,4947.93333333333,,2433.8,,2317.8,,,
2026-08-16 09:15:00,,,994.133333333333,5265.8,,2114.73333333333,,1862.73333333333,,,
2026-08-16 09:30:00,,,871.133333333333,5321.2,,1621.8,,7833.73333333333,,,
2026-08-16 09:45:00,,,714.333333333333,5411.93333333333,,1391.66666666667,,4683.2,,,
2026-08-16 10:00:00,,,708.933333333333,5070.6,,1336.86666666667,,1359.4,,,
2026-08-16 10:15:00,,,652.6,5341.06666666667,,1425.33333333333,,1482.73333333333,,,
2026-08-16 10:30:00,,,614.066666666667,5313.0,,2480.4,,1766.06666666667,,,
2026-08-16 10:45:00,,,688.266666666667,5102.06666666667,,2278.2,,1498.0,,,
2026-08-16 11:00:00,,,705.733333333333,5042.13333333333,,3070.46666666667,,1823.66666666667,,,
2026-08-16 11:15:00,,,729.666666666667,5024.46666666667,,4267.6,,2709.6,,,
2026-08-16 11:30:00,,,774.8,5460.86666666667,,5349.2,,2632.46666666667,,,
2026-08-16 11:45:00,,,941.2,6395.13333333333,,7936.86666666667,,2272.2,,,
2026-08-16 12:00:00,,,928.4,6979.86666666667,,7121.53333333333,,1799.86666666667,,,
2026-08-16 12:15:00,,,948.8,7146.13333333333,,10048.4666666667,,1263.33333333333,,,
2026-08-16 12:30:00,,,919.8,7147.6,,9529.93333333333,,1001.4,,,
2026-08-16 12:45:00,,,944.666666666667,7077.0,,9123.4,,895.933333333333,,,
2026-08-16 13:00:00,,,946.6,7036.6,,7816.86666666667,,960.133333333333,,,
2026-08-16 13:15:00,,,1016.0,7122.53333333333,,7724.26666666667,,3072.0,,,
2026-08-16 13:30:00,,,980.4,7043.93333333333,,6069.06666666667,,1648.6,,,
2026-08-16 13:45:00,,,1084.66666666667,6945.33333333333,,5112.53333333333,,1066.06666666667,,,
2026-08-16 14:00:00,,,1090.46666666667,6977.46666666667,,4831.25,,1110.26666666667,,,
2026-08-16 14:15:00,,,1174.53333333333,6984.8,,,,1598.93333333333,,,
2026-08-16 14:30:00,,,1195.86666666667,6926.73333333333,,,,2844.26666666667,,,
2026-08-16 14:45:00,,,1220.26666666667,6469.0,,,,1199.4,,,
2026-08-16 15:00:00,,,1219.8,5582.13333333333,,,,1077.6,,,
2026-08-16 15:15:00,,,1280.6,4850.2,,,,1130.73333333333,,,
2026-08-16 15:30:00,,,1176.73333333333,4446.93333333333,,,,1052.33333333333,,,
2026-08-16 15:45:00,,,820.6,3963.46666666667,,,,1014.06666666667,,,
2026-08-16 16:00:00,,,719.666666666667,3610.46666666667,,,,973.466666666667,,,
2026-08-16 16:15:00,,,588.8,3559.86666666667,,,,749.5,,,
2026-08-16 16:30:00,,,608.733333333333,3464.53333333333,,,,,,,
2026-08-16 16:45:00,,,704.333333333333,3437.6,,,,,,,
2026-08-16 17:00:00,,,484.933333333333,3586.46666666667,,,,,,,
2026-08-16 17:15:00,,,429.666666666667,3713.93333333333,,,,,,,
2026-08-16 17:30:00,,,400.666666666667,3409.66666666667,,,,,,,
2026-08-16 17:45:00,,,400.333333333333,2891.26666666667,,,,,,,
2026-08-16 18:00:00,,,397.466666666667,3119.4,,,,,,,
2026-08-16 18:15:00,,,413.866666666667,3301.73333333333,,,,,,,
2026-08-16 18:30:00,,,453.533333333333,3213.93333333333,,,,,,,
2026-08-16 18:45:00,,,509.866666666667,3051.73333333333,,,,,,,
2026-08-16 19:00:00,,,584.466666666667,3120.66666666667,,,,,,,
2026-08-16 19:15:00,,,645.866666666667,3082.86666666667,,,,,,,
2026-08-16 19:30:00,,,722.133333333333,3149.73333333333,,,,,,,
2026-08-16 19:45:00,,,762.266666666667,3001.0,,,,,,,
2026-08-16 20:00:00,,,790.266666666667,2887.86666666667,,,,,,,
2026-08-16 20:15:00,,,805.066666666667,2840.86666666667,,,,,,,
2026-08-16 20:30:00,,,828.533333333333,2772.26666666667,,,,,,,
2026-08-16 20:45:00,,,887.466666666667,2710.2,,,,,,,
2026-08-16 21:00:00,,,923.266666666667,2585.73333333333,,,,,,,
2026-08-16 21:15:00,,,988.8,2511.53333333333,,,,,,,
2026-08-16 21:30:00,,,994.866666666667,2518.6,,,,,,,
2026-08-16 21:45:00,,,988.4,2445.73333333333,,,,,,,
2026-08-16 22:00:00,,,1044.26666666667,2139.2,,,,,,,
2026-08-16 22:15:00,,,1049.06666666667,2080.4,,,,,,,
2026-08-16 22:30:00,,,1094.66666666667,2023.0,,,,,,,
2026-08-16 22:45:00,,,1164.06666666667,2008.06666666667,,,,,,,
2026-08-16 23:00:00,,,1152.93333333333,1915.26666666667,,,,,,,
2026-08-16 23:15:00,,,1217.13333333333,1573.26666666667,,,,,,,
2026-08-16 23:30:00,,,1217.8,1407.8,,,,,,,
2026-08-16 23:45:00,,,1239.93333333333,1292.53333333333,,,,,,,
2026-08-17 00:00:00,,,1178.4,1210.6,,,,,,,
2026-08-17 00:15:00,,,1150.46666666667,1039.06666666667,,,,,,,
2026-08-17 00:30:00,,,1113.33333333333,953.2,,,,,,,
2026-08-17 00:45:00,,,1082.8,973.533333333333,,,,,,,
2026-08-17 01:00:00,,,1141.46666666667,1056.46666666667,,,,,,,
2026-08-17 01:15:00,,,1250.26666666667,1143.86666666667,,,,,,,
2026-08-17 01:30:00,,,1384.86666666667,1126.26666666667,,,,,,,
2026-08-17 01:45:00,,,1571.53333333333,1150.0,,,,,,,
2026-08-17 02:00:00,,,1900.86666666667,1163.93333333333,,,,,,,
2026-08-17 02:15:00,,,2760.93333333333,1198.26666666667,,,,,,,
2026-08-17 02:30:00,,,3890.0,1158.73333333333,,,,,,,
2026-08-17 02:45:00,,,4805.66666666667,1105.33333333333,,,,,,,
2026-08-17 03:00:00,,,5494.73333333333,1038.66666666667,,,,,,,
2026-08-17 03:15:00,,,5659.46666666667,977.2,,,,,,,
2026-08-17 03:30:00,,,3527.33333333333,942.2,,,,,,,
2026-08-17 03:45:00,,,2897.0,915.8,,,,,,,
2026-08-17 04:00:00,,,4493.8,898.6,,,,,,,
2026-08-17 04:15:00,,,6527.33333333333,900.333333333333,,,,,,,
2026-08-17 04:30:00,,,6432.6,897.733333333333,,,,,,,
2026-08-17 04:45:00,,,5515.6,914.866666666667,,,,,,,
2026-08-17 05:00:00,,,4189.6,921.733333333333,,,,,,,
2026-08-17 05:15:00,,,3858.0,947.8,,,,,,,
2026-08-17 05:30:00,,,3742.86666666667,957.466666666667,,,,,,,
2026-08-17 05:45:00,,,3438.53333333333,983.0,,,,,,,
2026-08-17 06:00:00,,,3325.53333333333,1154.53333333333,,,,,,,
2026-08-17 06:15:00,,,3507.33333333333,2148.4,,,,,,,
2026-08-17 06:30:00,,,3294.33333333333,2637.46666666667,,,,,,,
2026-08-17 06:45:00,,,3134.4,2618.0,,,,,,,
2026-08-17 07:00:00,,,3541.6,,,,,,,,
2026-08-17 07:15:00,,,3908.0,,,,,,,,
2026-08-17 07:30:00,,,3258.53333333333,,,,,,,,
2026-08-17 07:45:00,,,3254.13333333333,,,,,,,,
2026-08-17 08:00:00,,,3032.13333333333,,,,,,,,
2026-08-17 08:15:00,,,3023.66666666667,,,,,,,,
2026-08-17 08:30:00,,,2893.6,,,,,,,,
2026-08-17 08:45:00,,,2905.86666666667,,,,,,,,
2026-08-17 09:00:00,,,2867.86666666667,317.5,,,,,,,
2026-08-17 09:15:00,,,2727.06666666667,,,,,,,,
2026-08-17 09:30:00,,382.0,2468.13333333333,,,,,,,,
2026-08-17 09:45:00,,,2167.33333333333,,,,,,,,
2026-08-17 10:00:00,,,2112.33333333333,,,,,,,,
2026-08-17 10:15:00,,,2253.93333333333,,,,,,,,
2026-08-17 10:30:00,,,2212.26666666667,,,,,,,,
2026-08-17 10:45:00,,,2012.6,,,,,,,,
2026-08-17 11:00:00,,,1931.4,,,,,,,,
2026-08-17 11:15:00,,,1844.4,,,,,,,,
2026-08-17 11:30:00,,,1503.46666666667,,,,,,,,
2026-08-17 11:45:00,,,1584.26666666667,,,,,,,,
2026-08-17 12:00:00,,,1329.66666666667,,,,,,,,
2026-08-17 12:15:00,,,1210.6,,,,,,,,
2026-08-17 12:30:00,,,1958.26666666667,,,,,,,,
2026-08-17 12:45:00,,,1310.73333333333,,,,,,,,
2026-08-17 13:00:00,,,1179.4,,,,,,,,
2026-08-17 13:15:00,,,1068.93333333333,,,,,,,,
2026-08-17 13:30:00,,,1054.26666666667,,,,,,,,
2026-08-17 13:45:00,,,915.066666666667,,,,,,,,
2026-08-17 14:00:00,,,864.666666666667,,,,,,,,
2026-08-17 14:15:00,,,693.6,,,,,,,,
2026-08-17 14:30:00,,,610.933333333333,,,,,,,,
2026-08-17 14:45:00,,,450.066666666667,,,,,,,,
2026-08-17 15:00:00,,,559.2,,,,,,,,
2026-08-17 15:15:00,,,629.866666666667,,,,,,,,
2026-08-17 15:30:00,,,663.733333333333,,,,,,,,
2026-08-17 15:45:00,,,704.0,,,,,,,,
2026-08-17 16:00:00,,,769.333333333333,,,,,,,,
2026-08-17 16:15:00,,,823.466666666667,,,,,,,,
2026-08-17 16:30:00,,,820.933333333333,,,,,,,,
2026-08-17 16:45:00,,,861.333333333333,,,,,,,,
2026-08-17 17:00:00,,,882.6,,,,,,,,
2026-08-17 17:15:00,,,901.733333333333,,,,,,,,
2026-08-17 17:30:00,,,880.733333333333,,,,,,,,
2026-08-17 17:45:00,,,1042.66666666667,,,,,,,,
2026-08-17 18:00:00,,,1064.4,,,,,,,,
2026-08-17 18:15:00,,,581.066666666667,,,,,,,,
2026-08-17 18:30:00,,,452.066666666667,,,,,,,,
2026-08-17 18:45:00,,,397.866666666667,,,,,,,,
2026-08-17 19:00:00,,,435.866666666667,,,,,,,,
2026-08-17 19:15:00,,,590.4,,,,,,,,
2026-08-17 19:30:00,,,620.2,,,,,,,,
2026-08-17 19:45:00,,,624.666666666667,,,,,,,,
2026-08-17 20:00:00,,,611.166666666667,,,,,,,,
